 
****************************************
Report : timing
        -path full
        -delay max
        -nworst 100
        -max_paths 100
Design : mult
Version: V-2023.12-SP5
Date   : Wed Sep 23 13:13:39 2026
****************************************

Operating Conditions: tt0p8v25c   Library: N16ADFP_StdCelltt0p8v25c
Wire Load Model Mode: segmented

  Startpoint: inp_a[9] (input port clocked by clk)
  Endpoint: prod_reg[28]
            (rising edge-triggered flip-flop clocked by clk)
  Path Group: clk
  Path Type: max

  Des/Clust/Port     Wire Load Model       Library
  ------------------------------------------------
  mult               ZeroWireload          N16ADFP_StdCelltt0p8v25c

  Point                                    Incr       Path
  -----------------------------------------------------------
  clock clk (rise edge)                    0.00       0.00
  clock network delay (ideal)              0.00       0.00
  input external delay                     0.01       0.01 f
  inp_a[9] (in)                            0.00       0.01 f
  U180/ZN (CKND2BWP16P90LVT)               0.01       0.02 r
  U245/ZN (CKND2BWP16P90LVT)               0.01       0.03 f
  U316/ZN (XNR2D8BWP16P90LVT)              0.02       0.04 r
  U211/ZN (CKND8BWP16P90LVT)               0.00       0.05 f
  U212/ZN (INVD4BWP16P90LVT)               0.00       0.05 r
  U199/ZN (ND2D2BWP16P90LVT)               0.01       0.06 f
  U273/ZN (OAI22D4BWP16P90LVT)             0.01       0.07 r
  U271/ZN (XNR3D4BWP16P90LVT)              0.03       0.10 r
  U598/S (FA1D1BWP16P90LVT)                0.03       0.13 f
  U602/S (FA1D1BWP16P90LVT)                0.03       0.16 r
  U257/ZN (NR2D2BWP16P90LVT)               0.01       0.17 f
  U592/ZN (NR2D1BWP16P90LVT)               0.01       0.17 r
  U596/ZN (AOI21D1BWP16P90LVT)             0.01       0.18 f
  U607/ZN (OAI21D2BWP16P90LVT)             0.01       0.20 r
  U787/ZN (AOI21D4BWP16P90LVT)             0.01       0.21 f
  U792/ZN (OAI21D8BWP16P90LVT)             0.01       0.22 r
  U806/ZN (AOI21D1BWP16P90LVT)             0.01       0.22 f
  U820/Z (XOR2D1BWP16P90LVT)               0.01       0.24 r
  prod_reg[28]/D (DFCNQD1BWP16P90LVT)      0.00       0.24 r
  data arrival time                                   0.24

  clock clk (rise edge)                    0.25       0.25
  clock network delay (ideal)              0.00       0.25
  clock uncertainty                       -0.01       0.24
  prod_reg[28]/CP (DFCNQD1BWP16P90LVT)     0.00       0.24 r
  library setup time                      -0.01       0.24
  data required time                                  0.24
  -----------------------------------------------------------
  data required time                                  0.24
  data arrival time                                  -0.24
  -----------------------------------------------------------
  slack (MET)                                         0.00


  Startpoint: inp_a[13] (input port clocked by clk)
  Endpoint: prod_reg[28]
            (rising edge-triggered flip-flop clocked by clk)
  Path Group: clk
  Path Type: max

  Des/Clust/Port     Wire Load Model       Library
  ------------------------------------------------
  mult               ZeroWireload          N16ADFP_StdCelltt0p8v25c

  Point                                    Incr       Path
  -----------------------------------------------------------
  clock clk (rise edge)                    0.00       0.00
  clock network delay (ideal)              0.00       0.00
  input external delay                     0.01       0.01 r
  inp_a[13] (in)                           0.00       0.01 r
  U177/ZN (CKND2BWP16P90LVT)               0.01       0.02 f
  U65/ZN (CKND2BWP16P90LVT)                0.01       0.03 r
  U208/Z (XOR2D2BWP16P90LVT)               0.02       0.04 f
  U209/ZN (CKND2BWP16P90LVT)               0.01       0.05 r
  U196/ZN (ND2D2BWP16P90LVT)               0.01       0.06 f
  U622/ZN (OAI22D1BWP16P90LVT)             0.01       0.08 r
  U664/S (FA1D1BWP16P90LVT)                0.03       0.11 f
  U683/ZN (ND2D1BWP16P90LVT)               0.01       0.11 r
  U97/ZN (ND3D1BWP16P90LVT)                0.01       0.12 f
  U696/CO (FA1D1BWP16P90LVT)               0.02       0.15 f
  U720/S (FA1D1BWP16P90LVT)                0.03       0.18 r
  U703/ZN (NR2D2BWP16P90LVT)               0.01       0.19 f
  U794/ZN (OAI21D2BWP16P90LVT)             0.01       0.20 r
  U797/ZN (AOI21D4BWP16P90LVT)             0.01       0.21 f
  U805/ZN (OAI21D1BWP16P90LVT)             0.01       0.22 r
  U806/ZN (AOI21D1BWP16P90LVT)             0.01       0.22 f
  U820/Z (XOR2D1BWP16P90LVT)               0.01       0.24 r
  prod_reg[28]/D (DFCNQD1BWP16P90LVT)      0.00       0.24 r
  data arrival time                                   0.24

  clock clk (rise edge)                    0.25       0.25
  clock network delay (ideal)              0.00       0.25
  clock uncertainty                       -0.01       0.24
  prod_reg[28]/CP (DFCNQD1BWP16P90LVT)     0.00       0.24 r
  library setup time                      -0.01       0.24
  data required time                                  0.24
  -----------------------------------------------------------
  data required time                                  0.24
  data arrival time                                  -0.24
  -----------------------------------------------------------
  slack (MET)                                         0.00


  Startpoint: inp_a[15] (input port clocked by clk)
  Endpoint: prod_reg[30]
            (rising edge-triggered flip-flop clocked by clk)
  Path Group: clk
  Path Type: max

  Des/Clust/Port     Wire Load Model       Library
  ------------------------------------------------
  mult               ZeroWireload          N16ADFP_StdCelltt0p8v25c

  Point                                    Incr       Path
  -----------------------------------------------------------
  clock clk (rise edge)                    0.00       0.00
  clock network delay (ideal)              0.00       0.00
  input external delay                     0.01       0.01 r
  inp_a[15] (in)                           0.00       0.01 r
  U88/ZN (INVD1BWP16P90LVT)                0.01       0.03 f
  U60/ZN (CKND2BWP16P90LVT)                0.01       0.04 r
  U87/ZN (CKND2BWP16P90LVT)                0.01       0.05 f
  U709/ZN (NR2D1BWP16P90LVT)               0.01       0.06 r
  U710/ZN (INVD1BWP16P90LVT)               0.01       0.07 f
  U723/CO (FA1D1BWP16P90LVT)               0.02       0.09 f
  U750/CO (FA1D1BWP16P90LVT)               0.02       0.11 f
  U761/S (FA1D1BWP16P90LVT)                0.03       0.15 r
  U762/S (FA1D1BWP16P90LVT)                0.03       0.18 f
  U258/ZN (ND2D2BWP16P90LVT)               0.01       0.18 r
  U264/ZN (IAOI21D2BWP16P90LVT)            0.01       0.20 r
  U863/ZN (INVD1BWP16P90LVT)               0.01       0.20 f
  U866/ZN (AOI21D1BWP16P90LVT)             0.01       0.21 r
  U867/ZN (OAI21D1BWP16P90LVT)             0.01       0.22 f
  U868/ZN (AOI21D1BWP16P90LVT)             0.01       0.23 r
  U878/Z (XOR2D1BWP16P90LVT)               0.01       0.24 r
  prod_reg[30]/D (DFCNQD2BWP16P90LVT)      0.00       0.24 r
  data arrival time                                   0.24

  clock clk (rise edge)                    0.25       0.25
  clock network delay (ideal)              0.00       0.25
  clock uncertainty                       -0.01       0.24
  prod_reg[30]/CP (DFCNQD2BWP16P90LVT)     0.00       0.24 r
  library setup time                      -0.01       0.24
  data required time                                  0.24
  -----------------------------------------------------------
  data required time                                  0.24
  data arrival time                                  -0.24
  -----------------------------------------------------------
  slack (MET)                                         0.00


  Startpoint: inp_a[9] (input port clocked by clk)
  Endpoint: prod_reg[25]
            (rising edge-triggered flip-flop clocked by clk)
  Path Group: clk
  Path Type: max

  Des/Clust/Port     Wire Load Model       Library
  ------------------------------------------------
  mult               ZeroWireload          N16ADFP_StdCelltt0p8v25c

  Point                                    Incr       Path
  -----------------------------------------------------------
  clock clk (rise edge)                    0.00       0.00
  clock network delay (ideal)              0.00       0.00
  input external delay                     0.01       0.01 f
  inp_a[9] (in)                            0.00       0.01 f
  U180/ZN (CKND2BWP16P90LVT)               0.01       0.02 r
  U245/ZN (CKND2BWP16P90LVT)               0.01       0.03 f
  U316/ZN (XNR2D8BWP16P90LVT)              0.02       0.04 r
  U211/ZN (CKND8BWP16P90LVT)               0.00       0.05 f
  U212/ZN (INVD4BWP16P90LVT)               0.00       0.05 r
  U199/ZN (ND2D2BWP16P90LVT)               0.01       0.06 f
  U273/ZN (OAI22D4BWP16P90LVT)             0.01       0.07 r
  U271/ZN (XNR3D4BWP16P90LVT)              0.03       0.10 r
  U598/S (FA1D1BWP16P90LVT)                0.03       0.13 f
  U602/S (FA1D1BWP16P90LVT)                0.03       0.16 r
  U257/ZN (NR2D2BWP16P90LVT)               0.01       0.17 f
  U592/ZN (NR2D1BWP16P90LVT)               0.01       0.17 r
  U596/ZN (AOI21D1BWP16P90LVT)             0.01       0.18 f
  U607/ZN (OAI21D2BWP16P90LVT)             0.01       0.20 r
  U787/ZN (AOI21D4BWP16P90LVT)             0.01       0.21 f
  U792/ZN (OAI21D8BWP16P90LVT)             0.01       0.22 r
  U834/ZN (AOI21D1BWP16P90LVT)             0.01       0.22 f
  U837/Z (XOR2D1BWP16P90LVT)               0.01       0.24 r
  prod_reg[25]/D (DFCNQD2BWP16P90LVT)      0.00       0.24 r
  data arrival time                                   0.24

  clock clk (rise edge)                    0.25       0.25
  clock network delay (ideal)              0.00       0.25
  clock uncertainty                       -0.01       0.24
  prod_reg[25]/CP (DFCNQD2BWP16P90LVT)     0.00       0.24 r
  library setup time                      -0.01       0.24
  data required time                                  0.24
  -----------------------------------------------------------
  data required time                                  0.24
  data arrival time                                  -0.24
  -----------------------------------------------------------
  slack (MET)                                         0.00


  Startpoint: inp_a[9] (input port clocked by clk)
  Endpoint: prod_reg[30]
            (rising edge-triggered flip-flop clocked by clk)
  Path Group: clk
  Path Type: max

  Des/Clust/Port     Wire Load Model       Library
  ------------------------------------------------
  mult               ZeroWireload          N16ADFP_StdCelltt0p8v25c

  Point                                    Incr       Path
  -----------------------------------------------------------
  clock clk (rise edge)                    0.00       0.00
  clock network delay (ideal)              0.00       0.00
  input external delay                     0.01       0.01 f
  inp_a[9] (in)                            0.00       0.01 f
  U180/ZN (CKND2BWP16P90LVT)               0.01       0.02 r
  U245/ZN (CKND2BWP16P90LVT)               0.01       0.03 f
  U316/ZN (XNR2D8BWP16P90LVT)              0.02       0.04 r
  U211/ZN (CKND8BWP16P90LVT)               0.00       0.05 f
  U212/ZN (INVD4BWP16P90LVT)               0.00       0.05 r
  U199/ZN (ND2D2BWP16P90LVT)               0.01       0.06 f
  U273/ZN (OAI22D4BWP16P90LVT)             0.01       0.07 r
  U271/ZN (XNR3D4BWP16P90LVT)              0.03       0.10 r
  U598/S (FA1D1BWP16P90LVT)                0.03       0.13 f
  U602/S (FA1D1BWP16P90LVT)                0.03       0.16 r
  U257/ZN (NR2D2BWP16P90LVT)               0.01       0.17 f
  U592/ZN (NR2D1BWP16P90LVT)               0.01       0.17 r
  U596/ZN (AOI21D1BWP16P90LVT)             0.01       0.18 f
  U607/ZN (OAI21D2BWP16P90LVT)             0.01       0.20 r
  U787/ZN (AOI21D4BWP16P90LVT)             0.01       0.21 f
  U792/ZN (OAI21D8BWP16P90LVT)             0.01       0.22 r
  U868/ZN (AOI21D1BWP16P90LVT)             0.01       0.22 f
  U878/Z (XOR2D1BWP16P90LVT)               0.01       0.24 r
  prod_reg[30]/D (DFCNQD2BWP16P90LVT)      0.00       0.24 r
  data arrival time                                   0.24

  clock clk (rise edge)                    0.25       0.25
  clock network delay (ideal)              0.00       0.25
  clock uncertainty                       -0.01       0.24
  prod_reg[30]/CP (DFCNQD2BWP16P90LVT)     0.00       0.24 r
  library setup time                      -0.01       0.24
  data required time                                  0.24
  -----------------------------------------------------------
  data required time                                  0.24
  data arrival time                                  -0.24
  -----------------------------------------------------------
  slack (MET)                                         0.00


  Startpoint: inp_a[9] (input port clocked by clk)
  Endpoint: prod_reg[27]
            (rising edge-triggered flip-flop clocked by clk)
  Path Group: clk
  Path Type: max

  Des/Clust/Port     Wire Load Model       Library
  ------------------------------------------------
  mult               ZeroWireload          N16ADFP_StdCelltt0p8v25c

  Point                                    Incr       Path
  -----------------------------------------------------------
  clock clk (rise edge)                    0.00       0.00
  clock network delay (ideal)              0.00       0.00
  input external delay                     0.01       0.01 f
  inp_a[9] (in)                            0.00       0.01 f
  U180/ZN (CKND2BWP16P90LVT)               0.01       0.02 r
  U245/ZN (CKND2BWP16P90LVT)               0.01       0.03 f
  U316/ZN (XNR2D8BWP16P90LVT)              0.02       0.04 r
  U211/ZN (CKND8BWP16P90LVT)               0.00       0.05 f
  U212/ZN (INVD4BWP16P90LVT)               0.00       0.05 r
  U199/ZN (ND2D2BWP16P90LVT)               0.01       0.06 f
  U273/ZN (OAI22D4BWP16P90LVT)             0.01       0.07 r
  U271/ZN (XNR3D4BWP16P90LVT)              0.03       0.10 r
  U598/S (FA1D1BWP16P90LVT)                0.03       0.13 f
  U602/S (FA1D1BWP16P90LVT)                0.03       0.16 r
  U257/ZN (NR2D2BWP16P90LVT)               0.01       0.17 f
  U592/ZN (NR2D1BWP16P90LVT)               0.01       0.17 r
  U596/ZN (AOI21D1BWP16P90LVT)             0.01       0.18 f
  U607/ZN (OAI21D2BWP16P90LVT)             0.01       0.20 r
  U787/ZN (AOI21D4BWP16P90LVT)             0.01       0.21 f
  U792/ZN (OAI21D8BWP16P90LVT)             0.01       0.22 r
  U848/ZN (AOI21D1BWP16P90LVT)             0.01       0.22 f
  U850/Z (XOR2D1BWP16P90LVT)               0.01       0.24 r
  prod_reg[27]/D (DFCNQD2BWP16P90LVT)      0.00       0.24 r
  data arrival time                                   0.24

  clock clk (rise edge)                    0.25       0.25
  clock network delay (ideal)              0.00       0.25
  clock uncertainty                       -0.01       0.24
  prod_reg[27]/CP (DFCNQD2BWP16P90LVT)     0.00       0.24 r
  library setup time                      -0.01       0.24
  data required time                                  0.24
  -----------------------------------------------------------
  data required time                                  0.24
  data arrival time                                  -0.24
  -----------------------------------------------------------
  slack (MET)                                         0.00


  Startpoint: inp_a[9] (input port clocked by clk)
  Endpoint: prod_reg[26]
            (rising edge-triggered flip-flop clocked by clk)
  Path Group: clk
  Path Type: max

  Des/Clust/Port     Wire Load Model       Library
  ------------------------------------------------
  mult               ZeroWireload          N16ADFP_StdCelltt0p8v25c

  Point                                    Incr       Path
  -----------------------------------------------------------
  clock clk (rise edge)                    0.00       0.00
  clock network delay (ideal)              0.00       0.00
  input external delay                     0.01       0.01 f
  inp_a[9] (in)                            0.00       0.01 f
  U180/ZN (CKND2BWP16P90LVT)               0.01       0.02 r
  U245/ZN (CKND2BWP16P90LVT)               0.01       0.03 f
  U316/ZN (XNR2D8BWP16P90LVT)              0.02       0.04 r
  U211/ZN (CKND8BWP16P90LVT)               0.00       0.05 f
  U212/ZN (INVD4BWP16P90LVT)               0.00       0.05 r
  U199/ZN (ND2D2BWP16P90LVT)               0.01       0.06 f
  U273/ZN (OAI22D4BWP16P90LVT)             0.01       0.07 r
  U271/ZN (XNR3D4BWP16P90LVT)              0.03       0.10 r
  U598/S (FA1D1BWP16P90LVT)                0.03       0.13 f
  U602/S (FA1D1BWP16P90LVT)                0.03       0.16 r
  U257/ZN (NR2D2BWP16P90LVT)               0.01       0.17 f
  U592/ZN (NR2D1BWP16P90LVT)               0.01       0.17 r
  U596/ZN (AOI21D1BWP16P90LVT)             0.01       0.18 f
  U607/ZN (OAI21D2BWP16P90LVT)             0.01       0.20 r
  U787/ZN (AOI21D4BWP16P90LVT)             0.01       0.21 f
  U792/ZN (OAI21D8BWP16P90LVT)             0.01       0.22 r
  U883/ZN (AOI21D1BWP16P90LVT)             0.01       0.22 f
  U885/Z (XOR2D1BWP16P90LVT)               0.01       0.24 r
  prod_reg[26]/D (DFCNQD2BWP16P90LVT)      0.00       0.24 r
  data arrival time                                   0.24

  clock clk (rise edge)                    0.25       0.25
  clock network delay (ideal)              0.00       0.25
  clock uncertainty                       -0.01       0.24
  prod_reg[26]/CP (DFCNQD2BWP16P90LVT)     0.00       0.24 r
  library setup time                      -0.01       0.24
  data required time                                  0.24
  -----------------------------------------------------------
  data required time                                  0.24
  data arrival time                                  -0.24
  -----------------------------------------------------------
  slack (MET)                                         0.00


  Startpoint: inp_a[9] (input port clocked by clk)
  Endpoint: prod_reg[29]
            (rising edge-triggered flip-flop clocked by clk)
  Path Group: clk
  Path Type: max

  Des/Clust/Port     Wire Load Model       Library
  ------------------------------------------------
  mult               ZeroWireload          N16ADFP_StdCelltt0p8v25c

  Point                                    Incr       Path
  -----------------------------------------------------------
  clock clk (rise edge)                    0.00       0.00
  clock network delay (ideal)              0.00       0.00
  input external delay                     0.01       0.01 f
  inp_a[9] (in)                            0.00       0.01 f
  U180/ZN (CKND2BWP16P90LVT)               0.01       0.02 r
  U245/ZN (CKND2BWP16P90LVT)               0.01       0.03 f
  U316/ZN (XNR2D8BWP16P90LVT)              0.02       0.04 r
  U211/ZN (CKND8BWP16P90LVT)               0.00       0.05 f
  U212/ZN (INVD4BWP16P90LVT)               0.00       0.05 r
  U199/ZN (ND2D2BWP16P90LVT)               0.01       0.06 f
  U273/ZN (OAI22D4BWP16P90LVT)             0.01       0.07 r
  U271/ZN (XNR3D4BWP16P90LVT)              0.03       0.10 r
  U598/S (FA1D1BWP16P90LVT)                0.03       0.13 f
  U602/S (FA1D1BWP16P90LVT)                0.03       0.16 r
  U257/ZN (NR2D2BWP16P90LVT)               0.01       0.17 f
  U592/ZN (NR2D1BWP16P90LVT)               0.01       0.17 r
  U596/ZN (AOI21D1BWP16P90LVT)             0.01       0.18 f
  U607/ZN (OAI21D2BWP16P90LVT)             0.01       0.20 r
  U787/ZN (AOI21D4BWP16P90LVT)             0.01       0.21 f
  U792/ZN (OAI21D8BWP16P90LVT)             0.01       0.22 r
  U891/ZN (AOI21D1BWP16P90LVT)             0.01       0.22 f
  U894/Z (XOR2D1BWP16P90LVT)               0.01       0.24 r
  prod_reg[29]/D (DFCNQD2BWP16P90LVT)      0.00       0.24 r
  data arrival time                                   0.24

  clock clk (rise edge)                    0.25       0.25
  clock network delay (ideal)              0.00       0.25
  clock uncertainty                       -0.01       0.24
  prod_reg[29]/CP (DFCNQD2BWP16P90LVT)     0.00       0.24 r
  library setup time                      -0.01       0.24
  data required time                                  0.24
  -----------------------------------------------------------
  data required time                                  0.24
  data arrival time                                  -0.24
  -----------------------------------------------------------
  slack (MET)                                         0.00


  Startpoint: inp_a[9] (input port clocked by clk)
  Endpoint: prod_reg[31]
            (rising edge-triggered flip-flop clocked by clk)
  Path Group: clk
  Path Type: max

  Des/Clust/Port     Wire Load Model       Library
  ------------------------------------------------
  mult               ZeroWireload          N16ADFP_StdCelltt0p8v25c

  Point                                    Incr       Path
  -----------------------------------------------------------
  clock clk (rise edge)                    0.00       0.00
  clock network delay (ideal)              0.00       0.00
  input external delay                     0.01       0.01 f
  inp_a[9] (in)                            0.00       0.01 f
  U180/ZN (CKND2BWP16P90LVT)               0.01       0.02 r
  U245/ZN (CKND2BWP16P90LVT)               0.01       0.03 f
  U316/ZN (XNR2D8BWP16P90LVT)              0.02       0.04 r
  U211/ZN (CKND8BWP16P90LVT)               0.00       0.05 f
  U212/ZN (INVD4BWP16P90LVT)               0.00       0.05 r
  U199/ZN (ND2D2BWP16P90LVT)               0.01       0.06 f
  U273/ZN (OAI22D4BWP16P90LVT)             0.01       0.07 r
  U271/ZN (XNR3D4BWP16P90LVT)              0.03       0.10 r
  U598/S (FA1D1BWP16P90LVT)                0.03       0.13 f
  U602/S (FA1D1BWP16P90LVT)                0.03       0.16 r
  U257/ZN (NR2D2BWP16P90LVT)               0.01       0.17 f
  U592/ZN (NR2D1BWP16P90LVT)               0.01       0.17 r
  U596/ZN (AOI21D1BWP16P90LVT)             0.01       0.18 f
  U607/ZN (OAI21D2BWP16P90LVT)             0.01       0.20 r
  U787/ZN (AOI21D4BWP16P90LVT)             0.01       0.21 f
  U792/ZN (OAI21D8BWP16P90LVT)             0.01       0.22 r
  U902/ZN (AOI21D1BWP16P90LVT)             0.01       0.22 f
  U910/Z (XOR2D1BWP16P90LVT)               0.01       0.24 r
  prod_reg[31]/D (DFCNQD2BWP16P90LVT)      0.00       0.24 r
  data arrival time                                   0.24

  clock clk (rise edge)                    0.25       0.25
  clock network delay (ideal)              0.00       0.25
  clock uncertainty                       -0.01       0.24
  prod_reg[31]/CP (DFCNQD2BWP16P90LVT)     0.00       0.24 r
  library setup time                      -0.01       0.24
  data required time                                  0.24
  -----------------------------------------------------------
  data required time                                  0.24
  data arrival time                                  -0.24
  -----------------------------------------------------------
  slack (MET)                                         0.00


  Startpoint: inp_a[13] (input port clocked by clk)
  Endpoint: prod_reg[25]
            (rising edge-triggered flip-flop clocked by clk)
  Path Group: clk
  Path Type: max

  Des/Clust/Port     Wire Load Model       Library
  ------------------------------------------------
  mult               ZeroWireload          N16ADFP_StdCelltt0p8v25c

  Point                                    Incr       Path
  -----------------------------------------------------------
  clock clk (rise edge)                    0.00       0.00
  clock network delay (ideal)              0.00       0.00
  input external delay                     0.01       0.01 r
  inp_a[13] (in)                           0.00       0.01 r
  U177/ZN (CKND2BWP16P90LVT)               0.01       0.02 f
  U65/ZN (CKND2BWP16P90LVT)                0.01       0.03 r
  U208/Z (XOR2D2BWP16P90LVT)               0.02       0.04 f
  U209/ZN (CKND2BWP16P90LVT)               0.01       0.05 r
  U196/ZN (ND2D2BWP16P90LVT)               0.01       0.06 f
  U622/ZN (OAI22D1BWP16P90LVT)             0.01       0.08 r
  U664/S (FA1D1BWP16P90LVT)                0.03       0.11 f
  U683/ZN (ND2D1BWP16P90LVT)               0.01       0.11 r
  U97/ZN (ND3D1BWP16P90LVT)                0.01       0.12 f
  U696/CO (FA1D1BWP16P90LVT)               0.02       0.15 f
  U720/S (FA1D1BWP16P90LVT)                0.03       0.18 r
  U703/ZN (NR2D2BWP16P90LVT)               0.01       0.19 f
  U794/ZN (OAI21D2BWP16P90LVT)             0.01       0.20 r
  U797/ZN (AOI21D4BWP16P90LVT)             0.01       0.21 f
  U833/ZN (OAI21D1BWP16P90LVT)             0.01       0.22 r
  U834/ZN (AOI21D1BWP16P90LVT)             0.01       0.22 f
  U837/Z (XOR2D1BWP16P90LVT)               0.01       0.24 r
  prod_reg[25]/D (DFCNQD2BWP16P90LVT)      0.00       0.24 r
  data arrival time                                   0.24

  clock clk (rise edge)                    0.25       0.25
  clock network delay (ideal)              0.00       0.25
  clock uncertainty                       -0.01       0.24
  prod_reg[25]/CP (DFCNQD2BWP16P90LVT)     0.00       0.24 r
  library setup time                      -0.01       0.24
  data required time                                  0.24
  -----------------------------------------------------------
  data required time                                  0.24
  data arrival time                                  -0.24
  -----------------------------------------------------------
  slack (MET)                                         0.00


  Startpoint: inp_a[13] (input port clocked by clk)
  Endpoint: prod_reg[30]
            (rising edge-triggered flip-flop clocked by clk)
  Path Group: clk
  Path Type: max

  Des/Clust/Port     Wire Load Model       Library
  ------------------------------------------------
  mult               ZeroWireload          N16ADFP_StdCelltt0p8v25c

  Point                                    Incr       Path
  -----------------------------------------------------------
  clock clk (rise edge)                    0.00       0.00
  clock network delay (ideal)              0.00       0.00
  input external delay                     0.01       0.01 r
  inp_a[13] (in)                           0.00       0.01 r
  U177/ZN (CKND2BWP16P90LVT)               0.01       0.02 f
  U65/ZN (CKND2BWP16P90LVT)                0.01       0.03 r
  U208/Z (XOR2D2BWP16P90LVT)               0.02       0.04 f
  U209/ZN (CKND2BWP16P90LVT)               0.01       0.05 r
  U196/ZN (ND2D2BWP16P90LVT)               0.01       0.06 f
  U622/ZN (OAI22D1BWP16P90LVT)             0.01       0.08 r
  U664/S (FA1D1BWP16P90LVT)                0.03       0.11 f
  U683/ZN (ND2D1BWP16P90LVT)               0.01       0.11 r
  U97/ZN (ND3D1BWP16P90LVT)                0.01       0.12 f
  U696/CO (FA1D1BWP16P90LVT)               0.02       0.15 f
  U720/S (FA1D1BWP16P90LVT)                0.03       0.18 r
  U703/ZN (NR2D2BWP16P90LVT)               0.01       0.19 f
  U794/ZN (OAI21D2BWP16P90LVT)             0.01       0.20 r
  U797/ZN (AOI21D4BWP16P90LVT)             0.01       0.21 f
  U867/ZN (OAI21D1BWP16P90LVT)             0.01       0.22 r
  U868/ZN (AOI21D1BWP16P90LVT)             0.01       0.22 f
  U878/Z (XOR2D1BWP16P90LVT)               0.01       0.24 r
  prod_reg[30]/D (DFCNQD2BWP16P90LVT)      0.00       0.24 r
  data arrival time                                   0.24

  clock clk (rise edge)                    0.25       0.25
  clock network delay (ideal)              0.00       0.25
  clock uncertainty                       -0.01       0.24
  prod_reg[30]/CP (DFCNQD2BWP16P90LVT)     0.00       0.24 r
  library setup time                      -0.01       0.24
  data required time                                  0.24
  -----------------------------------------------------------
  data required time                                  0.24
  data arrival time                                  -0.24
  -----------------------------------------------------------
  slack (MET)                                         0.00


  Startpoint: inp_a[13] (input port clocked by clk)
  Endpoint: prod_reg[27]
            (rising edge-triggered flip-flop clocked by clk)
  Path Group: clk
  Path Type: max

  Des/Clust/Port     Wire Load Model       Library
  ------------------------------------------------
  mult               ZeroWireload          N16ADFP_StdCelltt0p8v25c

  Point                                    Incr       Path
  -----------------------------------------------------------
  clock clk (rise edge)                    0.00       0.00
  clock network delay (ideal)              0.00       0.00
  input external delay                     0.01       0.01 r
  inp_a[13] (in)                           0.00       0.01 r
  U177/ZN (CKND2BWP16P90LVT)               0.01       0.02 f
  U65/ZN (CKND2BWP16P90LVT)                0.01       0.03 r
  U208/Z (XOR2D2BWP16P90LVT)               0.02       0.04 f
  U209/ZN (CKND2BWP16P90LVT)               0.01       0.05 r
  U196/ZN (ND2D2BWP16P90LVT)               0.01       0.06 f
  U622/ZN (OAI22D1BWP16P90LVT)             0.01       0.08 r
  U664/S (FA1D1BWP16P90LVT)                0.03       0.11 f
  U683/ZN (ND2D1BWP16P90LVT)               0.01       0.11 r
  U97/ZN (ND3D1BWP16P90LVT)                0.01       0.12 f
  U696/CO (FA1D1BWP16P90LVT)               0.02       0.15 f
  U720/S (FA1D1BWP16P90LVT)                0.03       0.18 r
  U703/ZN (NR2D2BWP16P90LVT)               0.01       0.19 f
  U794/ZN (OAI21D2BWP16P90LVT)             0.01       0.20 r
  U797/ZN (AOI21D4BWP16P90LVT)             0.01       0.21 f
  U847/ZN (OAI21D1BWP16P90LVT)             0.01       0.22 r
  U848/ZN (AOI21D1BWP16P90LVT)             0.01       0.22 f
  U850/Z (XOR2D1BWP16P90LVT)               0.01       0.24 r
  prod_reg[27]/D (DFCNQD2BWP16P90LVT)      0.00       0.24 r
  data arrival time                                   0.24

  clock clk (rise edge)                    0.25       0.25
  clock network delay (ideal)              0.00       0.25
  clock uncertainty                       -0.01       0.24
  prod_reg[27]/CP (DFCNQD2BWP16P90LVT)     0.00       0.24 r
  library setup time                      -0.01       0.24
  data required time                                  0.24
  -----------------------------------------------------------
  data required time                                  0.24
  data arrival time                                  -0.24
  -----------------------------------------------------------
  slack (MET)                                         0.00


  Startpoint: inp_a[13] (input port clocked by clk)
  Endpoint: prod_reg[26]
            (rising edge-triggered flip-flop clocked by clk)
  Path Group: clk
  Path Type: max

  Des/Clust/Port     Wire Load Model       Library
  ------------------------------------------------
  mult               ZeroWireload          N16ADFP_StdCelltt0p8v25c

  Point                                    Incr       Path
  -----------------------------------------------------------
  clock clk (rise edge)                    0.00       0.00
  clock network delay (ideal)              0.00       0.00
  input external delay                     0.01       0.01 r
  inp_a[13] (in)                           0.00       0.01 r
  U177/ZN (CKND2BWP16P90LVT)               0.01       0.02 f
  U65/ZN (CKND2BWP16P90LVT)                0.01       0.03 r
  U208/Z (XOR2D2BWP16P90LVT)               0.02       0.04 f
  U209/ZN (CKND2BWP16P90LVT)               0.01       0.05 r
  U196/ZN (ND2D2BWP16P90LVT)               0.01       0.06 f
  U622/ZN (OAI22D1BWP16P90LVT)             0.01       0.08 r
  U664/S (FA1D1BWP16P90LVT)                0.03       0.11 f
  U683/ZN (ND2D1BWP16P90LVT)               0.01       0.11 r
  U97/ZN (ND3D1BWP16P90LVT)                0.01       0.12 f
  U696/CO (FA1D1BWP16P90LVT)               0.02       0.15 f
  U720/S (FA1D1BWP16P90LVT)                0.03       0.18 r
  U703/ZN (NR2D2BWP16P90LVT)               0.01       0.19 f
  U794/ZN (OAI21D2BWP16P90LVT)             0.01       0.20 r
  U797/ZN (AOI21D4BWP16P90LVT)             0.01       0.21 f
  U882/ZN (OAI21D1BWP16P90LVT)             0.01       0.22 r
  U883/ZN (AOI21D1BWP16P90LVT)             0.01       0.22 f
  U885/Z (XOR2D1BWP16P90LVT)               0.01       0.24 r
  prod_reg[26]/D (DFCNQD2BWP16P90LVT)      0.00       0.24 r
  data arrival time                                   0.24

  clock clk (rise edge)                    0.25       0.25
  clock network delay (ideal)              0.00       0.25
  clock uncertainty                       -0.01       0.24
  prod_reg[26]/CP (DFCNQD2BWP16P90LVT)     0.00       0.24 r
  library setup time                      -0.01       0.24
  data required time                                  0.24
  -----------------------------------------------------------
  data required time                                  0.24
  data arrival time                                  -0.24
  -----------------------------------------------------------
  slack (MET)                                         0.00


  Startpoint: inp_a[13] (input port clocked by clk)
  Endpoint: prod_reg[29]
            (rising edge-triggered flip-flop clocked by clk)
  Path Group: clk
  Path Type: max

  Des/Clust/Port     Wire Load Model       Library
  ------------------------------------------------
  mult               ZeroWireload          N16ADFP_StdCelltt0p8v25c

  Point                                    Incr       Path
  -----------------------------------------------------------
  clock clk (rise edge)                    0.00       0.00
  clock network delay (ideal)              0.00       0.00
  input external delay                     0.01       0.01 r
  inp_a[13] (in)                           0.00       0.01 r
  U177/ZN (CKND2BWP16P90LVT)               0.01       0.02 f
  U65/ZN (CKND2BWP16P90LVT)                0.01       0.03 r
  U208/Z (XOR2D2BWP16P90LVT)               0.02       0.04 f
  U209/ZN (CKND2BWP16P90LVT)               0.01       0.05 r
  U196/ZN (ND2D2BWP16P90LVT)               0.01       0.06 f
  U622/ZN (OAI22D1BWP16P90LVT)             0.01       0.08 r
  U664/S (FA1D1BWP16P90LVT)                0.03       0.11 f
  U683/ZN (ND2D1BWP16P90LVT)               0.01       0.11 r
  U97/ZN (ND3D1BWP16P90LVT)                0.01       0.12 f
  U696/CO (FA1D1BWP16P90LVT)               0.02       0.15 f
  U720/S (FA1D1BWP16P90LVT)                0.03       0.18 r
  U703/ZN (NR2D2BWP16P90LVT)               0.01       0.19 f
  U794/ZN (OAI21D2BWP16P90LVT)             0.01       0.20 r
  U797/ZN (AOI21D4BWP16P90LVT)             0.01       0.21 f
  U890/ZN (OAI21D1BWP16P90LVT)             0.01       0.22 r
  U891/ZN (AOI21D1BWP16P90LVT)             0.01       0.22 f
  U894/Z (XOR2D1BWP16P90LVT)               0.01       0.24 r
  prod_reg[29]/D (DFCNQD2BWP16P90LVT)      0.00       0.24 r
  data arrival time                                   0.24

  clock clk (rise edge)                    0.25       0.25
  clock network delay (ideal)              0.00       0.25
  clock uncertainty                       -0.01       0.24
  prod_reg[29]/CP (DFCNQD2BWP16P90LVT)     0.00       0.24 r
  library setup time                      -0.01       0.24
  data required time                                  0.24
  -----------------------------------------------------------
  data required time                                  0.24
  data arrival time                                  -0.24
  -----------------------------------------------------------
  slack (MET)                                         0.00


  Startpoint: inp_a[13] (input port clocked by clk)
  Endpoint: prod_reg[31]
            (rising edge-triggered flip-flop clocked by clk)
  Path Group: clk
  Path Type: max

  Des/Clust/Port     Wire Load Model       Library
  ------------------------------------------------
  mult               ZeroWireload          N16ADFP_StdCelltt0p8v25c

  Point                                    Incr       Path
  -----------------------------------------------------------
  clock clk (rise edge)                    0.00       0.00
  clock network delay (ideal)              0.00       0.00
  input external delay                     0.01       0.01 r
  inp_a[13] (in)                           0.00       0.01 r
  U177/ZN (CKND2BWP16P90LVT)               0.01       0.02 f
  U65/ZN (CKND2BWP16P90LVT)                0.01       0.03 r
  U208/Z (XOR2D2BWP16P90LVT)               0.02       0.04 f
  U209/ZN (CKND2BWP16P90LVT)               0.01       0.05 r
  U196/ZN (ND2D2BWP16P90LVT)               0.01       0.06 f
  U622/ZN (OAI22D1BWP16P90LVT)             0.01       0.08 r
  U664/S (FA1D1BWP16P90LVT)                0.03       0.11 f
  U683/ZN (ND2D1BWP16P90LVT)               0.01       0.11 r
  U97/ZN (ND3D1BWP16P90LVT)                0.01       0.12 f
  U696/CO (FA1D1BWP16P90LVT)               0.02       0.15 f
  U720/S (FA1D1BWP16P90LVT)                0.03       0.18 r
  U703/ZN (NR2D2BWP16P90LVT)               0.01       0.19 f
  U794/ZN (OAI21D2BWP16P90LVT)             0.01       0.20 r
  U797/ZN (AOI21D4BWP16P90LVT)             0.01       0.21 f
  U901/ZN (OAI21D1BWP16P90LVT)             0.01       0.22 r
  U902/ZN (AOI21D1BWP16P90LVT)             0.01       0.22 f
  U910/Z (XOR2D1BWP16P90LVT)               0.01       0.24 r
  prod_reg[31]/D (DFCNQD2BWP16P90LVT)      0.00       0.24 r
  data arrival time                                   0.24

  clock clk (rise edge)                    0.25       0.25
  clock network delay (ideal)              0.00       0.25
  clock uncertainty                       -0.01       0.24
  prod_reg[31]/CP (DFCNQD2BWP16P90LVT)     0.00       0.24 r
  library setup time                      -0.01       0.24
  data required time                                  0.24
  -----------------------------------------------------------
  data required time                                  0.24
  data arrival time                                  -0.24
  -----------------------------------------------------------
  slack (MET)                                         0.00


  Startpoint: inp_a[11] (input port clocked by clk)
  Endpoint: prod_reg[30]
            (rising edge-triggered flip-flop clocked by clk)
  Path Group: clk
  Path Type: max

  Des/Clust/Port     Wire Load Model       Library
  ------------------------------------------------
  mult               ZeroWireload          N16ADFP_StdCelltt0p8v25c

  Point                                    Incr       Path
  -----------------------------------------------------------
  clock clk (rise edge)                    0.00       0.00
  clock network delay (ideal)              0.00       0.00
  input external delay                     0.01       0.01 r
  inp_a[11] (in)                           0.01       0.02 r
  U73/Z (XOR2D1BWP16P90LVT)                0.02       0.03 f
  U55/ZN (INVD1BWP16P90LVT)                0.02       0.05 r
  U757/ZN (OAI22D1BWP16P90LVT)             0.02       0.07 f
  U774/S (FA1D1BWP16P90LVT)                0.03       0.11 r
  U770/S (FA1D1BWP16P90LVT)                0.03       0.14 f
  U763/S (FA1D1BWP16P90LVT)                0.03       0.17 r
  U41/ZN (NR2D1BWP16P90LVT)                0.01       0.18 f
  U102/ZN (NR2D2BWP16P90LVT)               0.01       0.19 r
  U785/ZN (ND2D1BWP16P90LVT)               0.01       0.20 f
  U851/ZN (INVD1BWP16P90LVT)               0.01       0.20 r
  U861/ZN (ND2D1BWP16P90LVT)               0.01       0.21 f
  U862/ZN (NR2D1BWP16P90LVT)               0.01       0.22 r
  U868/ZN (AOI21D1BWP16P90LVT)             0.01       0.22 f
  U878/Z (XOR2D1BWP16P90LVT)               0.01       0.24 r
  prod_reg[30]/D (DFCNQD2BWP16P90LVT)      0.00       0.24 r
  data arrival time                                   0.24

  clock clk (rise edge)                    0.25       0.25
  clock network delay (ideal)              0.00       0.25
  clock uncertainty                       -0.01       0.24
  prod_reg[30]/CP (DFCNQD2BWP16P90LVT)     0.00       0.24 r
  library setup time                      -0.01       0.24
  data required time                                  0.24
  -----------------------------------------------------------
  data required time                                  0.24
  data arrival time                                  -0.24
  -----------------------------------------------------------
  slack (MET)                                         0.00


  Startpoint: inp_a[9] (input port clocked by clk)
  Endpoint: prod_reg[22]
            (rising edge-triggered flip-flop clocked by clk)
  Path Group: clk
  Path Type: max

  Des/Clust/Port     Wire Load Model       Library
  ------------------------------------------------
  mult               ZeroWireload          N16ADFP_StdCelltt0p8v25c

  Point                                    Incr       Path
  -----------------------------------------------------------
  clock clk (rise edge)                    0.00       0.00
  clock network delay (ideal)              0.00       0.00
  input external delay                     0.01       0.01 f
  inp_a[9] (in)                            0.00       0.01 f
  U180/ZN (CKND2BWP16P90LVT)               0.01       0.02 r
  U245/ZN (CKND2BWP16P90LVT)               0.01       0.03 f
  U316/ZN (XNR2D8BWP16P90LVT)              0.02       0.04 r
  U211/ZN (CKND8BWP16P90LVT)               0.00       0.05 f
  U212/ZN (INVD4BWP16P90LVT)               0.00       0.05 r
  U199/ZN (ND2D2BWP16P90LVT)               0.01       0.06 f
  U273/ZN (OAI22D4BWP16P90LVT)             0.01       0.07 r
  U271/ZN (XNR3D4BWP16P90LVT)              0.03       0.10 r
  U598/S (FA1D1BWP16P90LVT)                0.03       0.13 f
  U602/S (FA1D1BWP16P90LVT)                0.03       0.16 r
  U257/ZN (NR2D2BWP16P90LVT)               0.01       0.17 f
  U592/ZN (NR2D1BWP16P90LVT)               0.01       0.17 r
  U596/ZN (AOI21D1BWP16P90LVT)             0.01       0.18 f
  U607/ZN (OAI21D2BWP16P90LVT)             0.01       0.20 r
  U787/ZN (AOI21D4BWP16P90LVT)             0.01       0.21 f
  U792/ZN (OAI21D8BWP16P90LVT)             0.01       0.22 r
  U828/ZN (AOI21D1BWP16P90LVT)             0.01       0.22 f
  U831/Z (XOR2D1BWP16P90LVT)               0.01       0.24 r
  prod_reg[22]/D (DFCNQD2BWP16P90LVT)      0.00       0.24 r
  data arrival time                                   0.24

  clock clk (rise edge)                    0.25       0.25
  clock network delay (ideal)              0.00       0.25
  clock uncertainty                       -0.01       0.24
  prod_reg[22]/CP (DFCNQD2BWP16P90LVT)     0.00       0.24 r
  library setup time                      -0.01       0.24
  data required time                                  0.24
  -----------------------------------------------------------
  data required time                                  0.24
  data arrival time                                  -0.24
  -----------------------------------------------------------
  slack (MET)                                         0.00


  Startpoint: inp_a[9] (input port clocked by clk)
  Endpoint: prod_reg[21]
            (rising edge-triggered flip-flop clocked by clk)
  Path Group: clk
  Path Type: max

  Des/Clust/Port     Wire Load Model       Library
  ------------------------------------------------
  mult               ZeroWireload          N16ADFP_StdCelltt0p8v25c

  Point                                    Incr       Path
  -----------------------------------------------------------
  clock clk (rise edge)                    0.00       0.00
  clock network delay (ideal)              0.00       0.00
  input external delay                     0.01       0.01 f
  inp_a[9] (in)                            0.00       0.01 f
  U180/ZN (CKND2BWP16P90LVT)               0.01       0.02 r
  U245/ZN (CKND2BWP16P90LVT)               0.01       0.03 f
  U316/ZN (XNR2D8BWP16P90LVT)              0.02       0.04 r
  U211/ZN (CKND8BWP16P90LVT)               0.00       0.05 f
  U212/ZN (INVD4BWP16P90LVT)               0.00       0.05 r
  U199/ZN (ND2D2BWP16P90LVT)               0.01       0.06 f
  U273/ZN (OAI22D4BWP16P90LVT)             0.01       0.07 r
  U271/ZN (XNR3D4BWP16P90LVT)              0.03       0.10 r
  U598/S (FA1D1BWP16P90LVT)                0.03       0.13 f
  U602/S (FA1D1BWP16P90LVT)                0.03       0.16 r
  U257/ZN (NR2D2BWP16P90LVT)               0.01       0.17 f
  U592/ZN (NR2D1BWP16P90LVT)               0.01       0.17 r
  U596/ZN (AOI21D1BWP16P90LVT)             0.01       0.18 f
  U607/ZN (OAI21D2BWP16P90LVT)             0.01       0.20 r
  U787/ZN (AOI21D4BWP16P90LVT)             0.01       0.21 f
  U792/ZN (OAI21D8BWP16P90LVT)             0.01       0.22 r
  U823/ZN (AOI21D1BWP16P90LVT)             0.01       0.22 f
  U826/Z (XOR2D1BWP16P90LVT)               0.01       0.24 r
  prod_reg[21]/D (DFCNQD2BWP16P90LVT)      0.00       0.24 r
  data arrival time                                   0.24

  clock clk (rise edge)                    0.25       0.25
  clock network delay (ideal)              0.00       0.25
  clock uncertainty                       -0.01       0.24
  prod_reg[21]/CP (DFCNQD2BWP16P90LVT)     0.00       0.24 r
  library setup time                      -0.01       0.24
  data required time                                  0.24
  -----------------------------------------------------------
  data required time                                  0.24
  data arrival time                                  -0.24
  -----------------------------------------------------------
  slack (MET)                                         0.00


  Startpoint: inp_a[9] (input port clocked by clk)
  Endpoint: prod_reg[24]
            (rising edge-triggered flip-flop clocked by clk)
  Path Group: clk
  Path Type: max

  Des/Clust/Port     Wire Load Model       Library
  ------------------------------------------------
  mult               ZeroWireload          N16ADFP_StdCelltt0p8v25c

  Point                                    Incr       Path
  -----------------------------------------------------------
  clock clk (rise edge)                    0.00       0.00
  clock network delay (ideal)              0.00       0.00
  input external delay                     0.01       0.01 f
  inp_a[9] (in)                            0.00       0.01 f
  U180/ZN (CKND2BWP16P90LVT)               0.01       0.02 r
  U245/ZN (CKND2BWP16P90LVT)               0.01       0.03 f
  U316/ZN (XNR2D8BWP16P90LVT)              0.02       0.04 r
  U211/ZN (CKND8BWP16P90LVT)               0.00       0.05 f
  U212/ZN (INVD4BWP16P90LVT)               0.00       0.05 r
  U199/ZN (ND2D2BWP16P90LVT)               0.01       0.06 f
  U273/ZN (OAI22D4BWP16P90LVT)             0.01       0.07 r
  U271/ZN (XNR3D4BWP16P90LVT)              0.03       0.10 r
  U598/S (FA1D1BWP16P90LVT)                0.03       0.13 f
  U602/S (FA1D1BWP16P90LVT)                0.03       0.16 r
  U257/ZN (NR2D2BWP16P90LVT)               0.01       0.17 f
  U592/ZN (NR2D1BWP16P90LVT)               0.01       0.17 r
  U596/ZN (AOI21D1BWP16P90LVT)             0.01       0.18 f
  U607/ZN (OAI21D2BWP16P90LVT)             0.01       0.20 r
  U787/ZN (AOI21D4BWP16P90LVT)             0.01       0.21 f
  U792/ZN (OAI21D8BWP16P90LVT)             0.01       0.22 r
  U839/ZN (AOI21D1BWP16P90LVT)             0.01       0.22 f
  U841/Z (XOR2D1BWP16P90LVT)               0.01       0.24 r
  prod_reg[24]/D (DFCNQD2BWP16P90LVT)      0.00       0.24 r
  data arrival time                                   0.24

  clock clk (rise edge)                    0.25       0.25
  clock network delay (ideal)              0.00       0.25
  clock uncertainty                       -0.01       0.24
  prod_reg[24]/CP (DFCNQD2BWP16P90LVT)     0.00       0.24 r
  library setup time                      -0.01       0.24
  data required time                                  0.24
  -----------------------------------------------------------
  data required time                                  0.24
  data arrival time                                  -0.24
  -----------------------------------------------------------
  slack (MET)                                         0.00


  Startpoint: inp_a[9] (input port clocked by clk)
  Endpoint: prod_reg[23]
            (rising edge-triggered flip-flop clocked by clk)
  Path Group: clk
  Path Type: max

  Des/Clust/Port     Wire Load Model       Library
  ------------------------------------------------
  mult               ZeroWireload          N16ADFP_StdCelltt0p8v25c

  Point                                    Incr       Path
  -----------------------------------------------------------
  clock clk (rise edge)                    0.00       0.00
  clock network delay (ideal)              0.00       0.00
  input external delay                     0.01       0.01 f
  inp_a[9] (in)                            0.00       0.01 f
  U180/ZN (CKND2BWP16P90LVT)               0.01       0.02 r
  U245/ZN (CKND2BWP16P90LVT)               0.01       0.03 f
  U316/ZN (XNR2D8BWP16P90LVT)              0.02       0.04 r
  U211/ZN (CKND8BWP16P90LVT)               0.00       0.05 f
  U212/ZN (INVD4BWP16P90LVT)               0.00       0.05 r
  U199/ZN (ND2D2BWP16P90LVT)               0.01       0.06 f
  U273/ZN (OAI22D4BWP16P90LVT)             0.01       0.07 r
  U271/ZN (XNR3D4BWP16P90LVT)              0.03       0.10 r
  U598/S (FA1D1BWP16P90LVT)                0.03       0.13 f
  U602/S (FA1D1BWP16P90LVT)                0.03       0.16 r
  U257/ZN (NR2D2BWP16P90LVT)               0.01       0.17 f
  U592/ZN (NR2D1BWP16P90LVT)               0.01       0.17 r
  U596/ZN (AOI21D1BWP16P90LVT)             0.01       0.18 f
  U607/ZN (OAI21D2BWP16P90LVT)             0.01       0.20 r
  U787/ZN (AOI21D4BWP16P90LVT)             0.01       0.21 f
  U792/ZN (OAI21D8BWP16P90LVT)             0.01       0.22 r
  U914/ZN (AOI21D1BWP16P90LVT)             0.01       0.22 f
  U917/Z (XOR2D1BWP16P90LVT)               0.01       0.24 r
  prod_reg[23]/D (DFCNQD2BWP16P90LVT)      0.00       0.24 r
  data arrival time                                   0.24

  clock clk (rise edge)                    0.25       0.25
  clock network delay (ideal)              0.00       0.25
  clock uncertainty                       -0.01       0.24
  prod_reg[23]/CP (DFCNQD2BWP16P90LVT)     0.00       0.24 r
  library setup time                      -0.01       0.24
  data required time                                  0.24
  -----------------------------------------------------------
  data required time                                  0.24
  data arrival time                                  -0.24
  -----------------------------------------------------------
  slack (MET)                                         0.00


  Startpoint: inp_a[15] (input port clocked by clk)
  Endpoint: prod_reg[29]
            (rising edge-triggered flip-flop clocked by clk)
  Path Group: clk
  Path Type: max

  Des/Clust/Port     Wire Load Model       Library
  ------------------------------------------------
  mult               ZeroWireload          N16ADFP_StdCelltt0p8v25c

  Point                                    Incr       Path
  -----------------------------------------------------------
  clock clk (rise edge)                    0.00       0.00
  clock network delay (ideal)              0.00       0.00
  input external delay                     0.01       0.01 r
  inp_a[15] (in)                           0.00       0.01 r
  U88/ZN (INVD1BWP16P90LVT)                0.01       0.03 f
  U60/ZN (CKND2BWP16P90LVT)                0.01       0.04 r
  U87/ZN (CKND2BWP16P90LVT)                0.01       0.05 f
  U709/ZN (NR2D1BWP16P90LVT)               0.01       0.06 r
  U710/ZN (INVD1BWP16P90LVT)               0.01       0.07 f
  U723/CO (FA1D1BWP16P90LVT)               0.02       0.09 f
  U750/CO (FA1D1BWP16P90LVT)               0.02       0.11 f
  U761/S (FA1D1BWP16P90LVT)                0.03       0.15 r
  U762/S (FA1D1BWP16P90LVT)                0.03       0.18 f
  U258/ZN (ND2D2BWP16P90LVT)               0.01       0.18 r
  U264/ZN (IAOI21D2BWP16P90LVT)            0.01       0.20 r
  U863/ZN (INVD1BWP16P90LVT)               0.01       0.20 f
  U889/ZN (AOI21D1BWP16P90LVT)             0.01       0.21 r
  U890/ZN (OAI21D1BWP16P90LVT)             0.01       0.22 f
  U891/ZN (AOI21D1BWP16P90LVT)             0.01       0.23 r
  U894/Z (XOR2D1BWP16P90LVT)               0.01       0.24 r
  prod_reg[29]/D (DFCNQD2BWP16P90LVT)      0.00       0.24 r
  data arrival time                                   0.24

  clock clk (rise edge)                    0.25       0.25
  clock network delay (ideal)              0.00       0.25
  clock uncertainty                       -0.01       0.24
  prod_reg[29]/CP (DFCNQD2BWP16P90LVT)     0.00       0.24 r
  library setup time                      -0.01       0.24
  data required time                                  0.24
  -----------------------------------------------------------
  data required time                                  0.24
  data arrival time                                  -0.24
  -----------------------------------------------------------
  slack (MET)                                         0.00


  Startpoint: inp_a[11] (input port clocked by clk)
  Endpoint: prod_reg[29]
            (rising edge-triggered flip-flop clocked by clk)
  Path Group: clk
  Path Type: max

  Des/Clust/Port     Wire Load Model       Library
  ------------------------------------------------
  mult               ZeroWireload          N16ADFP_StdCelltt0p8v25c

  Point                                    Incr       Path
  -----------------------------------------------------------
  clock clk (rise edge)                    0.00       0.00
  clock network delay (ideal)              0.00       0.00
  input external delay                     0.01       0.01 r
  inp_a[11] (in)                           0.01       0.02 r
  U73/Z (XOR2D1BWP16P90LVT)                0.02       0.03 f
  U55/ZN (INVD1BWP16P90LVT)                0.02       0.05 r
  U757/ZN (OAI22D1BWP16P90LVT)             0.02       0.07 f
  U774/S (FA1D1BWP16P90LVT)                0.03       0.11 r
  U770/S (FA1D1BWP16P90LVT)                0.03       0.14 f
  U763/S (FA1D1BWP16P90LVT)                0.03       0.17 r
  U41/ZN (NR2D1BWP16P90LVT)                0.01       0.18 f
  U102/ZN (NR2D2BWP16P90LVT)               0.01       0.19 r
  U785/ZN (ND2D1BWP16P90LVT)               0.01       0.20 f
  U851/ZN (INVD1BWP16P90LVT)               0.01       0.20 r
  U886/ZN (ND2D1BWP16P90LVT)               0.01       0.21 f
  U887/ZN (NR2D1BWP16P90LVT)               0.01       0.22 r
  U891/ZN (AOI21D1BWP16P90LVT)             0.01       0.22 f
  U894/Z (XOR2D1BWP16P90LVT)               0.01       0.24 r
  prod_reg[29]/D (DFCNQD2BWP16P90LVT)      0.00       0.24 r
  data arrival time                                   0.24

  clock clk (rise edge)                    0.25       0.25
  clock network delay (ideal)              0.00       0.25
  clock uncertainty                       -0.01       0.24
  prod_reg[29]/CP (DFCNQD2BWP16P90LVT)     0.00       0.24 r
  library setup time                      -0.01       0.24
  data required time                                  0.24
  -----------------------------------------------------------
  data required time                                  0.24
  data arrival time                                  -0.24
  -----------------------------------------------------------
  slack (MET)                                         0.00


  Startpoint: inp_a[15] (input port clocked by clk)
  Endpoint: prod_reg[28]
            (rising edge-triggered flip-flop clocked by clk)
  Path Group: clk
  Path Type: max

  Des/Clust/Port     Wire Load Model       Library
  ------------------------------------------------
  mult               ZeroWireload          N16ADFP_StdCelltt0p8v25c

  Point                                    Incr       Path
  -----------------------------------------------------------
  clock clk (rise edge)                    0.00       0.00
  clock network delay (ideal)              0.00       0.00
  input external delay                     0.01       0.01 r
  inp_a[15] (in)                           0.00       0.01 r
  U88/ZN (INVD1BWP16P90LVT)                0.01       0.03 f
  U60/ZN (CKND2BWP16P90LVT)                0.01       0.04 r
  U87/ZN (CKND2BWP16P90LVT)                0.01       0.05 f
  U397/ZN (NR2D1BWP16P90LVT)               0.01       0.06 r
  U398/ZN (INVD1BWP16P90LVT)               0.01       0.07 f
  U445/S (FA1D1BWP16P90LVT)                0.03       0.11 r
  U444/S (FA1D1BWP16P90LVT)                0.03       0.14 f
  U278/ZN (CKND2BWP16P90LVT)               0.01       0.15 r
  U277/ZN (XNR3D4BWP16P90LVT)              0.03       0.18 f
  U611/ZN (ND2D1BWP16P90LVT)               0.01       0.18 r
  U79/ZN (OAI21D1BWP16P90LVT)              0.01       0.19 f
  U791/ZN (AOI21D2BWP16P90LVT)             0.01       0.21 r
  U792/ZN (OAI21D8BWP16P90LVT)             0.01       0.22 f
  U806/ZN (AOI21D1BWP16P90LVT)             0.01       0.23 r
  U820/Z (XOR2D1BWP16P90LVT)               0.01       0.24 r
  prod_reg[28]/D (DFCNQD1BWP16P90LVT)      0.00       0.24 r
  data arrival time                                   0.24

  clock clk (rise edge)                    0.25       0.25
  clock network delay (ideal)              0.00       0.25
  clock uncertainty                       -0.01       0.24
  prod_reg[28]/CP (DFCNQD1BWP16P90LVT)     0.00       0.24 r
  library setup time                      -0.01       0.24
  data required time                                  0.24
  -----------------------------------------------------------
  data required time                                  0.24
  data arrival time                                  -0.24
  -----------------------------------------------------------
  slack (MET)                                         0.00


  Startpoint: inp_a[1] (input port clocked by clk)
  Endpoint: prod_reg[28]
            (rising edge-triggered flip-flop clocked by clk)
  Path Group: clk
  Path Type: max

  Des/Clust/Port     Wire Load Model       Library
  ------------------------------------------------
  mult               ZeroWireload          N16ADFP_StdCelltt0p8v25c

  Point                                    Incr       Path
  -----------------------------------------------------------
  clock clk (rise edge)                    0.00       0.00
  clock network delay (ideal)              0.00       0.00
  input external delay                     0.01       0.01 f
  inp_a[1] (in)                            0.00       0.01 f
  U68/Z (CKBD1BWP16P90LVT)                 0.01       0.03 f
  U306/ZN (XNR2D8BWP16P90LVT)              0.02       0.05 r
  U195/ZN (ND2D4BWP16P90LVT)               0.01       0.06 f
  U483/ZN (OAI22D1BWP16P90LVT)             0.01       0.07 r
  U169/S (HA1D1BWP16P90LVT)                0.02       0.09 f
  U165/S (FA1D1BWP16P90LVT)                0.03       0.12 r
  U498/ZN (NR2D1BWP16P90LVT)               0.01       0.12 f
  U84/ZN (OAI21D1BWP16P90LVT)              0.01       0.13 r
  U91/ZN (AOI21D1BWP16P90LVT)              0.01       0.14 f
  U104/ZN (OAI21D1BWP16P90LVT)             0.01       0.15 r
  U99/ZN (AOI21D1BWP16P90LVT)              0.01       0.16 f
  U573/ZN (OAI21D1BWP16P90LVT)             0.01       0.17 r
  U596/ZN (AOI21D1BWP16P90LVT)             0.01       0.18 f
  U607/ZN (OAI21D2BWP16P90LVT)             0.01       0.20 r
  U787/ZN (AOI21D4BWP16P90LVT)             0.01       0.21 f
  U792/ZN (OAI21D8BWP16P90LVT)             0.01       0.21 r
  U806/ZN (AOI21D1BWP16P90LVT)             0.01       0.22 f
  U820/Z (XOR2D1BWP16P90LVT)               0.01       0.24 r
  prod_reg[28]/D (DFCNQD1BWP16P90LVT)      0.00       0.24 r
  data arrival time                                   0.24

  clock clk (rise edge)                    0.25       0.25
  clock network delay (ideal)              0.00       0.25
  clock uncertainty                       -0.01       0.24
  prod_reg[28]/CP (DFCNQD1BWP16P90LVT)     0.00       0.24 r
  library setup time                      -0.01       0.24
  data required time                                  0.24
  -----------------------------------------------------------
  data required time                                  0.24
  data arrival time                                  -0.24
  -----------------------------------------------------------
  slack (MET)                                         0.00


  Startpoint: inp_a[9] (input port clocked by clk)
  Endpoint: prod_reg[30]
            (rising edge-triggered flip-flop clocked by clk)
  Path Group: clk
  Path Type: max

  Des/Clust/Port     Wire Load Model       Library
  ------------------------------------------------
  mult               ZeroWireload          N16ADFP_StdCelltt0p8v25c

  Point                                    Incr       Path
  -----------------------------------------------------------
  clock clk (rise edge)                    0.00       0.00
  clock network delay (ideal)              0.00       0.00
  input external delay                     0.01       0.01 f
  inp_a[9] (in)                            0.00       0.01 f
  U180/ZN (CKND2BWP16P90LVT)               0.01       0.02 r
  U245/ZN (CKND2BWP16P90LVT)               0.01       0.03 f
  U316/ZN (XNR2D8BWP16P90LVT)              0.02       0.04 r
  U211/ZN (CKND8BWP16P90LVT)               0.00       0.05 f
  U213/ZN (CKND2BWP16P90LVT)               0.01       0.06 r
  U713/ZN (OAI22D1BWP16P90LVT)             0.01       0.07 f
  U724/CO (FA1D1BWP16P90LVT)               0.02       0.09 f
  U750/CO (FA1D1BWP16P90LVT)               0.02       0.11 f
  U761/S (FA1D1BWP16P90LVT)                0.03       0.15 r
  U762/S (FA1D1BWP16P90LVT)                0.03       0.18 f
  U258/ZN (ND2D2BWP16P90LVT)               0.01       0.18 r
  U264/ZN (IAOI21D2BWP16P90LVT)            0.01       0.20 r
  U863/ZN (INVD1BWP16P90LVT)               0.01       0.20 f
  U866/ZN (AOI21D1BWP16P90LVT)             0.01       0.21 r
  U867/ZN (OAI21D1BWP16P90LVT)             0.01       0.22 f
  U868/ZN (AOI21D1BWP16P90LVT)             0.01       0.23 r
  U878/Z (XOR2D1BWP16P90LVT)               0.01       0.24 r
  prod_reg[30]/D (DFCNQD2BWP16P90LVT)      0.00       0.24 r
  data arrival time                                   0.24

  clock clk (rise edge)                    0.25       0.25
  clock network delay (ideal)              0.00       0.25
  clock uncertainty                       -0.01       0.24
  prod_reg[30]/CP (DFCNQD2BWP16P90LVT)     0.00       0.24 r
  library setup time                      -0.01       0.24
  data required time                                  0.24
  -----------------------------------------------------------
  data required time                                  0.24
  data arrival time                                  -0.24
  -----------------------------------------------------------
  slack (MET)                                         0.00


  Startpoint: inp_a[13] (input port clocked by clk)
  Endpoint: prod_reg[30]
            (rising edge-triggered flip-flop clocked by clk)
  Path Group: clk
  Path Type: max

  Des/Clust/Port     Wire Load Model       Library
  ------------------------------------------------
  mult               ZeroWireload          N16ADFP_StdCelltt0p8v25c

  Point                                    Incr       Path
  -----------------------------------------------------------
  clock clk (rise edge)                    0.00       0.00
  clock network delay (ideal)              0.00       0.00
  input external delay                     0.01       0.01 f
  inp_a[13] (in)                           0.00       0.01 f
  U177/ZN (CKND2BWP16P90LVT)               0.01       0.02 r
  U65/ZN (CKND2BWP16P90LVT)                0.01       0.03 f
  U208/Z (XOR2D2BWP16P90LVT)               0.02       0.04 r
  U209/ZN (CKND2BWP16P90LVT)               0.01       0.05 f
  U197/ZN (ND2D1BWP16P90LVT)               0.01       0.06 r
  U717/ZN (OAI22D1BWP16P90LVT)             0.01       0.07 f
  U724/CO (FA1D1BWP16P90LVT)               0.02       0.09 f
  U750/CO (FA1D1BWP16P90LVT)               0.02       0.11 f
  U761/S (FA1D1BWP16P90LVT)                0.03       0.15 r
  U762/S (FA1D1BWP16P90LVT)                0.03       0.18 f
  U258/ZN (ND2D2BWP16P90LVT)               0.01       0.18 r
  U264/ZN (IAOI21D2BWP16P90LVT)            0.01       0.20 r
  U863/ZN (INVD1BWP16P90LVT)               0.01       0.20 f
  U866/ZN (AOI21D1BWP16P90LVT)             0.01       0.21 r
  U867/ZN (OAI21D1BWP16P90LVT)             0.01       0.22 f
  U868/ZN (AOI21D1BWP16P90LVT)             0.01       0.23 r
  U878/Z (XOR2D1BWP16P90LVT)               0.01       0.24 r
  prod_reg[30]/D (DFCNQD2BWP16P90LVT)      0.00       0.24 r
  data arrival time                                   0.24

  clock clk (rise edge)                    0.25       0.25
  clock network delay (ideal)              0.00       0.25
  clock uncertainty                       -0.01       0.24
  prod_reg[30]/CP (DFCNQD2BWP16P90LVT)     0.00       0.24 r
  library setup time                      -0.01       0.24
  data required time                                  0.24
  -----------------------------------------------------------
  data required time                                  0.24
  data arrival time                                  -0.24
  -----------------------------------------------------------
  slack (MET)                                         0.00


  Startpoint: inp_a[13] (input port clocked by clk)
  Endpoint: prod_reg[28]
            (rising edge-triggered flip-flop clocked by clk)
  Path Group: clk
  Path Type: max

  Des/Clust/Port     Wire Load Model       Library
  ------------------------------------------------
  mult               ZeroWireload          N16ADFP_StdCelltt0p8v25c

  Point                                    Incr       Path
  -----------------------------------------------------------
  clock clk (rise edge)                    0.00       0.00
  clock network delay (ideal)              0.00       0.00
  input external delay                     0.01       0.01 r
  inp_a[13] (in)                           0.00       0.01 r
  U177/ZN (CKND2BWP16P90LVT)               0.01       0.02 f
  U65/ZN (CKND2BWP16P90LVT)                0.01       0.03 r
  U208/Z (XOR2D2BWP16P90LVT)               0.02       0.04 f
  U209/ZN (CKND2BWP16P90LVT)               0.01       0.05 r
  U197/ZN (ND2D1BWP16P90LVT)               0.01       0.06 f
  U370/ZN (OAI22D1BWP16P90LVT)             0.01       0.08 r
  U377/S (FA1D1BWP16P90LVT)                0.03       0.11 f
  U274/ZN (ND2D1BWP16P90LVT)               0.01       0.11 r
  U379/ZN (ND3D1BWP16P90LVT)               0.01       0.12 f
  U410/CO (FA1D1BWP16P90LVT)               0.02       0.15 f
  U277/ZN (XNR3D4BWP16P90LVT)              0.03       0.18 r
  U276/ZN (CKNR2D4BWP16P90LVT)             0.00       0.18 f
  U39/ZN (NR2D1BWP16P90LVT)                0.01       0.19 r
  U789/ZN (ND2D2BWP16P90LVT)               0.01       0.21 f
  U792/ZN (OAI21D8BWP16P90LVT)             0.01       0.21 r
  U806/ZN (AOI21D1BWP16P90LVT)             0.01       0.22 f
  U820/Z (XOR2D1BWP16P90LVT)               0.01       0.24 r
  prod_reg[28]/D (DFCNQD1BWP16P90LVT)      0.00       0.24 r
  data arrival time                                   0.24

  clock clk (rise edge)                    0.25       0.25
  clock network delay (ideal)              0.00       0.25
  clock uncertainty                       -0.01       0.24
  prod_reg[28]/CP (DFCNQD1BWP16P90LVT)     0.00       0.24 r
  library setup time                      -0.01       0.24
  data required time                                  0.24
  -----------------------------------------------------------
  data required time                                  0.24
  data arrival time                                  -0.24
  -----------------------------------------------------------
  slack (MET)                                         0.00


  Startpoint: inp_a[9] (input port clocked by clk)
  Endpoint: prod_reg[28]
            (rising edge-triggered flip-flop clocked by clk)
  Path Group: clk
  Path Type: max

  Des/Clust/Port     Wire Load Model       Library
  ------------------------------------------------
  mult               ZeroWireload          N16ADFP_StdCelltt0p8v25c

  Point                                    Incr       Path
  -----------------------------------------------------------
  clock clk (rise edge)                    0.00       0.00
  clock network delay (ideal)              0.00       0.00
  input external delay                     0.01       0.01 f
  inp_a[9] (in)                            0.00       0.01 f
  U180/ZN (CKND2BWP16P90LVT)               0.01       0.02 r
  U245/ZN (CKND2BWP16P90LVT)               0.01       0.03 f
  U316/ZN (XNR2D8BWP16P90LVT)              0.02       0.04 r
  U211/ZN (CKND8BWP16P90LVT)               0.00       0.05 f
  U212/ZN (INVD4BWP16P90LVT)               0.00       0.05 r
  U199/ZN (ND2D2BWP16P90LVT)               0.01       0.06 f
  U273/ZN (OAI22D4BWP16P90LVT)             0.01       0.07 r
  U271/ZN (XNR3D4BWP16P90LVT)              0.03       0.10 r
  U598/S (FA1D1BWP16P90LVT)                0.03       0.13 f
  U602/S (FA1D1BWP16P90LVT)                0.03       0.16 r
  U257/ZN (NR2D2BWP16P90LVT)               0.01       0.17 f
  U592/ZN (NR2D1BWP16P90LVT)               0.01       0.17 r
  U596/ZN (AOI21D1BWP16P90LVT)             0.01       0.18 f
  U607/ZN (OAI21D2BWP16P90LVT)             0.01       0.20 r
  U787/ZN (AOI21D4BWP16P90LVT)             0.01       0.21 f
  U792/ZN (OAI21D8BWP16P90LVT)             0.01       0.21 r
  U806/ZN (AOI21D1BWP16P90LVT)             0.01       0.22 f
  U820/Z (XOR2D1BWP16P90LVT)               0.01       0.24 r
  prod_reg[28]/D (DFCNQD1BWP16P90LVT)      0.00       0.24 r
  data arrival time                                   0.24

  clock clk (rise edge)                    0.25       0.25
  clock network delay (ideal)              0.00       0.25
  clock uncertainty                       -0.01       0.24
  prod_reg[28]/CP (DFCNQD1BWP16P90LVT)     0.00       0.24 r
  library setup time                      -0.01       0.24
  data required time                                  0.24
  -----------------------------------------------------------
  data required time                                  0.24
  data arrival time                                  -0.24
  -----------------------------------------------------------
  slack (MET)                                         0.00


  Startpoint: inp_a[15] (input port clocked by clk)
  Endpoint: prod_reg[30]
            (rising edge-triggered flip-flop clocked by clk)
  Path Group: clk
  Path Type: max

  Des/Clust/Port     Wire Load Model       Library
  ------------------------------------------------
  mult               ZeroWireload          N16ADFP_StdCelltt0p8v25c

  Point                                    Incr       Path
  -----------------------------------------------------------
  clock clk (rise edge)                    0.00       0.00
  clock network delay (ideal)              0.00       0.00
  input external delay                     0.01       0.01 r
  inp_a[15] (in)                           0.00       0.01 r
  U88/ZN (INVD1BWP16P90LVT)                0.01       0.03 f
  U60/ZN (CKND2BWP16P90LVT)                0.01       0.04 r
  U87/ZN (CKND2BWP16P90LVT)                0.01       0.05 f
  U397/ZN (NR2D1BWP16P90LVT)               0.01       0.06 r
  U398/ZN (INVD1BWP16P90LVT)               0.01       0.07 f
  U445/S (FA1D1BWP16P90LVT)                0.03       0.11 r
  U444/S (FA1D1BWP16P90LVT)                0.03       0.14 f
  U278/ZN (CKND2BWP16P90LVT)               0.01       0.15 r
  U277/ZN (XNR3D4BWP16P90LVT)              0.03       0.18 f
  U611/ZN (ND2D1BWP16P90LVT)               0.01       0.18 r
  U79/ZN (OAI21D1BWP16P90LVT)              0.01       0.19 f
  U791/ZN (AOI21D2BWP16P90LVT)             0.01       0.21 r
  U792/ZN (OAI21D8BWP16P90LVT)             0.01       0.22 f
  U868/ZN (AOI21D1BWP16P90LVT)             0.01       0.23 r
  U878/Z (XOR2D1BWP16P90LVT)               0.01       0.24 r
  prod_reg[30]/D (DFCNQD2BWP16P90LVT)      0.00       0.24 r
  data arrival time                                   0.24

  clock clk (rise edge)                    0.25       0.25
  clock network delay (ideal)              0.00       0.25
  clock uncertainty                       -0.01       0.24
  prod_reg[30]/CP (DFCNQD2BWP16P90LVT)     0.00       0.24 r
  library setup time                      -0.01       0.24
  data required time                                  0.24
  -----------------------------------------------------------
  data required time                                  0.24
  data arrival time                                  -0.24
  -----------------------------------------------------------
  slack (MET)                                         0.00


  Startpoint: inp_a[15] (input port clocked by clk)
  Endpoint: prod_reg[27]
            (rising edge-triggered flip-flop clocked by clk)
  Path Group: clk
  Path Type: max

  Des/Clust/Port     Wire Load Model       Library
  ------------------------------------------------
  mult               ZeroWireload          N16ADFP_StdCelltt0p8v25c

  Point                                    Incr       Path
  -----------------------------------------------------------
  clock clk (rise edge)                    0.00       0.00
  clock network delay (ideal)              0.00       0.00
  input external delay                     0.01       0.01 r
  inp_a[15] (in)                           0.00       0.01 r
  U88/ZN (INVD1BWP16P90LVT)                0.01       0.03 f
  U60/ZN (CKND2BWP16P90LVT)                0.01       0.04 r
  U87/ZN (CKND2BWP16P90LVT)                0.01       0.05 f
  U397/ZN (NR2D1BWP16P90LVT)               0.01       0.06 r
  U398/ZN (INVD1BWP16P90LVT)               0.01       0.07 f
  U445/S (FA1D1BWP16P90LVT)                0.03       0.11 r
  U444/S (FA1D1BWP16P90LVT)                0.03       0.14 f
  U278/ZN (CKND2BWP16P90LVT)               0.01       0.15 r
  U277/ZN (XNR3D4BWP16P90LVT)              0.03       0.18 f
  U611/ZN (ND2D1BWP16P90LVT)               0.01       0.18 r
  U79/ZN (OAI21D1BWP16P90LVT)              0.01       0.19 f
  U791/ZN (AOI21D2BWP16P90LVT)             0.01       0.21 r
  U792/ZN (OAI21D8BWP16P90LVT)             0.01       0.22 f
  U848/ZN (AOI21D1BWP16P90LVT)             0.01       0.23 r
  U850/Z (XOR2D1BWP16P90LVT)               0.01       0.24 r
  prod_reg[27]/D (DFCNQD2BWP16P90LVT)      0.00       0.24 r
  data arrival time                                   0.24

  clock clk (rise edge)                    0.25       0.25
  clock network delay (ideal)              0.00       0.25
  clock uncertainty                       -0.01       0.24
  prod_reg[27]/CP (DFCNQD2BWP16P90LVT)     0.00       0.24 r
  library setup time                      -0.01       0.24
  data required time                                  0.24
  -----------------------------------------------------------
  data required time                                  0.24
  data arrival time                                  -0.24
  -----------------------------------------------------------
  slack (MET)                                         0.00


  Startpoint: inp_a[15] (input port clocked by clk)
  Endpoint: prod_reg[25]
            (rising edge-triggered flip-flop clocked by clk)
  Path Group: clk
  Path Type: max

  Des/Clust/Port     Wire Load Model       Library
  ------------------------------------------------
  mult               ZeroWireload          N16ADFP_StdCelltt0p8v25c

  Point                                    Incr       Path
  -----------------------------------------------------------
  clock clk (rise edge)                    0.00       0.00
  clock network delay (ideal)              0.00       0.00
  input external delay                     0.01       0.01 r
  inp_a[15] (in)                           0.00       0.01 r
  U88/ZN (INVD1BWP16P90LVT)                0.01       0.03 f
  U60/ZN (CKND2BWP16P90LVT)                0.01       0.04 r
  U87/ZN (CKND2BWP16P90LVT)                0.01       0.05 f
  U397/ZN (NR2D1BWP16P90LVT)               0.01       0.06 r
  U398/ZN (INVD1BWP16P90LVT)               0.01       0.07 f
  U445/S (FA1D1BWP16P90LVT)                0.03       0.11 r
  U444/S (FA1D1BWP16P90LVT)                0.03       0.14 f
  U278/ZN (CKND2BWP16P90LVT)               0.01       0.15 r
  U277/ZN (XNR3D4BWP16P90LVT)              0.03       0.18 f
  U611/ZN (ND2D1BWP16P90LVT)               0.01       0.18 r
  U79/ZN (OAI21D1BWP16P90LVT)              0.01       0.19 f
  U791/ZN (AOI21D2BWP16P90LVT)             0.01       0.21 r
  U792/ZN (OAI21D8BWP16P90LVT)             0.01       0.22 f
  U834/ZN (AOI21D1BWP16P90LVT)             0.01       0.23 r
  U837/Z (XOR2D1BWP16P90LVT)               0.01       0.24 r
  prod_reg[25]/D (DFCNQD2BWP16P90LVT)      0.00       0.24 r
  data arrival time                                   0.24

  clock clk (rise edge)                    0.25       0.25
  clock network delay (ideal)              0.00       0.25
  clock uncertainty                       -0.01       0.24
  prod_reg[25]/CP (DFCNQD2BWP16P90LVT)     0.00       0.24 r
  library setup time                      -0.01       0.24
  data required time                                  0.24
  -----------------------------------------------------------
  data required time                                  0.24
  data arrival time                                  -0.24
  -----------------------------------------------------------
  slack (MET)                                         0.00


  Startpoint: inp_a[15] (input port clocked by clk)
  Endpoint: prod_reg[29]
            (rising edge-triggered flip-flop clocked by clk)
  Path Group: clk
  Path Type: max

  Des/Clust/Port     Wire Load Model       Library
  ------------------------------------------------
  mult               ZeroWireload          N16ADFP_StdCelltt0p8v25c

  Point                                    Incr       Path
  -----------------------------------------------------------
  clock clk (rise edge)                    0.00       0.00
  clock network delay (ideal)              0.00       0.00
  input external delay                     0.01       0.01 r
  inp_a[15] (in)                           0.00       0.01 r
  U88/ZN (INVD1BWP16P90LVT)                0.01       0.03 f
  U60/ZN (CKND2BWP16P90LVT)                0.01       0.04 r
  U87/ZN (CKND2BWP16P90LVT)                0.01       0.05 f
  U397/ZN (NR2D1BWP16P90LVT)               0.01       0.06 r
  U398/ZN (INVD1BWP16P90LVT)               0.01       0.07 f
  U445/S (FA1D1BWP16P90LVT)                0.03       0.11 r
  U444/S (FA1D1BWP16P90LVT)                0.03       0.14 f
  U278/ZN (CKND2BWP16P90LVT)               0.01       0.15 r
  U277/ZN (XNR3D4BWP16P90LVT)              0.03       0.18 f
  U611/ZN (ND2D1BWP16P90LVT)               0.01       0.18 r
  U79/ZN (OAI21D1BWP16P90LVT)              0.01       0.19 f
  U791/ZN (AOI21D2BWP16P90LVT)             0.01       0.21 r
  U792/ZN (OAI21D8BWP16P90LVT)             0.01       0.22 f
  U891/ZN (AOI21D1BWP16P90LVT)             0.01       0.23 r
  U894/Z (XOR2D1BWP16P90LVT)               0.01       0.24 r
  prod_reg[29]/D (DFCNQD2BWP16P90LVT)      0.00       0.24 r
  data arrival time                                   0.24

  clock clk (rise edge)                    0.25       0.25
  clock network delay (ideal)              0.00       0.25
  clock uncertainty                       -0.01       0.24
  prod_reg[29]/CP (DFCNQD2BWP16P90LVT)     0.00       0.24 r
  library setup time                      -0.01       0.24
  data required time                                  0.24
  -----------------------------------------------------------
  data required time                                  0.24
  data arrival time                                  -0.24
  -----------------------------------------------------------
  slack (MET)                                         0.00


  Startpoint: inp_a[15] (input port clocked by clk)
  Endpoint: prod_reg[26]
            (rising edge-triggered flip-flop clocked by clk)
  Path Group: clk
  Path Type: max

  Des/Clust/Port     Wire Load Model       Library
  ------------------------------------------------
  mult               ZeroWireload          N16ADFP_StdCelltt0p8v25c

  Point                                    Incr       Path
  -----------------------------------------------------------
  clock clk (rise edge)                    0.00       0.00
  clock network delay (ideal)              0.00       0.00
  input external delay                     0.01       0.01 r
  inp_a[15] (in)                           0.00       0.01 r
  U88/ZN (INVD1BWP16P90LVT)                0.01       0.03 f
  U60/ZN (CKND2BWP16P90LVT)                0.01       0.04 r
  U87/ZN (CKND2BWP16P90LVT)                0.01       0.05 f
  U397/ZN (NR2D1BWP16P90LVT)               0.01       0.06 r
  U398/ZN (INVD1BWP16P90LVT)               0.01       0.07 f
  U445/S (FA1D1BWP16P90LVT)                0.03       0.11 r
  U444/S (FA1D1BWP16P90LVT)                0.03       0.14 f
  U278/ZN (CKND2BWP16P90LVT)               0.01       0.15 r
  U277/ZN (XNR3D4BWP16P90LVT)              0.03       0.18 f
  U611/ZN (ND2D1BWP16P90LVT)               0.01       0.18 r
  U79/ZN (OAI21D1BWP16P90LVT)              0.01       0.19 f
  U791/ZN (AOI21D2BWP16P90LVT)             0.01       0.21 r
  U792/ZN (OAI21D8BWP16P90LVT)             0.01       0.22 f
  U883/ZN (AOI21D1BWP16P90LVT)             0.01       0.23 r
  U885/Z (XOR2D1BWP16P90LVT)               0.01       0.24 r
  prod_reg[26]/D (DFCNQD2BWP16P90LVT)      0.00       0.24 r
  data arrival time                                   0.24

  clock clk (rise edge)                    0.25       0.25
  clock network delay (ideal)              0.00       0.25
  clock uncertainty                       -0.01       0.24
  prod_reg[26]/CP (DFCNQD2BWP16P90LVT)     0.00       0.24 r
  library setup time                      -0.01       0.24
  data required time                                  0.24
  -----------------------------------------------------------
  data required time                                  0.24
  data arrival time                                  -0.24
  -----------------------------------------------------------
  slack (MET)                                         0.00


  Startpoint: inp_a[15] (input port clocked by clk)
  Endpoint: prod_reg[31]
            (rising edge-triggered flip-flop clocked by clk)
  Path Group: clk
  Path Type: max

  Des/Clust/Port     Wire Load Model       Library
  ------------------------------------------------
  mult               ZeroWireload          N16ADFP_StdCelltt0p8v25c

  Point                                    Incr       Path
  -----------------------------------------------------------
  clock clk (rise edge)                    0.00       0.00
  clock network delay (ideal)              0.00       0.00
  input external delay                     0.01       0.01 r
  inp_a[15] (in)                           0.00       0.01 r
  U88/ZN (INVD1BWP16P90LVT)                0.01       0.03 f
  U60/ZN (CKND2BWP16P90LVT)                0.01       0.04 r
  U87/ZN (CKND2BWP16P90LVT)                0.01       0.05 f
  U397/ZN (NR2D1BWP16P90LVT)               0.01       0.06 r
  U398/ZN (INVD1BWP16P90LVT)               0.01       0.07 f
  U445/S (FA1D1BWP16P90LVT)                0.03       0.11 r
  U444/S (FA1D1BWP16P90LVT)                0.03       0.14 f
  U278/ZN (CKND2BWP16P90LVT)               0.01       0.15 r
  U277/ZN (XNR3D4BWP16P90LVT)              0.03       0.18 f
  U611/ZN (ND2D1BWP16P90LVT)               0.01       0.18 r
  U79/ZN (OAI21D1BWP16P90LVT)              0.01       0.19 f
  U791/ZN (AOI21D2BWP16P90LVT)             0.01       0.21 r
  U792/ZN (OAI21D8BWP16P90LVT)             0.01       0.22 f
  U902/ZN (AOI21D1BWP16P90LVT)             0.01       0.23 r
  U910/Z (XOR2D1BWP16P90LVT)               0.01       0.24 r
  prod_reg[31]/D (DFCNQD2BWP16P90LVT)      0.00       0.24 r
  data arrival time                                   0.24

  clock clk (rise edge)                    0.25       0.25
  clock network delay (ideal)              0.00       0.25
  clock uncertainty                       -0.01       0.24
  prod_reg[31]/CP (DFCNQD2BWP16P90LVT)     0.00       0.24 r
  library setup time                      -0.01       0.24
  data required time                                  0.24
  -----------------------------------------------------------
  data required time                                  0.24
  data arrival time                                  -0.24
  -----------------------------------------------------------
  slack (MET)                                         0.00


  Startpoint: inp_a[1] (input port clocked by clk)
  Endpoint: prod_reg[25]
            (rising edge-triggered flip-flop clocked by clk)
  Path Group: clk
  Path Type: max

  Des/Clust/Port     Wire Load Model       Library
  ------------------------------------------------
  mult               ZeroWireload          N16ADFP_StdCelltt0p8v25c

  Point                                    Incr       Path
  -----------------------------------------------------------
  clock clk (rise edge)                    0.00       0.00
  clock network delay (ideal)              0.00       0.00
  input external delay                     0.01       0.01 f
  inp_a[1] (in)                            0.00       0.01 f
  U68/Z (CKBD1BWP16P90LVT)                 0.01       0.03 f
  U306/ZN (XNR2D8BWP16P90LVT)              0.02       0.05 r
  U195/ZN (ND2D4BWP16P90LVT)               0.01       0.06 f
  U483/ZN (OAI22D1BWP16P90LVT)             0.01       0.07 r
  U169/S (HA1D1BWP16P90LVT)                0.02       0.09 f
  U165/S (FA1D1BWP16P90LVT)                0.03       0.12 r
  U498/ZN (NR2D1BWP16P90LVT)               0.01       0.12 f
  U84/ZN (OAI21D1BWP16P90LVT)              0.01       0.13 r
  U91/ZN (AOI21D1BWP16P90LVT)              0.01       0.14 f
  U104/ZN (OAI21D1BWP16P90LVT)             0.01       0.15 r
  U99/ZN (AOI21D1BWP16P90LVT)              0.01       0.16 f
  U573/ZN (OAI21D1BWP16P90LVT)             0.01       0.17 r
  U596/ZN (AOI21D1BWP16P90LVT)             0.01       0.18 f
  U607/ZN (OAI21D2BWP16P90LVT)             0.01       0.20 r
  U787/ZN (AOI21D4BWP16P90LVT)             0.01       0.21 f
  U792/ZN (OAI21D8BWP16P90LVT)             0.01       0.21 r
  U834/ZN (AOI21D1BWP16P90LVT)             0.01       0.22 f
  U837/Z (XOR2D1BWP16P90LVT)               0.01       0.24 r
  prod_reg[25]/D (DFCNQD2BWP16P90LVT)      0.00       0.24 r
  data arrival time                                   0.24

  clock clk (rise edge)                    0.25       0.25
  clock network delay (ideal)              0.00       0.25
  clock uncertainty                       -0.01       0.24
  prod_reg[25]/CP (DFCNQD2BWP16P90LVT)     0.00       0.24 r
  library setup time                      -0.01       0.24
  data required time                                  0.24
  -----------------------------------------------------------
  data required time                                  0.24
  data arrival time                                  -0.24
  -----------------------------------------------------------
  slack (MET)                                         0.00


  Startpoint: inp_a[1] (input port clocked by clk)
  Endpoint: prod_reg[30]
            (rising edge-triggered flip-flop clocked by clk)
  Path Group: clk
  Path Type: max

  Des/Clust/Port     Wire Load Model       Library
  ------------------------------------------------
  mult               ZeroWireload          N16ADFP_StdCelltt0p8v25c

  Point                                    Incr       Path
  -----------------------------------------------------------
  clock clk (rise edge)                    0.00       0.00
  clock network delay (ideal)              0.00       0.00
  input external delay                     0.01       0.01 f
  inp_a[1] (in)                            0.00       0.01 f
  U68/Z (CKBD1BWP16P90LVT)                 0.01       0.03 f
  U306/ZN (XNR2D8BWP16P90LVT)              0.02       0.05 r
  U195/ZN (ND2D4BWP16P90LVT)               0.01       0.06 f
  U483/ZN (OAI22D1BWP16P90LVT)             0.01       0.07 r
  U169/S (HA1D1BWP16P90LVT)                0.02       0.09 f
  U165/S (FA1D1BWP16P90LVT)                0.03       0.12 r
  U498/ZN (NR2D1BWP16P90LVT)               0.01       0.12 f
  U84/ZN (OAI21D1BWP16P90LVT)              0.01       0.13 r
  U91/ZN (AOI21D1BWP16P90LVT)              0.01       0.14 f
  U104/ZN (OAI21D1BWP16P90LVT)             0.01       0.15 r
  U99/ZN (AOI21D1BWP16P90LVT)              0.01       0.16 f
  U573/ZN (OAI21D1BWP16P90LVT)             0.01       0.17 r
  U596/ZN (AOI21D1BWP16P90LVT)             0.01       0.18 f
  U607/ZN (OAI21D2BWP16P90LVT)             0.01       0.20 r
  U787/ZN (AOI21D4BWP16P90LVT)             0.01       0.21 f
  U792/ZN (OAI21D8BWP16P90LVT)             0.01       0.21 r
  U868/ZN (AOI21D1BWP16P90LVT)             0.01       0.22 f
  U878/Z (XOR2D1BWP16P90LVT)               0.01       0.24 r
  prod_reg[30]/D (DFCNQD2BWP16P90LVT)      0.00       0.24 r
  data arrival time                                   0.24

  clock clk (rise edge)                    0.25       0.25
  clock network delay (ideal)              0.00       0.25
  clock uncertainty                       -0.01       0.24
  prod_reg[30]/CP (DFCNQD2BWP16P90LVT)     0.00       0.24 r
  library setup time                      -0.01       0.24
  data required time                                  0.24
  -----------------------------------------------------------
  data required time                                  0.24
  data arrival time                                  -0.24
  -----------------------------------------------------------
  slack (MET)                                         0.00


  Startpoint: inp_a[1] (input port clocked by clk)
  Endpoint: prod_reg[27]
            (rising edge-triggered flip-flop clocked by clk)
  Path Group: clk
  Path Type: max

  Des/Clust/Port     Wire Load Model       Library
  ------------------------------------------------
  mult               ZeroWireload          N16ADFP_StdCelltt0p8v25c

  Point                                    Incr       Path
  -----------------------------------------------------------
  clock clk (rise edge)                    0.00       0.00
  clock network delay (ideal)              0.00       0.00
  input external delay                     0.01       0.01 f
  inp_a[1] (in)                            0.00       0.01 f
  U68/Z (CKBD1BWP16P90LVT)                 0.01       0.03 f
  U306/ZN (XNR2D8BWP16P90LVT)              0.02       0.05 r
  U195/ZN (ND2D4BWP16P90LVT)               0.01       0.06 f
  U483/ZN (OAI22D1BWP16P90LVT)             0.01       0.07 r
  U169/S (HA1D1BWP16P90LVT)                0.02       0.09 f
  U165/S (FA1D1BWP16P90LVT)                0.03       0.12 r
  U498/ZN (NR2D1BWP16P90LVT)               0.01       0.12 f
  U84/ZN (OAI21D1BWP16P90LVT)              0.01       0.13 r
  U91/ZN (AOI21D1BWP16P90LVT)              0.01       0.14 f
  U104/ZN (OAI21D1BWP16P90LVT)             0.01       0.15 r
  U99/ZN (AOI21D1BWP16P90LVT)              0.01       0.16 f
  U573/ZN (OAI21D1BWP16P90LVT)             0.01       0.17 r
  U596/ZN (AOI21D1BWP16P90LVT)             0.01       0.18 f
  U607/ZN (OAI21D2BWP16P90LVT)             0.01       0.20 r
  U787/ZN (AOI21D4BWP16P90LVT)             0.01       0.21 f
  U792/ZN (OAI21D8BWP16P90LVT)             0.01       0.21 r
  U848/ZN (AOI21D1BWP16P90LVT)             0.01       0.22 f
  U850/Z (XOR2D1BWP16P90LVT)               0.01       0.24 r
  prod_reg[27]/D (DFCNQD2BWP16P90LVT)      0.00       0.24 r
  data arrival time                                   0.24

  clock clk (rise edge)                    0.25       0.25
  clock network delay (ideal)              0.00       0.25
  clock uncertainty                       -0.01       0.24
  prod_reg[27]/CP (DFCNQD2BWP16P90LVT)     0.00       0.24 r
  library setup time                      -0.01       0.24
  data required time                                  0.24
  -----------------------------------------------------------
  data required time                                  0.24
  data arrival time                                  -0.24
  -----------------------------------------------------------
  slack (MET)                                         0.00


  Startpoint: inp_a[1] (input port clocked by clk)
  Endpoint: prod_reg[26]
            (rising edge-triggered flip-flop clocked by clk)
  Path Group: clk
  Path Type: max

  Des/Clust/Port     Wire Load Model       Library
  ------------------------------------------------
  mult               ZeroWireload          N16ADFP_StdCelltt0p8v25c

  Point                                    Incr       Path
  -----------------------------------------------------------
  clock clk (rise edge)                    0.00       0.00
  clock network delay (ideal)              0.00       0.00
  input external delay                     0.01       0.01 f
  inp_a[1] (in)                            0.00       0.01 f
  U68/Z (CKBD1BWP16P90LVT)                 0.01       0.03 f
  U306/ZN (XNR2D8BWP16P90LVT)              0.02       0.05 r
  U195/ZN (ND2D4BWP16P90LVT)               0.01       0.06 f
  U483/ZN (OAI22D1BWP16P90LVT)             0.01       0.07 r
  U169/S (HA1D1BWP16P90LVT)                0.02       0.09 f
  U165/S (FA1D1BWP16P90LVT)                0.03       0.12 r
  U498/ZN (NR2D1BWP16P90LVT)               0.01       0.12 f
  U84/ZN (OAI21D1BWP16P90LVT)              0.01       0.13 r
  U91/ZN (AOI21D1BWP16P90LVT)              0.01       0.14 f
  U104/ZN (OAI21D1BWP16P90LVT)             0.01       0.15 r
  U99/ZN (AOI21D1BWP16P90LVT)              0.01       0.16 f
  U573/ZN (OAI21D1BWP16P90LVT)             0.01       0.17 r
  U596/ZN (AOI21D1BWP16P90LVT)             0.01       0.18 f
  U607/ZN (OAI21D2BWP16P90LVT)             0.01       0.20 r
  U787/ZN (AOI21D4BWP16P90LVT)             0.01       0.21 f
  U792/ZN (OAI21D8BWP16P90LVT)             0.01       0.21 r
  U883/ZN (AOI21D1BWP16P90LVT)             0.01       0.22 f
  U885/Z (XOR2D1BWP16P90LVT)               0.01       0.24 r
  prod_reg[26]/D (DFCNQD2BWP16P90LVT)      0.00       0.24 r
  data arrival time                                   0.24

  clock clk (rise edge)                    0.25       0.25
  clock network delay (ideal)              0.00       0.25
  clock uncertainty                       -0.01       0.24
  prod_reg[26]/CP (DFCNQD2BWP16P90LVT)     0.00       0.24 r
  library setup time                      -0.01       0.24
  data required time                                  0.24
  -----------------------------------------------------------
  data required time                                  0.24
  data arrival time                                  -0.24
  -----------------------------------------------------------
  slack (MET)                                         0.00


  Startpoint: inp_a[1] (input port clocked by clk)
  Endpoint: prod_reg[29]
            (rising edge-triggered flip-flop clocked by clk)
  Path Group: clk
  Path Type: max

  Des/Clust/Port     Wire Load Model       Library
  ------------------------------------------------
  mult               ZeroWireload          N16ADFP_StdCelltt0p8v25c

  Point                                    Incr       Path
  -----------------------------------------------------------
  clock clk (rise edge)                    0.00       0.00
  clock network delay (ideal)              0.00       0.00
  input external delay                     0.01       0.01 f
  inp_a[1] (in)                            0.00       0.01 f
  U68/Z (CKBD1BWP16P90LVT)                 0.01       0.03 f
  U306/ZN (XNR2D8BWP16P90LVT)              0.02       0.05 r
  U195/ZN (ND2D4BWP16P90LVT)               0.01       0.06 f
  U483/ZN (OAI22D1BWP16P90LVT)             0.01       0.07 r
  U169/S (HA1D1BWP16P90LVT)                0.02       0.09 f
  U165/S (FA1D1BWP16P90LVT)                0.03       0.12 r
  U498/ZN (NR2D1BWP16P90LVT)               0.01       0.12 f
  U84/ZN (OAI21D1BWP16P90LVT)              0.01       0.13 r
  U91/ZN (AOI21D1BWP16P90LVT)              0.01       0.14 f
  U104/ZN (OAI21D1BWP16P90LVT)             0.01       0.15 r
  U99/ZN (AOI21D1BWP16P90LVT)              0.01       0.16 f
  U573/ZN (OAI21D1BWP16P90LVT)             0.01       0.17 r
  U596/ZN (AOI21D1BWP16P90LVT)             0.01       0.18 f
  U607/ZN (OAI21D2BWP16P90LVT)             0.01       0.20 r
  U787/ZN (AOI21D4BWP16P90LVT)             0.01       0.21 f
  U792/ZN (OAI21D8BWP16P90LVT)             0.01       0.21 r
  U891/ZN (AOI21D1BWP16P90LVT)             0.01       0.22 f
  U894/Z (XOR2D1BWP16P90LVT)               0.01       0.24 r
  prod_reg[29]/D (DFCNQD2BWP16P90LVT)      0.00       0.24 r
  data arrival time                                   0.24

  clock clk (rise edge)                    0.25       0.25
  clock network delay (ideal)              0.00       0.25
  clock uncertainty                       -0.01       0.24
  prod_reg[29]/CP (DFCNQD2BWP16P90LVT)     0.00       0.24 r
  library setup time                      -0.01       0.24
  data required time                                  0.24
  -----------------------------------------------------------
  data required time                                  0.24
  data arrival time                                  -0.24
  -----------------------------------------------------------
  slack (MET)                                         0.00


  Startpoint: inp_a[1] (input port clocked by clk)
  Endpoint: prod_reg[31]
            (rising edge-triggered flip-flop clocked by clk)
  Path Group: clk
  Path Type: max

  Des/Clust/Port     Wire Load Model       Library
  ------------------------------------------------
  mult               ZeroWireload          N16ADFP_StdCelltt0p8v25c

  Point                                    Incr       Path
  -----------------------------------------------------------
  clock clk (rise edge)                    0.00       0.00
  clock network delay (ideal)              0.00       0.00
  input external delay                     0.01       0.01 f
  inp_a[1] (in)                            0.00       0.01 f
  U68/Z (CKBD1BWP16P90LVT)                 0.01       0.03 f
  U306/ZN (XNR2D8BWP16P90LVT)              0.02       0.05 r
  U195/ZN (ND2D4BWP16P90LVT)               0.01       0.06 f
  U483/ZN (OAI22D1BWP16P90LVT)             0.01       0.07 r
  U169/S (HA1D1BWP16P90LVT)                0.02       0.09 f
  U165/S (FA1D1BWP16P90LVT)                0.03       0.12 r
  U498/ZN (NR2D1BWP16P90LVT)               0.01       0.12 f
  U84/ZN (OAI21D1BWP16P90LVT)              0.01       0.13 r
  U91/ZN (AOI21D1BWP16P90LVT)              0.01       0.14 f
  U104/ZN (OAI21D1BWP16P90LVT)             0.01       0.15 r
  U99/ZN (AOI21D1BWP16P90LVT)              0.01       0.16 f
  U573/ZN (OAI21D1BWP16P90LVT)             0.01       0.17 r
  U596/ZN (AOI21D1BWP16P90LVT)             0.01       0.18 f
  U607/ZN (OAI21D2BWP16P90LVT)             0.01       0.20 r
  U787/ZN (AOI21D4BWP16P90LVT)             0.01       0.21 f
  U792/ZN (OAI21D8BWP16P90LVT)             0.01       0.21 r
  U902/ZN (AOI21D1BWP16P90LVT)             0.01       0.22 f
  U910/Z (XOR2D1BWP16P90LVT)               0.01       0.24 r
  prod_reg[31]/D (DFCNQD2BWP16P90LVT)      0.00       0.24 r
  data arrival time                                   0.24

  clock clk (rise edge)                    0.25       0.25
  clock network delay (ideal)              0.00       0.25
  clock uncertainty                       -0.01       0.24
  prod_reg[31]/CP (DFCNQD2BWP16P90LVT)     0.00       0.24 r
  library setup time                      -0.01       0.24
  data required time                                  0.24
  -----------------------------------------------------------
  data required time                                  0.24
  data arrival time                                  -0.24
  -----------------------------------------------------------
  slack (MET)                                         0.00


  Startpoint: inp_a[11] (input port clocked by clk)
  Endpoint: prod_reg[28]
            (rising edge-triggered flip-flop clocked by clk)
  Path Group: clk
  Path Type: max

  Des/Clust/Port     Wire Load Model       Library
  ------------------------------------------------
  mult               ZeroWireload          N16ADFP_StdCelltt0p8v25c

  Point                                    Incr       Path
  -----------------------------------------------------------
  clock clk (rise edge)                    0.00       0.00
  clock network delay (ideal)              0.00       0.00
  input external delay                     0.01       0.01 r
  inp_a[11] (in)                           0.01       0.02 r
  U73/Z (XOR2D1BWP16P90LVT)                0.02       0.03 f
  U55/ZN (INVD1BWP16P90LVT)                0.02       0.05 r
  U349/ZN (OAI22D1BWP16P90LVT)             0.02       0.07 f
  U454/S (FA1D1BWP16P90LVT)                0.03       0.11 r
  U473/S (FA1D1BWP16P90LVT)                0.03       0.14 f
  U597/S (FA1D1BWP16P90LVT)                0.03       0.17 r
  U40/ZN (INVD1BWP16P90LVT)                0.01       0.17 f
  U146/ZN (IND2D2BWP16P90LVT)              0.01       0.18 r
  U35/ZN (CKND2D1BWP16P90LVT)              0.01       0.18 f
  U607/ZN (OAI21D2BWP16P90LVT)             0.01       0.20 r
  U787/ZN (AOI21D4BWP16P90LVT)             0.01       0.21 f
  U792/ZN (OAI21D8BWP16P90LVT)             0.01       0.21 r
  U806/ZN (AOI21D1BWP16P90LVT)             0.01       0.22 f
  U820/Z (XOR2D1BWP16P90LVT)               0.01       0.24 r
  prod_reg[28]/D (DFCNQD1BWP16P90LVT)      0.00       0.24 r
  data arrival time                                   0.24

  clock clk (rise edge)                    0.25       0.25
  clock network delay (ideal)              0.00       0.25
  clock uncertainty                       -0.01       0.24
  prod_reg[28]/CP (DFCNQD1BWP16P90LVT)     0.00       0.24 r
  library setup time                      -0.01       0.24
  data required time                                  0.24
  -----------------------------------------------------------
  data required time                                  0.24
  data arrival time                                  -0.24
  -----------------------------------------------------------
  slack (MET)                                         0.00


  Startpoint: inp_a[13] (input port clocked by clk)
  Endpoint: prod_reg[28]
            (rising edge-triggered flip-flop clocked by clk)
  Path Group: clk
  Path Type: max

  Des/Clust/Port     Wire Load Model       Library
  ------------------------------------------------
  mult               ZeroWireload          N16ADFP_StdCelltt0p8v25c

  Point                                    Incr       Path
  -----------------------------------------------------------
  clock clk (rise edge)                    0.00       0.00
  clock network delay (ideal)              0.00       0.00
  input external delay                     0.01       0.01 r
  inp_a[13] (in)                           0.00       0.01 r
  U177/ZN (CKND2BWP16P90LVT)               0.01       0.02 f
  U65/ZN (CKND2BWP16P90LVT)                0.01       0.03 r
  U208/Z (XOR2D2BWP16P90LVT)               0.02       0.04 f
  U209/ZN (CKND2BWP16P90LVT)               0.01       0.05 r
  U196/ZN (ND2D2BWP16P90LVT)               0.01       0.06 f
  U409/ZN (OAI22D1BWP16P90LVT)             0.01       0.08 r
  U446/S (FA1D1BWP16P90LVT)                0.03       0.11 f
  U444/S (FA1D1BWP16P90LVT)                0.03       0.14 r
  U278/ZN (CKND2BWP16P90LVT)               0.01       0.15 f
  U277/ZN (XNR3D4BWP16P90LVT)              0.03       0.18 r
  U276/ZN (CKNR2D4BWP16P90LVT)             0.00       0.18 f
  U39/ZN (NR2D1BWP16P90LVT)                0.01       0.19 r
  U789/ZN (ND2D2BWP16P90LVT)               0.01       0.21 f
  U792/ZN (OAI21D8BWP16P90LVT)             0.01       0.21 r
  U806/ZN (AOI21D1BWP16P90LVT)             0.01       0.22 f
  U820/Z (XOR2D1BWP16P90LVT)               0.01       0.24 r
  prod_reg[28]/D (DFCNQD1BWP16P90LVT)      0.00       0.24 r
  data arrival time                                   0.24

  clock clk (rise edge)                    0.25       0.25
  clock network delay (ideal)              0.00       0.25
  clock uncertainty                       -0.01       0.24
  prod_reg[28]/CP (DFCNQD1BWP16P90LVT)     0.00       0.24 r
  library setup time                      -0.01       0.24
  data required time                                  0.24
  -----------------------------------------------------------
  data required time                                  0.24
  data arrival time                                  -0.24
  -----------------------------------------------------------
  slack (MET)                                         0.00


  Startpoint: inp_a[9] (input port clocked by clk)
  Endpoint: prod_reg[28]
            (rising edge-triggered flip-flop clocked by clk)
  Path Group: clk
  Path Type: max

  Des/Clust/Port     Wire Load Model       Library
  ------------------------------------------------
  mult               ZeroWireload          N16ADFP_StdCelltt0p8v25c

  Point                                    Incr       Path
  -----------------------------------------------------------
  clock clk (rise edge)                    0.00       0.00
  clock network delay (ideal)              0.00       0.00
  input external delay                     0.01       0.01 f
  inp_a[9] (in)                            0.00       0.01 f
  U180/ZN (CKND2BWP16P90LVT)               0.01       0.02 r
  U245/ZN (CKND2BWP16P90LVT)               0.01       0.03 f
  U316/ZN (XNR2D8BWP16P90LVT)              0.02       0.04 r
  U211/ZN (CKND8BWP16P90LVT)               0.00       0.05 f
  U212/ZN (INVD4BWP16P90LVT)               0.00       0.05 r
  U199/ZN (ND2D2BWP16P90LVT)               0.01       0.06 f
  U273/ZN (OAI22D4BWP16P90LVT)             0.01       0.07 r
  U271/ZN (XNR3D4BWP16P90LVT)              0.03       0.10 f
  U598/S (FA1D1BWP16P90LVT)                0.03       0.13 r
  U602/S (FA1D1BWP16P90LVT)                0.03       0.16 f
  U257/ZN (NR2D2BWP16P90LVT)               0.01       0.17 r
  U595/ZN (OAI21D1BWP16P90LVT)             0.01       0.18 f
  U596/ZN (AOI21D1BWP16P90LVT)             0.01       0.19 r
  U607/ZN (OAI21D2BWP16P90LVT)             0.01       0.20 f
  U787/ZN (AOI21D4BWP16P90LVT)             0.01       0.21 r
  U792/ZN (OAI21D8BWP16P90LVT)             0.01       0.22 f
  U806/ZN (AOI21D1BWP16P90LVT)             0.01       0.23 r
  U820/Z (XOR2D1BWP16P90LVT)               0.01       0.24 r
  prod_reg[28]/D (DFCNQD1BWP16P90LVT)      0.00       0.24 r
  data arrival time                                   0.24

  clock clk (rise edge)                    0.25       0.25
  clock network delay (ideal)              0.00       0.25
  clock uncertainty                       -0.01       0.24
  prod_reg[28]/CP (DFCNQD1BWP16P90LVT)     0.00       0.24 r
  library setup time                      -0.01       0.24
  data required time                                  0.24
  -----------------------------------------------------------
  data required time                                  0.24
  data arrival time                                  -0.24
  -----------------------------------------------------------
  slack (MET)                                         0.00


  Startpoint: inp_a[13] (input port clocked by clk)
  Endpoint: prod_reg[28]
            (rising edge-triggered flip-flop clocked by clk)
  Path Group: clk
  Path Type: max

  Des/Clust/Port     Wire Load Model       Library
  ------------------------------------------------
  mult               ZeroWireload          N16ADFP_StdCelltt0p8v25c

  Point                                    Incr       Path
  -----------------------------------------------------------
  clock clk (rise edge)                    0.00       0.00
  clock network delay (ideal)              0.00       0.00
  input external delay                     0.01       0.01 r
  inp_a[13] (in)                           0.00       0.01 r
  U177/ZN (CKND2BWP16P90LVT)               0.01       0.02 f
  U65/ZN (CKND2BWP16P90LVT)                0.01       0.03 r
  U208/Z (XOR2D2BWP16P90LVT)               0.02       0.04 f
  U209/ZN (CKND2BWP16P90LVT)               0.01       0.05 r
  U196/ZN (ND2D2BWP16P90LVT)               0.01       0.06 f
  U622/ZN (OAI22D1BWP16P90LVT)             0.01       0.08 r
  U664/S (FA1D1BWP16P90LVT)                0.03       0.11 f
  U683/ZN (ND2D1BWP16P90LVT)               0.01       0.11 r
  U97/ZN (ND3D1BWP16P90LVT)                0.01       0.12 f
  U696/CO (FA1D1BWP16P90LVT)               0.02       0.15 f
  U720/S (FA1D1BWP16P90LVT)                0.03       0.18 r
  U703/ZN (NR2D2BWP16P90LVT)               0.01       0.19 f
  U794/ZN (OAI21D2BWP16P90LVT)             0.01       0.20 r
  U797/ZN (AOI21D4BWP16P90LVT)             0.01       0.21 f
  U805/ZN (OAI21D1BWP16P90LVT)             0.01       0.22 r
  U806/ZN (AOI21D1BWP16P90LVT)             0.01       0.22 f
  U820/Z (XOR2D1BWP16P90LVT)               0.01       0.24 r
  prod_reg[28]/D (DFCNQD1BWP16P90LVT)      0.00       0.24 r
  data arrival time                                   0.24

  clock clk (rise edge)                    0.25       0.25
  clock network delay (ideal)              0.00       0.25
  clock uncertainty                       -0.01       0.24
  prod_reg[28]/CP (DFCNQD1BWP16P90LVT)     0.00       0.24 r
  library setup time                      -0.01       0.24
  data required time                                  0.24
  -----------------------------------------------------------
  data required time                                  0.24
  data arrival time                                  -0.24
  -----------------------------------------------------------
  slack (MET)                                         0.00


  Startpoint: inp_a[13] (input port clocked by clk)
  Endpoint: prod_reg[25]
            (rising edge-triggered flip-flop clocked by clk)
  Path Group: clk
  Path Type: max

  Des/Clust/Port     Wire Load Model       Library
  ------------------------------------------------
  mult               ZeroWireload          N16ADFP_StdCelltt0p8v25c

  Point                                    Incr       Path
  -----------------------------------------------------------
  clock clk (rise edge)                    0.00       0.00
  clock network delay (ideal)              0.00       0.00
  input external delay                     0.01       0.01 r
  inp_a[13] (in)                           0.00       0.01 r
  U177/ZN (CKND2BWP16P90LVT)               0.01       0.02 f
  U65/ZN (CKND2BWP16P90LVT)                0.01       0.03 r
  U208/Z (XOR2D2BWP16P90LVT)               0.02       0.04 f
  U209/ZN (CKND2BWP16P90LVT)               0.01       0.05 r
  U197/ZN (ND2D1BWP16P90LVT)               0.01       0.06 f
  U370/ZN (OAI22D1BWP16P90LVT)             0.01       0.08 r
  U377/S (FA1D1BWP16P90LVT)                0.03       0.11 f
  U274/ZN (ND2D1BWP16P90LVT)               0.01       0.11 r
  U379/ZN (ND3D1BWP16P90LVT)               0.01       0.12 f
  U410/CO (FA1D1BWP16P90LVT)               0.02       0.15 f
  U277/ZN (XNR3D4BWP16P90LVT)              0.03       0.18 r
  U276/ZN (CKNR2D4BWP16P90LVT)             0.00       0.18 f
  U39/ZN (NR2D1BWP16P90LVT)                0.01       0.19 r
  U789/ZN (ND2D2BWP16P90LVT)               0.01       0.21 f
  U792/ZN (OAI21D8BWP16P90LVT)             0.01       0.21 r
  U834/ZN (AOI21D1BWP16P90LVT)             0.01       0.22 f
  U837/Z (XOR2D1BWP16P90LVT)               0.01       0.24 r
  prod_reg[25]/D (DFCNQD2BWP16P90LVT)      0.00       0.24 r
  data arrival time                                   0.24

  clock clk (rise edge)                    0.25       0.25
  clock network delay (ideal)              0.00       0.25
  clock uncertainty                       -0.01       0.24
  prod_reg[25]/CP (DFCNQD2BWP16P90LVT)     0.00       0.24 r
  library setup time                      -0.01       0.24
  data required time                                  0.24
  -----------------------------------------------------------
  data required time                                  0.24
  data arrival time                                  -0.24
  -----------------------------------------------------------
  slack (MET)                                         0.00


  Startpoint: inp_a[13] (input port clocked by clk)
  Endpoint: prod_reg[30]
            (rising edge-triggered flip-flop clocked by clk)
  Path Group: clk
  Path Type: max

  Des/Clust/Port     Wire Load Model       Library
  ------------------------------------------------
  mult               ZeroWireload          N16ADFP_StdCelltt0p8v25c

  Point                                    Incr       Path
  -----------------------------------------------------------
  clock clk (rise edge)                    0.00       0.00
  clock network delay (ideal)              0.00       0.00
  input external delay                     0.01       0.01 r
  inp_a[13] (in)                           0.00       0.01 r
  U177/ZN (CKND2BWP16P90LVT)               0.01       0.02 f
  U65/ZN (CKND2BWP16P90LVT)                0.01       0.03 r
  U208/Z (XOR2D2BWP16P90LVT)               0.02       0.04 f
  U209/ZN (CKND2BWP16P90LVT)               0.01       0.05 r
  U197/ZN (ND2D1BWP16P90LVT)               0.01       0.06 f
  U370/ZN (OAI22D1BWP16P90LVT)             0.01       0.08 r
  U377/S (FA1D1BWP16P90LVT)                0.03       0.11 f
  U274/ZN (ND2D1BWP16P90LVT)               0.01       0.11 r
  U379/ZN (ND3D1BWP16P90LVT)               0.01       0.12 f
  U410/CO (FA1D1BWP16P90LVT)               0.02       0.15 f
  U277/ZN (XNR3D4BWP16P90LVT)              0.03       0.18 r
  U276/ZN (CKNR2D4BWP16P90LVT)             0.00       0.18 f
  U39/ZN (NR2D1BWP16P90LVT)                0.01       0.19 r
  U789/ZN (ND2D2BWP16P90LVT)               0.01       0.21 f
  U792/ZN (OAI21D8BWP16P90LVT)             0.01       0.21 r
  U868/ZN (AOI21D1BWP16P90LVT)             0.01       0.22 f
  U878/Z (XOR2D1BWP16P90LVT)               0.01       0.24 r
  prod_reg[30]/D (DFCNQD2BWP16P90LVT)      0.00       0.24 r
  data arrival time                                   0.24

  clock clk (rise edge)                    0.25       0.25
  clock network delay (ideal)              0.00       0.25
  clock uncertainty                       -0.01       0.24
  prod_reg[30]/CP (DFCNQD2BWP16P90LVT)     0.00       0.24 r
  library setup time                      -0.01       0.24
  data required time                                  0.24
  -----------------------------------------------------------
  data required time                                  0.24
  data arrival time                                  -0.24
  -----------------------------------------------------------
  slack (MET)                                         0.00


  Startpoint: inp_a[13] (input port clocked by clk)
  Endpoint: prod_reg[27]
            (rising edge-triggered flip-flop clocked by clk)
  Path Group: clk
  Path Type: max

  Des/Clust/Port     Wire Load Model       Library
  ------------------------------------------------
  mult               ZeroWireload          N16ADFP_StdCelltt0p8v25c

  Point                                    Incr       Path
  -----------------------------------------------------------
  clock clk (rise edge)                    0.00       0.00
  clock network delay (ideal)              0.00       0.00
  input external delay                     0.01       0.01 r
  inp_a[13] (in)                           0.00       0.01 r
  U177/ZN (CKND2BWP16P90LVT)               0.01       0.02 f
  U65/ZN (CKND2BWP16P90LVT)                0.01       0.03 r
  U208/Z (XOR2D2BWP16P90LVT)               0.02       0.04 f
  U209/ZN (CKND2BWP16P90LVT)               0.01       0.05 r
  U197/ZN (ND2D1BWP16P90LVT)               0.01       0.06 f
  U370/ZN (OAI22D1BWP16P90LVT)             0.01       0.08 r
  U377/S (FA1D1BWP16P90LVT)                0.03       0.11 f
  U274/ZN (ND2D1BWP16P90LVT)               0.01       0.11 r
  U379/ZN (ND3D1BWP16P90LVT)               0.01       0.12 f
  U410/CO (FA1D1BWP16P90LVT)               0.02       0.15 f
  U277/ZN (XNR3D4BWP16P90LVT)              0.03       0.18 r
  U276/ZN (CKNR2D4BWP16P90LVT)             0.00       0.18 f
  U39/ZN (NR2D1BWP16P90LVT)                0.01       0.19 r
  U789/ZN (ND2D2BWP16P90LVT)               0.01       0.21 f
  U792/ZN (OAI21D8BWP16P90LVT)             0.01       0.21 r
  U848/ZN (AOI21D1BWP16P90LVT)             0.01       0.22 f
  U850/Z (XOR2D1BWP16P90LVT)               0.01       0.24 r
  prod_reg[27]/D (DFCNQD2BWP16P90LVT)      0.00       0.24 r
  data arrival time                                   0.24

  clock clk (rise edge)                    0.25       0.25
  clock network delay (ideal)              0.00       0.25
  clock uncertainty                       -0.01       0.24
  prod_reg[27]/CP (DFCNQD2BWP16P90LVT)     0.00       0.24 r
  library setup time                      -0.01       0.24
  data required time                                  0.24
  -----------------------------------------------------------
  data required time                                  0.24
  data arrival time                                  -0.24
  -----------------------------------------------------------
  slack (MET)                                         0.00


  Startpoint: inp_a[13] (input port clocked by clk)
  Endpoint: prod_reg[26]
            (rising edge-triggered flip-flop clocked by clk)
  Path Group: clk
  Path Type: max

  Des/Clust/Port     Wire Load Model       Library
  ------------------------------------------------
  mult               ZeroWireload          N16ADFP_StdCelltt0p8v25c

  Point                                    Incr       Path
  -----------------------------------------------------------
  clock clk (rise edge)                    0.00       0.00
  clock network delay (ideal)              0.00       0.00
  input external delay                     0.01       0.01 r
  inp_a[13] (in)                           0.00       0.01 r
  U177/ZN (CKND2BWP16P90LVT)               0.01       0.02 f
  U65/ZN (CKND2BWP16P90LVT)                0.01       0.03 r
  U208/Z (XOR2D2BWP16P90LVT)               0.02       0.04 f
  U209/ZN (CKND2BWP16P90LVT)               0.01       0.05 r
  U197/ZN (ND2D1BWP16P90LVT)               0.01       0.06 f
  U370/ZN (OAI22D1BWP16P90LVT)             0.01       0.08 r
  U377/S (FA1D1BWP16P90LVT)                0.03       0.11 f
  U274/ZN (ND2D1BWP16P90LVT)               0.01       0.11 r
  U379/ZN (ND3D1BWP16P90LVT)               0.01       0.12 f
  U410/CO (FA1D1BWP16P90LVT)               0.02       0.15 f
  U277/ZN (XNR3D4BWP16P90LVT)              0.03       0.18 r
  U276/ZN (CKNR2D4BWP16P90LVT)             0.00       0.18 f
  U39/ZN (NR2D1BWP16P90LVT)                0.01       0.19 r
  U789/ZN (ND2D2BWP16P90LVT)               0.01       0.21 f
  U792/ZN (OAI21D8BWP16P90LVT)             0.01       0.21 r
  U883/ZN (AOI21D1BWP16P90LVT)             0.01       0.22 f
  U885/Z (XOR2D1BWP16P90LVT)               0.01       0.24 r
  prod_reg[26]/D (DFCNQD2BWP16P90LVT)      0.00       0.24 r
  data arrival time                                   0.24

  clock clk (rise edge)                    0.25       0.25
  clock network delay (ideal)              0.00       0.25
  clock uncertainty                       -0.01       0.24
  prod_reg[26]/CP (DFCNQD2BWP16P90LVT)     0.00       0.24 r
  library setup time                      -0.01       0.24
  data required time                                  0.24
  -----------------------------------------------------------
  data required time                                  0.24
  data arrival time                                  -0.24
  -----------------------------------------------------------
  slack (MET)                                         0.00


  Startpoint: inp_a[13] (input port clocked by clk)
  Endpoint: prod_reg[29]
            (rising edge-triggered flip-flop clocked by clk)
  Path Group: clk
  Path Type: max

  Des/Clust/Port     Wire Load Model       Library
  ------------------------------------------------
  mult               ZeroWireload          N16ADFP_StdCelltt0p8v25c

  Point                                    Incr       Path
  -----------------------------------------------------------
  clock clk (rise edge)                    0.00       0.00
  clock network delay (ideal)              0.00       0.00
  input external delay                     0.01       0.01 r
  inp_a[13] (in)                           0.00       0.01 r
  U177/ZN (CKND2BWP16P90LVT)               0.01       0.02 f
  U65/ZN (CKND2BWP16P90LVT)                0.01       0.03 r
  U208/Z (XOR2D2BWP16P90LVT)               0.02       0.04 f
  U209/ZN (CKND2BWP16P90LVT)               0.01       0.05 r
  U197/ZN (ND2D1BWP16P90LVT)               0.01       0.06 f
  U370/ZN (OAI22D1BWP16P90LVT)             0.01       0.08 r
  U377/S (FA1D1BWP16P90LVT)                0.03       0.11 f
  U274/ZN (ND2D1BWP16P90LVT)               0.01       0.11 r
  U379/ZN (ND3D1BWP16P90LVT)               0.01       0.12 f
  U410/CO (FA1D1BWP16P90LVT)               0.02       0.15 f
  U277/ZN (XNR3D4BWP16P90LVT)              0.03       0.18 r
  U276/ZN (CKNR2D4BWP16P90LVT)             0.00       0.18 f
  U39/ZN (NR2D1BWP16P90LVT)                0.01       0.19 r
  U789/ZN (ND2D2BWP16P90LVT)               0.01       0.21 f
  U792/ZN (OAI21D8BWP16P90LVT)             0.01       0.21 r
  U891/ZN (AOI21D1BWP16P90LVT)             0.01       0.22 f
  U894/Z (XOR2D1BWP16P90LVT)               0.01       0.24 r
  prod_reg[29]/D (DFCNQD2BWP16P90LVT)      0.00       0.24 r
  data arrival time                                   0.24

  clock clk (rise edge)                    0.25       0.25
  clock network delay (ideal)              0.00       0.25
  clock uncertainty                       -0.01       0.24
  prod_reg[29]/CP (DFCNQD2BWP16P90LVT)     0.00       0.24 r
  library setup time                      -0.01       0.24
  data required time                                  0.24
  -----------------------------------------------------------
  data required time                                  0.24
  data arrival time                                  -0.24
  -----------------------------------------------------------
  slack (MET)                                         0.00


  Startpoint: inp_a[13] (input port clocked by clk)
  Endpoint: prod_reg[31]
            (rising edge-triggered flip-flop clocked by clk)
  Path Group: clk
  Path Type: max

  Des/Clust/Port     Wire Load Model       Library
  ------------------------------------------------
  mult               ZeroWireload          N16ADFP_StdCelltt0p8v25c

  Point                                    Incr       Path
  -----------------------------------------------------------
  clock clk (rise edge)                    0.00       0.00
  clock network delay (ideal)              0.00       0.00
  input external delay                     0.01       0.01 r
  inp_a[13] (in)                           0.00       0.01 r
  U177/ZN (CKND2BWP16P90LVT)               0.01       0.02 f
  U65/ZN (CKND2BWP16P90LVT)                0.01       0.03 r
  U208/Z (XOR2D2BWP16P90LVT)               0.02       0.04 f
  U209/ZN (CKND2BWP16P90LVT)               0.01       0.05 r
  U197/ZN (ND2D1BWP16P90LVT)               0.01       0.06 f
  U370/ZN (OAI22D1BWP16P90LVT)             0.01       0.08 r
  U377/S (FA1D1BWP16P90LVT)                0.03       0.11 f
  U274/ZN (ND2D1BWP16P90LVT)               0.01       0.11 r
  U379/ZN (ND3D1BWP16P90LVT)               0.01       0.12 f
  U410/CO (FA1D1BWP16P90LVT)               0.02       0.15 f
  U277/ZN (XNR3D4BWP16P90LVT)              0.03       0.18 r
  U276/ZN (CKNR2D4BWP16P90LVT)             0.00       0.18 f
  U39/ZN (NR2D1BWP16P90LVT)                0.01       0.19 r
  U789/ZN (ND2D2BWP16P90LVT)               0.01       0.21 f
  U792/ZN (OAI21D8BWP16P90LVT)             0.01       0.21 r
  U902/ZN (AOI21D1BWP16P90LVT)             0.01       0.22 f
  U910/Z (XOR2D1BWP16P90LVT)               0.01       0.24 r
  prod_reg[31]/D (DFCNQD2BWP16P90LVT)      0.00       0.24 r
  data arrival time                                   0.24

  clock clk (rise edge)                    0.25       0.25
  clock network delay (ideal)              0.00       0.25
  clock uncertainty                       -0.01       0.24
  prod_reg[31]/CP (DFCNQD2BWP16P90LVT)     0.00       0.24 r
  library setup time                      -0.01       0.24
  data required time                                  0.24
  -----------------------------------------------------------
  data required time                                  0.24
  data arrival time                                  -0.24
  -----------------------------------------------------------
  slack (MET)                                         0.00


  Startpoint: inp_a[9] (input port clocked by clk)
  Endpoint: prod_reg[25]
            (rising edge-triggered flip-flop clocked by clk)
  Path Group: clk
  Path Type: max

  Des/Clust/Port     Wire Load Model       Library
  ------------------------------------------------
  mult               ZeroWireload          N16ADFP_StdCelltt0p8v25c

  Point                                    Incr       Path
  -----------------------------------------------------------
  clock clk (rise edge)                    0.00       0.00
  clock network delay (ideal)              0.00       0.00
  input external delay                     0.01       0.01 f
  inp_a[9] (in)                            0.00       0.01 f
  U180/ZN (CKND2BWP16P90LVT)               0.01       0.02 r
  U245/ZN (CKND2BWP16P90LVT)               0.01       0.03 f
  U316/ZN (XNR2D8BWP16P90LVT)              0.02       0.04 r
  U211/ZN (CKND8BWP16P90LVT)               0.00       0.05 f
  U212/ZN (INVD4BWP16P90LVT)               0.00       0.05 r
  U199/ZN (ND2D2BWP16P90LVT)               0.01       0.06 f
  U273/ZN (OAI22D4BWP16P90LVT)             0.01       0.07 r
  U271/ZN (XNR3D4BWP16P90LVT)              0.03       0.10 r
  U598/S (FA1D1BWP16P90LVT)                0.03       0.13 f
  U602/S (FA1D1BWP16P90LVT)                0.03       0.16 r
  U257/ZN (NR2D2BWP16P90LVT)               0.01       0.17 f
  U592/ZN (NR2D1BWP16P90LVT)               0.01       0.17 r
  U596/ZN (AOI21D1BWP16P90LVT)             0.01       0.18 f
  U607/ZN (OAI21D2BWP16P90LVT)             0.01       0.20 r
  U787/ZN (AOI21D4BWP16P90LVT)             0.01       0.21 f
  U792/ZN (OAI21D8BWP16P90LVT)             0.01       0.21 r
  U834/ZN (AOI21D1BWP16P90LVT)             0.01       0.22 f
  U837/Z (XOR2D1BWP16P90LVT)               0.01       0.24 r
  prod_reg[25]/D (DFCNQD2BWP16P90LVT)      0.00       0.24 r
  data arrival time                                   0.24

  clock clk (rise edge)                    0.25       0.25
  clock network delay (ideal)              0.00       0.25
  clock uncertainty                       -0.01       0.24
  prod_reg[25]/CP (DFCNQD2BWP16P90LVT)     0.00       0.24 r
  library setup time                      -0.01       0.24
  data required time                                  0.24
  -----------------------------------------------------------
  data required time                                  0.24
  data arrival time                                  -0.24
  -----------------------------------------------------------
  slack (MET)                                         0.00


  Startpoint: inp_a[9] (input port clocked by clk)
  Endpoint: prod_reg[30]
            (rising edge-triggered flip-flop clocked by clk)
  Path Group: clk
  Path Type: max

  Des/Clust/Port     Wire Load Model       Library
  ------------------------------------------------
  mult               ZeroWireload          N16ADFP_StdCelltt0p8v25c

  Point                                    Incr       Path
  -----------------------------------------------------------
  clock clk (rise edge)                    0.00       0.00
  clock network delay (ideal)              0.00       0.00
  input external delay                     0.01       0.01 f
  inp_a[9] (in)                            0.00       0.01 f
  U180/ZN (CKND2BWP16P90LVT)               0.01       0.02 r
  U245/ZN (CKND2BWP16P90LVT)               0.01       0.03 f
  U316/ZN (XNR2D8BWP16P90LVT)              0.02       0.04 r
  U211/ZN (CKND8BWP16P90LVT)               0.00       0.05 f
  U212/ZN (INVD4BWP16P90LVT)               0.00       0.05 r
  U199/ZN (ND2D2BWP16P90LVT)               0.01       0.06 f
  U273/ZN (OAI22D4BWP16P90LVT)             0.01       0.07 r
  U271/ZN (XNR3D4BWP16P90LVT)              0.03       0.10 r
  U598/S (FA1D1BWP16P90LVT)                0.03       0.13 f
  U602/S (FA1D1BWP16P90LVT)                0.03       0.16 r
  U257/ZN (NR2D2BWP16P90LVT)               0.01       0.17 f
  U592/ZN (NR2D1BWP16P90LVT)               0.01       0.17 r
  U596/ZN (AOI21D1BWP16P90LVT)             0.01       0.18 f
  U607/ZN (OAI21D2BWP16P90LVT)             0.01       0.20 r
  U787/ZN (AOI21D4BWP16P90LVT)             0.01       0.21 f
  U792/ZN (OAI21D8BWP16P90LVT)             0.01       0.21 r
  U868/ZN (AOI21D1BWP16P90LVT)             0.01       0.22 f
  U878/Z (XOR2D1BWP16P90LVT)               0.01       0.24 r
  prod_reg[30]/D (DFCNQD2BWP16P90LVT)      0.00       0.24 r
  data arrival time                                   0.24

  clock clk (rise edge)                    0.25       0.25
  clock network delay (ideal)              0.00       0.25
  clock uncertainty                       -0.01       0.24
  prod_reg[30]/CP (DFCNQD2BWP16P90LVT)     0.00       0.24 r
  library setup time                      -0.01       0.24
  data required time                                  0.24
  -----------------------------------------------------------
  data required time                                  0.24
  data arrival time                                  -0.24
  -----------------------------------------------------------
  slack (MET)                                         0.00


  Startpoint: inp_a[9] (input port clocked by clk)
  Endpoint: prod_reg[27]
            (rising edge-triggered flip-flop clocked by clk)
  Path Group: clk
  Path Type: max

  Des/Clust/Port     Wire Load Model       Library
  ------------------------------------------------
  mult               ZeroWireload          N16ADFP_StdCelltt0p8v25c

  Point                                    Incr       Path
  -----------------------------------------------------------
  clock clk (rise edge)                    0.00       0.00
  clock network delay (ideal)              0.00       0.00
  input external delay                     0.01       0.01 f
  inp_a[9] (in)                            0.00       0.01 f
  U180/ZN (CKND2BWP16P90LVT)               0.01       0.02 r
  U245/ZN (CKND2BWP16P90LVT)               0.01       0.03 f
  U316/ZN (XNR2D8BWP16P90LVT)              0.02       0.04 r
  U211/ZN (CKND8BWP16P90LVT)               0.00       0.05 f
  U212/ZN (INVD4BWP16P90LVT)               0.00       0.05 r
  U199/ZN (ND2D2BWP16P90LVT)               0.01       0.06 f
  U273/ZN (OAI22D4BWP16P90LVT)             0.01       0.07 r
  U271/ZN (XNR3D4BWP16P90LVT)              0.03       0.10 r
  U598/S (FA1D1BWP16P90LVT)                0.03       0.13 f
  U602/S (FA1D1BWP16P90LVT)                0.03       0.16 r
  U257/ZN (NR2D2BWP16P90LVT)               0.01       0.17 f
  U592/ZN (NR2D1BWP16P90LVT)               0.01       0.17 r
  U596/ZN (AOI21D1BWP16P90LVT)             0.01       0.18 f
  U607/ZN (OAI21D2BWP16P90LVT)             0.01       0.20 r
  U787/ZN (AOI21D4BWP16P90LVT)             0.01       0.21 f
  U792/ZN (OAI21D8BWP16P90LVT)             0.01       0.21 r
  U848/ZN (AOI21D1BWP16P90LVT)             0.01       0.22 f
  U850/Z (XOR2D1BWP16P90LVT)               0.01       0.24 r
  prod_reg[27]/D (DFCNQD2BWP16P90LVT)      0.00       0.24 r
  data arrival time                                   0.24

  clock clk (rise edge)                    0.25       0.25
  clock network delay (ideal)              0.00       0.25
  clock uncertainty                       -0.01       0.24
  prod_reg[27]/CP (DFCNQD2BWP16P90LVT)     0.00       0.24 r
  library setup time                      -0.01       0.24
  data required time                                  0.24
  -----------------------------------------------------------
  data required time                                  0.24
  data arrival time                                  -0.24
  -----------------------------------------------------------
  slack (MET)                                         0.00


  Startpoint: inp_a[9] (input port clocked by clk)
  Endpoint: prod_reg[26]
            (rising edge-triggered flip-flop clocked by clk)
  Path Group: clk
  Path Type: max

  Des/Clust/Port     Wire Load Model       Library
  ------------------------------------------------
  mult               ZeroWireload          N16ADFP_StdCelltt0p8v25c

  Point                                    Incr       Path
  -----------------------------------------------------------
  clock clk (rise edge)                    0.00       0.00
  clock network delay (ideal)              0.00       0.00
  input external delay                     0.01       0.01 f
  inp_a[9] (in)                            0.00       0.01 f
  U180/ZN (CKND2BWP16P90LVT)               0.01       0.02 r
  U245/ZN (CKND2BWP16P90LVT)               0.01       0.03 f
  U316/ZN (XNR2D8BWP16P90LVT)              0.02       0.04 r
  U211/ZN (CKND8BWP16P90LVT)               0.00       0.05 f
  U212/ZN (INVD4BWP16P90LVT)               0.00       0.05 r
  U199/ZN (ND2D2BWP16P90LVT)               0.01       0.06 f
  U273/ZN (OAI22D4BWP16P90LVT)             0.01       0.07 r
  U271/ZN (XNR3D4BWP16P90LVT)              0.03       0.10 r
  U598/S (FA1D1BWP16P90LVT)                0.03       0.13 f
  U602/S (FA1D1BWP16P90LVT)                0.03       0.16 r
  U257/ZN (NR2D2BWP16P90LVT)               0.01       0.17 f
  U592/ZN (NR2D1BWP16P90LVT)               0.01       0.17 r
  U596/ZN (AOI21D1BWP16P90LVT)             0.01       0.18 f
  U607/ZN (OAI21D2BWP16P90LVT)             0.01       0.20 r
  U787/ZN (AOI21D4BWP16P90LVT)             0.01       0.21 f
  U792/ZN (OAI21D8BWP16P90LVT)             0.01       0.21 r
  U883/ZN (AOI21D1BWP16P90LVT)             0.01       0.22 f
  U885/Z (XOR2D1BWP16P90LVT)               0.01       0.24 r
  prod_reg[26]/D (DFCNQD2BWP16P90LVT)      0.00       0.24 r
  data arrival time                                   0.24

  clock clk (rise edge)                    0.25       0.25
  clock network delay (ideal)              0.00       0.25
  clock uncertainty                       -0.01       0.24
  prod_reg[26]/CP (DFCNQD2BWP16P90LVT)     0.00       0.24 r
  library setup time                      -0.01       0.24
  data required time                                  0.24
  -----------------------------------------------------------
  data required time                                  0.24
  data arrival time                                  -0.24
  -----------------------------------------------------------
  slack (MET)                                         0.00


  Startpoint: inp_a[9] (input port clocked by clk)
  Endpoint: prod_reg[29]
            (rising edge-triggered flip-flop clocked by clk)
  Path Group: clk
  Path Type: max

  Des/Clust/Port     Wire Load Model       Library
  ------------------------------------------------
  mult               ZeroWireload          N16ADFP_StdCelltt0p8v25c

  Point                                    Incr       Path
  -----------------------------------------------------------
  clock clk (rise edge)                    0.00       0.00
  clock network delay (ideal)              0.00       0.00
  input external delay                     0.01       0.01 f
  inp_a[9] (in)                            0.00       0.01 f
  U180/ZN (CKND2BWP16P90LVT)               0.01       0.02 r
  U245/ZN (CKND2BWP16P90LVT)               0.01       0.03 f
  U316/ZN (XNR2D8BWP16P90LVT)              0.02       0.04 r
  U211/ZN (CKND8BWP16P90LVT)               0.00       0.05 f
  U212/ZN (INVD4BWP16P90LVT)               0.00       0.05 r
  U199/ZN (ND2D2BWP16P90LVT)               0.01       0.06 f
  U273/ZN (OAI22D4BWP16P90LVT)             0.01       0.07 r
  U271/ZN (XNR3D4BWP16P90LVT)              0.03       0.10 r
  U598/S (FA1D1BWP16P90LVT)                0.03       0.13 f
  U602/S (FA1D1BWP16P90LVT)                0.03       0.16 r
  U257/ZN (NR2D2BWP16P90LVT)               0.01       0.17 f
  U592/ZN (NR2D1BWP16P90LVT)               0.01       0.17 r
  U596/ZN (AOI21D1BWP16P90LVT)             0.01       0.18 f
  U607/ZN (OAI21D2BWP16P90LVT)             0.01       0.20 r
  U787/ZN (AOI21D4BWP16P90LVT)             0.01       0.21 f
  U792/ZN (OAI21D8BWP16P90LVT)             0.01       0.21 r
  U891/ZN (AOI21D1BWP16P90LVT)             0.01       0.22 f
  U894/Z (XOR2D1BWP16P90LVT)               0.01       0.24 r
  prod_reg[29]/D (DFCNQD2BWP16P90LVT)      0.00       0.24 r
  data arrival time                                   0.24

  clock clk (rise edge)                    0.25       0.25
  clock network delay (ideal)              0.00       0.25
  clock uncertainty                       -0.01       0.24
  prod_reg[29]/CP (DFCNQD2BWP16P90LVT)     0.00       0.24 r
  library setup time                      -0.01       0.24
  data required time                                  0.24
  -----------------------------------------------------------
  data required time                                  0.24
  data arrival time                                  -0.24
  -----------------------------------------------------------
  slack (MET)                                         0.00


  Startpoint: inp_a[9] (input port clocked by clk)
  Endpoint: prod_reg[31]
            (rising edge-triggered flip-flop clocked by clk)
  Path Group: clk
  Path Type: max

  Des/Clust/Port     Wire Load Model       Library
  ------------------------------------------------
  mult               ZeroWireload          N16ADFP_StdCelltt0p8v25c

  Point                                    Incr       Path
  -----------------------------------------------------------
  clock clk (rise edge)                    0.00       0.00
  clock network delay (ideal)              0.00       0.00
  input external delay                     0.01       0.01 f
  inp_a[9] (in)                            0.00       0.01 f
  U180/ZN (CKND2BWP16P90LVT)               0.01       0.02 r
  U245/ZN (CKND2BWP16P90LVT)               0.01       0.03 f
  U316/ZN (XNR2D8BWP16P90LVT)              0.02       0.04 r
  U211/ZN (CKND8BWP16P90LVT)               0.00       0.05 f
  U212/ZN (INVD4BWP16P90LVT)               0.00       0.05 r
  U199/ZN (ND2D2BWP16P90LVT)               0.01       0.06 f
  U273/ZN (OAI22D4BWP16P90LVT)             0.01       0.07 r
  U271/ZN (XNR3D4BWP16P90LVT)              0.03       0.10 r
  U598/S (FA1D1BWP16P90LVT)                0.03       0.13 f
  U602/S (FA1D1BWP16P90LVT)                0.03       0.16 r
  U257/ZN (NR2D2BWP16P90LVT)               0.01       0.17 f
  U592/ZN (NR2D1BWP16P90LVT)               0.01       0.17 r
  U596/ZN (AOI21D1BWP16P90LVT)             0.01       0.18 f
  U607/ZN (OAI21D2BWP16P90LVT)             0.01       0.20 r
  U787/ZN (AOI21D4BWP16P90LVT)             0.01       0.21 f
  U792/ZN (OAI21D8BWP16P90LVT)             0.01       0.21 r
  U902/ZN (AOI21D1BWP16P90LVT)             0.01       0.22 f
  U910/Z (XOR2D1BWP16P90LVT)               0.01       0.24 r
  prod_reg[31]/D (DFCNQD2BWP16P90LVT)      0.00       0.24 r
  data arrival time                                   0.24

  clock clk (rise edge)                    0.25       0.25
  clock network delay (ideal)              0.00       0.25
  clock uncertainty                       -0.01       0.24
  prod_reg[31]/CP (DFCNQD2BWP16P90LVT)     0.00       0.24 r
  library setup time                      -0.01       0.24
  data required time                                  0.24
  -----------------------------------------------------------
  data required time                                  0.24
  data arrival time                                  -0.24
  -----------------------------------------------------------
  slack (MET)                                         0.00


  Startpoint: inp_a[13] (input port clocked by clk)
  Endpoint: prod_reg[30]
            (rising edge-triggered flip-flop clocked by clk)
  Path Group: clk
  Path Type: max

  Des/Clust/Port     Wire Load Model       Library
  ------------------------------------------------
  mult               ZeroWireload          N16ADFP_StdCelltt0p8v25c

  Point                                    Incr       Path
  -----------------------------------------------------------
  clock clk (rise edge)                    0.00       0.00
  clock network delay (ideal)              0.00       0.00
  input external delay                     0.01       0.01 f
  inp_a[13] (in)                           0.00       0.01 f
  U177/ZN (CKND2BWP16P90LVT)               0.01       0.02 r
  U65/ZN (CKND2BWP16P90LVT)                0.01       0.03 f
  U208/Z (XOR2D2BWP16P90LVT)               0.02       0.04 r
  U209/ZN (CKND2BWP16P90LVT)               0.01       0.05 f
  U197/ZN (ND2D1BWP16P90LVT)               0.01       0.06 r
  U759/ZN (OAI22D1BWP16P90LVT)             0.01       0.07 f
  U774/S (FA1D1BWP16P90LVT)                0.03       0.11 r
  U770/S (FA1D1BWP16P90LVT)                0.03       0.14 f
  U763/S (FA1D1BWP16P90LVT)                0.03       0.17 r
  U41/ZN (NR2D1BWP16P90LVT)                0.01       0.18 f
  U102/ZN (NR2D2BWP16P90LVT)               0.01       0.19 r
  U785/ZN (ND2D1BWP16P90LVT)               0.01       0.20 f
  U851/ZN (INVD1BWP16P90LVT)               0.01       0.20 r
  U861/ZN (ND2D1BWP16P90LVT)               0.01       0.21 f
  U862/ZN (NR2D1BWP16P90LVT)               0.01       0.22 r
  U868/ZN (AOI21D1BWP16P90LVT)             0.01       0.22 f
  U878/Z (XOR2D1BWP16P90LVT)               0.01       0.24 r
  prod_reg[30]/D (DFCNQD2BWP16P90LVT)      0.00       0.24 r
  data arrival time                                   0.24

  clock clk (rise edge)                    0.25       0.25
  clock network delay (ideal)              0.00       0.25
  clock uncertainty                       -0.01       0.24
  prod_reg[30]/CP (DFCNQD2BWP16P90LVT)     0.00       0.24 r
  library setup time                      -0.01       0.24
  data required time                                  0.24
  -----------------------------------------------------------
  data required time                                  0.24
  data arrival time                                  -0.24
  -----------------------------------------------------------
  slack (MET)                                         0.00


  Startpoint: inp_a[13] (input port clocked by clk)
  Endpoint: prod_reg[28]
            (rising edge-triggered flip-flop clocked by clk)
  Path Group: clk
  Path Type: max

  Des/Clust/Port     Wire Load Model       Library
  ------------------------------------------------
  mult               ZeroWireload          N16ADFP_StdCelltt0p8v25c

  Point                                    Incr       Path
  -----------------------------------------------------------
  clock clk (rise edge)                    0.00       0.00
  clock network delay (ideal)              0.00       0.00
  input external delay                     0.01       0.01 r
  inp_a[13] (in)                           0.00       0.01 r
  U177/ZN (CKND2BWP16P90LVT)               0.01       0.02 f
  U65/ZN (CKND2BWP16P90LVT)                0.01       0.03 r
  U208/Z (XOR2D2BWP16P90LVT)               0.02       0.04 f
  U209/ZN (CKND2BWP16P90LVT)               0.01       0.05 r
  U196/ZN (ND2D2BWP16P90LVT)               0.01       0.06 f
  U622/ZN (OAI22D1BWP16P90LVT)             0.01       0.08 r
  U664/S (FA1D1BWP16P90LVT)                0.03       0.11 f
  U683/ZN (ND2D1BWP16P90LVT)               0.01       0.11 r
  U97/ZN (ND3D1BWP16P90LVT)                0.01       0.12 f
  U696/CO (FA1D1BWP16P90LVT)               0.02       0.15 f
  U720/S (FA1D1BWP16P90LVT)                0.03       0.18 r
  U703/ZN (NR2D2BWP16P90LVT)               0.01       0.19 f
  U794/ZN (OAI21D2BWP16P90LVT)             0.01       0.20 r
  U797/ZN (AOI21D4BWP16P90LVT)             0.01       0.21 f
  U805/ZN (OAI21D1BWP16P90LVT)             0.01       0.22 r
  U806/ZN (AOI21D1BWP16P90LVT)             0.01       0.22 f
  U820/Z (XOR2D1BWP16P90LVT)               0.01       0.24 r
  prod_reg[28]/D (DFCNQD1BWP16P90LVT)      0.00       0.24 r
  data arrival time                                   0.24

  clock clk (rise edge)                    0.25       0.25
  clock network delay (ideal)              0.00       0.25
  clock uncertainty                       -0.01       0.24
  prod_reg[28]/CP (DFCNQD1BWP16P90LVT)     0.00       0.24 r
  library setup time                      -0.01       0.24
  data required time                                  0.24
  -----------------------------------------------------------
  data required time                                  0.24
  data arrival time                                  -0.24
  -----------------------------------------------------------
  slack (MET)                                         0.00


  Startpoint: inp_a[15] (input port clocked by clk)
  Endpoint: prod_reg[30]
            (rising edge-triggered flip-flop clocked by clk)
  Path Group: clk
  Path Type: max

  Des/Clust/Port     Wire Load Model       Library
  ------------------------------------------------
  mult               ZeroWireload          N16ADFP_StdCelltt0p8v25c

  Point                                    Incr       Path
  -----------------------------------------------------------
  clock clk (rise edge)                    0.00       0.00
  clock network delay (ideal)              0.00       0.00
  input external delay                     0.01       0.01 r
  inp_a[15] (in)                           0.00       0.01 r
  U88/ZN (INVD1BWP16P90LVT)                0.01       0.03 f
  U60/ZN (CKND2BWP16P90LVT)                0.01       0.04 r
  U87/ZN (CKND2BWP16P90LVT)                0.01       0.05 f
  U709/ZN (NR2D1BWP16P90LVT)               0.01       0.06 r
  U710/ZN (INVD1BWP16P90LVT)               0.01       0.07 f
  U723/CO (FA1D1BWP16P90LVT)               0.02       0.09 f
  U750/CO (FA1D1BWP16P90LVT)               0.02       0.11 f
  U761/S (FA1D1BWP16P90LVT)                0.03       0.15 r
  U762/S (FA1D1BWP16P90LVT)                0.03       0.18 f
  U258/ZN (ND2D2BWP16P90LVT)               0.01       0.18 r
  U264/ZN (IAOI21D2BWP16P90LVT)            0.01       0.20 r
  U863/ZN (INVD1BWP16P90LVT)               0.01       0.20 f
  U866/ZN (AOI21D1BWP16P90LVT)             0.01       0.21 r
  U867/ZN (OAI21D1BWP16P90LVT)             0.01       0.22 f
  U868/ZN (AOI21D1BWP16P90LVT)             0.01       0.23 r
  U878/Z (XOR2D1BWP16P90LVT)               0.01       0.24 r
  prod_reg[30]/D (DFCNQD2BWP16P90LVT)      0.00       0.24 r
  data arrival time                                   0.24

  clock clk (rise edge)                    0.25       0.25
  clock network delay (ideal)              0.00       0.25
  clock uncertainty                       -0.01       0.24
  prod_reg[30]/CP (DFCNQD2BWP16P90LVT)     0.00       0.24 r
  library setup time                      -0.01       0.24
  data required time                                  0.24
  -----------------------------------------------------------
  data required time                                  0.24
  data arrival time                                  -0.24
  -----------------------------------------------------------
  slack (MET)                                         0.00


  Startpoint: inp_a[13] (input port clocked by clk)
  Endpoint: prod_reg[29]
            (rising edge-triggered flip-flop clocked by clk)
  Path Group: clk
  Path Type: max

  Des/Clust/Port     Wire Load Model       Library
  ------------------------------------------------
  mult               ZeroWireload          N16ADFP_StdCelltt0p8v25c

  Point                                    Incr       Path
  -----------------------------------------------------------
  clock clk (rise edge)                    0.00       0.00
  clock network delay (ideal)              0.00       0.00
  input external delay                     0.01       0.01 f
  inp_a[13] (in)                           0.00       0.01 f
  U177/ZN (CKND2BWP16P90LVT)               0.01       0.02 r
  U65/ZN (CKND2BWP16P90LVT)                0.01       0.03 f
  U208/Z (XOR2D2BWP16P90LVT)               0.02       0.04 r
  U209/ZN (CKND2BWP16P90LVT)               0.01       0.05 f
  U197/ZN (ND2D1BWP16P90LVT)               0.01       0.06 r
  U759/ZN (OAI22D1BWP16P90LVT)             0.01       0.07 f
  U774/S (FA1D1BWP16P90LVT)                0.03       0.11 r
  U770/S (FA1D1BWP16P90LVT)                0.03       0.14 f
  U763/S (FA1D1BWP16P90LVT)                0.03       0.17 r
  U41/ZN (NR2D1BWP16P90LVT)                0.01       0.18 f
  U102/ZN (NR2D2BWP16P90LVT)               0.01       0.19 r
  U785/ZN (ND2D1BWP16P90LVT)               0.01       0.20 f
  U851/ZN (INVD1BWP16P90LVT)               0.01       0.20 r
  U886/ZN (ND2D1BWP16P90LVT)               0.01       0.21 f
  U887/ZN (NR2D1BWP16P90LVT)               0.01       0.22 r
  U891/ZN (AOI21D1BWP16P90LVT)             0.01       0.22 f
  U894/Z (XOR2D1BWP16P90LVT)               0.01       0.24 r
  prod_reg[29]/D (DFCNQD2BWP16P90LVT)      0.00       0.24 r
  data arrival time                                   0.24

  clock clk (rise edge)                    0.25       0.25
  clock network delay (ideal)              0.00       0.25
  clock uncertainty                       -0.01       0.24
  prod_reg[29]/CP (DFCNQD2BWP16P90LVT)     0.00       0.24 r
  library setup time                      -0.01       0.24
  data required time                                  0.24
  -----------------------------------------------------------
  data required time                                  0.24
  data arrival time                                  -0.24
  -----------------------------------------------------------
  slack (MET)                                         0.00


  Startpoint: inp_a[9] (input port clocked by clk)
  Endpoint: prod_reg[28]
            (rising edge-triggered flip-flop clocked by clk)
  Path Group: clk
  Path Type: max

  Des/Clust/Port     Wire Load Model       Library
  ------------------------------------------------
  mult               ZeroWireload          N16ADFP_StdCelltt0p8v25c

  Point                                    Incr       Path
  -----------------------------------------------------------
  clock clk (rise edge)                    0.00       0.00
  clock network delay (ideal)              0.00       0.00
  input external delay                     0.01       0.01 f
  inp_a[9] (in)                            0.00       0.01 f
  U180/ZN (CKND2BWP16P90LVT)               0.01       0.02 r
  U245/ZN (CKND2BWP16P90LVT)               0.01       0.03 f
  U316/ZN (XNR2D8BWP16P90LVT)              0.02       0.04 r
  U211/ZN (CKND8BWP16P90LVT)               0.00       0.05 f
  U213/ZN (CKND2BWP16P90LVT)               0.01       0.06 r
  U346/ZN (OAI22D1BWP16P90LVT)             0.01       0.07 f
  U454/S (FA1D1BWP16P90LVT)                0.03       0.11 r
  U473/S (FA1D1BWP16P90LVT)                0.03       0.14 f
  U597/S (FA1D1BWP16P90LVT)                0.03       0.17 r
  U40/ZN (INVD1BWP16P90LVT)                0.01       0.17 f
  U146/ZN (IND2D2BWP16P90LVT)              0.01       0.18 r
  U35/ZN (CKND2D1BWP16P90LVT)              0.01       0.18 f
  U607/ZN (OAI21D2BWP16P90LVT)             0.01       0.20 r
  U787/ZN (AOI21D4BWP16P90LVT)             0.01       0.21 f
  U792/ZN (OAI21D8BWP16P90LVT)             0.01       0.21 r
  U806/ZN (AOI21D1BWP16P90LVT)             0.01       0.22 f
  U820/Z (XOR2D1BWP16P90LVT)               0.01       0.24 r
  prod_reg[28]/D (DFCNQD1BWP16P90LVT)      0.00       0.24 r
  data arrival time                                   0.24

  clock clk (rise edge)                    0.25       0.25
  clock network delay (ideal)              0.00       0.25
  clock uncertainty                       -0.01       0.24
  prod_reg[28]/CP (DFCNQD1BWP16P90LVT)     0.00       0.24 r
  library setup time                      -0.01       0.24
  data required time                                  0.24
  -----------------------------------------------------------
  data required time                                  0.24
  data arrival time                                  -0.24
  -----------------------------------------------------------
  slack (MET)                                         0.00


  Startpoint: inp_a[11] (input port clocked by clk)
  Endpoint: prod_reg[25]
            (rising edge-triggered flip-flop clocked by clk)
  Path Group: clk
  Path Type: max

  Des/Clust/Port     Wire Load Model       Library
  ------------------------------------------------
  mult               ZeroWireload          N16ADFP_StdCelltt0p8v25c

  Point                                    Incr       Path
  -----------------------------------------------------------
  clock clk (rise edge)                    0.00       0.00
  clock network delay (ideal)              0.00       0.00
  input external delay                     0.01       0.01 r
  inp_a[11] (in)                           0.01       0.02 r
  U73/Z (XOR2D1BWP16P90LVT)                0.02       0.03 f
  U55/ZN (INVD1BWP16P90LVT)                0.02       0.05 r
  U349/ZN (OAI22D1BWP16P90LVT)             0.02       0.07 f
  U454/S (FA1D1BWP16P90LVT)                0.03       0.11 r
  U473/S (FA1D1BWP16P90LVT)                0.03       0.14 f
  U597/S (FA1D1BWP16P90LVT)                0.03       0.17 r
  U40/ZN (INVD1BWP16P90LVT)                0.01       0.17 f
  U146/ZN (IND2D2BWP16P90LVT)              0.01       0.18 r
  U35/ZN (CKND2D1BWP16P90LVT)              0.01       0.18 f
  U607/ZN (OAI21D2BWP16P90LVT)             0.01       0.20 r
  U787/ZN (AOI21D4BWP16P90LVT)             0.01       0.21 f
  U792/ZN (OAI21D8BWP16P90LVT)             0.01       0.21 r
  U834/ZN (AOI21D1BWP16P90LVT)             0.01       0.22 f
  U837/Z (XOR2D1BWP16P90LVT)               0.01       0.24 r
  prod_reg[25]/D (DFCNQD2BWP16P90LVT)      0.00       0.24 r
  data arrival time                                   0.24

  clock clk (rise edge)                    0.25       0.25
  clock network delay (ideal)              0.00       0.25
  clock uncertainty                       -0.01       0.24
  prod_reg[25]/CP (DFCNQD2BWP16P90LVT)     0.00       0.24 r
  library setup time                      -0.01       0.24
  data required time                                  0.24
  -----------------------------------------------------------
  data required time                                  0.24
  data arrival time                                  -0.24
  -----------------------------------------------------------
  slack (MET)                                         0.00


  Startpoint: inp_a[11] (input port clocked by clk)
  Endpoint: prod_reg[30]
            (rising edge-triggered flip-flop clocked by clk)
  Path Group: clk
  Path Type: max

  Des/Clust/Port     Wire Load Model       Library
  ------------------------------------------------
  mult               ZeroWireload          N16ADFP_StdCelltt0p8v25c

  Point                                    Incr       Path
  -----------------------------------------------------------
  clock clk (rise edge)                    0.00       0.00
  clock network delay (ideal)              0.00       0.00
  input external delay                     0.01       0.01 r
  inp_a[11] (in)                           0.01       0.02 r
  U73/Z (XOR2D1BWP16P90LVT)                0.02       0.03 f
  U55/ZN (INVD1BWP16P90LVT)                0.02       0.05 r
  U349/ZN (OAI22D1BWP16P90LVT)             0.02       0.07 f
  U454/S (FA1D1BWP16P90LVT)                0.03       0.11 r
  U473/S (FA1D1BWP16P90LVT)                0.03       0.14 f
  U597/S (FA1D1BWP16P90LVT)                0.03       0.17 r
  U40/ZN (INVD1BWP16P90LVT)                0.01       0.17 f
  U146/ZN (IND2D2BWP16P90LVT)              0.01       0.18 r
  U35/ZN (CKND2D1BWP16P90LVT)              0.01       0.18 f
  U607/ZN (OAI21D2BWP16P90LVT)             0.01       0.20 r
  U787/ZN (AOI21D4BWP16P90LVT)             0.01       0.21 f
  U792/ZN (OAI21D8BWP16P90LVT)             0.01       0.21 r
  U868/ZN (AOI21D1BWP16P90LVT)             0.01       0.22 f
  U878/Z (XOR2D1BWP16P90LVT)               0.01       0.24 r
  prod_reg[30]/D (DFCNQD2BWP16P90LVT)      0.00       0.24 r
  data arrival time                                   0.24

  clock clk (rise edge)                    0.25       0.25
  clock network delay (ideal)              0.00       0.25
  clock uncertainty                       -0.01       0.24
  prod_reg[30]/CP (DFCNQD2BWP16P90LVT)     0.00       0.24 r
  library setup time                      -0.01       0.24
  data required time                                  0.24
  -----------------------------------------------------------
  data required time                                  0.24
  data arrival time                                  -0.24
  -----------------------------------------------------------
  slack (MET)                                         0.00


  Startpoint: inp_a[11] (input port clocked by clk)
  Endpoint: prod_reg[27]
            (rising edge-triggered flip-flop clocked by clk)
  Path Group: clk
  Path Type: max

  Des/Clust/Port     Wire Load Model       Library
  ------------------------------------------------
  mult               ZeroWireload          N16ADFP_StdCelltt0p8v25c

  Point                                    Incr       Path
  -----------------------------------------------------------
  clock clk (rise edge)                    0.00       0.00
  clock network delay (ideal)              0.00       0.00
  input external delay                     0.01       0.01 r
  inp_a[11] (in)                           0.01       0.02 r
  U73/Z (XOR2D1BWP16P90LVT)                0.02       0.03 f
  U55/ZN (INVD1BWP16P90LVT)                0.02       0.05 r
  U349/ZN (OAI22D1BWP16P90LVT)             0.02       0.07 f
  U454/S (FA1D1BWP16P90LVT)                0.03       0.11 r
  U473/S (FA1D1BWP16P90LVT)                0.03       0.14 f
  U597/S (FA1D1BWP16P90LVT)                0.03       0.17 r
  U40/ZN (INVD1BWP16P90LVT)                0.01       0.17 f
  U146/ZN (IND2D2BWP16P90LVT)              0.01       0.18 r
  U35/ZN (CKND2D1BWP16P90LVT)              0.01       0.18 f
  U607/ZN (OAI21D2BWP16P90LVT)             0.01       0.20 r
  U787/ZN (AOI21D4BWP16P90LVT)             0.01       0.21 f
  U792/ZN (OAI21D8BWP16P90LVT)             0.01       0.21 r
  U848/ZN (AOI21D1BWP16P90LVT)             0.01       0.22 f
  U850/Z (XOR2D1BWP16P90LVT)               0.01       0.24 r
  prod_reg[27]/D (DFCNQD2BWP16P90LVT)      0.00       0.24 r
  data arrival time                                   0.24

  clock clk (rise edge)                    0.25       0.25
  clock network delay (ideal)              0.00       0.25
  clock uncertainty                       -0.01       0.24
  prod_reg[27]/CP (DFCNQD2BWP16P90LVT)     0.00       0.24 r
  library setup time                      -0.01       0.24
  data required time                                  0.24
  -----------------------------------------------------------
  data required time                                  0.24
  data arrival time                                  -0.24
  -----------------------------------------------------------
  slack (MET)                                         0.00


  Startpoint: inp_a[11] (input port clocked by clk)
  Endpoint: prod_reg[26]
            (rising edge-triggered flip-flop clocked by clk)
  Path Group: clk
  Path Type: max

  Des/Clust/Port     Wire Load Model       Library
  ------------------------------------------------
  mult               ZeroWireload          N16ADFP_StdCelltt0p8v25c

  Point                                    Incr       Path
  -----------------------------------------------------------
  clock clk (rise edge)                    0.00       0.00
  clock network delay (ideal)              0.00       0.00
  input external delay                     0.01       0.01 r
  inp_a[11] (in)                           0.01       0.02 r
  U73/Z (XOR2D1BWP16P90LVT)                0.02       0.03 f
  U55/ZN (INVD1BWP16P90LVT)                0.02       0.05 r
  U349/ZN (OAI22D1BWP16P90LVT)             0.02       0.07 f
  U454/S (FA1D1BWP16P90LVT)                0.03       0.11 r
  U473/S (FA1D1BWP16P90LVT)                0.03       0.14 f
  U597/S (FA1D1BWP16P90LVT)                0.03       0.17 r
  U40/ZN (INVD1BWP16P90LVT)                0.01       0.17 f
  U146/ZN (IND2D2BWP16P90LVT)              0.01       0.18 r
  U35/ZN (CKND2D1BWP16P90LVT)              0.01       0.18 f
  U607/ZN (OAI21D2BWP16P90LVT)             0.01       0.20 r
  U787/ZN (AOI21D4BWP16P90LVT)             0.01       0.21 f
  U792/ZN (OAI21D8BWP16P90LVT)             0.01       0.21 r
  U883/ZN (AOI21D1BWP16P90LVT)             0.01       0.22 f
  U885/Z (XOR2D1BWP16P90LVT)               0.01       0.24 r
  prod_reg[26]/D (DFCNQD2BWP16P90LVT)      0.00       0.24 r
  data arrival time                                   0.24

  clock clk (rise edge)                    0.25       0.25
  clock network delay (ideal)              0.00       0.25
  clock uncertainty                       -0.01       0.24
  prod_reg[26]/CP (DFCNQD2BWP16P90LVT)     0.00       0.24 r
  library setup time                      -0.01       0.24
  data required time                                  0.24
  -----------------------------------------------------------
  data required time                                  0.24
  data arrival time                                  -0.24
  -----------------------------------------------------------
  slack (MET)                                         0.00


  Startpoint: inp_a[11] (input port clocked by clk)
  Endpoint: prod_reg[29]
            (rising edge-triggered flip-flop clocked by clk)
  Path Group: clk
  Path Type: max

  Des/Clust/Port     Wire Load Model       Library
  ------------------------------------------------
  mult               ZeroWireload          N16ADFP_StdCelltt0p8v25c

  Point                                    Incr       Path
  -----------------------------------------------------------
  clock clk (rise edge)                    0.00       0.00
  clock network delay (ideal)              0.00       0.00
  input external delay                     0.01       0.01 r
  inp_a[11] (in)                           0.01       0.02 r
  U73/Z (XOR2D1BWP16P90LVT)                0.02       0.03 f
  U55/ZN (INVD1BWP16P90LVT)                0.02       0.05 r
  U349/ZN (OAI22D1BWP16P90LVT)             0.02       0.07 f
  U454/S (FA1D1BWP16P90LVT)                0.03       0.11 r
  U473/S (FA1D1BWP16P90LVT)                0.03       0.14 f
  U597/S (FA1D1BWP16P90LVT)                0.03       0.17 r
  U40/ZN (INVD1BWP16P90LVT)                0.01       0.17 f
  U146/ZN (IND2D2BWP16P90LVT)              0.01       0.18 r
  U35/ZN (CKND2D1BWP16P90LVT)              0.01       0.18 f
  U607/ZN (OAI21D2BWP16P90LVT)             0.01       0.20 r
  U787/ZN (AOI21D4BWP16P90LVT)             0.01       0.21 f
  U792/ZN (OAI21D8BWP16P90LVT)             0.01       0.21 r
  U891/ZN (AOI21D1BWP16P90LVT)             0.01       0.22 f
  U894/Z (XOR2D1BWP16P90LVT)               0.01       0.24 r
  prod_reg[29]/D (DFCNQD2BWP16P90LVT)      0.00       0.24 r
  data arrival time                                   0.24

  clock clk (rise edge)                    0.25       0.25
  clock network delay (ideal)              0.00       0.25
  clock uncertainty                       -0.01       0.24
  prod_reg[29]/CP (DFCNQD2BWP16P90LVT)     0.00       0.24 r
  library setup time                      -0.01       0.24
  data required time                                  0.24
  -----------------------------------------------------------
  data required time                                  0.24
  data arrival time                                  -0.24
  -----------------------------------------------------------
  slack (MET)                                         0.00


  Startpoint: inp_a[11] (input port clocked by clk)
  Endpoint: prod_reg[31]
            (rising edge-triggered flip-flop clocked by clk)
  Path Group: clk
  Path Type: max

  Des/Clust/Port     Wire Load Model       Library
  ------------------------------------------------
  mult               ZeroWireload          N16ADFP_StdCelltt0p8v25c

  Point                                    Incr       Path
  -----------------------------------------------------------
  clock clk (rise edge)                    0.00       0.00
  clock network delay (ideal)              0.00       0.00
  input external delay                     0.01       0.01 r
  inp_a[11] (in)                           0.01       0.02 r
  U73/Z (XOR2D1BWP16P90LVT)                0.02       0.03 f
  U55/ZN (INVD1BWP16P90LVT)                0.02       0.05 r
  U349/ZN (OAI22D1BWP16P90LVT)             0.02       0.07 f
  U454/S (FA1D1BWP16P90LVT)                0.03       0.11 r
  U473/S (FA1D1BWP16P90LVT)                0.03       0.14 f
  U597/S (FA1D1BWP16P90LVT)                0.03       0.17 r
  U40/ZN (INVD1BWP16P90LVT)                0.01       0.17 f
  U146/ZN (IND2D2BWP16P90LVT)              0.01       0.18 r
  U35/ZN (CKND2D1BWP16P90LVT)              0.01       0.18 f
  U607/ZN (OAI21D2BWP16P90LVT)             0.01       0.20 r
  U787/ZN (AOI21D4BWP16P90LVT)             0.01       0.21 f
  U792/ZN (OAI21D8BWP16P90LVT)             0.01       0.21 r
  U902/ZN (AOI21D1BWP16P90LVT)             0.01       0.22 f
  U910/Z (XOR2D1BWP16P90LVT)               0.01       0.24 r
  prod_reg[31]/D (DFCNQD2BWP16P90LVT)      0.00       0.24 r
  data arrival time                                   0.24

  clock clk (rise edge)                    0.25       0.25
  clock network delay (ideal)              0.00       0.25
  clock uncertainty                       -0.01       0.24
  prod_reg[31]/CP (DFCNQD2BWP16P90LVT)     0.00       0.24 r
  library setup time                      -0.01       0.24
  data required time                                  0.24
  -----------------------------------------------------------
  data required time                                  0.24
  data arrival time                                  -0.24
  -----------------------------------------------------------
  slack (MET)                                         0.00


  Startpoint: inp_a[13] (input port clocked by clk)
  Endpoint: prod_reg[25]
            (rising edge-triggered flip-flop clocked by clk)
  Path Group: clk
  Path Type: max

  Des/Clust/Port     Wire Load Model       Library
  ------------------------------------------------
  mult               ZeroWireload          N16ADFP_StdCelltt0p8v25c

  Point                                    Incr       Path
  -----------------------------------------------------------
  clock clk (rise edge)                    0.00       0.00
  clock network delay (ideal)              0.00       0.00
  input external delay                     0.01       0.01 r
  inp_a[13] (in)                           0.00       0.01 r
  U177/ZN (CKND2BWP16P90LVT)               0.01       0.02 f
  U65/ZN (CKND2BWP16P90LVT)                0.01       0.03 r
  U208/Z (XOR2D2BWP16P90LVT)               0.02       0.04 f
  U209/ZN (CKND2BWP16P90LVT)               0.01       0.05 r
  U196/ZN (ND2D2BWP16P90LVT)               0.01       0.06 f
  U409/ZN (OAI22D1BWP16P90LVT)             0.01       0.08 r
  U446/S (FA1D1BWP16P90LVT)                0.03       0.11 f
  U444/S (FA1D1BWP16P90LVT)                0.03       0.14 r
  U278/ZN (CKND2BWP16P90LVT)               0.01       0.15 f
  U277/ZN (XNR3D4BWP16P90LVT)              0.03       0.18 r
  U276/ZN (CKNR2D4BWP16P90LVT)             0.00       0.18 f
  U39/ZN (NR2D1BWP16P90LVT)                0.01       0.19 r
  U789/ZN (ND2D2BWP16P90LVT)               0.01       0.21 f
  U792/ZN (OAI21D8BWP16P90LVT)             0.01       0.21 r
  U834/ZN (AOI21D1BWP16P90LVT)             0.01       0.22 f
  U837/Z (XOR2D1BWP16P90LVT)               0.01       0.24 r
  prod_reg[25]/D (DFCNQD2BWP16P90LVT)      0.00       0.24 r
  data arrival time                                   0.24

  clock clk (rise edge)                    0.25       0.25
  clock network delay (ideal)              0.00       0.25
  clock uncertainty                       -0.01       0.24
  prod_reg[25]/CP (DFCNQD2BWP16P90LVT)     0.00       0.24 r
  library setup time                      -0.01       0.24
  data required time                                  0.24
  -----------------------------------------------------------
  data required time                                  0.24
  data arrival time                                  -0.24
  -----------------------------------------------------------
  slack (MET)                                         0.00


  Startpoint: inp_a[13] (input port clocked by clk)
  Endpoint: prod_reg[30]
            (rising edge-triggered flip-flop clocked by clk)
  Path Group: clk
  Path Type: max

  Des/Clust/Port     Wire Load Model       Library
  ------------------------------------------------
  mult               ZeroWireload          N16ADFP_StdCelltt0p8v25c

  Point                                    Incr       Path
  -----------------------------------------------------------
  clock clk (rise edge)                    0.00       0.00
  clock network delay (ideal)              0.00       0.00
  input external delay                     0.01       0.01 r
  inp_a[13] (in)                           0.00       0.01 r
  U177/ZN (CKND2BWP16P90LVT)               0.01       0.02 f
  U65/ZN (CKND2BWP16P90LVT)                0.01       0.03 r
  U208/Z (XOR2D2BWP16P90LVT)               0.02       0.04 f
  U209/ZN (CKND2BWP16P90LVT)               0.01       0.05 r
  U196/ZN (ND2D2BWP16P90LVT)               0.01       0.06 f
  U409/ZN (OAI22D1BWP16P90LVT)             0.01       0.08 r
  U446/S (FA1D1BWP16P90LVT)                0.03       0.11 f
  U444/S (FA1D1BWP16P90LVT)                0.03       0.14 r
  U278/ZN (CKND2BWP16P90LVT)               0.01       0.15 f
  U277/ZN (XNR3D4BWP16P90LVT)              0.03       0.18 r
  U276/ZN (CKNR2D4BWP16P90LVT)             0.00       0.18 f
  U39/ZN (NR2D1BWP16P90LVT)                0.01       0.19 r
  U789/ZN (ND2D2BWP16P90LVT)               0.01       0.21 f
  U792/ZN (OAI21D8BWP16P90LVT)             0.01       0.21 r
  U868/ZN (AOI21D1BWP16P90LVT)             0.01       0.22 f
  U878/Z (XOR2D1BWP16P90LVT)               0.01       0.24 r
  prod_reg[30]/D (DFCNQD2BWP16P90LVT)      0.00       0.24 r
  data arrival time                                   0.24

  clock clk (rise edge)                    0.25       0.25
  clock network delay (ideal)              0.00       0.25
  clock uncertainty                       -0.01       0.24
  prod_reg[30]/CP (DFCNQD2BWP16P90LVT)     0.00       0.24 r
  library setup time                      -0.01       0.24
  data required time                                  0.24
  -----------------------------------------------------------
  data required time                                  0.24
  data arrival time                                  -0.24
  -----------------------------------------------------------
  slack (MET)                                         0.00


  Startpoint: inp_a[13] (input port clocked by clk)
  Endpoint: prod_reg[27]
            (rising edge-triggered flip-flop clocked by clk)
  Path Group: clk
  Path Type: max

  Des/Clust/Port     Wire Load Model       Library
  ------------------------------------------------
  mult               ZeroWireload          N16ADFP_StdCelltt0p8v25c

  Point                                    Incr       Path
  -----------------------------------------------------------
  clock clk (rise edge)                    0.00       0.00
  clock network delay (ideal)              0.00       0.00
  input external delay                     0.01       0.01 r
  inp_a[13] (in)                           0.00       0.01 r
  U177/ZN (CKND2BWP16P90LVT)               0.01       0.02 f
  U65/ZN (CKND2BWP16P90LVT)                0.01       0.03 r
  U208/Z (XOR2D2BWP16P90LVT)               0.02       0.04 f
  U209/ZN (CKND2BWP16P90LVT)               0.01       0.05 r
  U196/ZN (ND2D2BWP16P90LVT)               0.01       0.06 f
  U409/ZN (OAI22D1BWP16P90LVT)             0.01       0.08 r
  U446/S (FA1D1BWP16P90LVT)                0.03       0.11 f
  U444/S (FA1D1BWP16P90LVT)                0.03       0.14 r
  U278/ZN (CKND2BWP16P90LVT)               0.01       0.15 f
  U277/ZN (XNR3D4BWP16P90LVT)              0.03       0.18 r
  U276/ZN (CKNR2D4BWP16P90LVT)             0.00       0.18 f
  U39/ZN (NR2D1BWP16P90LVT)                0.01       0.19 r
  U789/ZN (ND2D2BWP16P90LVT)               0.01       0.21 f
  U792/ZN (OAI21D8BWP16P90LVT)             0.01       0.21 r
  U848/ZN (AOI21D1BWP16P90LVT)             0.01       0.22 f
  U850/Z (XOR2D1BWP16P90LVT)               0.01       0.24 r
  prod_reg[27]/D (DFCNQD2BWP16P90LVT)      0.00       0.24 r
  data arrival time                                   0.24

  clock clk (rise edge)                    0.25       0.25
  clock network delay (ideal)              0.00       0.25
  clock uncertainty                       -0.01       0.24
  prod_reg[27]/CP (DFCNQD2BWP16P90LVT)     0.00       0.24 r
  library setup time                      -0.01       0.24
  data required time                                  0.24
  -----------------------------------------------------------
  data required time                                  0.24
  data arrival time                                  -0.24
  -----------------------------------------------------------
  slack (MET)                                         0.00


  Startpoint: inp_a[13] (input port clocked by clk)
  Endpoint: prod_reg[26]
            (rising edge-triggered flip-flop clocked by clk)
  Path Group: clk
  Path Type: max

  Des/Clust/Port     Wire Load Model       Library
  ------------------------------------------------
  mult               ZeroWireload          N16ADFP_StdCelltt0p8v25c

  Point                                    Incr       Path
  -----------------------------------------------------------
  clock clk (rise edge)                    0.00       0.00
  clock network delay (ideal)              0.00       0.00
  input external delay                     0.01       0.01 r
  inp_a[13] (in)                           0.00       0.01 r
  U177/ZN (CKND2BWP16P90LVT)               0.01       0.02 f
  U65/ZN (CKND2BWP16P90LVT)                0.01       0.03 r
  U208/Z (XOR2D2BWP16P90LVT)               0.02       0.04 f
  U209/ZN (CKND2BWP16P90LVT)               0.01       0.05 r
  U196/ZN (ND2D2BWP16P90LVT)               0.01       0.06 f
  U409/ZN (OAI22D1BWP16P90LVT)             0.01       0.08 r
  U446/S (FA1D1BWP16P90LVT)                0.03       0.11 f
  U444/S (FA1D1BWP16P90LVT)                0.03       0.14 r
  U278/ZN (CKND2BWP16P90LVT)               0.01       0.15 f
  U277/ZN (XNR3D4BWP16P90LVT)              0.03       0.18 r
  U276/ZN (CKNR2D4BWP16P90LVT)             0.00       0.18 f
  U39/ZN (NR2D1BWP16P90LVT)                0.01       0.19 r
  U789/ZN (ND2D2BWP16P90LVT)               0.01       0.21 f
  U792/ZN (OAI21D8BWP16P90LVT)             0.01       0.21 r
  U883/ZN (AOI21D1BWP16P90LVT)             0.01       0.22 f
  U885/Z (XOR2D1BWP16P90LVT)               0.01       0.24 r
  prod_reg[26]/D (DFCNQD2BWP16P90LVT)      0.00       0.24 r
  data arrival time                                   0.24

  clock clk (rise edge)                    0.25       0.25
  clock network delay (ideal)              0.00       0.25
  clock uncertainty                       -0.01       0.24
  prod_reg[26]/CP (DFCNQD2BWP16P90LVT)     0.00       0.24 r
  library setup time                      -0.01       0.24
  data required time                                  0.24
  -----------------------------------------------------------
  data required time                                  0.24
  data arrival time                                  -0.24
  -----------------------------------------------------------
  slack (MET)                                         0.00


  Startpoint: inp_a[13] (input port clocked by clk)
  Endpoint: prod_reg[29]
            (rising edge-triggered flip-flop clocked by clk)
  Path Group: clk
  Path Type: max

  Des/Clust/Port     Wire Load Model       Library
  ------------------------------------------------
  mult               ZeroWireload          N16ADFP_StdCelltt0p8v25c

  Point                                    Incr       Path
  -----------------------------------------------------------
  clock clk (rise edge)                    0.00       0.00
  clock network delay (ideal)              0.00       0.00
  input external delay                     0.01       0.01 r
  inp_a[13] (in)                           0.00       0.01 r
  U177/ZN (CKND2BWP16P90LVT)               0.01       0.02 f
  U65/ZN (CKND2BWP16P90LVT)                0.01       0.03 r
  U208/Z (XOR2D2BWP16P90LVT)               0.02       0.04 f
  U209/ZN (CKND2BWP16P90LVT)               0.01       0.05 r
  U196/ZN (ND2D2BWP16P90LVT)               0.01       0.06 f
  U409/ZN (OAI22D1BWP16P90LVT)             0.01       0.08 r
  U446/S (FA1D1BWP16P90LVT)                0.03       0.11 f
  U444/S (FA1D1BWP16P90LVT)                0.03       0.14 r
  U278/ZN (CKND2BWP16P90LVT)               0.01       0.15 f
  U277/ZN (XNR3D4BWP16P90LVT)              0.03       0.18 r
  U276/ZN (CKNR2D4BWP16P90LVT)             0.00       0.18 f
  U39/ZN (NR2D1BWP16P90LVT)                0.01       0.19 r
  U789/ZN (ND2D2BWP16P90LVT)               0.01       0.21 f
  U792/ZN (OAI21D8BWP16P90LVT)             0.01       0.21 r
  U891/ZN (AOI21D1BWP16P90LVT)             0.01       0.22 f
  U894/Z (XOR2D1BWP16P90LVT)               0.01       0.24 r
  prod_reg[29]/D (DFCNQD2BWP16P90LVT)      0.00       0.24 r
  data arrival time                                   0.24

  clock clk (rise edge)                    0.25       0.25
  clock network delay (ideal)              0.00       0.25
  clock uncertainty                       -0.01       0.24
  prod_reg[29]/CP (DFCNQD2BWP16P90LVT)     0.00       0.24 r
  library setup time                      -0.01       0.24
  data required time                                  0.24
  -----------------------------------------------------------
  data required time                                  0.24
  data arrival time                                  -0.24
  -----------------------------------------------------------
  slack (MET)                                         0.00


  Startpoint: inp_a[13] (input port clocked by clk)
  Endpoint: prod_reg[31]
            (rising edge-triggered flip-flop clocked by clk)
  Path Group: clk
  Path Type: max

  Des/Clust/Port     Wire Load Model       Library
  ------------------------------------------------
  mult               ZeroWireload          N16ADFP_StdCelltt0p8v25c

  Point                                    Incr       Path
  -----------------------------------------------------------
  clock clk (rise edge)                    0.00       0.00
  clock network delay (ideal)              0.00       0.00
  input external delay                     0.01       0.01 r
  inp_a[13] (in)                           0.00       0.01 r
  U177/ZN (CKND2BWP16P90LVT)               0.01       0.02 f
  U65/ZN (CKND2BWP16P90LVT)                0.01       0.03 r
  U208/Z (XOR2D2BWP16P90LVT)               0.02       0.04 f
  U209/ZN (CKND2BWP16P90LVT)               0.01       0.05 r
  U196/ZN (ND2D2BWP16P90LVT)               0.01       0.06 f
  U409/ZN (OAI22D1BWP16P90LVT)             0.01       0.08 r
  U446/S (FA1D1BWP16P90LVT)                0.03       0.11 f
  U444/S (FA1D1BWP16P90LVT)                0.03       0.14 r
  U278/ZN (CKND2BWP16P90LVT)               0.01       0.15 f
  U277/ZN (XNR3D4BWP16P90LVT)              0.03       0.18 r
  U276/ZN (CKNR2D4BWP16P90LVT)             0.00       0.18 f
  U39/ZN (NR2D1BWP16P90LVT)                0.01       0.19 r
  U789/ZN (ND2D2BWP16P90LVT)               0.01       0.21 f
  U792/ZN (OAI21D8BWP16P90LVT)             0.01       0.21 r
  U902/ZN (AOI21D1BWP16P90LVT)             0.01       0.22 f
  U910/Z (XOR2D1BWP16P90LVT)               0.01       0.24 r
  prod_reg[31]/D (DFCNQD2BWP16P90LVT)      0.00       0.24 r
  data arrival time                                   0.24

  clock clk (rise edge)                    0.25       0.25
  clock network delay (ideal)              0.00       0.25
  clock uncertainty                       -0.01       0.24
  prod_reg[31]/CP (DFCNQD2BWP16P90LVT)     0.00       0.24 r
  library setup time                      -0.01       0.24
  data required time                                  0.24
  -----------------------------------------------------------
  data required time                                  0.24
  data arrival time                                  -0.24
  -----------------------------------------------------------
  slack (MET)                                         0.00


  Startpoint: inp_a[9] (input port clocked by clk)
  Endpoint: prod_reg[29]
            (rising edge-triggered flip-flop clocked by clk)
  Path Group: clk
  Path Type: max

  Des/Clust/Port     Wire Load Model       Library
  ------------------------------------------------
  mult               ZeroWireload          N16ADFP_StdCelltt0p8v25c

  Point                                    Incr       Path
  -----------------------------------------------------------
  clock clk (rise edge)                    0.00       0.00
  clock network delay (ideal)              0.00       0.00
  input external delay                     0.01       0.01 f
  inp_a[9] (in)                            0.00       0.01 f
  U180/ZN (CKND2BWP16P90LVT)               0.01       0.02 r
  U245/ZN (CKND2BWP16P90LVT)               0.01       0.03 f
  U316/ZN (XNR2D8BWP16P90LVT)              0.02       0.04 r
  U211/ZN (CKND8BWP16P90LVT)               0.00       0.05 f
  U213/ZN (CKND2BWP16P90LVT)               0.01       0.06 r
  U713/ZN (OAI22D1BWP16P90LVT)             0.01       0.07 f
  U724/CO (FA1D1BWP16P90LVT)               0.02       0.09 f
  U750/CO (FA1D1BWP16P90LVT)               0.02       0.11 f
  U761/S (FA1D1BWP16P90LVT)                0.03       0.15 r
  U762/S (FA1D1BWP16P90LVT)                0.03       0.18 f
  U258/ZN (ND2D2BWP16P90LVT)               0.01       0.18 r
  U264/ZN (IAOI21D2BWP16P90LVT)            0.01       0.20 r
  U863/ZN (INVD1BWP16P90LVT)               0.01       0.20 f
  U889/ZN (AOI21D1BWP16P90LVT)             0.01       0.21 r
  U890/ZN (OAI21D1BWP16P90LVT)             0.01       0.22 f
  U891/ZN (AOI21D1BWP16P90LVT)             0.01       0.23 r
  U894/Z (XOR2D1BWP16P90LVT)               0.01       0.24 r
  prod_reg[29]/D (DFCNQD2BWP16P90LVT)      0.00       0.24 r
  data arrival time                                   0.24

  clock clk (rise edge)                    0.25       0.25
  clock network delay (ideal)              0.00       0.25
  clock uncertainty                       -0.01       0.24
  prod_reg[29]/CP (DFCNQD2BWP16P90LVT)     0.00       0.24 r
  library setup time                      -0.01       0.24
  data required time                                  0.24
  -----------------------------------------------------------
  data required time                                  0.24
  data arrival time                                  -0.24
  -----------------------------------------------------------
  slack (MET)                                         0.00


  Startpoint: inp_a[13] (input port clocked by clk)
  Endpoint: prod_reg[25]
            (rising edge-triggered flip-flop clocked by clk)
  Path Group: clk
  Path Type: max

  Des/Clust/Port     Wire Load Model       Library
  ------------------------------------------------
  mult               ZeroWireload          N16ADFP_StdCelltt0p8v25c

  Point                                    Incr       Path
  -----------------------------------------------------------
  clock clk (rise edge)                    0.00       0.00
  clock network delay (ideal)              0.00       0.00
  input external delay                     0.01       0.01 r
  inp_a[13] (in)                           0.00       0.01 r
  U177/ZN (CKND2BWP16P90LVT)               0.01       0.02 f
  U65/ZN (CKND2BWP16P90LVT)                0.01       0.03 r
  U208/Z (XOR2D2BWP16P90LVT)               0.02       0.04 f
  U209/ZN (CKND2BWP16P90LVT)               0.01       0.05 r
  U196/ZN (ND2D2BWP16P90LVT)               0.01       0.06 f
  U622/ZN (OAI22D1BWP16P90LVT)             0.01       0.08 r
  U664/S (FA1D1BWP16P90LVT)                0.03       0.11 f
  U683/ZN (ND2D1BWP16P90LVT)               0.01       0.11 r
  U97/ZN (ND3D1BWP16P90LVT)                0.01       0.12 f
  U696/CO (FA1D1BWP16P90LVT)               0.02       0.15 f
  U720/S (FA1D1BWP16P90LVT)                0.03       0.18 r
  U703/ZN (NR2D2BWP16P90LVT)               0.01       0.19 f
  U794/ZN (OAI21D2BWP16P90LVT)             0.01       0.20 r
  U797/ZN (AOI21D4BWP16P90LVT)             0.01       0.21 f
  U833/ZN (OAI21D1BWP16P90LVT)             0.01       0.22 r
  U834/ZN (AOI21D1BWP16P90LVT)             0.01       0.22 f
  U837/Z (XOR2D1BWP16P90LVT)               0.01       0.24 r
  prod_reg[25]/D (DFCNQD2BWP16P90LVT)      0.00       0.24 r
  data arrival time                                   0.24

  clock clk (rise edge)                    0.25       0.25
  clock network delay (ideal)              0.00       0.25
  clock uncertainty                       -0.01       0.24
  prod_reg[25]/CP (DFCNQD2BWP16P90LVT)     0.00       0.24 r
  library setup time                      -0.01       0.24
  data required time                                  0.24
  -----------------------------------------------------------
  data required time                                  0.24
  data arrival time                                  -0.24
  -----------------------------------------------------------
  slack (MET)                                         0.00


  Startpoint: inp_a[13] (input port clocked by clk)
  Endpoint: prod_reg[30]
            (rising edge-triggered flip-flop clocked by clk)
  Path Group: clk
  Path Type: max

  Des/Clust/Port     Wire Load Model       Library
  ------------------------------------------------
  mult               ZeroWireload          N16ADFP_StdCelltt0p8v25c

  Point                                    Incr       Path
  -----------------------------------------------------------
  clock clk (rise edge)                    0.00       0.00
  clock network delay (ideal)              0.00       0.00
  input external delay                     0.01       0.01 r
  inp_a[13] (in)                           0.00       0.01 r
  U177/ZN (CKND2BWP16P90LVT)               0.01       0.02 f
  U65/ZN (CKND2BWP16P90LVT)                0.01       0.03 r
  U208/Z (XOR2D2BWP16P90LVT)               0.02       0.04 f
  U209/ZN (CKND2BWP16P90LVT)               0.01       0.05 r
  U196/ZN (ND2D2BWP16P90LVT)               0.01       0.06 f
  U622/ZN (OAI22D1BWP16P90LVT)             0.01       0.08 r
  U664/S (FA1D1BWP16P90LVT)                0.03       0.11 f
  U683/ZN (ND2D1BWP16P90LVT)               0.01       0.11 r
  U97/ZN (ND3D1BWP16P90LVT)                0.01       0.12 f
  U696/CO (FA1D1BWP16P90LVT)               0.02       0.15 f
  U720/S (FA1D1BWP16P90LVT)                0.03       0.18 r
  U703/ZN (NR2D2BWP16P90LVT)               0.01       0.19 f
  U794/ZN (OAI21D2BWP16P90LVT)             0.01       0.20 r
  U797/ZN (AOI21D4BWP16P90LVT)             0.01       0.21 f
  U867/ZN (OAI21D1BWP16P90LVT)             0.01       0.22 r
  U868/ZN (AOI21D1BWP16P90LVT)             0.01       0.22 f
  U878/Z (XOR2D1BWP16P90LVT)               0.01       0.24 r
  prod_reg[30]/D (DFCNQD2BWP16P90LVT)      0.00       0.24 r
  data arrival time                                   0.24

  clock clk (rise edge)                    0.25       0.25
  clock network delay (ideal)              0.00       0.25
  clock uncertainty                       -0.01       0.24
  prod_reg[30]/CP (DFCNQD2BWP16P90LVT)     0.00       0.24 r
  library setup time                      -0.01       0.24
  data required time                                  0.24
  -----------------------------------------------------------
  data required time                                  0.24
  data arrival time                                  -0.24
  -----------------------------------------------------------
  slack (MET)                                         0.00


  Startpoint: inp_a[13] (input port clocked by clk)
  Endpoint: prod_reg[27]
            (rising edge-triggered flip-flop clocked by clk)
  Path Group: clk
  Path Type: max

  Des/Clust/Port     Wire Load Model       Library
  ------------------------------------------------
  mult               ZeroWireload          N16ADFP_StdCelltt0p8v25c

  Point                                    Incr       Path
  -----------------------------------------------------------
  clock clk (rise edge)                    0.00       0.00
  clock network delay (ideal)              0.00       0.00
  input external delay                     0.01       0.01 r
  inp_a[13] (in)                           0.00       0.01 r
  U177/ZN (CKND2BWP16P90LVT)               0.01       0.02 f
  U65/ZN (CKND2BWP16P90LVT)                0.01       0.03 r
  U208/Z (XOR2D2BWP16P90LVT)               0.02       0.04 f
  U209/ZN (CKND2BWP16P90LVT)               0.01       0.05 r
  U196/ZN (ND2D2BWP16P90LVT)               0.01       0.06 f
  U622/ZN (OAI22D1BWP16P90LVT)             0.01       0.08 r
  U664/S (FA1D1BWP16P90LVT)                0.03       0.11 f
  U683/ZN (ND2D1BWP16P90LVT)               0.01       0.11 r
  U97/ZN (ND3D1BWP16P90LVT)                0.01       0.12 f
  U696/CO (FA1D1BWP16P90LVT)               0.02       0.15 f
  U720/S (FA1D1BWP16P90LVT)                0.03       0.18 r
  U703/ZN (NR2D2BWP16P90LVT)               0.01       0.19 f
  U794/ZN (OAI21D2BWP16P90LVT)             0.01       0.20 r
  U797/ZN (AOI21D4BWP16P90LVT)             0.01       0.21 f
  U847/ZN (OAI21D1BWP16P90LVT)             0.01       0.22 r
  U848/ZN (AOI21D1BWP16P90LVT)             0.01       0.22 f
  U850/Z (XOR2D1BWP16P90LVT)               0.01       0.24 r
  prod_reg[27]/D (DFCNQD2BWP16P90LVT)      0.00       0.24 r
  data arrival time                                   0.24

  clock clk (rise edge)                    0.25       0.25
  clock network delay (ideal)              0.00       0.25
  clock uncertainty                       -0.01       0.24
  prod_reg[27]/CP (DFCNQD2BWP16P90LVT)     0.00       0.24 r
  library setup time                      -0.01       0.24
  data required time                                  0.24
  -----------------------------------------------------------
  data required time                                  0.24
  data arrival time                                  -0.24
  -----------------------------------------------------------
  slack (MET)                                         0.00


  Startpoint: inp_a[13] (input port clocked by clk)
  Endpoint: prod_reg[26]
            (rising edge-triggered flip-flop clocked by clk)
  Path Group: clk
  Path Type: max

  Des/Clust/Port     Wire Load Model       Library
  ------------------------------------------------
  mult               ZeroWireload          N16ADFP_StdCelltt0p8v25c

  Point                                    Incr       Path
  -----------------------------------------------------------
  clock clk (rise edge)                    0.00       0.00
  clock network delay (ideal)              0.00       0.00
  input external delay                     0.01       0.01 r
  inp_a[13] (in)                           0.00       0.01 r
  U177/ZN (CKND2BWP16P90LVT)               0.01       0.02 f
  U65/ZN (CKND2BWP16P90LVT)                0.01       0.03 r
  U208/Z (XOR2D2BWP16P90LVT)               0.02       0.04 f
  U209/ZN (CKND2BWP16P90LVT)               0.01       0.05 r
  U196/ZN (ND2D2BWP16P90LVT)               0.01       0.06 f
  U622/ZN (OAI22D1BWP16P90LVT)             0.01       0.08 r
  U664/S (FA1D1BWP16P90LVT)                0.03       0.11 f
  U683/ZN (ND2D1BWP16P90LVT)               0.01       0.11 r
  U97/ZN (ND3D1BWP16P90LVT)                0.01       0.12 f
  U696/CO (FA1D1BWP16P90LVT)               0.02       0.15 f
  U720/S (FA1D1BWP16P90LVT)                0.03       0.18 r
  U703/ZN (NR2D2BWP16P90LVT)               0.01       0.19 f
  U794/ZN (OAI21D2BWP16P90LVT)             0.01       0.20 r
  U797/ZN (AOI21D4BWP16P90LVT)             0.01       0.21 f
  U882/ZN (OAI21D1BWP16P90LVT)             0.01       0.22 r
  U883/ZN (AOI21D1BWP16P90LVT)             0.01       0.22 f
  U885/Z (XOR2D1BWP16P90LVT)               0.01       0.24 r
  prod_reg[26]/D (DFCNQD2BWP16P90LVT)      0.00       0.24 r
  data arrival time                                   0.24

  clock clk (rise edge)                    0.25       0.25
  clock network delay (ideal)              0.00       0.25
  clock uncertainty                       -0.01       0.24
  prod_reg[26]/CP (DFCNQD2BWP16P90LVT)     0.00       0.24 r
  library setup time                      -0.01       0.24
  data required time                                  0.24
  -----------------------------------------------------------
  data required time                                  0.24
  data arrival time                                  -0.24
  -----------------------------------------------------------
  slack (MET)                                         0.00


  Startpoint: inp_a[13] (input port clocked by clk)
  Endpoint: prod_reg[29]
            (rising edge-triggered flip-flop clocked by clk)
  Path Group: clk
  Path Type: max

  Des/Clust/Port     Wire Load Model       Library
  ------------------------------------------------
  mult               ZeroWireload          N16ADFP_StdCelltt0p8v25c

  Point                                    Incr       Path
  -----------------------------------------------------------
  clock clk (rise edge)                    0.00       0.00
  clock network delay (ideal)              0.00       0.00
  input external delay                     0.01       0.01 r
  inp_a[13] (in)                           0.00       0.01 r
  U177/ZN (CKND2BWP16P90LVT)               0.01       0.02 f
  U65/ZN (CKND2BWP16P90LVT)                0.01       0.03 r
  U208/Z (XOR2D2BWP16P90LVT)               0.02       0.04 f
  U209/ZN (CKND2BWP16P90LVT)               0.01       0.05 r
  U196/ZN (ND2D2BWP16P90LVT)               0.01       0.06 f
  U622/ZN (OAI22D1BWP16P90LVT)             0.01       0.08 r
  U664/S (FA1D1BWP16P90LVT)                0.03       0.11 f
  U683/ZN (ND2D1BWP16P90LVT)               0.01       0.11 r
  U97/ZN (ND3D1BWP16P90LVT)                0.01       0.12 f
  U696/CO (FA1D1BWP16P90LVT)               0.02       0.15 f
  U720/S (FA1D1BWP16P90LVT)                0.03       0.18 r
  U703/ZN (NR2D2BWP16P90LVT)               0.01       0.19 f
  U794/ZN (OAI21D2BWP16P90LVT)             0.01       0.20 r
  U797/ZN (AOI21D4BWP16P90LVT)             0.01       0.21 f
  U890/ZN (OAI21D1BWP16P90LVT)             0.01       0.22 r
  U891/ZN (AOI21D1BWP16P90LVT)             0.01       0.22 f
  U894/Z (XOR2D1BWP16P90LVT)               0.01       0.24 r
  prod_reg[29]/D (DFCNQD2BWP16P90LVT)      0.00       0.24 r
  data arrival time                                   0.24

  clock clk (rise edge)                    0.25       0.25
  clock network delay (ideal)              0.00       0.25
  clock uncertainty                       -0.01       0.24
  prod_reg[29]/CP (DFCNQD2BWP16P90LVT)     0.00       0.24 r
  library setup time                      -0.01       0.24
  data required time                                  0.24
  -----------------------------------------------------------
  data required time                                  0.24
  data arrival time                                  -0.24
  -----------------------------------------------------------
  slack (MET)                                         0.00


  Startpoint: inp_a[13] (input port clocked by clk)
  Endpoint: prod_reg[31]
            (rising edge-triggered flip-flop clocked by clk)
  Path Group: clk
  Path Type: max

  Des/Clust/Port     Wire Load Model       Library
  ------------------------------------------------
  mult               ZeroWireload          N16ADFP_StdCelltt0p8v25c

  Point                                    Incr       Path
  -----------------------------------------------------------
  clock clk (rise edge)                    0.00       0.00
  clock network delay (ideal)              0.00       0.00
  input external delay                     0.01       0.01 r
  inp_a[13] (in)                           0.00       0.01 r
  U177/ZN (CKND2BWP16P90LVT)               0.01       0.02 f
  U65/ZN (CKND2BWP16P90LVT)                0.01       0.03 r
  U208/Z (XOR2D2BWP16P90LVT)               0.02       0.04 f
  U209/ZN (CKND2BWP16P90LVT)               0.01       0.05 r
  U196/ZN (ND2D2BWP16P90LVT)               0.01       0.06 f
  U622/ZN (OAI22D1BWP16P90LVT)             0.01       0.08 r
  U664/S (FA1D1BWP16P90LVT)                0.03       0.11 f
  U683/ZN (ND2D1BWP16P90LVT)               0.01       0.11 r
  U97/ZN (ND3D1BWP16P90LVT)                0.01       0.12 f
  U696/CO (FA1D1BWP16P90LVT)               0.02       0.15 f
  U720/S (FA1D1BWP16P90LVT)                0.03       0.18 r
  U703/ZN (NR2D2BWP16P90LVT)               0.01       0.19 f
  U794/ZN (OAI21D2BWP16P90LVT)             0.01       0.20 r
  U797/ZN (AOI21D4BWP16P90LVT)             0.01       0.21 f
  U901/ZN (OAI21D1BWP16P90LVT)             0.01       0.22 r
  U902/ZN (AOI21D1BWP16P90LVT)             0.01       0.22 f
  U910/Z (XOR2D1BWP16P90LVT)               0.01       0.24 r
  prod_reg[31]/D (DFCNQD2BWP16P90LVT)      0.00       0.24 r
  data arrival time                                   0.24

  clock clk (rise edge)                    0.25       0.25
  clock network delay (ideal)              0.00       0.25
  clock uncertainty                       -0.01       0.24
  prod_reg[31]/CP (DFCNQD2BWP16P90LVT)     0.00       0.24 r
  library setup time                      -0.01       0.24
  data required time                                  0.24
  -----------------------------------------------------------
  data required time                                  0.24
  data arrival time                                  -0.24
  -----------------------------------------------------------
  slack (MET)                                         0.00


  Startpoint: inp_a[13] (input port clocked by clk)
  Endpoint: prod_reg[29]
            (rising edge-triggered flip-flop clocked by clk)
  Path Group: clk
  Path Type: max

  Des/Clust/Port     Wire Load Model       Library
  ------------------------------------------------
  mult               ZeroWireload          N16ADFP_StdCelltt0p8v25c

  Point                                    Incr       Path
  -----------------------------------------------------------
  clock clk (rise edge)                    0.00       0.00
  clock network delay (ideal)              0.00       0.00
  input external delay                     0.01       0.01 f
  inp_a[13] (in)                           0.00       0.01 f
  U177/ZN (CKND2BWP16P90LVT)               0.01       0.02 r
  U65/ZN (CKND2BWP16P90LVT)                0.01       0.03 f
  U208/Z (XOR2D2BWP16P90LVT)               0.02       0.04 r
  U209/ZN (CKND2BWP16P90LVT)               0.01       0.05 f
  U197/ZN (ND2D1BWP16P90LVT)               0.01       0.06 r
  U717/ZN (OAI22D1BWP16P90LVT)             0.01       0.07 f
  U724/CO (FA1D1BWP16P90LVT)               0.02       0.09 f
  U750/CO (FA1D1BWP16P90LVT)               0.02       0.11 f
  U761/S (FA1D1BWP16P90LVT)                0.03       0.15 r
  U762/S (FA1D1BWP16P90LVT)                0.03       0.18 f
  U258/ZN (ND2D2BWP16P90LVT)               0.01       0.18 r
  U264/ZN (IAOI21D2BWP16P90LVT)            0.01       0.20 r
  U863/ZN (INVD1BWP16P90LVT)               0.01       0.20 f
  U889/ZN (AOI21D1BWP16P90LVT)             0.01       0.21 r
  U890/ZN (OAI21D1BWP16P90LVT)             0.01       0.22 f
  U891/ZN (AOI21D1BWP16P90LVT)             0.01       0.23 r
  U894/Z (XOR2D1BWP16P90LVT)               0.01       0.24 r
  prod_reg[29]/D (DFCNQD2BWP16P90LVT)      0.00       0.24 r
  data arrival time                                   0.24

  clock clk (rise edge)                    0.25       0.25
  clock network delay (ideal)              0.00       0.25
  clock uncertainty                       -0.01       0.24
  prod_reg[29]/CP (DFCNQD2BWP16P90LVT)     0.00       0.24 r
  library setup time                      -0.01       0.24
  data required time                                  0.24
  -----------------------------------------------------------
  data required time                                  0.24
  data arrival time                                  -0.24
  -----------------------------------------------------------
  slack (MET)                                         0.00


  Startpoint: inp_a[9] (input port clocked by clk)
  Endpoint: prod_reg[30]
            (rising edge-triggered flip-flop clocked by clk)
  Path Group: clk
  Path Type: max

  Des/Clust/Port     Wire Load Model       Library
  ------------------------------------------------
  mult               ZeroWireload          N16ADFP_StdCelltt0p8v25c

  Point                                    Incr       Path
  -----------------------------------------------------------
  clock clk (rise edge)                    0.00       0.00
  clock network delay (ideal)              0.00       0.00
  input external delay                     0.01       0.01 f
  inp_a[9] (in)                            0.00       0.01 f
  U180/ZN (CKND2BWP16P90LVT)               0.01       0.02 r
  U245/ZN (CKND2BWP16P90LVT)               0.01       0.03 f
  U316/ZN (XNR2D8BWP16P90LVT)              0.02       0.04 r
  U211/ZN (CKND8BWP16P90LVT)               0.00       0.05 f
  U212/ZN (INVD4BWP16P90LVT)               0.00       0.05 r
  U199/ZN (ND2D2BWP16P90LVT)               0.01       0.06 f
  U273/ZN (OAI22D4BWP16P90LVT)             0.01       0.07 r
  U271/ZN (XNR3D4BWP16P90LVT)              0.03       0.10 f
  U598/S (FA1D1BWP16P90LVT)                0.03       0.13 r
  U602/S (FA1D1BWP16P90LVT)                0.03       0.16 f
  U257/ZN (NR2D2BWP16P90LVT)               0.01       0.17 r
  U595/ZN (OAI21D1BWP16P90LVT)             0.01       0.18 f
  U596/ZN (AOI21D1BWP16P90LVT)             0.01       0.19 r
  U607/ZN (OAI21D2BWP16P90LVT)             0.01       0.20 f
  U787/ZN (AOI21D4BWP16P90LVT)             0.01       0.21 r
  U792/ZN (OAI21D8BWP16P90LVT)             0.01       0.22 f
  U868/ZN (AOI21D1BWP16P90LVT)             0.01       0.23 r
  U878/Z (XOR2D1BWP16P90LVT)               0.01       0.24 r
  prod_reg[30]/D (DFCNQD2BWP16P90LVT)      0.00       0.24 r
  data arrival time                                   0.24

  clock clk (rise edge)                    0.25       0.25
  clock network delay (ideal)              0.00       0.25
  clock uncertainty                       -0.01       0.24
  prod_reg[30]/CP (DFCNQD2BWP16P90LVT)     0.00       0.24 r
  library setup time                      -0.01       0.24
  data required time                                  0.24
  -----------------------------------------------------------
  data required time                                  0.24
  data arrival time                                  -0.24
  -----------------------------------------------------------
  slack (MET)                                         0.00


  Startpoint: inp_a[9] (input port clocked by clk)
  Endpoint: prod_reg[27]
            (rising edge-triggered flip-flop clocked by clk)
  Path Group: clk
  Path Type: max

  Des/Clust/Port     Wire Load Model       Library
  ------------------------------------------------
  mult               ZeroWireload          N16ADFP_StdCelltt0p8v25c

  Point                                    Incr       Path
  -----------------------------------------------------------
  clock clk (rise edge)                    0.00       0.00
  clock network delay (ideal)              0.00       0.00
  input external delay                     0.01       0.01 f
  inp_a[9] (in)                            0.00       0.01 f
  U180/ZN (CKND2BWP16P90LVT)               0.01       0.02 r
  U245/ZN (CKND2BWP16P90LVT)               0.01       0.03 f
  U316/ZN (XNR2D8BWP16P90LVT)              0.02       0.04 r
  U211/ZN (CKND8BWP16P90LVT)               0.00       0.05 f
  U212/ZN (INVD4BWP16P90LVT)               0.00       0.05 r
  U199/ZN (ND2D2BWP16P90LVT)               0.01       0.06 f
  U273/ZN (OAI22D4BWP16P90LVT)             0.01       0.07 r
  U271/ZN (XNR3D4BWP16P90LVT)              0.03       0.10 f
  U598/S (FA1D1BWP16P90LVT)                0.03       0.13 r
  U602/S (FA1D1BWP16P90LVT)                0.03       0.16 f
  U257/ZN (NR2D2BWP16P90LVT)               0.01       0.17 r
  U595/ZN (OAI21D1BWP16P90LVT)             0.01       0.18 f
  U596/ZN (AOI21D1BWP16P90LVT)             0.01       0.19 r
  U607/ZN (OAI21D2BWP16P90LVT)             0.01       0.20 f
  U787/ZN (AOI21D4BWP16P90LVT)             0.01       0.21 r
  U792/ZN (OAI21D8BWP16P90LVT)             0.01       0.22 f
  U848/ZN (AOI21D1BWP16P90LVT)             0.01       0.23 r
  U850/Z (XOR2D1BWP16P90LVT)               0.01       0.24 r
  prod_reg[27]/D (DFCNQD2BWP16P90LVT)      0.00       0.24 r
  data arrival time                                   0.24

  clock clk (rise edge)                    0.25       0.25
  clock network delay (ideal)              0.00       0.25
  clock uncertainty                       -0.01       0.24
  prod_reg[27]/CP (DFCNQD2BWP16P90LVT)     0.00       0.24 r
  library setup time                      -0.01       0.24
  data required time                                  0.24
  -----------------------------------------------------------
  data required time                                  0.24
  data arrival time                                  -0.24
  -----------------------------------------------------------
  slack (MET)                                         0.00


  Startpoint: inp_a[9] (input port clocked by clk)
  Endpoint: prod_reg[25]
            (rising edge-triggered flip-flop clocked by clk)
  Path Group: clk
  Path Type: max

  Des/Clust/Port     Wire Load Model       Library
  ------------------------------------------------
  mult               ZeroWireload          N16ADFP_StdCelltt0p8v25c

  Point                                    Incr       Path
  -----------------------------------------------------------
  clock clk (rise edge)                    0.00       0.00
  clock network delay (ideal)              0.00       0.00
  input external delay                     0.01       0.01 f
  inp_a[9] (in)                            0.00       0.01 f
  U180/ZN (CKND2BWP16P90LVT)               0.01       0.02 r
  U245/ZN (CKND2BWP16P90LVT)               0.01       0.03 f
  U316/ZN (XNR2D8BWP16P90LVT)              0.02       0.04 r
  U211/ZN (CKND8BWP16P90LVT)               0.00       0.05 f
  U212/ZN (INVD4BWP16P90LVT)               0.00       0.05 r
  U199/ZN (ND2D2BWP16P90LVT)               0.01       0.06 f
  U273/ZN (OAI22D4BWP16P90LVT)             0.01       0.07 r
  U271/ZN (XNR3D4BWP16P90LVT)              0.03       0.10 f
  U598/S (FA1D1BWP16P90LVT)                0.03       0.13 r
  U602/S (FA1D1BWP16P90LVT)                0.03       0.16 f
  U257/ZN (NR2D2BWP16P90LVT)               0.01       0.17 r
  U595/ZN (OAI21D1BWP16P90LVT)             0.01       0.18 f
  U596/ZN (AOI21D1BWP16P90LVT)             0.01       0.19 r
  U607/ZN (OAI21D2BWP16P90LVT)             0.01       0.20 f
  U787/ZN (AOI21D4BWP16P90LVT)             0.01       0.21 r
  U792/ZN (OAI21D8BWP16P90LVT)             0.01       0.22 f
  U834/ZN (AOI21D1BWP16P90LVT)             0.01       0.23 r
  U837/Z (XOR2D1BWP16P90LVT)               0.01       0.24 r
  prod_reg[25]/D (DFCNQD2BWP16P90LVT)      0.00       0.24 r
  data arrival time                                   0.24

  clock clk (rise edge)                    0.25       0.25
  clock network delay (ideal)              0.00       0.25
  clock uncertainty                       -0.01       0.24
  prod_reg[25]/CP (DFCNQD2BWP16P90LVT)     0.00       0.24 r
  library setup time                      -0.01       0.24
  data required time                                  0.24
  -----------------------------------------------------------
  data required time                                  0.24
  data arrival time                                  -0.24
  -----------------------------------------------------------
  slack (MET)                                         0.00


  Startpoint: inp_a[9] (input port clocked by clk)
  Endpoint: prod_reg[29]
            (rising edge-triggered flip-flop clocked by clk)
  Path Group: clk
  Path Type: max

  Des/Clust/Port     Wire Load Model       Library
  ------------------------------------------------
  mult               ZeroWireload          N16ADFP_StdCelltt0p8v25c

  Point                                    Incr       Path
  -----------------------------------------------------------
  clock clk (rise edge)                    0.00       0.00
  clock network delay (ideal)              0.00       0.00
  input external delay                     0.01       0.01 f
  inp_a[9] (in)                            0.00       0.01 f
  U180/ZN (CKND2BWP16P90LVT)               0.01       0.02 r
  U245/ZN (CKND2BWP16P90LVT)               0.01       0.03 f
  U316/ZN (XNR2D8BWP16P90LVT)              0.02       0.04 r
  U211/ZN (CKND8BWP16P90LVT)               0.00       0.05 f
  U212/ZN (INVD4BWP16P90LVT)               0.00       0.05 r
  U199/ZN (ND2D2BWP16P90LVT)               0.01       0.06 f
  U273/ZN (OAI22D4BWP16P90LVT)             0.01       0.07 r
  U271/ZN (XNR3D4BWP16P90LVT)              0.03       0.10 f
  U598/S (FA1D1BWP16P90LVT)                0.03       0.13 r
  U602/S (FA1D1BWP16P90LVT)                0.03       0.16 f
  U257/ZN (NR2D2BWP16P90LVT)               0.01       0.17 r
  U595/ZN (OAI21D1BWP16P90LVT)             0.01       0.18 f
  U596/ZN (AOI21D1BWP16P90LVT)             0.01       0.19 r
  U607/ZN (OAI21D2BWP16P90LVT)             0.01       0.20 f
  U787/ZN (AOI21D4BWP16P90LVT)             0.01       0.21 r
  U792/ZN (OAI21D8BWP16P90LVT)             0.01       0.22 f
  U891/ZN (AOI21D1BWP16P90LVT)             0.01       0.23 r
  U894/Z (XOR2D1BWP16P90LVT)               0.01       0.24 r
  prod_reg[29]/D (DFCNQD2BWP16P90LVT)      0.00       0.24 r
  data arrival time                                   0.24

  clock clk (rise edge)                    0.25       0.25
  clock network delay (ideal)              0.00       0.25
  clock uncertainty                       -0.01       0.24
  prod_reg[29]/CP (DFCNQD2BWP16P90LVT)     0.00       0.24 r
  library setup time                      -0.01       0.24
  data required time                                  0.24
  -----------------------------------------------------------
  data required time                                  0.24
  data arrival time                                  -0.24
  -----------------------------------------------------------
  slack (MET)                                         0.00


  Startpoint: inp_a[9] (input port clocked by clk)
  Endpoint: prod_reg[26]
            (rising edge-triggered flip-flop clocked by clk)
  Path Group: clk
  Path Type: max

  Des/Clust/Port     Wire Load Model       Library
  ------------------------------------------------
  mult               ZeroWireload          N16ADFP_StdCelltt0p8v25c

  Point                                    Incr       Path
  -----------------------------------------------------------
  clock clk (rise edge)                    0.00       0.00
  clock network delay (ideal)              0.00       0.00
  input external delay                     0.01       0.01 f
  inp_a[9] (in)                            0.00       0.01 f
  U180/ZN (CKND2BWP16P90LVT)               0.01       0.02 r
  U245/ZN (CKND2BWP16P90LVT)               0.01       0.03 f
  U316/ZN (XNR2D8BWP16P90LVT)              0.02       0.04 r
  U211/ZN (CKND8BWP16P90LVT)               0.00       0.05 f
  U212/ZN (INVD4BWP16P90LVT)               0.00       0.05 r
  U199/ZN (ND2D2BWP16P90LVT)               0.01       0.06 f
  U273/ZN (OAI22D4BWP16P90LVT)             0.01       0.07 r
  U271/ZN (XNR3D4BWP16P90LVT)              0.03       0.10 f
  U598/S (FA1D1BWP16P90LVT)                0.03       0.13 r
  U602/S (FA1D1BWP16P90LVT)                0.03       0.16 f
  U257/ZN (NR2D2BWP16P90LVT)               0.01       0.17 r
  U595/ZN (OAI21D1BWP16P90LVT)             0.01       0.18 f
  U596/ZN (AOI21D1BWP16P90LVT)             0.01       0.19 r
  U607/ZN (OAI21D2BWP16P90LVT)             0.01       0.20 f
  U787/ZN (AOI21D4BWP16P90LVT)             0.01       0.21 r
  U792/ZN (OAI21D8BWP16P90LVT)             0.01       0.22 f
  U883/ZN (AOI21D1BWP16P90LVT)             0.01       0.23 r
  U885/Z (XOR2D1BWP16P90LVT)               0.01       0.24 r
  prod_reg[26]/D (DFCNQD2BWP16P90LVT)      0.00       0.24 r
  data arrival time                                   0.24

  clock clk (rise edge)                    0.25       0.25
  clock network delay (ideal)              0.00       0.25
  clock uncertainty                       -0.01       0.24
  prod_reg[26]/CP (DFCNQD2BWP16P90LVT)     0.00       0.24 r
  library setup time                      -0.01       0.24
  data required time                                  0.24
  -----------------------------------------------------------
  data required time                                  0.24
  data arrival time                                  -0.24
  -----------------------------------------------------------
  slack (MET)                                         0.00


  Startpoint: inp_a[9] (input port clocked by clk)
  Endpoint: prod_reg[31]
            (rising edge-triggered flip-flop clocked by clk)
  Path Group: clk
  Path Type: max

  Des/Clust/Port     Wire Load Model       Library
  ------------------------------------------------
  mult               ZeroWireload          N16ADFP_StdCelltt0p8v25c

  Point                                    Incr       Path
  -----------------------------------------------------------
  clock clk (rise edge)                    0.00       0.00
  clock network delay (ideal)              0.00       0.00
  input external delay                     0.01       0.01 f
  inp_a[9] (in)                            0.00       0.01 f
  U180/ZN (CKND2BWP16P90LVT)               0.01       0.02 r
  U245/ZN (CKND2BWP16P90LVT)               0.01       0.03 f
  U316/ZN (XNR2D8BWP16P90LVT)              0.02       0.04 r
  U211/ZN (CKND8BWP16P90LVT)               0.00       0.05 f
  U212/ZN (INVD4BWP16P90LVT)               0.00       0.05 r
  U199/ZN (ND2D2BWP16P90LVT)               0.01       0.06 f
  U273/ZN (OAI22D4BWP16P90LVT)             0.01       0.07 r
  U271/ZN (XNR3D4BWP16P90LVT)              0.03       0.10 f
  U598/S (FA1D1BWP16P90LVT)                0.03       0.13 r
  U602/S (FA1D1BWP16P90LVT)                0.03       0.16 f
  U257/ZN (NR2D2BWP16P90LVT)               0.01       0.17 r
  U595/ZN (OAI21D1BWP16P90LVT)             0.01       0.18 f
  U596/ZN (AOI21D1BWP16P90LVT)             0.01       0.19 r
  U607/ZN (OAI21D2BWP16P90LVT)             0.01       0.20 f
  U787/ZN (AOI21D4BWP16P90LVT)             0.01       0.21 r
  U792/ZN (OAI21D8BWP16P90LVT)             0.01       0.22 f
  U902/ZN (AOI21D1BWP16P90LVT)             0.01       0.23 r
  U910/Z (XOR2D1BWP16P90LVT)               0.01       0.24 r
  prod_reg[31]/D (DFCNQD2BWP16P90LVT)      0.00       0.24 r
  data arrival time                                   0.24

  clock clk (rise edge)                    0.25       0.25
  clock network delay (ideal)              0.00       0.25
  clock uncertainty                       -0.01       0.24
  prod_reg[31]/CP (DFCNQD2BWP16P90LVT)     0.00       0.24 r
  library setup time                      -0.01       0.24
  data required time                                  0.24
  -----------------------------------------------------------
  data required time                                  0.24
  data arrival time                                  -0.24
  -----------------------------------------------------------
  slack (MET)                                         0.00


  Startpoint: inp_a[13] (input port clocked by clk)
  Endpoint: prod_reg[28]
            (rising edge-triggered flip-flop clocked by clk)
  Path Group: clk
  Path Type: max

  Des/Clust/Port     Wire Load Model       Library
  ------------------------------------------------
  mult               ZeroWireload          N16ADFP_StdCelltt0p8v25c

  Point                                    Incr       Path
  -----------------------------------------------------------
  clock clk (rise edge)                    0.00       0.00
  clock network delay (ideal)              0.00       0.00
  input external delay                     0.01       0.01 r
  inp_a[13] (in)                           0.00       0.01 r
  U177/ZN (CKND2BWP16P90LVT)               0.01       0.02 f
  U65/ZN (CKND2BWP16P90LVT)                0.01       0.03 r
  U208/Z (XOR2D2BWP16P90LVT)               0.02       0.04 f
  U209/ZN (CKND2BWP16P90LVT)               0.01       0.05 r
  U197/ZN (ND2D1BWP16P90LVT)               0.01       0.06 f
  U674/ZN (OAI22D1BWP16P90LVT)             0.01       0.07 r
  U687/S (FA1D1BWP16P90LVT)                0.03       0.10 f
  U163/ZN (OAI21D1BWP16P90LVT)             0.01       0.11 r
  U296/ZN (OAI21D2BWP16P90LVT)             0.01       0.12 f
  U700/ZN (XNR3D4BWP16P90LVT)              0.03       0.15 f
  U720/S (FA1D1BWP16P90LVT)                0.03       0.18 r
  U703/ZN (NR2D2BWP16P90LVT)               0.01       0.19 f
  U794/ZN (OAI21D2BWP16P90LVT)             0.01       0.20 r
  U797/ZN (AOI21D4BWP16P90LVT)             0.01       0.21 f
  U805/ZN (OAI21D1BWP16P90LVT)             0.01       0.22 r
  U806/ZN (AOI21D1BWP16P90LVT)             0.01       0.22 f
  U820/Z (XOR2D1BWP16P90LVT)               0.01       0.24 r
  prod_reg[28]/D (DFCNQD1BWP16P90LVT)      0.00       0.24 r
  data arrival time                                   0.24

  clock clk (rise edge)                    0.25       0.25
  clock network delay (ideal)              0.00       0.25
  clock uncertainty                       -0.01       0.24
  prod_reg[28]/CP (DFCNQD1BWP16P90LVT)     0.00       0.24 r
  library setup time                      -0.01       0.24
  data required time                                  0.24
  -----------------------------------------------------------
  data required time                                  0.24
  data arrival time                                  -0.24
  -----------------------------------------------------------
  slack (MET)                                         0.00


  Startpoint: inp_a[13] (input port clocked by clk)
  Endpoint: prod_reg[25]
            (rising edge-triggered flip-flop clocked by clk)
  Path Group: clk
  Path Type: max

  Des/Clust/Port     Wire Load Model       Library
  ------------------------------------------------
  mult               ZeroWireload          N16ADFP_StdCelltt0p8v25c

  Point                                    Incr       Path
  -----------------------------------------------------------
  clock clk (rise edge)                    0.00       0.00
  clock network delay (ideal)              0.00       0.00
  input external delay                     0.01       0.01 r
  inp_a[13] (in)                           0.00       0.01 r
  U177/ZN (CKND2BWP16P90LVT)               0.01       0.02 f
  U65/ZN (CKND2BWP16P90LVT)                0.01       0.03 r
  U208/Z (XOR2D2BWP16P90LVT)               0.02       0.04 f
  U209/ZN (CKND2BWP16P90LVT)               0.01       0.05 r
  U196/ZN (ND2D2BWP16P90LVT)               0.01       0.06 f
  U622/ZN (OAI22D1BWP16P90LVT)             0.01       0.08 r
  U664/S (FA1D1BWP16P90LVT)                0.03       0.11 f
  U683/ZN (ND2D1BWP16P90LVT)               0.01       0.11 r
  U97/ZN (ND3D1BWP16P90LVT)                0.01       0.12 f
  U696/CO (FA1D1BWP16P90LVT)               0.02       0.15 f
  U720/S (FA1D1BWP16P90LVT)                0.03       0.18 r
  U703/ZN (NR2D2BWP16P90LVT)               0.01       0.19 f
  U794/ZN (OAI21D2BWP16P90LVT)             0.01       0.20 r
  U797/ZN (AOI21D4BWP16P90LVT)             0.01       0.21 f
  U833/ZN (OAI21D1BWP16P90LVT)             0.01       0.22 r
  U834/ZN (AOI21D1BWP16P90LVT)             0.01       0.22 f
  U837/Z (XOR2D1BWP16P90LVT)               0.01       0.24 r
  prod_reg[25]/D (DFCNQD2BWP16P90LVT)      0.00       0.24 r
  data arrival time                                   0.24

  clock clk (rise edge)                    0.25       0.25
  clock network delay (ideal)              0.00       0.25
  clock uncertainty                       -0.01       0.24
  prod_reg[25]/CP (DFCNQD2BWP16P90LVT)     0.00       0.24 r
  library setup time                      -0.01       0.24
  data required time                                  0.24
  -----------------------------------------------------------
  data required time                                  0.24
  data arrival time                                  -0.24
  -----------------------------------------------------------
  slack (MET)                                         0.00


  Startpoint: inp_a[13] (input port clocked by clk)
  Endpoint: prod_reg[30]
            (rising edge-triggered flip-flop clocked by clk)
  Path Group: clk
  Path Type: max

  Des/Clust/Port     Wire Load Model       Library
  ------------------------------------------------
  mult               ZeroWireload          N16ADFP_StdCelltt0p8v25c

  Point                                    Incr       Path
  -----------------------------------------------------------
  clock clk (rise edge)                    0.00       0.00
  clock network delay (ideal)              0.00       0.00
  input external delay                     0.01       0.01 r
  inp_a[13] (in)                           0.00       0.01 r
  U177/ZN (CKND2BWP16P90LVT)               0.01       0.02 f
  U65/ZN (CKND2BWP16P90LVT)                0.01       0.03 r
  U208/Z (XOR2D2BWP16P90LVT)               0.02       0.04 f
  U209/ZN (CKND2BWP16P90LVT)               0.01       0.05 r
  U196/ZN (ND2D2BWP16P90LVT)               0.01       0.06 f
  U622/ZN (OAI22D1BWP16P90LVT)             0.01       0.08 r
  U664/S (FA1D1BWP16P90LVT)                0.03       0.11 f
  U683/ZN (ND2D1BWP16P90LVT)               0.01       0.11 r
  U97/ZN (ND3D1BWP16P90LVT)                0.01       0.12 f
  U696/CO (FA1D1BWP16P90LVT)               0.02       0.15 f
  U720/S (FA1D1BWP16P90LVT)                0.03       0.18 r
  U703/ZN (NR2D2BWP16P90LVT)               0.01       0.19 f
  U794/ZN (OAI21D2BWP16P90LVT)             0.01       0.20 r
  U797/ZN (AOI21D4BWP16P90LVT)             0.01       0.21 f
  U867/ZN (OAI21D1BWP16P90LVT)             0.01       0.22 r
  U868/ZN (AOI21D1BWP16P90LVT)             0.01       0.22 f
  U878/Z (XOR2D1BWP16P90LVT)               0.01       0.24 r
  prod_reg[30]/D (DFCNQD2BWP16P90LVT)      0.00       0.24 r
  data arrival time                                   0.24

  clock clk (rise edge)                    0.25       0.25
  clock network delay (ideal)              0.00       0.25
  clock uncertainty                       -0.01       0.24
  prod_reg[30]/CP (DFCNQD2BWP16P90LVT)     0.00       0.24 r
  library setup time                      -0.01       0.24
  data required time                                  0.24
  -----------------------------------------------------------
  data required time                                  0.24
  data arrival time                                  -0.24
  -----------------------------------------------------------
  slack (MET)                                         0.00


  Startpoint: inp_a[13] (input port clocked by clk)
  Endpoint: prod_reg[27]
            (rising edge-triggered flip-flop clocked by clk)
  Path Group: clk
  Path Type: max

  Des/Clust/Port     Wire Load Model       Library
  ------------------------------------------------
  mult               ZeroWireload          N16ADFP_StdCelltt0p8v25c

  Point                                    Incr       Path
  -----------------------------------------------------------
  clock clk (rise edge)                    0.00       0.00
  clock network delay (ideal)              0.00       0.00
  input external delay                     0.01       0.01 r
  inp_a[13] (in)                           0.00       0.01 r
  U177/ZN (CKND2BWP16P90LVT)               0.01       0.02 f
  U65/ZN (CKND2BWP16P90LVT)                0.01       0.03 r
  U208/Z (XOR2D2BWP16P90LVT)               0.02       0.04 f
  U209/ZN (CKND2BWP16P90LVT)               0.01       0.05 r
  U196/ZN (ND2D2BWP16P90LVT)               0.01       0.06 f
  U622/ZN (OAI22D1BWP16P90LVT)             0.01       0.08 r
  U664/S (FA1D1BWP16P90LVT)                0.03       0.11 f
  U683/ZN (ND2D1BWP16P90LVT)               0.01       0.11 r
  U97/ZN (ND3D1BWP16P90LVT)                0.01       0.12 f
  U696/CO (FA1D1BWP16P90LVT)               0.02       0.15 f
  U720/S (FA1D1BWP16P90LVT)                0.03       0.18 r
  U703/ZN (NR2D2BWP16P90LVT)               0.01       0.19 f
  U794/ZN (OAI21D2BWP16P90LVT)             0.01       0.20 r
  U797/ZN (AOI21D4BWP16P90LVT)             0.01       0.21 f
  U847/ZN (OAI21D1BWP16P90LVT)             0.01       0.22 r
  U848/ZN (AOI21D1BWP16P90LVT)             0.01       0.22 f
  U850/Z (XOR2D1BWP16P90LVT)               0.01       0.24 r
  prod_reg[27]/D (DFCNQD2BWP16P90LVT)      0.00       0.24 r
  data arrival time                                   0.24

  clock clk (rise edge)                    0.25       0.25
  clock network delay (ideal)              0.00       0.25
  clock uncertainty                       -0.01       0.24
  prod_reg[27]/CP (DFCNQD2BWP16P90LVT)     0.00       0.24 r
  library setup time                      -0.01       0.24
  data required time                                  0.24
  -----------------------------------------------------------
  data required time                                  0.24
  data arrival time                                  -0.24
  -----------------------------------------------------------
  slack (MET)                                         0.00


  Startpoint: inp_a[13] (input port clocked by clk)
  Endpoint: prod_reg[26]
            (rising edge-triggered flip-flop clocked by clk)
  Path Group: clk
  Path Type: max

  Des/Clust/Port     Wire Load Model       Library
  ------------------------------------------------
  mult               ZeroWireload          N16ADFP_StdCelltt0p8v25c

  Point                                    Incr       Path
  -----------------------------------------------------------
  clock clk (rise edge)                    0.00       0.00
  clock network delay (ideal)              0.00       0.00
  input external delay                     0.01       0.01 r
  inp_a[13] (in)                           0.00       0.01 r
  U177/ZN (CKND2BWP16P90LVT)               0.01       0.02 f
  U65/ZN (CKND2BWP16P90LVT)                0.01       0.03 r
  U208/Z (XOR2D2BWP16P90LVT)               0.02       0.04 f
  U209/ZN (CKND2BWP16P90LVT)               0.01       0.05 r
  U196/ZN (ND2D2BWP16P90LVT)               0.01       0.06 f
  U622/ZN (OAI22D1BWP16P90LVT)             0.01       0.08 r
  U664/S (FA1D1BWP16P90LVT)                0.03       0.11 f
  U683/ZN (ND2D1BWP16P90LVT)               0.01       0.11 r
  U97/ZN (ND3D1BWP16P90LVT)                0.01       0.12 f
  U696/CO (FA1D1BWP16P90LVT)               0.02       0.15 f
  U720/S (FA1D1BWP16P90LVT)                0.03       0.18 r
  U703/ZN (NR2D2BWP16P90LVT)               0.01       0.19 f
  U794/ZN (OAI21D2BWP16P90LVT)             0.01       0.20 r
  U797/ZN (AOI21D4BWP16P90LVT)             0.01       0.21 f
  U882/ZN (OAI21D1BWP16P90LVT)             0.01       0.22 r
  U883/ZN (AOI21D1BWP16P90LVT)             0.01       0.22 f
  U885/Z (XOR2D1BWP16P90LVT)               0.01       0.24 r
  prod_reg[26]/D (DFCNQD2BWP16P90LVT)      0.00       0.24 r
  data arrival time                                   0.24

  clock clk (rise edge)                    0.25       0.25
  clock network delay (ideal)              0.00       0.25
  clock uncertainty                       -0.01       0.24
  prod_reg[26]/CP (DFCNQD2BWP16P90LVT)     0.00       0.24 r
  library setup time                      -0.01       0.24
  data required time                                  0.24
  -----------------------------------------------------------
  data required time                                  0.24
  data arrival time                                  -0.24
  -----------------------------------------------------------
  slack (MET)                                         0.00


  Startpoint: inp_a[13] (input port clocked by clk)
  Endpoint: prod_reg[29]
            (rising edge-triggered flip-flop clocked by clk)
  Path Group: clk
  Path Type: max

  Des/Clust/Port     Wire Load Model       Library
  ------------------------------------------------
  mult               ZeroWireload          N16ADFP_StdCelltt0p8v25c

  Point                                    Incr       Path
  -----------------------------------------------------------
  clock clk (rise edge)                    0.00       0.00
  clock network delay (ideal)              0.00       0.00
  input external delay                     0.01       0.01 r
  inp_a[13] (in)                           0.00       0.01 r
  U177/ZN (CKND2BWP16P90LVT)               0.01       0.02 f
  U65/ZN (CKND2BWP16P90LVT)                0.01       0.03 r
  U208/Z (XOR2D2BWP16P90LVT)               0.02       0.04 f
  U209/ZN (CKND2BWP16P90LVT)               0.01       0.05 r
  U196/ZN (ND2D2BWP16P90LVT)               0.01       0.06 f
  U622/ZN (OAI22D1BWP16P90LVT)             0.01       0.08 r
  U664/S (FA1D1BWP16P90LVT)                0.03       0.11 f
  U683/ZN (ND2D1BWP16P90LVT)               0.01       0.11 r
  U97/ZN (ND3D1BWP16P90LVT)                0.01       0.12 f
  U696/CO (FA1D1BWP16P90LVT)               0.02       0.15 f
  U720/S (FA1D1BWP16P90LVT)                0.03       0.18 r
  U703/ZN (NR2D2BWP16P90LVT)               0.01       0.19 f
  U794/ZN (OAI21D2BWP16P90LVT)             0.01       0.20 r
  U797/ZN (AOI21D4BWP16P90LVT)             0.01       0.21 f
  U890/ZN (OAI21D1BWP16P90LVT)             0.01       0.22 r
  U891/ZN (AOI21D1BWP16P90LVT)             0.01       0.22 f
  U894/Z (XOR2D1BWP16P90LVT)               0.01       0.24 r
  prod_reg[29]/D (DFCNQD2BWP16P90LVT)      0.00       0.24 r
  data arrival time                                   0.24

  clock clk (rise edge)                    0.25       0.25
  clock network delay (ideal)              0.00       0.25
  clock uncertainty                       -0.01       0.24
  prod_reg[29]/CP (DFCNQD2BWP16P90LVT)     0.00       0.24 r
  library setup time                      -0.01       0.24
  data required time                                  0.24
  -----------------------------------------------------------
  data required time                                  0.24
  data arrival time                                  -0.24
  -----------------------------------------------------------
  slack (MET)                                         0.00


  Startpoint: inp_a[13] (input port clocked by clk)
  Endpoint: prod_reg[31]
            (rising edge-triggered flip-flop clocked by clk)
  Path Group: clk
  Path Type: max

  Des/Clust/Port     Wire Load Model       Library
  ------------------------------------------------
  mult               ZeroWireload          N16ADFP_StdCelltt0p8v25c

  Point                                    Incr       Path
  -----------------------------------------------------------
  clock clk (rise edge)                    0.00       0.00
  clock network delay (ideal)              0.00       0.00
  input external delay                     0.01       0.01 r
  inp_a[13] (in)                           0.00       0.01 r
  U177/ZN (CKND2BWP16P90LVT)               0.01       0.02 f
  U65/ZN (CKND2BWP16P90LVT)                0.01       0.03 r
  U208/Z (XOR2D2BWP16P90LVT)               0.02       0.04 f
  U209/ZN (CKND2BWP16P90LVT)               0.01       0.05 r
  U196/ZN (ND2D2BWP16P90LVT)               0.01       0.06 f
  U622/ZN (OAI22D1BWP16P90LVT)             0.01       0.08 r
  U664/S (FA1D1BWP16P90LVT)                0.03       0.11 f
  U683/ZN (ND2D1BWP16P90LVT)               0.01       0.11 r
  U97/ZN (ND3D1BWP16P90LVT)                0.01       0.12 f
  U696/CO (FA1D1BWP16P90LVT)               0.02       0.15 f
  U720/S (FA1D1BWP16P90LVT)                0.03       0.18 r
  U703/ZN (NR2D2BWP16P90LVT)               0.01       0.19 f
  U794/ZN (OAI21D2BWP16P90LVT)             0.01       0.20 r
  U797/ZN (AOI21D4BWP16P90LVT)             0.01       0.21 f
  U901/ZN (OAI21D1BWP16P90LVT)             0.01       0.22 r
  U902/ZN (AOI21D1BWP16P90LVT)             0.01       0.22 f
  U910/Z (XOR2D1BWP16P90LVT)               0.01       0.24 r
  prod_reg[31]/D (DFCNQD2BWP16P90LVT)      0.00       0.24 r
  data arrival time                                   0.24

  clock clk (rise edge)                    0.25       0.25
  clock network delay (ideal)              0.00       0.25
  clock uncertainty                       -0.01       0.24
  prod_reg[31]/CP (DFCNQD2BWP16P90LVT)     0.00       0.24 r
  library setup time                      -0.01       0.24
  data required time                                  0.24
  -----------------------------------------------------------
  data required time                                  0.24
  data arrival time                                  -0.24
  -----------------------------------------------------------
  slack (MET)                                         0.00


  Startpoint: inp_a[1] (input port clocked by clk)
  Endpoint: prod_reg[22]
            (rising edge-triggered flip-flop clocked by clk)
  Path Group: clk
  Path Type: max

  Des/Clust/Port     Wire Load Model       Library
  ------------------------------------------------
  mult               ZeroWireload          N16ADFP_StdCelltt0p8v25c

  Point                                    Incr       Path
  -----------------------------------------------------------
  clock clk (rise edge)                    0.00       0.00
  clock network delay (ideal)              0.00       0.00
  input external delay                     0.01       0.01 f
  inp_a[1] (in)                            0.00       0.01 f
  U68/Z (CKBD1BWP16P90LVT)                 0.01       0.03 f
  U306/ZN (XNR2D8BWP16P90LVT)              0.02       0.05 r
  U195/ZN (ND2D4BWP16P90LVT)               0.01       0.06 f
  U483/ZN (OAI22D1BWP16P90LVT)             0.01       0.07 r
  U169/S (HA1D1BWP16P90LVT)                0.02       0.09 f
  U165/S (FA1D1BWP16P90LVT)                0.03       0.12 r
  U498/ZN (NR2D1BWP16P90LVT)               0.01       0.12 f
  U84/ZN (OAI21D1BWP16P90LVT)              0.01       0.13 r
  U91/ZN (AOI21D1BWP16P90LVT)              0.01       0.14 f
  U104/ZN (OAI21D1BWP16P90LVT)             0.01       0.15 r
  U99/ZN (AOI21D1BWP16P90LVT)              0.01       0.16 f
  U573/ZN (OAI21D1BWP16P90LVT)             0.01       0.17 r
  U596/ZN (AOI21D1BWP16P90LVT)             0.01       0.18 f
  U607/ZN (OAI21D2BWP16P90LVT)             0.01       0.20 r
  U787/ZN (AOI21D4BWP16P90LVT)             0.01       0.21 f
  U792/ZN (OAI21D8BWP16P90LVT)             0.01       0.21 r
  U828/ZN (AOI21D1BWP16P90LVT)             0.01       0.22 f
  U831/Z (XOR2D1BWP16P90LVT)               0.01       0.24 r
  prod_reg[22]/D (DFCNQD2BWP16P90LVT)      0.00       0.24 r
  data arrival time                                   0.24

  clock clk (rise edge)                    0.25       0.25
  clock network delay (ideal)              0.00       0.25
  clock uncertainty                       -0.01       0.24
  prod_reg[22]/CP (DFCNQD2BWP16P90LVT)     0.00       0.24 r
  library setup time                      -0.01       0.24
  data required time                                  0.24
  -----------------------------------------------------------
  data required time                                  0.24
  data arrival time                                  -0.24
  -----------------------------------------------------------
  slack (MET)                                         0.00


  Startpoint: inp_a[1] (input port clocked by clk)
  Endpoint: prod_reg[21]
            (rising edge-triggered flip-flop clocked by clk)
  Path Group: clk
  Path Type: max

  Des/Clust/Port     Wire Load Model       Library
  ------------------------------------------------
  mult               ZeroWireload          N16ADFP_StdCelltt0p8v25c

  Point                                    Incr       Path
  -----------------------------------------------------------
  clock clk (rise edge)                    0.00       0.00
  clock network delay (ideal)              0.00       0.00
  input external delay                     0.01       0.01 f
  inp_a[1] (in)                            0.00       0.01 f
  U68/Z (CKBD1BWP16P90LVT)                 0.01       0.03 f
  U306/ZN (XNR2D8BWP16P90LVT)              0.02       0.05 r
  U195/ZN (ND2D4BWP16P90LVT)               0.01       0.06 f
  U483/ZN (OAI22D1BWP16P90LVT)             0.01       0.07 r
  U169/S (HA1D1BWP16P90LVT)                0.02       0.09 f
  U165/S (FA1D1BWP16P90LVT)                0.03       0.12 r
  U498/ZN (NR2D1BWP16P90LVT)               0.01       0.12 f
  U84/ZN (OAI21D1BWP16P90LVT)              0.01       0.13 r
  U91/ZN (AOI21D1BWP16P90LVT)              0.01       0.14 f
  U104/ZN (OAI21D1BWP16P90LVT)             0.01       0.15 r
  U99/ZN (AOI21D1BWP16P90LVT)              0.01       0.16 f
  U573/ZN (OAI21D1BWP16P90LVT)             0.01       0.17 r
  U596/ZN (AOI21D1BWP16P90LVT)             0.01       0.18 f
  U607/ZN (OAI21D2BWP16P90LVT)             0.01       0.20 r
  U787/ZN (AOI21D4BWP16P90LVT)             0.01       0.21 f
  U792/ZN (OAI21D8BWP16P90LVT)             0.01       0.21 r
  U823/ZN (AOI21D1BWP16P90LVT)             0.01       0.22 f
  U826/Z (XOR2D1BWP16P90LVT)               0.01       0.24 r
  prod_reg[21]/D (DFCNQD2BWP16P90LVT)      0.00       0.24 r
  data arrival time                                   0.24

  clock clk (rise edge)                    0.25       0.25
  clock network delay (ideal)              0.00       0.25
  clock uncertainty                       -0.01       0.24
  prod_reg[21]/CP (DFCNQD2BWP16P90LVT)     0.00       0.24 r
  library setup time                      -0.01       0.24
  data required time                                  0.24
  -----------------------------------------------------------
  data required time                                  0.24
  data arrival time                                  -0.24
  -----------------------------------------------------------
  slack (MET)                                         0.00


  Startpoint: inp_a[1] (input port clocked by clk)
  Endpoint: prod_reg[24]
            (rising edge-triggered flip-flop clocked by clk)
  Path Group: clk
  Path Type: max

  Des/Clust/Port     Wire Load Model       Library
  ------------------------------------------------
  mult               ZeroWireload          N16ADFP_StdCelltt0p8v25c

  Point                                    Incr       Path
  -----------------------------------------------------------
  clock clk (rise edge)                    0.00       0.00
  clock network delay (ideal)              0.00       0.00
  input external delay                     0.01       0.01 f
  inp_a[1] (in)                            0.00       0.01 f
  U68/Z (CKBD1BWP16P90LVT)                 0.01       0.03 f
  U306/ZN (XNR2D8BWP16P90LVT)              0.02       0.05 r
  U195/ZN (ND2D4BWP16P90LVT)               0.01       0.06 f
  U483/ZN (OAI22D1BWP16P90LVT)             0.01       0.07 r
  U169/S (HA1D1BWP16P90LVT)                0.02       0.09 f
  U165/S (FA1D1BWP16P90LVT)                0.03       0.12 r
  U498/ZN (NR2D1BWP16P90LVT)               0.01       0.12 f
  U84/ZN (OAI21D1BWP16P90LVT)              0.01       0.13 r
  U91/ZN (AOI21D1BWP16P90LVT)              0.01       0.14 f
  U104/ZN (OAI21D1BWP16P90LVT)             0.01       0.15 r
  U99/ZN (AOI21D1BWP16P90LVT)              0.01       0.16 f
  U573/ZN (OAI21D1BWP16P90LVT)             0.01       0.17 r
  U596/ZN (AOI21D1BWP16P90LVT)             0.01       0.18 f
  U607/ZN (OAI21D2BWP16P90LVT)             0.01       0.20 r
  U787/ZN (AOI21D4BWP16P90LVT)             0.01       0.21 f
  U792/ZN (OAI21D8BWP16P90LVT)             0.01       0.21 r
  U839/ZN (AOI21D1BWP16P90LVT)             0.01       0.22 f
  U841/Z (XOR2D1BWP16P90LVT)               0.01       0.24 r
  prod_reg[24]/D (DFCNQD2BWP16P90LVT)      0.00       0.24 r
  data arrival time                                   0.24

  clock clk (rise edge)                    0.25       0.25
  clock network delay (ideal)              0.00       0.25
  clock uncertainty                       -0.01       0.24
  prod_reg[24]/CP (DFCNQD2BWP16P90LVT)     0.00       0.24 r
  library setup time                      -0.01       0.24
  data required time                                  0.24
  -----------------------------------------------------------
  data required time                                  0.24
  data arrival time                                  -0.24
  -----------------------------------------------------------
  slack (MET)                                         0.00


  Startpoint: inp_a[1] (input port clocked by clk)
  Endpoint: prod_reg[23]
            (rising edge-triggered flip-flop clocked by clk)
  Path Group: clk
  Path Type: max

  Des/Clust/Port     Wire Load Model       Library
  ------------------------------------------------
  mult               ZeroWireload          N16ADFP_StdCelltt0p8v25c

  Point                                    Incr       Path
  -----------------------------------------------------------
  clock clk (rise edge)                    0.00       0.00
  clock network delay (ideal)              0.00       0.00
  input external delay                     0.01       0.01 f
  inp_a[1] (in)                            0.00       0.01 f
  U68/Z (CKBD1BWP16P90LVT)                 0.01       0.03 f
  U306/ZN (XNR2D8BWP16P90LVT)              0.02       0.05 r
  U195/ZN (ND2D4BWP16P90LVT)               0.01       0.06 f
  U483/ZN (OAI22D1BWP16P90LVT)             0.01       0.07 r
  U169/S (HA1D1BWP16P90LVT)                0.02       0.09 f
  U165/S (FA1D1BWP16P90LVT)                0.03       0.12 r
  U498/ZN (NR2D1BWP16P90LVT)               0.01       0.12 f
  U84/ZN (OAI21D1BWP16P90LVT)              0.01       0.13 r
  U91/ZN (AOI21D1BWP16P90LVT)              0.01       0.14 f
  U104/ZN (OAI21D1BWP16P90LVT)             0.01       0.15 r
  U99/ZN (AOI21D1BWP16P90LVT)              0.01       0.16 f
  U573/ZN (OAI21D1BWP16P90LVT)             0.01       0.17 r
  U596/ZN (AOI21D1BWP16P90LVT)             0.01       0.18 f
  U607/ZN (OAI21D2BWP16P90LVT)             0.01       0.20 r
  U787/ZN (AOI21D4BWP16P90LVT)             0.01       0.21 f
  U792/ZN (OAI21D8BWP16P90LVT)             0.01       0.21 r
  U914/ZN (AOI21D1BWP16P90LVT)             0.01       0.22 f
  U917/Z (XOR2D1BWP16P90LVT)               0.01       0.24 r
  prod_reg[23]/D (DFCNQD2BWP16P90LVT)      0.00       0.24 r
  data arrival time                                   0.24

  clock clk (rise edge)                    0.25       0.25
  clock network delay (ideal)              0.00       0.25
  clock uncertainty                       -0.01       0.24
  prod_reg[23]/CP (DFCNQD2BWP16P90LVT)     0.00       0.24 r
  library setup time                      -0.01       0.24
  data required time                                  0.24
  -----------------------------------------------------------
  data required time                                  0.24
  data arrival time                                  -0.24
  -----------------------------------------------------------
  slack (MET)                                         0.00


  Startpoint: inp_a[15] (input port clocked by clk)
  Endpoint: prod_reg[20]
            (rising edge-triggered flip-flop clocked by clk)
  Path Group: clk
  Path Type: max

  Des/Clust/Port     Wire Load Model       Library
  ------------------------------------------------
  mult               ZeroWireload          N16ADFP_StdCelltt0p8v25c

  Point                                    Incr       Path
  -----------------------------------------------------------
  clock clk (rise edge)                    0.00       0.00
  clock network delay (ideal)              0.00       0.00
  input external delay                     0.01       0.01 r
  inp_a[15] (in)                           0.00       0.01 r
  U88/ZN (INVD1BWP16P90LVT)                0.01       0.03 f
  U60/ZN (CKND2BWP16P90LVT)                0.01       0.04 r
  U87/ZN (CKND2BWP16P90LVT)                0.01       0.05 f
  U397/ZN (NR2D1BWP16P90LVT)               0.01       0.06 r
  U398/ZN (INVD1BWP16P90LVT)               0.01       0.07 f
  U445/S (FA1D1BWP16P90LVT)                0.03       0.11 r
  U444/S (FA1D1BWP16P90LVT)                0.03       0.14 f
  U278/ZN (CKND2BWP16P90LVT)               0.01       0.15 r
  U277/ZN (XNR3D4BWP16P90LVT)              0.03       0.18 f
  U611/ZN (ND2D1BWP16P90LVT)               0.01       0.18 r
  U79/ZN (OAI21D1BWP16P90LVT)              0.01       0.19 f
  U791/ZN (AOI21D2BWP16P90LVT)             0.01       0.21 r
  U792/ZN (OAI21D8BWP16P90LVT)             0.01       0.22 f
  U918/Z (CKBD1BWP16P90LVT)                0.01       0.22 f
  U920/ZN (XNR2D1BWP16P90LVT)              0.01       0.24 r
  prod_reg[20]/D (DFCNQD2BWP16P90LVT)      0.00       0.24 r
  data arrival time                                   0.24

  clock clk (rise edge)                    0.25       0.25
  clock network delay (ideal)              0.00       0.25
  clock uncertainty                       -0.01       0.24
  prod_reg[20]/CP (DFCNQD2BWP16P90LVT)     0.00       0.24 r
  library setup time                      -0.01       0.24
  data required time                                  0.24
  -----------------------------------------------------------
  data required time                                  0.24
  data arrival time                                  -0.24
  -----------------------------------------------------------
  slack (MET)                                         0.00


  Startpoint: inp_a[13] (input port clocked by clk)
  Endpoint: prod_reg[30]
            (rising edge-triggered flip-flop clocked by clk)
  Path Group: clk
  Path Type: max

  Des/Clust/Port     Wire Load Model       Library
  ------------------------------------------------
  mult               ZeroWireload          N16ADFP_StdCelltt0p8v25c

  Point                                    Incr       Path
  -----------------------------------------------------------
  clock clk (rise edge)                    0.00       0.00
  clock network delay (ideal)              0.00       0.00
  input external delay                     0.01       0.01 r
  inp_a[13] (in)                           0.00       0.01 r
  U177/ZN (CKND2BWP16P90LVT)               0.01       0.02 f
  U65/ZN (CKND2BWP16P90LVT)                0.01       0.03 r
  U208/Z (XOR2D2BWP16P90LVT)               0.02       0.04 f
  U209/ZN (CKND2BWP16P90LVT)               0.01       0.05 r
  U197/ZN (ND2D1BWP16P90LVT)               0.01       0.06 f
  U759/ZN (OAI22D1BWP16P90LVT)             0.01       0.08 r
  U774/S (FA1D1BWP16P90LVT)                0.03       0.11 f
  U770/CO (FA1D1BWP16P90LVT)               0.02       0.13 f
  U783/S (FA1D1BWP16P90LVT)                0.03       0.16 r
  U117/ZN (INVD1BWP16P90LVT)               0.01       0.17 f
  U150/ZN (IND2D2BWP16P90LVT)              0.01       0.17 r
  U265/ZN (ND2D2BWP16P90LVT)               0.01       0.18 f
  U102/ZN (NR2D2BWP16P90LVT)               0.01       0.18 r
  U785/ZN (ND2D1BWP16P90LVT)               0.01       0.20 f
  U851/ZN (INVD1BWP16P90LVT)               0.01       0.20 r
  U861/ZN (ND2D1BWP16P90LVT)               0.01       0.21 f
  U862/ZN (NR2D1BWP16P90LVT)               0.01       0.22 r
  U868/ZN (AOI21D1BWP16P90LVT)             0.01       0.22 f
  U878/Z (XOR2D1BWP16P90LVT)               0.01       0.24 r
  prod_reg[30]/D (DFCNQD2BWP16P90LVT)      0.00       0.24 r
  data arrival time                                   0.24

  clock clk (rise edge)                    0.25       0.25
  clock network delay (ideal)              0.00       0.25
  clock uncertainty                       -0.01       0.24
  prod_reg[30]/CP (DFCNQD2BWP16P90LVT)     0.00       0.24 r
  library setup time                      -0.01       0.24
  data required time                                  0.24
  -----------------------------------------------------------
  data required time                                  0.24
  data arrival time                                  -0.24
  -----------------------------------------------------------
  slack (MET)                                         0.00


1
