 
****************************************
Report : timing
        -path full
        -delay max
        -nworst 100
        -max_paths 100
Design : mult
Version: V-2023.12-SP5
Date   : Wed Sep 23 13:15:25 2026
****************************************

Operating Conditions: tt0p8v25c   Library: N16ADFP_StdCelltt0p8v25c
Wire Load Model Mode: segmented

  Startpoint: inp_a[11] (input port clocked by clk)
  Endpoint: prod_reg[31]
            (rising edge-triggered flip-flop clocked by clk)
  Path Group: clk
  Path Type: max

  Des/Clust/Port     Wire Load Model       Library
  ------------------------------------------------
  mult               ZeroWireload          N16ADFP_StdCelltt0p8v25c

  Point                                    Incr       Path
  -----------------------------------------------------------
  clock clk (rise edge)                    0.00       0.00
  clock network delay (ideal)              0.00       0.00
  input external delay                     0.01       0.01 r
  inp_a[11] (in)                           0.00       0.01 r
  U61/ZN (INVD1BWP16P90LVT)                0.01       0.02 f
  U191/ZN (CKND2BWP16P90LVT)               0.01       0.03 r
  U418/ZN (XNR2D4BWP16P90LVT)              0.02       0.05 f
  U55/Z (AN2D1BWP16P90LVT)                 0.01       0.06 f
  U363/ZN (INVD1BWP16P90LVT)               0.01       0.08 r
  U484/ZN (OAI22D1BWP16P90LVT)             0.01       0.09 f
  U492/CO (FA1D1BWP16P90LVT)               0.02       0.11 f
  U510/S (FA1D1BWP16P90LVT)                0.03       0.14 r
  U509/S (FA1D1BWP16P90LVT)                0.03       0.17 f
  U71/S (FA1D1BWP16P90LVT)                 0.03       0.20 r
  U36/ZN (CKND2D1BWP16P90LVT)              0.01       0.21 f
  U65/ZN (OAI21D1BWP16P90LVT)              0.01       0.22 r
  U653/ZN (AOI21D1BWP16P90LVT)             0.01       0.23 f
  U412/ZN (OAI21D2BWP16P90LVT)             0.01       0.24 r
  U701/ZN (AOI21D4BWP16P90LVT)             0.01       0.25 f
  U711/ZN (OAI21D4BWP16P90LVT)             0.01       0.26 r
  U410/ZN (AOI21D4BWP16P90LVT)             0.01       0.26 f
  U409/ZN (OAI21D4BWP16P90LVT)             0.01       0.27 r
  U732/ZN (AOI21D4BWP16P90LVT)             0.01       0.28 f
  U738/ZN (OAI21D4BWP16P90LVT)             0.01       0.29 r
  U744/ZN (AOI21D4BWP16P90LVT)             0.01       0.29 f
  U62/ZN (OAI21D2BWP16P90LVT)              0.01       0.30 r
  U750/ZN (XNR2D1BWP16P90LVT)              0.01       0.31 r
  prod_reg[31]/D (DFCNQD2BWP16P90LVT)      0.00       0.31 r
  data arrival time                                   0.31

  clock clk (rise edge)                    0.33       0.33
  clock network delay (ideal)              0.00       0.33
  clock uncertainty                       -0.01       0.32
  prod_reg[31]/CP (DFCNQD2BWP16P90LVT)     0.00       0.32 r
  library setup time                      -0.01       0.31
  data required time                                  0.31
  -----------------------------------------------------------
  data required time                                  0.31
  data arrival time                                  -0.31
  -----------------------------------------------------------
  slack (MET)                                         0.00


  Startpoint: inp_a[3] (input port clocked by clk)
  Endpoint: prod_reg[31]
            (rising edge-triggered flip-flop clocked by clk)
  Path Group: clk
  Path Type: max

  Des/Clust/Port     Wire Load Model       Library
  ------------------------------------------------
  mult               ZeroWireload          N16ADFP_StdCelltt0p8v25c

  Point                                    Incr       Path
  -----------------------------------------------------------
  clock clk (rise edge)                    0.00       0.00
  clock network delay (ideal)              0.00       0.00
  input external delay                     0.01       0.01 r
  inp_a[3] (in)                            0.00       0.01 r
  U366/ZN (INVD1BWP16P90LVT)               0.01       0.02 f
  U190/ZN (CKND2BWP16P90LVT)               0.01       0.03 r
  U416/ZN (XNR2D4BWP16P90LVT)              0.02       0.05 f
  U141/Z (AN2D1BWP16P90LVT)                0.01       0.06 f
  U357/ZN (INVD1BWP16P90LVT)               0.01       0.07 r
  U532/ZN (OAI22D1BWP16P90LVT)             0.01       0.08 f
  U664/CO (FA1D1BWP16P90LVT)               0.02       0.11 f
  U674/S (FA1D1BWP16P90LVT)                0.03       0.14 r
  U673/S (FA1D1BWP16P90LVT)                0.03       0.17 f
  U679/S (FA1D1BWP16P90LVT)                0.03       0.20 r
  U37/ZN (ND2D1BWP16P90LVT)                0.01       0.21 f
  U66/ZN (OAI21D1BWP16P90LVT)              0.01       0.22 r
  U64/ZN (AOI21D1BWP16P90LVT)              0.01       0.23 f
  U63/ZN (OAI21D1BWP16P90LVT)              0.01       0.24 r
  U701/ZN (AOI21D4BWP16P90LVT)             0.01       0.25 f
  U711/ZN (OAI21D4BWP16P90LVT)             0.01       0.26 r
  U410/ZN (AOI21D4BWP16P90LVT)             0.01       0.26 f
  U409/ZN (OAI21D4BWP16P90LVT)             0.01       0.27 r
  U732/ZN (AOI21D4BWP16P90LVT)             0.01       0.28 f
  U738/ZN (OAI21D4BWP16P90LVT)             0.01       0.29 r
  U744/ZN (AOI21D4BWP16P90LVT)             0.01       0.29 f
  U62/ZN (OAI21D2BWP16P90LVT)              0.01       0.30 r
  U750/ZN (XNR2D1BWP16P90LVT)              0.01       0.31 r
  prod_reg[31]/D (DFCNQD2BWP16P90LVT)      0.00       0.31 r
  data arrival time                                   0.31

  clock clk (rise edge)                    0.33       0.33
  clock network delay (ideal)              0.00       0.33
  clock uncertainty                       -0.01       0.32
  prod_reg[31]/CP (DFCNQD2BWP16P90LVT)     0.00       0.32 r
  library setup time                      -0.01       0.31
  data required time                                  0.31
  -----------------------------------------------------------
  data required time                                  0.31
  data arrival time                                  -0.31
  -----------------------------------------------------------
  slack (MET)                                         0.00


  Startpoint: inp_a[11] (input port clocked by clk)
  Endpoint: prod_reg[31]
            (rising edge-triggered flip-flop clocked by clk)
  Path Group: clk
  Path Type: max

  Des/Clust/Port     Wire Load Model       Library
  ------------------------------------------------
  mult               ZeroWireload          N16ADFP_StdCelltt0p8v25c

  Point                                    Incr       Path
  -----------------------------------------------------------
  clock clk (rise edge)                    0.00       0.00
  clock network delay (ideal)              0.00       0.00
  input external delay                     0.01       0.01 r
  inp_a[11] (in)                           0.00       0.01 r
  U61/ZN (INVD1BWP16P90LVT)                0.01       0.02 f
  U191/ZN (CKND2BWP16P90LVT)               0.01       0.03 r
  U418/ZN (XNR2D4BWP16P90LVT)              0.02       0.05 f
  U55/Z (AN2D1BWP16P90LVT)                 0.01       0.06 f
  U363/ZN (INVD1BWP16P90LVT)               0.01       0.08 r
  U484/ZN (OAI22D1BWP16P90LVT)             0.01       0.09 f
  U492/CO (FA1D1BWP16P90LVT)               0.02       0.11 f
  U510/S (FA1D1BWP16P90LVT)                0.03       0.14 r
  U509/S (FA1D1BWP16P90LVT)                0.03       0.17 f
  U71/S (FA1D1BWP16P90LVT)                 0.03       0.20 r
  U36/ZN (CKND2D1BWP16P90LVT)              0.01       0.21 f
  U65/ZN (OAI21D1BWP16P90LVT)              0.01       0.22 r
  U653/ZN (AOI21D1BWP16P90LVT)             0.01       0.23 f
  U412/ZN (OAI21D2BWP16P90LVT)             0.01       0.24 r
  U701/ZN (AOI21D4BWP16P90LVT)             0.01       0.25 f
  U711/ZN (OAI21D4BWP16P90LVT)             0.01       0.26 r
  U410/ZN (AOI21D4BWP16P90LVT)             0.01       0.26 f
  U409/ZN (OAI21D4BWP16P90LVT)             0.01       0.27 r
  U732/ZN (AOI21D4BWP16P90LVT)             0.01       0.28 f
  U738/ZN (OAI21D4BWP16P90LVT)             0.01       0.29 r
  U744/ZN (AOI21D4BWP16P90LVT)             0.01       0.29 f
  U62/ZN (OAI21D2BWP16P90LVT)              0.01       0.30 r
  U750/ZN (XNR2D1BWP16P90LVT)              0.01       0.31 r
  prod_reg[31]/D (DFCNQD2BWP16P90LVT)      0.00       0.31 r
  data arrival time                                   0.31

  clock clk (rise edge)                    0.33       0.33
  clock network delay (ideal)              0.00       0.33
  clock uncertainty                       -0.01       0.32
  prod_reg[31]/CP (DFCNQD2BWP16P90LVT)     0.00       0.32 r
  library setup time                      -0.01       0.31
  data required time                                  0.31
  -----------------------------------------------------------
  data required time                                  0.31
  data arrival time                                  -0.31
  -----------------------------------------------------------
  slack (MET)                                         0.00


  Startpoint: inp_a[11] (input port clocked by clk)
  Endpoint: prod_reg[31]
            (rising edge-triggered flip-flop clocked by clk)
  Path Group: clk
  Path Type: max

  Des/Clust/Port     Wire Load Model       Library
  ------------------------------------------------
  mult               ZeroWireload          N16ADFP_StdCelltt0p8v25c

  Point                                    Incr       Path
  -----------------------------------------------------------
  clock clk (rise edge)                    0.00       0.00
  clock network delay (ideal)              0.00       0.00
  input external delay                     0.01       0.01 r
  inp_a[11] (in)                           0.00       0.01 r
  U61/ZN (INVD1BWP16P90LVT)                0.01       0.02 f
  U191/ZN (CKND2BWP16P90LVT)               0.01       0.03 r
  U418/ZN (XNR2D4BWP16P90LVT)              0.02       0.05 f
  U55/Z (AN2D1BWP16P90LVT)                 0.01       0.06 f
  U363/ZN (INVD1BWP16P90LVT)               0.01       0.08 r
  U484/ZN (OAI22D1BWP16P90LVT)             0.01       0.09 f
  U492/CO (FA1D1BWP16P90LVT)               0.02       0.11 f
  U510/S (FA1D1BWP16P90LVT)                0.03       0.14 r
  U509/S (FA1D1BWP16P90LVT)                0.03       0.17 f
  U71/S (FA1D1BWP16P90LVT)                 0.03       0.20 r
  U36/ZN (CKND2D1BWP16P90LVT)              0.01       0.21 f
  U65/ZN (OAI21D1BWP16P90LVT)              0.01       0.22 r
  U653/ZN (AOI21D1BWP16P90LVT)             0.01       0.23 f
  U412/ZN (OAI21D2BWP16P90LVT)             0.01       0.24 r
  U701/ZN (AOI21D4BWP16P90LVT)             0.01       0.25 f
  U711/ZN (OAI21D4BWP16P90LVT)             0.01       0.26 r
  U410/ZN (AOI21D4BWP16P90LVT)             0.01       0.26 f
  U409/ZN (OAI21D4BWP16P90LVT)             0.01       0.27 r
  U732/ZN (AOI21D4BWP16P90LVT)             0.01       0.28 f
  U738/ZN (OAI21D4BWP16P90LVT)             0.01       0.29 r
  U744/ZN (AOI21D4BWP16P90LVT)             0.01       0.29 f
  U62/ZN (OAI21D2BWP16P90LVT)              0.01       0.30 r
  U750/ZN (XNR2D1BWP16P90LVT)              0.01       0.31 r
  prod_reg[31]/D (DFCNQD2BWP16P90LVT)      0.00       0.31 r
  data arrival time                                   0.31

  clock clk (rise edge)                    0.33       0.33
  clock network delay (ideal)              0.00       0.33
  clock uncertainty                       -0.01       0.32
  prod_reg[31]/CP (DFCNQD2BWP16P90LVT)     0.00       0.32 r
  library setup time                      -0.01       0.31
  data required time                                  0.31
  -----------------------------------------------------------
  data required time                                  0.31
  data arrival time                                  -0.31
  -----------------------------------------------------------
  slack (MET)                                         0.00


  Startpoint: inp_a[3] (input port clocked by clk)
  Endpoint: prod_reg[31]
            (rising edge-triggered flip-flop clocked by clk)
  Path Group: clk
  Path Type: max

  Des/Clust/Port     Wire Load Model       Library
  ------------------------------------------------
  mult               ZeroWireload          N16ADFP_StdCelltt0p8v25c

  Point                                    Incr       Path
  -----------------------------------------------------------
  clock clk (rise edge)                    0.00       0.00
  clock network delay (ideal)              0.00       0.00
  input external delay                     0.01       0.01 r
  inp_a[3] (in)                            0.00       0.01 r
  U366/ZN (INVD1BWP16P90LVT)               0.01       0.02 f
  U190/ZN (CKND2BWP16P90LVT)               0.01       0.03 r
  U416/ZN (XNR2D4BWP16P90LVT)              0.02       0.05 f
  U141/Z (AN2D1BWP16P90LVT)                0.01       0.06 f
  U357/ZN (INVD1BWP16P90LVT)               0.01       0.07 r
  U532/ZN (OAI22D1BWP16P90LVT)             0.01       0.08 f
  U664/CO (FA1D1BWP16P90LVT)               0.02       0.11 f
  U674/S (FA1D1BWP16P90LVT)                0.03       0.14 r
  U673/S (FA1D1BWP16P90LVT)                0.03       0.17 f
  U679/S (FA1D1BWP16P90LVT)                0.03       0.20 r
  U37/ZN (ND2D1BWP16P90LVT)                0.01       0.21 f
  U66/ZN (OAI21D1BWP16P90LVT)              0.01       0.22 r
  U64/ZN (AOI21D1BWP16P90LVT)              0.01       0.23 f
  U63/ZN (OAI21D1BWP16P90LVT)              0.01       0.24 r
  U701/ZN (AOI21D4BWP16P90LVT)             0.01       0.25 f
  U711/ZN (OAI21D4BWP16P90LVT)             0.01       0.26 r
  U410/ZN (AOI21D4BWP16P90LVT)             0.01       0.26 f
  U409/ZN (OAI21D4BWP16P90LVT)             0.01       0.27 r
  U732/ZN (AOI21D4BWP16P90LVT)             0.01       0.28 f
  U738/ZN (OAI21D4BWP16P90LVT)             0.01       0.29 r
  U744/ZN (AOI21D4BWP16P90LVT)             0.01       0.29 f
  U62/ZN (OAI21D2BWP16P90LVT)              0.01       0.30 r
  U750/ZN (XNR2D1BWP16P90LVT)              0.01       0.31 r
  prod_reg[31]/D (DFCNQD2BWP16P90LVT)      0.00       0.31 r
  data arrival time                                   0.31

  clock clk (rise edge)                    0.33       0.33
  clock network delay (ideal)              0.00       0.33
  clock uncertainty                       -0.01       0.32
  prod_reg[31]/CP (DFCNQD2BWP16P90LVT)     0.00       0.32 r
  library setup time                      -0.01       0.31
  data required time                                  0.31
  -----------------------------------------------------------
  data required time                                  0.31
  data arrival time                                  -0.31
  -----------------------------------------------------------
  slack (MET)                                         0.00


  Startpoint: inp_a[3] (input port clocked by clk)
  Endpoint: prod_reg[31]
            (rising edge-triggered flip-flop clocked by clk)
  Path Group: clk
  Path Type: max

  Des/Clust/Port     Wire Load Model       Library
  ------------------------------------------------
  mult               ZeroWireload          N16ADFP_StdCelltt0p8v25c

  Point                                    Incr       Path
  -----------------------------------------------------------
  clock clk (rise edge)                    0.00       0.00
  clock network delay (ideal)              0.00       0.00
  input external delay                     0.01       0.01 r
  inp_a[3] (in)                            0.00       0.01 r
  U366/ZN (INVD1BWP16P90LVT)               0.01       0.02 f
  U190/ZN (CKND2BWP16P90LVT)               0.01       0.03 r
  U416/ZN (XNR2D4BWP16P90LVT)              0.02       0.05 f
  U141/Z (AN2D1BWP16P90LVT)                0.01       0.06 f
  U357/ZN (INVD1BWP16P90LVT)               0.01       0.07 r
  U532/ZN (OAI22D1BWP16P90LVT)             0.01       0.08 f
  U664/CO (FA1D1BWP16P90LVT)               0.02       0.11 f
  U674/S (FA1D1BWP16P90LVT)                0.03       0.14 r
  U673/S (FA1D1BWP16P90LVT)                0.03       0.17 f
  U679/S (FA1D1BWP16P90LVT)                0.03       0.20 r
  U37/ZN (ND2D1BWP16P90LVT)                0.01       0.21 f
  U66/ZN (OAI21D1BWP16P90LVT)              0.01       0.22 r
  U64/ZN (AOI21D1BWP16P90LVT)              0.01       0.23 f
  U63/ZN (OAI21D1BWP16P90LVT)              0.01       0.24 r
  U701/ZN (AOI21D4BWP16P90LVT)             0.01       0.25 f
  U711/ZN (OAI21D4BWP16P90LVT)             0.01       0.26 r
  U410/ZN (AOI21D4BWP16P90LVT)             0.01       0.26 f
  U409/ZN (OAI21D4BWP16P90LVT)             0.01       0.27 r
  U732/ZN (AOI21D4BWP16P90LVT)             0.01       0.28 f
  U738/ZN (OAI21D4BWP16P90LVT)             0.01       0.29 r
  U744/ZN (AOI21D4BWP16P90LVT)             0.01       0.29 f
  U62/ZN (OAI21D2BWP16P90LVT)              0.01       0.30 r
  U750/ZN (XNR2D1BWP16P90LVT)              0.01       0.31 r
  prod_reg[31]/D (DFCNQD2BWP16P90LVT)      0.00       0.31 r
  data arrival time                                   0.31

  clock clk (rise edge)                    0.33       0.33
  clock network delay (ideal)              0.00       0.33
  clock uncertainty                       -0.01       0.32
  prod_reg[31]/CP (DFCNQD2BWP16P90LVT)     0.00       0.32 r
  library setup time                      -0.01       0.31
  data required time                                  0.31
  -----------------------------------------------------------
  data required time                                  0.31
  data arrival time                                  -0.31
  -----------------------------------------------------------
  slack (MET)                                         0.00


  Startpoint: inp_a[11] (input port clocked by clk)
  Endpoint: prod_reg[31]
            (rising edge-triggered flip-flop clocked by clk)
  Path Group: clk
  Path Type: max

  Des/Clust/Port     Wire Load Model       Library
  ------------------------------------------------
  mult               ZeroWireload          N16ADFP_StdCelltt0p8v25c

  Point                                    Incr       Path
  -----------------------------------------------------------
  clock clk (rise edge)                    0.00       0.00
  clock network delay (ideal)              0.00       0.00
  input external delay                     0.01       0.01 r
  inp_a[11] (in)                           0.00       0.01 r
  U61/ZN (INVD1BWP16P90LVT)                0.01       0.02 f
  U191/ZN (CKND2BWP16P90LVT)               0.01       0.03 r
  U418/ZN (XNR2D4BWP16P90LVT)              0.02       0.05 f
  U55/Z (AN2D1BWP16P90LVT)                 0.01       0.06 f
  U363/ZN (INVD1BWP16P90LVT)               0.01       0.08 r
  U484/ZN (OAI22D1BWP16P90LVT)             0.01       0.09 f
  U492/CO (FA1D1BWP16P90LVT)               0.02       0.11 f
  U510/S (FA1D1BWP16P90LVT)                0.03       0.14 r
  U509/S (FA1D1BWP16P90LVT)                0.03       0.17 f
  U71/S (FA1D1BWP16P90LVT)                 0.03       0.20 r
  U36/ZN (CKND2D1BWP16P90LVT)              0.01       0.21 f
  U65/ZN (OAI21D1BWP16P90LVT)              0.01       0.22 r
  U653/ZN (AOI21D1BWP16P90LVT)             0.01       0.23 f
  U412/ZN (OAI21D2BWP16P90LVT)             0.01       0.24 r
  U701/ZN (AOI21D4BWP16P90LVT)             0.01       0.25 f
  U711/ZN (OAI21D4BWP16P90LVT)             0.01       0.26 r
  U410/ZN (AOI21D4BWP16P90LVT)             0.01       0.26 f
  U409/ZN (OAI21D4BWP16P90LVT)             0.01       0.27 r
  U732/ZN (AOI21D4BWP16P90LVT)             0.01       0.28 f
  U738/ZN (OAI21D4BWP16P90LVT)             0.01       0.29 r
  U744/ZN (AOI21D4BWP16P90LVT)             0.01       0.29 f
  U62/ZN (OAI21D2BWP16P90LVT)              0.01       0.30 r
  U750/ZN (XNR2D1BWP16P90LVT)              0.01       0.31 r
  prod_reg[31]/D (DFCNQD2BWP16P90LVT)      0.00       0.31 r
  data arrival time                                   0.31

  clock clk (rise edge)                    0.33       0.33
  clock network delay (ideal)              0.00       0.33
  clock uncertainty                       -0.01       0.32
  prod_reg[31]/CP (DFCNQD2BWP16P90LVT)     0.00       0.32 r
  library setup time                      -0.01       0.31
  data required time                                  0.31
  -----------------------------------------------------------
  data required time                                  0.31
  data arrival time                                  -0.31
  -----------------------------------------------------------
  slack (MET)                                         0.00


  Startpoint: inp_a[11] (input port clocked by clk)
  Endpoint: prod_reg[31]
            (rising edge-triggered flip-flop clocked by clk)
  Path Group: clk
  Path Type: max

  Des/Clust/Port     Wire Load Model       Library
  ------------------------------------------------
  mult               ZeroWireload          N16ADFP_StdCelltt0p8v25c

  Point                                    Incr       Path
  -----------------------------------------------------------
  clock clk (rise edge)                    0.00       0.00
  clock network delay (ideal)              0.00       0.00
  input external delay                     0.01       0.01 r
  inp_a[11] (in)                           0.00       0.01 r
  U61/ZN (INVD1BWP16P90LVT)                0.01       0.02 f
  U191/ZN (CKND2BWP16P90LVT)               0.01       0.03 r
  U418/ZN (XNR2D4BWP16P90LVT)              0.02       0.05 f
  U55/Z (AN2D1BWP16P90LVT)                 0.01       0.06 f
  U363/ZN (INVD1BWP16P90LVT)               0.01       0.08 r
  U484/ZN (OAI22D1BWP16P90LVT)             0.01       0.09 f
  U492/CO (FA1D1BWP16P90LVT)               0.02       0.11 f
  U510/S (FA1D1BWP16P90LVT)                0.03       0.14 r
  U509/S (FA1D1BWP16P90LVT)                0.03       0.17 f
  U71/S (FA1D1BWP16P90LVT)                 0.03       0.20 r
  U36/ZN (CKND2D1BWP16P90LVT)              0.01       0.21 f
  U65/ZN (OAI21D1BWP16P90LVT)              0.01       0.22 r
  U653/ZN (AOI21D1BWP16P90LVT)             0.01       0.23 f
  U412/ZN (OAI21D2BWP16P90LVT)             0.01       0.24 r
  U701/ZN (AOI21D4BWP16P90LVT)             0.01       0.25 f
  U711/ZN (OAI21D4BWP16P90LVT)             0.01       0.26 r
  U410/ZN (AOI21D4BWP16P90LVT)             0.01       0.26 f
  U409/ZN (OAI21D4BWP16P90LVT)             0.01       0.27 r
  U732/ZN (AOI21D4BWP16P90LVT)             0.01       0.28 f
  U738/ZN (OAI21D4BWP16P90LVT)             0.01       0.29 r
  U744/ZN (AOI21D4BWP16P90LVT)             0.01       0.29 f
  U62/ZN (OAI21D2BWP16P90LVT)              0.01       0.30 r
  U750/ZN (XNR2D1BWP16P90LVT)              0.01       0.31 r
  prod_reg[31]/D (DFCNQD2BWP16P90LVT)      0.00       0.31 r
  data arrival time                                   0.31

  clock clk (rise edge)                    0.33       0.33
  clock network delay (ideal)              0.00       0.33
  clock uncertainty                       -0.01       0.32
  prod_reg[31]/CP (DFCNQD2BWP16P90LVT)     0.00       0.32 r
  library setup time                      -0.01       0.31
  data required time                                  0.31
  -----------------------------------------------------------
  data required time                                  0.31
  data arrival time                                  -0.31
  -----------------------------------------------------------
  slack (MET)                                         0.00


  Startpoint: inp_a[5] (input port clocked by clk)
  Endpoint: prod_reg[31]
            (rising edge-triggered flip-flop clocked by clk)
  Path Group: clk
  Path Type: max

  Des/Clust/Port     Wire Load Model       Library
  ------------------------------------------------
  mult               ZeroWireload          N16ADFP_StdCelltt0p8v25c

  Point                                    Incr       Path
  -----------------------------------------------------------
  clock clk (rise edge)                    0.00       0.00
  clock network delay (ideal)              0.00       0.00
  input external delay                     0.01       0.01 f
  inp_a[5] (in)                            0.00       0.01 f
  U368/ZN (INVD1BWP16P90LVT)               0.01       0.02 r
  U188/ZN (CKND2BWP16P90LVT)               0.01       0.03 f
  U381/Z (XOR2D4BWP16P90LVT)               0.02       0.05 r
  U40/ZN (INVD1BWP16P90LVT)                0.01       0.05 f
  U59/Z (AN2D1BWP16P90LVT)                 0.01       0.06 f
  U355/ZN (INVD1BWP16P90LVT)               0.01       0.07 r
  U486/ZN (OAI22D1BWP16P90LVT)             0.01       0.09 f
  U491/CO (FA1D1BWP16P90LVT)               0.02       0.11 f
  U510/S (FA1D1BWP16P90LVT)                0.03       0.14 r
  U509/S (FA1D1BWP16P90LVT)                0.03       0.17 f
  U71/S (FA1D1BWP16P90LVT)                 0.03       0.20 r
  U36/ZN (CKND2D1BWP16P90LVT)              0.01       0.21 f
  U65/ZN (OAI21D1BWP16P90LVT)              0.01       0.22 r
  U653/ZN (AOI21D1BWP16P90LVT)             0.01       0.23 f
  U412/ZN (OAI21D2BWP16P90LVT)             0.01       0.24 r
  U701/ZN (AOI21D4BWP16P90LVT)             0.01       0.25 f
  U711/ZN (OAI21D4BWP16P90LVT)             0.01       0.26 r
  U410/ZN (AOI21D4BWP16P90LVT)             0.01       0.26 f
  U409/ZN (OAI21D4BWP16P90LVT)             0.01       0.27 r
  U732/ZN (AOI21D4BWP16P90LVT)             0.01       0.28 f
  U738/ZN (OAI21D4BWP16P90LVT)             0.01       0.29 r
  U744/ZN (AOI21D4BWP16P90LVT)             0.01       0.29 f
  U62/ZN (OAI21D2BWP16P90LVT)              0.01       0.30 r
  U750/ZN (XNR2D1BWP16P90LVT)              0.01       0.31 r
  prod_reg[31]/D (DFCNQD2BWP16P90LVT)      0.00       0.31 r
  data arrival time                                   0.31

  clock clk (rise edge)                    0.33       0.33
  clock network delay (ideal)              0.00       0.33
  clock uncertainty                       -0.01       0.32
  prod_reg[31]/CP (DFCNQD2BWP16P90LVT)     0.00       0.32 r
  library setup time                      -0.01       0.31
  data required time                                  0.31
  -----------------------------------------------------------
  data required time                                  0.31
  data arrival time                                  -0.31
  -----------------------------------------------------------
  slack (MET)                                         0.00


  Startpoint: inp_a[5] (input port clocked by clk)
  Endpoint: prod_reg[31]
            (rising edge-triggered flip-flop clocked by clk)
  Path Group: clk
  Path Type: max

  Des/Clust/Port     Wire Load Model       Library
  ------------------------------------------------
  mult               ZeroWireload          N16ADFP_StdCelltt0p8v25c

  Point                                    Incr       Path
  -----------------------------------------------------------
  clock clk (rise edge)                    0.00       0.00
  clock network delay (ideal)              0.00       0.00
  input external delay                     0.01       0.01 r
  inp_a[5] (in)                            0.00       0.01 r
  U368/ZN (INVD1BWP16P90LVT)               0.01       0.02 f
  U188/ZN (CKND2BWP16P90LVT)               0.01       0.03 r
  U381/Z (XOR2D4BWP16P90LVT)               0.02       0.05 f
  U40/ZN (INVD1BWP16P90LVT)                0.01       0.06 r
  U59/Z (AN2D1BWP16P90LVT)                 0.01       0.07 r
  U355/ZN (INVD1BWP16P90LVT)               0.01       0.08 f
  U656/ZN (OAI22D1BWP16P90LVT)             0.01       0.09 r
  U677/S (FA1D1BWP16P90LVT)                0.03       0.12 f
  U678/CO (FA1D1BWP16P90LVT)               0.02       0.14 f
  U684/S (FA1D1BWP16P90LVT)                0.03       0.17 r
  U690/S (FA1D1BWP16P90LVT)                0.03       0.20 f
  U108/ZN (NR2D1BWP16P90LVT)               0.01       0.21 r
  U66/ZN (OAI21D1BWP16P90LVT)              0.01       0.22 f
  U64/ZN (AOI21D1BWP16P90LVT)              0.01       0.23 r
  U63/ZN (OAI21D1BWP16P90LVT)              0.01       0.24 f
  U701/ZN (AOI21D4BWP16P90LVT)             0.01       0.25 r
  U711/ZN (OAI21D4BWP16P90LVT)             0.01       0.26 f
  U410/ZN (AOI21D4BWP16P90LVT)             0.01       0.27 r
  U409/ZN (OAI21D4BWP16P90LVT)             0.01       0.27 f
  U732/ZN (AOI21D4BWP16P90LVT)             0.01       0.28 r
  U738/ZN (OAI21D4BWP16P90LVT)             0.01       0.29 f
  U744/ZN (AOI21D4BWP16P90LVT)             0.01       0.29 r
  U62/ZN (OAI21D2BWP16P90LVT)              0.01       0.30 f
  U750/ZN (XNR2D1BWP16P90LVT)              0.01       0.31 r
  prod_reg[31]/D (DFCNQD2BWP16P90LVT)      0.00       0.31 r
  data arrival time                                   0.31

  clock clk (rise edge)                    0.33       0.33
  clock network delay (ideal)              0.00       0.33
  clock uncertainty                       -0.01       0.32
  prod_reg[31]/CP (DFCNQD2BWP16P90LVT)     0.00       0.32 r
  library setup time                      -0.01       0.31
  data required time                                  0.31
  -----------------------------------------------------------
  data required time                                  0.31
  data arrival time                                  -0.31
  -----------------------------------------------------------
  slack (MET)                                         0.00


  Startpoint: inp_a[3] (input port clocked by clk)
  Endpoint: prod_reg[31]
            (rising edge-triggered flip-flop clocked by clk)
  Path Group: clk
  Path Type: max

  Des/Clust/Port     Wire Load Model       Library
  ------------------------------------------------
  mult               ZeroWireload          N16ADFP_StdCelltt0p8v25c

  Point                                    Incr       Path
  -----------------------------------------------------------
  clock clk (rise edge)                    0.00       0.00
  clock network delay (ideal)              0.00       0.00
  input external delay                     0.01       0.01 r
  inp_a[3] (in)                            0.00       0.01 r
  U366/ZN (INVD1BWP16P90LVT)               0.01       0.02 f
  U190/ZN (CKND2BWP16P90LVT)               0.01       0.03 r
  U416/ZN (XNR2D4BWP16P90LVT)              0.02       0.05 f
  U141/Z (AN2D1BWP16P90LVT)                0.01       0.06 f
  U357/ZN (INVD1BWP16P90LVT)               0.01       0.07 r
  U532/ZN (OAI22D1BWP16P90LVT)             0.01       0.08 f
  U664/CO (FA1D1BWP16P90LVT)               0.02       0.11 f
  U674/S (FA1D1BWP16P90LVT)                0.03       0.14 r
  U673/S (FA1D1BWP16P90LVT)                0.03       0.17 f
  U679/S (FA1D1BWP16P90LVT)                0.03       0.20 r
  U37/ZN (ND2D1BWP16P90LVT)                0.01       0.21 f
  U66/ZN (OAI21D1BWP16P90LVT)              0.01       0.22 r
  U64/ZN (AOI21D1BWP16P90LVT)              0.01       0.23 f
  U63/ZN (OAI21D1BWP16P90LVT)              0.01       0.24 r
  U701/ZN (AOI21D4BWP16P90LVT)             0.01       0.25 f
  U711/ZN (OAI21D4BWP16P90LVT)             0.01       0.26 r
  U410/ZN (AOI21D4BWP16P90LVT)             0.01       0.26 f
  U409/ZN (OAI21D4BWP16P90LVT)             0.01       0.27 r
  U732/ZN (AOI21D4BWP16P90LVT)             0.01       0.28 f
  U738/ZN (OAI21D4BWP16P90LVT)             0.01       0.29 r
  U744/ZN (AOI21D4BWP16P90LVT)             0.01       0.29 f
  U62/ZN (OAI21D2BWP16P90LVT)              0.01       0.30 r
  U750/ZN (XNR2D1BWP16P90LVT)              0.01       0.31 r
  prod_reg[31]/D (DFCNQD2BWP16P90LVT)      0.00       0.31 r
  data arrival time                                   0.31

  clock clk (rise edge)                    0.33       0.33
  clock network delay (ideal)              0.00       0.33
  clock uncertainty                       -0.01       0.32
  prod_reg[31]/CP (DFCNQD2BWP16P90LVT)     0.00       0.32 r
  library setup time                      -0.01       0.31
  data required time                                  0.31
  -----------------------------------------------------------
  data required time                                  0.31
  data arrival time                                  -0.31
  -----------------------------------------------------------
  slack (MET)                                         0.00


  Startpoint: inp_a[3] (input port clocked by clk)
  Endpoint: prod_reg[31]
            (rising edge-triggered flip-flop clocked by clk)
  Path Group: clk
  Path Type: max

  Des/Clust/Port     Wire Load Model       Library
  ------------------------------------------------
  mult               ZeroWireload          N16ADFP_StdCelltt0p8v25c

  Point                                    Incr       Path
  -----------------------------------------------------------
  clock clk (rise edge)                    0.00       0.00
  clock network delay (ideal)              0.00       0.00
  input external delay                     0.01       0.01 r
  inp_a[3] (in)                            0.00       0.01 r
  U366/ZN (INVD1BWP16P90LVT)               0.01       0.02 f
  U190/ZN (CKND2BWP16P90LVT)               0.01       0.03 r
  U416/ZN (XNR2D4BWP16P90LVT)              0.02       0.05 f
  U141/Z (AN2D1BWP16P90LVT)                0.01       0.06 f
  U357/ZN (INVD1BWP16P90LVT)               0.01       0.07 r
  U532/ZN (OAI22D1BWP16P90LVT)             0.01       0.08 f
  U664/CO (FA1D1BWP16P90LVT)               0.02       0.11 f
  U674/S (FA1D1BWP16P90LVT)                0.03       0.14 r
  U673/S (FA1D1BWP16P90LVT)                0.03       0.17 f
  U679/S (FA1D1BWP16P90LVT)                0.03       0.20 r
  U37/ZN (ND2D1BWP16P90LVT)                0.01       0.21 f
  U66/ZN (OAI21D1BWP16P90LVT)              0.01       0.22 r
  U64/ZN (AOI21D1BWP16P90LVT)              0.01       0.23 f
  U63/ZN (OAI21D1BWP16P90LVT)              0.01       0.24 r
  U701/ZN (AOI21D4BWP16P90LVT)             0.01       0.25 f
  U711/ZN (OAI21D4BWP16P90LVT)             0.01       0.26 r
  U410/ZN (AOI21D4BWP16P90LVT)             0.01       0.26 f
  U409/ZN (OAI21D4BWP16P90LVT)             0.01       0.27 r
  U732/ZN (AOI21D4BWP16P90LVT)             0.01       0.28 f
  U738/ZN (OAI21D4BWP16P90LVT)             0.01       0.29 r
  U744/ZN (AOI21D4BWP16P90LVT)             0.01       0.29 f
  U62/ZN (OAI21D2BWP16P90LVT)              0.01       0.30 r
  U750/ZN (XNR2D1BWP16P90LVT)              0.01       0.31 r
  prod_reg[31]/D (DFCNQD2BWP16P90LVT)      0.00       0.31 r
  data arrival time                                   0.31

  clock clk (rise edge)                    0.33       0.33
  clock network delay (ideal)              0.00       0.33
  clock uncertainty                       -0.01       0.32
  prod_reg[31]/CP (DFCNQD2BWP16P90LVT)     0.00       0.32 r
  library setup time                      -0.01       0.31
  data required time                                  0.31
  -----------------------------------------------------------
  data required time                                  0.31
  data arrival time                                  -0.31
  -----------------------------------------------------------
  slack (MET)                                         0.00


  Startpoint: inp_a[3] (input port clocked by clk)
  Endpoint: prod_reg[31]
            (rising edge-triggered flip-flop clocked by clk)
  Path Group: clk
  Path Type: max

  Des/Clust/Port     Wire Load Model       Library
  ------------------------------------------------
  mult               ZeroWireload          N16ADFP_StdCelltt0p8v25c

  Point                                    Incr       Path
  -----------------------------------------------------------
  clock clk (rise edge)                    0.00       0.00
  clock network delay (ideal)              0.00       0.00
  input external delay                     0.01       0.01 r
  inp_a[3] (in)                            0.00       0.01 r
  U366/ZN (INVD1BWP16P90LVT)               0.01       0.02 f
  U190/ZN (CKND2BWP16P90LVT)               0.01       0.03 r
  U416/ZN (XNR2D4BWP16P90LVT)              0.02       0.05 f
  U141/Z (AN2D1BWP16P90LVT)                0.01       0.06 f
  U357/ZN (INVD1BWP16P90LVT)               0.01       0.07 r
  U532/ZN (OAI22D1BWP16P90LVT)             0.01       0.08 f
  U664/CO (FA1D1BWP16P90LVT)               0.02       0.11 f
  U674/S (FA1D1BWP16P90LVT)                0.03       0.14 r
  U673/S (FA1D1BWP16P90LVT)                0.03       0.17 f
  U679/S (FA1D1BWP16P90LVT)                0.03       0.20 r
  U37/ZN (ND2D1BWP16P90LVT)                0.01       0.21 f
  U66/ZN (OAI21D1BWP16P90LVT)              0.01       0.22 r
  U64/ZN (AOI21D1BWP16P90LVT)              0.01       0.23 f
  U63/ZN (OAI21D1BWP16P90LVT)              0.01       0.24 r
  U701/ZN (AOI21D4BWP16P90LVT)             0.01       0.25 f
  U711/ZN (OAI21D4BWP16P90LVT)             0.01       0.26 r
  U410/ZN (AOI21D4BWP16P90LVT)             0.01       0.26 f
  U409/ZN (OAI21D4BWP16P90LVT)             0.01       0.27 r
  U732/ZN (AOI21D4BWP16P90LVT)             0.01       0.28 f
  U738/ZN (OAI21D4BWP16P90LVT)             0.01       0.29 r
  U744/ZN (AOI21D4BWP16P90LVT)             0.01       0.29 f
  U62/ZN (OAI21D2BWP16P90LVT)              0.01       0.30 r
  U750/ZN (XNR2D1BWP16P90LVT)              0.01       0.31 r
  prod_reg[31]/D (DFCNQD2BWP16P90LVT)      0.00       0.31 r
  data arrival time                                   0.31

  clock clk (rise edge)                    0.33       0.33
  clock network delay (ideal)              0.00       0.33
  clock uncertainty                       -0.01       0.32
  prod_reg[31]/CP (DFCNQD2BWP16P90LVT)     0.00       0.32 r
  library setup time                      -0.01       0.31
  data required time                                  0.31
  -----------------------------------------------------------
  data required time                                  0.31
  data arrival time                                  -0.31
  -----------------------------------------------------------
  slack (MET)                                         0.00


  Startpoint: inp_a[11] (input port clocked by clk)
  Endpoint: prod_reg[31]
            (rising edge-triggered flip-flop clocked by clk)
  Path Group: clk
  Path Type: max

  Des/Clust/Port     Wire Load Model       Library
  ------------------------------------------------
  mult               ZeroWireload          N16ADFP_StdCelltt0p8v25c

  Point                                    Incr       Path
  -----------------------------------------------------------
  clock clk (rise edge)                    0.00       0.00
  clock network delay (ideal)              0.00       0.00
  input external delay                     0.01       0.01 r
  inp_a[11] (in)                           0.00       0.01 r
  U61/ZN (INVD1BWP16P90LVT)                0.01       0.02 f
  U191/ZN (CKND2BWP16P90LVT)               0.01       0.03 r
  U418/ZN (XNR2D4BWP16P90LVT)              0.02       0.05 f
  U55/Z (AN2D1BWP16P90LVT)                 0.01       0.06 f
  U363/ZN (INVD1BWP16P90LVT)               0.01       0.08 r
  U484/ZN (OAI22D1BWP16P90LVT)             0.01       0.09 f
  U492/CO (FA1D1BWP16P90LVT)               0.02       0.11 f
  U510/S (FA1D1BWP16P90LVT)                0.03       0.14 r
  U509/S (FA1D1BWP16P90LVT)                0.03       0.17 f
  U71/S (FA1D1BWP16P90LVT)                 0.03       0.20 r
  U36/ZN (CKND2D1BWP16P90LVT)              0.01       0.21 f
  U65/ZN (OAI21D1BWP16P90LVT)              0.01       0.22 r
  U653/ZN (AOI21D1BWP16P90LVT)             0.01       0.23 f
  U412/ZN (OAI21D2BWP16P90LVT)             0.01       0.24 r
  U701/ZN (AOI21D4BWP16P90LVT)             0.01       0.25 f
  U711/ZN (OAI21D4BWP16P90LVT)             0.01       0.26 r
  U410/ZN (AOI21D4BWP16P90LVT)             0.01       0.26 f
  U409/ZN (OAI21D4BWP16P90LVT)             0.01       0.27 r
  U732/ZN (AOI21D4BWP16P90LVT)             0.01       0.28 f
  U738/ZN (OAI21D4BWP16P90LVT)             0.01       0.29 r
  U744/ZN (AOI21D4BWP16P90LVT)             0.01       0.29 f
  U62/ZN (OAI21D2BWP16P90LVT)              0.01       0.30 r
  U750/ZN (XNR2D1BWP16P90LVT)              0.01       0.31 r
  prod_reg[31]/D (DFCNQD2BWP16P90LVT)      0.00       0.31 r
  data arrival time                                   0.31

  clock clk (rise edge)                    0.33       0.33
  clock network delay (ideal)              0.00       0.33
  clock uncertainty                       -0.01       0.32
  prod_reg[31]/CP (DFCNQD2BWP16P90LVT)     0.00       0.32 r
  library setup time                      -0.01       0.31
  data required time                                  0.31
  -----------------------------------------------------------
  data required time                                  0.31
  data arrival time                                  -0.31
  -----------------------------------------------------------
  slack (MET)                                         0.00


  Startpoint: inp_a[11] (input port clocked by clk)
  Endpoint: prod_reg[31]
            (rising edge-triggered flip-flop clocked by clk)
  Path Group: clk
  Path Type: max

  Des/Clust/Port     Wire Load Model       Library
  ------------------------------------------------
  mult               ZeroWireload          N16ADFP_StdCelltt0p8v25c

  Point                                    Incr       Path
  -----------------------------------------------------------
  clock clk (rise edge)                    0.00       0.00
  clock network delay (ideal)              0.00       0.00
  input external delay                     0.01       0.01 r
  inp_a[11] (in)                           0.00       0.01 r
  U61/ZN (INVD1BWP16P90LVT)                0.01       0.02 f
  U191/ZN (CKND2BWP16P90LVT)               0.01       0.03 r
  U418/ZN (XNR2D4BWP16P90LVT)              0.02       0.05 f
  U55/Z (AN2D1BWP16P90LVT)                 0.01       0.06 f
  U363/ZN (INVD1BWP16P90LVT)               0.01       0.08 r
  U484/ZN (OAI22D1BWP16P90LVT)             0.01       0.09 f
  U492/CO (FA1D1BWP16P90LVT)               0.02       0.11 f
  U510/S (FA1D1BWP16P90LVT)                0.03       0.14 r
  U509/S (FA1D1BWP16P90LVT)                0.03       0.17 f
  U71/S (FA1D1BWP16P90LVT)                 0.03       0.20 r
  U36/ZN (CKND2D1BWP16P90LVT)              0.01       0.21 f
  U65/ZN (OAI21D1BWP16P90LVT)              0.01       0.22 r
  U653/ZN (AOI21D1BWP16P90LVT)             0.01       0.23 f
  U412/ZN (OAI21D2BWP16P90LVT)             0.01       0.24 r
  U701/ZN (AOI21D4BWP16P90LVT)             0.01       0.25 f
  U711/ZN (OAI21D4BWP16P90LVT)             0.01       0.26 r
  U410/ZN (AOI21D4BWP16P90LVT)             0.01       0.26 f
  U409/ZN (OAI21D4BWP16P90LVT)             0.01       0.27 r
  U732/ZN (AOI21D4BWP16P90LVT)             0.01       0.28 f
  U738/ZN (OAI21D4BWP16P90LVT)             0.01       0.29 r
  U744/ZN (AOI21D4BWP16P90LVT)             0.01       0.29 f
  U62/ZN (OAI21D2BWP16P90LVT)              0.01       0.30 r
  U750/ZN (XNR2D1BWP16P90LVT)              0.01       0.31 r
  prod_reg[31]/D (DFCNQD2BWP16P90LVT)      0.00       0.31 r
  data arrival time                                   0.31

  clock clk (rise edge)                    0.33       0.33
  clock network delay (ideal)              0.00       0.33
  clock uncertainty                       -0.01       0.32
  prod_reg[31]/CP (DFCNQD2BWP16P90LVT)     0.00       0.32 r
  library setup time                      -0.01       0.31
  data required time                                  0.31
  -----------------------------------------------------------
  data required time                                  0.31
  data arrival time                                  -0.31
  -----------------------------------------------------------
  slack (MET)                                         0.00


  Startpoint: inp_a[11] (input port clocked by clk)
  Endpoint: prod_reg[31]
            (rising edge-triggered flip-flop clocked by clk)
  Path Group: clk
  Path Type: max

  Des/Clust/Port     Wire Load Model       Library
  ------------------------------------------------
  mult               ZeroWireload          N16ADFP_StdCelltt0p8v25c

  Point                                    Incr       Path
  -----------------------------------------------------------
  clock clk (rise edge)                    0.00       0.00
  clock network delay (ideal)              0.00       0.00
  input external delay                     0.01       0.01 r
  inp_a[11] (in)                           0.00       0.01 r
  U61/ZN (INVD1BWP16P90LVT)                0.01       0.02 f
  U191/ZN (CKND2BWP16P90LVT)               0.01       0.03 r
  U418/ZN (XNR2D4BWP16P90LVT)              0.02       0.05 f
  U55/Z (AN2D1BWP16P90LVT)                 0.01       0.06 f
  U363/ZN (INVD1BWP16P90LVT)               0.01       0.08 r
  U484/ZN (OAI22D1BWP16P90LVT)             0.01       0.09 f
  U492/CO (FA1D1BWP16P90LVT)               0.02       0.11 f
  U510/S (FA1D1BWP16P90LVT)                0.03       0.14 r
  U509/S (FA1D1BWP16P90LVT)                0.03       0.17 f
  U71/S (FA1D1BWP16P90LVT)                 0.03       0.20 r
  U36/ZN (CKND2D1BWP16P90LVT)              0.01       0.21 f
  U65/ZN (OAI21D1BWP16P90LVT)              0.01       0.22 r
  U653/ZN (AOI21D1BWP16P90LVT)             0.01       0.23 f
  U412/ZN (OAI21D2BWP16P90LVT)             0.01       0.24 r
  U701/ZN (AOI21D4BWP16P90LVT)             0.01       0.25 f
  U711/ZN (OAI21D4BWP16P90LVT)             0.01       0.26 r
  U410/ZN (AOI21D4BWP16P90LVT)             0.01       0.26 f
  U409/ZN (OAI21D4BWP16P90LVT)             0.01       0.27 r
  U732/ZN (AOI21D4BWP16P90LVT)             0.01       0.28 f
  U738/ZN (OAI21D4BWP16P90LVT)             0.01       0.29 r
  U744/ZN (AOI21D4BWP16P90LVT)             0.01       0.29 f
  U62/ZN (OAI21D2BWP16P90LVT)              0.01       0.30 r
  U750/ZN (XNR2D1BWP16P90LVT)              0.01       0.31 r
  prod_reg[31]/D (DFCNQD2BWP16P90LVT)      0.00       0.31 r
  data arrival time                                   0.31

  clock clk (rise edge)                    0.33       0.33
  clock network delay (ideal)              0.00       0.33
  clock uncertainty                       -0.01       0.32
  prod_reg[31]/CP (DFCNQD2BWP16P90LVT)     0.00       0.32 r
  library setup time                      -0.01       0.31
  data required time                                  0.31
  -----------------------------------------------------------
  data required time                                  0.31
  data arrival time                                  -0.31
  -----------------------------------------------------------
  slack (MET)                                         0.00


  Startpoint: inp_a[5] (input port clocked by clk)
  Endpoint: prod_reg[31]
            (rising edge-triggered flip-flop clocked by clk)
  Path Group: clk
  Path Type: max

  Des/Clust/Port     Wire Load Model       Library
  ------------------------------------------------
  mult               ZeroWireload          N16ADFP_StdCelltt0p8v25c

  Point                                    Incr       Path
  -----------------------------------------------------------
  clock clk (rise edge)                    0.00       0.00
  clock network delay (ideal)              0.00       0.00
  input external delay                     0.01       0.01 f
  inp_a[5] (in)                            0.00       0.01 f
  U368/ZN (INVD1BWP16P90LVT)               0.01       0.02 r
  U188/ZN (CKND2BWP16P90LVT)               0.01       0.03 f
  U381/Z (XOR2D4BWP16P90LVT)               0.02       0.05 r
  U40/ZN (INVD1BWP16P90LVT)                0.01       0.05 f
  U59/Z (AN2D1BWP16P90LVT)                 0.01       0.06 f
  U355/ZN (INVD1BWP16P90LVT)               0.01       0.07 r
  U486/ZN (OAI22D1BWP16P90LVT)             0.01       0.09 f
  U491/CO (FA1D1BWP16P90LVT)               0.02       0.11 f
  U510/S (FA1D1BWP16P90LVT)                0.03       0.14 r
  U509/S (FA1D1BWP16P90LVT)                0.03       0.17 f
  U71/S (FA1D1BWP16P90LVT)                 0.03       0.20 r
  U36/ZN (CKND2D1BWP16P90LVT)              0.01       0.21 f
  U65/ZN (OAI21D1BWP16P90LVT)              0.01       0.22 r
  U653/ZN (AOI21D1BWP16P90LVT)             0.01       0.23 f
  U412/ZN (OAI21D2BWP16P90LVT)             0.01       0.24 r
  U701/ZN (AOI21D4BWP16P90LVT)             0.01       0.25 f
  U711/ZN (OAI21D4BWP16P90LVT)             0.01       0.26 r
  U410/ZN (AOI21D4BWP16P90LVT)             0.01       0.26 f
  U409/ZN (OAI21D4BWP16P90LVT)             0.01       0.27 r
  U732/ZN (AOI21D4BWP16P90LVT)             0.01       0.28 f
  U738/ZN (OAI21D4BWP16P90LVT)             0.01       0.29 r
  U744/ZN (AOI21D4BWP16P90LVT)             0.01       0.29 f
  U62/ZN (OAI21D2BWP16P90LVT)              0.01       0.30 r
  U750/ZN (XNR2D1BWP16P90LVT)              0.01       0.31 r
  prod_reg[31]/D (DFCNQD2BWP16P90LVT)      0.00       0.31 r
  data arrival time                                   0.31

  clock clk (rise edge)                    0.33       0.33
  clock network delay (ideal)              0.00       0.33
  clock uncertainty                       -0.01       0.32
  prod_reg[31]/CP (DFCNQD2BWP16P90LVT)     0.00       0.32 r
  library setup time                      -0.01       0.31
  data required time                                  0.31
  -----------------------------------------------------------
  data required time                                  0.31
  data arrival time                                  -0.31
  -----------------------------------------------------------
  slack (MET)                                         0.00


  Startpoint: inp_a[11] (input port clocked by clk)
  Endpoint: prod_reg[31]
            (rising edge-triggered flip-flop clocked by clk)
  Path Group: clk
  Path Type: max

  Des/Clust/Port     Wire Load Model       Library
  ------------------------------------------------
  mult               ZeroWireload          N16ADFP_StdCelltt0p8v25c

  Point                                    Incr       Path
  -----------------------------------------------------------
  clock clk (rise edge)                    0.00       0.00
  clock network delay (ideal)              0.00       0.00
  input external delay                     0.01       0.01 r
  inp_a[11] (in)                           0.00       0.01 r
  U61/ZN (INVD1BWP16P90LVT)                0.01       0.02 f
  U191/ZN (CKND2BWP16P90LVT)               0.01       0.03 r
  U418/ZN (XNR2D4BWP16P90LVT)              0.02       0.05 f
  U55/Z (AN2D1BWP16P90LVT)                 0.01       0.06 f
  U363/ZN (INVD1BWP16P90LVT)               0.01       0.08 r
  U484/ZN (OAI22D1BWP16P90LVT)             0.01       0.09 f
  U492/CO (FA1D1BWP16P90LVT)               0.02       0.11 f
  U510/S (FA1D1BWP16P90LVT)                0.03       0.14 r
  U509/S (FA1D1BWP16P90LVT)                0.03       0.17 f
  U71/S (FA1D1BWP16P90LVT)                 0.03       0.20 r
  U36/ZN (CKND2D1BWP16P90LVT)              0.01       0.21 f
  U65/ZN (OAI21D1BWP16P90LVT)              0.01       0.22 r
  U653/ZN (AOI21D1BWP16P90LVT)             0.01       0.23 f
  U412/ZN (OAI21D2BWP16P90LVT)             0.01       0.24 r
  U701/ZN (AOI21D4BWP16P90LVT)             0.01       0.25 f
  U711/ZN (OAI21D4BWP16P90LVT)             0.01       0.25 r
  U410/ZN (AOI21D4BWP16P90LVT)             0.01       0.26 f
  U409/ZN (OAI21D4BWP16P90LVT)             0.01       0.27 r
  U732/ZN (AOI21D4BWP16P90LVT)             0.01       0.28 f
  U738/ZN (OAI21D4BWP16P90LVT)             0.01       0.29 r
  U744/ZN (AOI21D4BWP16P90LVT)             0.01       0.29 f
  U62/ZN (OAI21D2BWP16P90LVT)              0.01       0.30 r
  U750/ZN (XNR2D1BWP16P90LVT)              0.01       0.31 r
  prod_reg[31]/D (DFCNQD2BWP16P90LVT)      0.00       0.31 r
  data arrival time                                   0.31

  clock clk (rise edge)                    0.33       0.33
  clock network delay (ideal)              0.00       0.33
  clock uncertainty                       -0.01       0.32
  prod_reg[31]/CP (DFCNQD2BWP16P90LVT)     0.00       0.32 r
  library setup time                      -0.01       0.31
  data required time                                  0.31
  -----------------------------------------------------------
  data required time                                  0.31
  data arrival time                                  -0.31
  -----------------------------------------------------------
  slack (MET)                                         0.00


  Startpoint: inp_a[11] (input port clocked by clk)
  Endpoint: prod_reg[31]
            (rising edge-triggered flip-flop clocked by clk)
  Path Group: clk
  Path Type: max

  Des/Clust/Port     Wire Load Model       Library
  ------------------------------------------------
  mult               ZeroWireload          N16ADFP_StdCelltt0p8v25c

  Point                                    Incr       Path
  -----------------------------------------------------------
  clock clk (rise edge)                    0.00       0.00
  clock network delay (ideal)              0.00       0.00
  input external delay                     0.01       0.01 r
  inp_a[11] (in)                           0.00       0.01 r
  U61/ZN (INVD1BWP16P90LVT)                0.01       0.02 f
  U191/ZN (CKND2BWP16P90LVT)               0.01       0.03 r
  U418/ZN (XNR2D4BWP16P90LVT)              0.02       0.05 f
  U55/Z (AN2D1BWP16P90LVT)                 0.01       0.06 f
  U363/ZN (INVD1BWP16P90LVT)               0.01       0.08 r
  U484/ZN (OAI22D1BWP16P90LVT)             0.01       0.09 f
  U492/CO (FA1D1BWP16P90LVT)               0.02       0.11 f
  U510/S (FA1D1BWP16P90LVT)                0.03       0.14 r
  U509/S (FA1D1BWP16P90LVT)                0.03       0.17 f
  U71/S (FA1D1BWP16P90LVT)                 0.03       0.20 r
  U36/ZN (CKND2D1BWP16P90LVT)              0.01       0.21 f
  U65/ZN (OAI21D1BWP16P90LVT)              0.01       0.22 r
  U653/ZN (AOI21D1BWP16P90LVT)             0.01       0.23 f
  U412/ZN (OAI21D2BWP16P90LVT)             0.01       0.24 r
  U701/ZN (AOI21D4BWP16P90LVT)             0.01       0.25 f
  U711/ZN (OAI21D4BWP16P90LVT)             0.01       0.25 r
  U410/ZN (AOI21D4BWP16P90LVT)             0.01       0.26 f
  U409/ZN (OAI21D4BWP16P90LVT)             0.01       0.27 r
  U732/ZN (AOI21D4BWP16P90LVT)             0.01       0.28 f
  U738/ZN (OAI21D4BWP16P90LVT)             0.01       0.29 r
  U744/ZN (AOI21D4BWP16P90LVT)             0.01       0.29 f
  U62/ZN (OAI21D2BWP16P90LVT)              0.01       0.30 r
  U750/ZN (XNR2D1BWP16P90LVT)              0.01       0.31 r
  prod_reg[31]/D (DFCNQD2BWP16P90LVT)      0.00       0.31 r
  data arrival time                                   0.31

  clock clk (rise edge)                    0.33       0.33
  clock network delay (ideal)              0.00       0.33
  clock uncertainty                       -0.01       0.32
  prod_reg[31]/CP (DFCNQD2BWP16P90LVT)     0.00       0.32 r
  library setup time                      -0.01       0.31
  data required time                                  0.31
  -----------------------------------------------------------
  data required time                                  0.31
  data arrival time                                  -0.31
  -----------------------------------------------------------
  slack (MET)                                         0.00


  Startpoint: inp_a[5] (input port clocked by clk)
  Endpoint: prod_reg[31]
            (rising edge-triggered flip-flop clocked by clk)
  Path Group: clk
  Path Type: max

  Des/Clust/Port     Wire Load Model       Library
  ------------------------------------------------
  mult               ZeroWireload          N16ADFP_StdCelltt0p8v25c

  Point                                    Incr       Path
  -----------------------------------------------------------
  clock clk (rise edge)                    0.00       0.00
  clock network delay (ideal)              0.00       0.00
  input external delay                     0.01       0.01 f
  inp_a[5] (in)                            0.00       0.01 f
  U368/ZN (INVD1BWP16P90LVT)               0.01       0.02 r
  U188/ZN (CKND2BWP16P90LVT)               0.01       0.03 f
  U381/Z (XOR2D4BWP16P90LVT)               0.02       0.05 r
  U40/ZN (INVD1BWP16P90LVT)                0.01       0.05 f
  U59/Z (AN2D1BWP16P90LVT)                 0.01       0.06 f
  U355/ZN (INVD1BWP16P90LVT)               0.01       0.07 r
  U486/ZN (OAI22D1BWP16P90LVT)             0.01       0.09 f
  U491/CO (FA1D1BWP16P90LVT)               0.02       0.11 f
  U510/S (FA1D1BWP16P90LVT)                0.03       0.14 r
  U509/S (FA1D1BWP16P90LVT)                0.03       0.17 f
  U71/S (FA1D1BWP16P90LVT)                 0.03       0.20 r
  U36/ZN (CKND2D1BWP16P90LVT)              0.01       0.21 f
  U65/ZN (OAI21D1BWP16P90LVT)              0.01       0.22 r
  U653/ZN (AOI21D1BWP16P90LVT)             0.01       0.23 f
  U412/ZN (OAI21D2BWP16P90LVT)             0.01       0.24 r
  U701/ZN (AOI21D4BWP16P90LVT)             0.01       0.25 f
  U711/ZN (OAI21D4BWP16P90LVT)             0.01       0.25 r
  U410/ZN (AOI21D4BWP16P90LVT)             0.01       0.26 f
  U409/ZN (OAI21D4BWP16P90LVT)             0.01       0.27 r
  U732/ZN (AOI21D4BWP16P90LVT)             0.01       0.28 f
  U738/ZN (OAI21D4BWP16P90LVT)             0.01       0.29 r
  U744/ZN (AOI21D4BWP16P90LVT)             0.01       0.29 f
  U62/ZN (OAI21D2BWP16P90LVT)              0.01       0.30 r
  U750/ZN (XNR2D1BWP16P90LVT)              0.01       0.31 r
  prod_reg[31]/D (DFCNQD2BWP16P90LVT)      0.00       0.31 r
  data arrival time                                   0.31

  clock clk (rise edge)                    0.33       0.33
  clock network delay (ideal)              0.00       0.33
  clock uncertainty                       -0.01       0.32
  prod_reg[31]/CP (DFCNQD2BWP16P90LVT)     0.00       0.32 r
  library setup time                      -0.01       0.31
  data required time                                  0.31
  -----------------------------------------------------------
  data required time                                  0.31
  data arrival time                                  -0.31
  -----------------------------------------------------------
  slack (MET)                                         0.00


  Startpoint: inp_a[5] (input port clocked by clk)
  Endpoint: prod_reg[31]
            (rising edge-triggered flip-flop clocked by clk)
  Path Group: clk
  Path Type: max

  Des/Clust/Port     Wire Load Model       Library
  ------------------------------------------------
  mult               ZeroWireload          N16ADFP_StdCelltt0p8v25c

  Point                                    Incr       Path
  -----------------------------------------------------------
  clock clk (rise edge)                    0.00       0.00
  clock network delay (ideal)              0.00       0.00
  input external delay                     0.01       0.01 r
  inp_a[5] (in)                            0.00       0.01 r
  U368/ZN (INVD1BWP16P90LVT)               0.01       0.02 f
  U188/ZN (CKND2BWP16P90LVT)               0.01       0.03 r
  U381/Z (XOR2D4BWP16P90LVT)               0.02       0.05 f
  U40/ZN (INVD1BWP16P90LVT)                0.01       0.06 r
  U59/Z (AN2D1BWP16P90LVT)                 0.01       0.07 r
  U355/ZN (INVD1BWP16P90LVT)               0.01       0.08 f
  U656/ZN (OAI22D1BWP16P90LVT)             0.01       0.09 r
  U677/S (FA1D1BWP16P90LVT)                0.03       0.12 f
  U678/CO (FA1D1BWP16P90LVT)               0.02       0.14 f
  U684/S (FA1D1BWP16P90LVT)                0.03       0.17 r
  U690/S (FA1D1BWP16P90LVT)                0.03       0.20 f
  U108/ZN (NR2D1BWP16P90LVT)               0.01       0.21 r
  U66/ZN (OAI21D1BWP16P90LVT)              0.01       0.22 f
  U64/ZN (AOI21D1BWP16P90LVT)              0.01       0.23 r
  U63/ZN (OAI21D1BWP16P90LVT)              0.01       0.24 f
  U701/ZN (AOI21D4BWP16P90LVT)             0.01       0.25 r
  U711/ZN (OAI21D4BWP16P90LVT)             0.01       0.26 f
  U410/ZN (AOI21D4BWP16P90LVT)             0.01       0.26 r
  U409/ZN (OAI21D4BWP16P90LVT)             0.01       0.27 f
  U732/ZN (AOI21D4BWP16P90LVT)             0.01       0.28 r
  U738/ZN (OAI21D4BWP16P90LVT)             0.01       0.29 f
  U744/ZN (AOI21D4BWP16P90LVT)             0.01       0.29 r
  U62/ZN (OAI21D2BWP16P90LVT)              0.01       0.30 f
  U750/ZN (XNR2D1BWP16P90LVT)              0.01       0.31 r
  prod_reg[31]/D (DFCNQD2BWP16P90LVT)      0.00       0.31 r
  data arrival time                                   0.31

  clock clk (rise edge)                    0.33       0.33
  clock network delay (ideal)              0.00       0.33
  clock uncertainty                       -0.01       0.32
  prod_reg[31]/CP (DFCNQD2BWP16P90LVT)     0.00       0.32 r
  library setup time                      -0.01       0.31
  data required time                                  0.31
  -----------------------------------------------------------
  data required time                                  0.31
  data arrival time                                  -0.31
  -----------------------------------------------------------
  slack (MET)                                         0.00


  Startpoint: inp_a[11] (input port clocked by clk)
  Endpoint: prod_reg[31]
            (rising edge-triggered flip-flop clocked by clk)
  Path Group: clk
  Path Type: max

  Des/Clust/Port     Wire Load Model       Library
  ------------------------------------------------
  mult               ZeroWireload          N16ADFP_StdCelltt0p8v25c

  Point                                    Incr       Path
  -----------------------------------------------------------
  clock clk (rise edge)                    0.00       0.00
  clock network delay (ideal)              0.00       0.00
  input external delay                     0.01       0.01 r
  inp_a[11] (in)                           0.00       0.01 r
  U61/ZN (INVD1BWP16P90LVT)                0.01       0.02 f
  U191/ZN (CKND2BWP16P90LVT)               0.01       0.03 r
  U418/ZN (XNR2D4BWP16P90LVT)              0.02       0.05 f
  U55/Z (AN2D1BWP16P90LVT)                 0.01       0.06 f
  U363/ZN (INVD1BWP16P90LVT)               0.01       0.08 r
  U484/ZN (OAI22D1BWP16P90LVT)             0.01       0.09 f
  U492/CO (FA1D1BWP16P90LVT)               0.02       0.11 f
  U510/S (FA1D1BWP16P90LVT)                0.03       0.14 r
  U509/S (FA1D1BWP16P90LVT)                0.03       0.17 f
  U71/S (FA1D1BWP16P90LVT)                 0.03       0.20 r
  U36/ZN (CKND2D1BWP16P90LVT)              0.01       0.21 f
  U65/ZN (OAI21D1BWP16P90LVT)              0.01       0.22 r
  U653/ZN (AOI21D1BWP16P90LVT)             0.01       0.23 f
  U412/ZN (OAI21D2BWP16P90LVT)             0.01       0.24 r
  U701/ZN (AOI21D4BWP16P90LVT)             0.01       0.25 f
  U711/ZN (OAI21D4BWP16P90LVT)             0.01       0.25 r
  U410/ZN (AOI21D4BWP16P90LVT)             0.01       0.26 f
  U409/ZN (OAI21D4BWP16P90LVT)             0.01       0.27 r
  U732/ZN (AOI21D4BWP16P90LVT)             0.01       0.28 f
  U738/ZN (OAI21D4BWP16P90LVT)             0.01       0.29 r
  U744/ZN (AOI21D4BWP16P90LVT)             0.01       0.29 f
  U62/ZN (OAI21D2BWP16P90LVT)              0.01       0.30 r
  U750/ZN (XNR2D1BWP16P90LVT)              0.01       0.31 r
  prod_reg[31]/D (DFCNQD2BWP16P90LVT)      0.00       0.31 r
  data arrival time                                   0.31

  clock clk (rise edge)                    0.33       0.33
  clock network delay (ideal)              0.00       0.33
  clock uncertainty                       -0.01       0.32
  prod_reg[31]/CP (DFCNQD2BWP16P90LVT)     0.00       0.32 r
  library setup time                      -0.01       0.31
  data required time                                  0.31
  -----------------------------------------------------------
  data required time                                  0.31
  data arrival time                                  -0.31
  -----------------------------------------------------------
  slack (MET)                                         0.00


  Startpoint: inp_a[5] (input port clocked by clk)
  Endpoint: prod_reg[31]
            (rising edge-triggered flip-flop clocked by clk)
  Path Group: clk
  Path Type: max

  Des/Clust/Port     Wire Load Model       Library
  ------------------------------------------------
  mult               ZeroWireload          N16ADFP_StdCelltt0p8v25c

  Point                                    Incr       Path
  -----------------------------------------------------------
  clock clk (rise edge)                    0.00       0.00
  clock network delay (ideal)              0.00       0.00
  input external delay                     0.01       0.01 r
  inp_a[5] (in)                            0.00       0.01 r
  U368/ZN (INVD1BWP16P90LVT)               0.01       0.02 f
  U188/ZN (CKND2BWP16P90LVT)               0.01       0.03 r
  U381/Z (XOR2D4BWP16P90LVT)               0.02       0.05 f
  U40/ZN (INVD1BWP16P90LVT)                0.01       0.06 r
  U59/Z (AN2D1BWP16P90LVT)                 0.01       0.07 r
  U355/ZN (INVD1BWP16P90LVT)               0.01       0.08 f
  U656/ZN (OAI22D1BWP16P90LVT)             0.01       0.09 r
  U677/S (FA1D1BWP16P90LVT)                0.03       0.12 f
  U678/CO (FA1D1BWP16P90LVT)               0.02       0.14 f
  U684/S (FA1D1BWP16P90LVT)                0.03       0.17 r
  U690/S (FA1D1BWP16P90LVT)                0.03       0.20 f
  U108/ZN (NR2D1BWP16P90LVT)               0.01       0.21 r
  U66/ZN (OAI21D1BWP16P90LVT)              0.01       0.22 f
  U64/ZN (AOI21D1BWP16P90LVT)              0.01       0.23 r
  U63/ZN (OAI21D1BWP16P90LVT)              0.01       0.24 f
  U701/ZN (AOI21D4BWP16P90LVT)             0.01       0.25 r
  U711/ZN (OAI21D4BWP16P90LVT)             0.01       0.26 f
  U410/ZN (AOI21D4BWP16P90LVT)             0.01       0.26 r
  U409/ZN (OAI21D4BWP16P90LVT)             0.01       0.27 f
  U732/ZN (AOI21D4BWP16P90LVT)             0.01       0.28 r
  U738/ZN (OAI21D4BWP16P90LVT)             0.01       0.29 f
  U744/ZN (AOI21D4BWP16P90LVT)             0.01       0.29 r
  U62/ZN (OAI21D2BWP16P90LVT)              0.01       0.30 f
  U750/ZN (XNR2D1BWP16P90LVT)              0.01       0.31 r
  prod_reg[31]/D (DFCNQD2BWP16P90LVT)      0.00       0.31 r
  data arrival time                                   0.31

  clock clk (rise edge)                    0.33       0.33
  clock network delay (ideal)              0.00       0.33
  clock uncertainty                       -0.01       0.32
  prod_reg[31]/CP (DFCNQD2BWP16P90LVT)     0.00       0.32 r
  library setup time                      -0.01       0.31
  data required time                                  0.31
  -----------------------------------------------------------
  data required time                                  0.31
  data arrival time                                  -0.31
  -----------------------------------------------------------
  slack (MET)                                         0.00


  Startpoint: inp_a[3] (input port clocked by clk)
  Endpoint: prod_reg[31]
            (rising edge-triggered flip-flop clocked by clk)
  Path Group: clk
  Path Type: max

  Des/Clust/Port     Wire Load Model       Library
  ------------------------------------------------
  mult               ZeroWireload          N16ADFP_StdCelltt0p8v25c

  Point                                    Incr       Path
  -----------------------------------------------------------
  clock clk (rise edge)                    0.00       0.00
  clock network delay (ideal)              0.00       0.00
  input external delay                     0.01       0.01 r
  inp_a[3] (in)                            0.00       0.01 r
  U366/ZN (INVD1BWP16P90LVT)               0.01       0.02 f
  U190/ZN (CKND2BWP16P90LVT)               0.01       0.03 r
  U416/ZN (XNR2D4BWP16P90LVT)              0.02       0.05 f
  U141/Z (AN2D1BWP16P90LVT)                0.01       0.06 f
  U357/ZN (INVD1BWP16P90LVT)               0.01       0.07 r
  U532/ZN (OAI22D1BWP16P90LVT)             0.01       0.08 f
  U664/CO (FA1D1BWP16P90LVT)               0.02       0.11 f
  U674/S (FA1D1BWP16P90LVT)                0.03       0.14 r
  U673/S (FA1D1BWP16P90LVT)                0.03       0.17 f
  U679/S (FA1D1BWP16P90LVT)                0.03       0.20 r
  U37/ZN (ND2D1BWP16P90LVT)                0.01       0.21 f
  U66/ZN (OAI21D1BWP16P90LVT)              0.01       0.22 r
  U64/ZN (AOI21D1BWP16P90LVT)              0.01       0.23 f
  U63/ZN (OAI21D1BWP16P90LVT)              0.01       0.24 r
  U701/ZN (AOI21D4BWP16P90LVT)             0.01       0.25 f
  U711/ZN (OAI21D4BWP16P90LVT)             0.01       0.25 r
  U410/ZN (AOI21D4BWP16P90LVT)             0.01       0.26 f
  U409/ZN (OAI21D4BWP16P90LVT)             0.01       0.27 r
  U732/ZN (AOI21D4BWP16P90LVT)             0.01       0.28 f
  U738/ZN (OAI21D4BWP16P90LVT)             0.01       0.29 r
  U744/ZN (AOI21D4BWP16P90LVT)             0.01       0.29 f
  U62/ZN (OAI21D2BWP16P90LVT)              0.01       0.30 r
  U750/ZN (XNR2D1BWP16P90LVT)              0.01       0.31 r
  prod_reg[31]/D (DFCNQD2BWP16P90LVT)      0.00       0.31 r
  data arrival time                                   0.31

  clock clk (rise edge)                    0.33       0.33
  clock network delay (ideal)              0.00       0.33
  clock uncertainty                       -0.01       0.32
  prod_reg[31]/CP (DFCNQD2BWP16P90LVT)     0.00       0.32 r
  library setup time                      -0.01       0.31
  data required time                                  0.31
  -----------------------------------------------------------
  data required time                                  0.31
  data arrival time                                  -0.31
  -----------------------------------------------------------
  slack (MET)                                         0.00


  Startpoint: inp_a[3] (input port clocked by clk)
  Endpoint: prod_reg[31]
            (rising edge-triggered flip-flop clocked by clk)
  Path Group: clk
  Path Type: max

  Des/Clust/Port     Wire Load Model       Library
  ------------------------------------------------
  mult               ZeroWireload          N16ADFP_StdCelltt0p8v25c

  Point                                    Incr       Path
  -----------------------------------------------------------
  clock clk (rise edge)                    0.00       0.00
  clock network delay (ideal)              0.00       0.00
  input external delay                     0.01       0.01 r
  inp_a[3] (in)                            0.00       0.01 r
  U366/ZN (INVD1BWP16P90LVT)               0.01       0.02 f
  U190/ZN (CKND2BWP16P90LVT)               0.01       0.03 r
  U416/ZN (XNR2D4BWP16P90LVT)              0.02       0.05 f
  U141/Z (AN2D1BWP16P90LVT)                0.01       0.06 f
  U357/ZN (INVD1BWP16P90LVT)               0.01       0.07 r
  U532/ZN (OAI22D1BWP16P90LVT)             0.01       0.08 f
  U664/CO (FA1D1BWP16P90LVT)               0.02       0.11 f
  U674/S (FA1D1BWP16P90LVT)                0.03       0.14 r
  U673/S (FA1D1BWP16P90LVT)                0.03       0.17 f
  U679/S (FA1D1BWP16P90LVT)                0.03       0.20 r
  U37/ZN (ND2D1BWP16P90LVT)                0.01       0.21 f
  U66/ZN (OAI21D1BWP16P90LVT)              0.01       0.22 r
  U64/ZN (AOI21D1BWP16P90LVT)              0.01       0.23 f
  U63/ZN (OAI21D1BWP16P90LVT)              0.01       0.24 r
  U701/ZN (AOI21D4BWP16P90LVT)             0.01       0.25 f
  U711/ZN (OAI21D4BWP16P90LVT)             0.01       0.25 r
  U410/ZN (AOI21D4BWP16P90LVT)             0.01       0.26 f
  U409/ZN (OAI21D4BWP16P90LVT)             0.01       0.27 r
  U732/ZN (AOI21D4BWP16P90LVT)             0.01       0.28 f
  U738/ZN (OAI21D4BWP16P90LVT)             0.01       0.29 r
  U744/ZN (AOI21D4BWP16P90LVT)             0.01       0.29 f
  U62/ZN (OAI21D2BWP16P90LVT)              0.01       0.30 r
  U750/ZN (XNR2D1BWP16P90LVT)              0.01       0.31 r
  prod_reg[31]/D (DFCNQD2BWP16P90LVT)      0.00       0.31 r
  data arrival time                                   0.31

  clock clk (rise edge)                    0.33       0.33
  clock network delay (ideal)              0.00       0.33
  clock uncertainty                       -0.01       0.32
  prod_reg[31]/CP (DFCNQD2BWP16P90LVT)     0.00       0.32 r
  library setup time                      -0.01       0.31
  data required time                                  0.31
  -----------------------------------------------------------
  data required time                                  0.31
  data arrival time                                  -0.31
  -----------------------------------------------------------
  slack (MET)                                         0.00


  Startpoint: inp_a[3] (input port clocked by clk)
  Endpoint: prod_reg[31]
            (rising edge-triggered flip-flop clocked by clk)
  Path Group: clk
  Path Type: max

  Des/Clust/Port     Wire Load Model       Library
  ------------------------------------------------
  mult               ZeroWireload          N16ADFP_StdCelltt0p8v25c

  Point                                    Incr       Path
  -----------------------------------------------------------
  clock clk (rise edge)                    0.00       0.00
  clock network delay (ideal)              0.00       0.00
  input external delay                     0.01       0.01 r
  inp_a[3] (in)                            0.00       0.01 r
  U366/ZN (INVD1BWP16P90LVT)               0.01       0.02 f
  U190/ZN (CKND2BWP16P90LVT)               0.01       0.03 r
  U416/ZN (XNR2D4BWP16P90LVT)              0.02       0.05 f
  U141/Z (AN2D1BWP16P90LVT)                0.01       0.06 f
  U357/ZN (INVD1BWP16P90LVT)               0.01       0.07 r
  U532/ZN (OAI22D1BWP16P90LVT)             0.01       0.08 f
  U664/CO (FA1D1BWP16P90LVT)               0.02       0.11 f
  U674/S (FA1D1BWP16P90LVT)                0.03       0.14 r
  U673/S (FA1D1BWP16P90LVT)                0.03       0.17 f
  U679/S (FA1D1BWP16P90LVT)                0.03       0.20 r
  U37/ZN (ND2D1BWP16P90LVT)                0.01       0.21 f
  U66/ZN (OAI21D1BWP16P90LVT)              0.01       0.22 r
  U64/ZN (AOI21D1BWP16P90LVT)              0.01       0.23 f
  U63/ZN (OAI21D1BWP16P90LVT)              0.01       0.24 r
  U701/ZN (AOI21D4BWP16P90LVT)             0.01       0.25 f
  U711/ZN (OAI21D4BWP16P90LVT)             0.01       0.25 r
  U410/ZN (AOI21D4BWP16P90LVT)             0.01       0.26 f
  U409/ZN (OAI21D4BWP16P90LVT)             0.01       0.27 r
  U732/ZN (AOI21D4BWP16P90LVT)             0.01       0.28 f
  U738/ZN (OAI21D4BWP16P90LVT)             0.01       0.29 r
  U744/ZN (AOI21D4BWP16P90LVT)             0.01       0.29 f
  U62/ZN (OAI21D2BWP16P90LVT)              0.01       0.30 r
  U750/ZN (XNR2D1BWP16P90LVT)              0.01       0.31 r
  prod_reg[31]/D (DFCNQD2BWP16P90LVT)      0.00       0.31 r
  data arrival time                                   0.31

  clock clk (rise edge)                    0.33       0.33
  clock network delay (ideal)              0.00       0.33
  clock uncertainty                       -0.01       0.32
  prod_reg[31]/CP (DFCNQD2BWP16P90LVT)     0.00       0.32 r
  library setup time                      -0.01       0.31
  data required time                                  0.31
  -----------------------------------------------------------
  data required time                                  0.31
  data arrival time                                  -0.31
  -----------------------------------------------------------
  slack (MET)                                         0.00


  Startpoint: inp_a[3] (input port clocked by clk)
  Endpoint: prod_reg[31]
            (rising edge-triggered flip-flop clocked by clk)
  Path Group: clk
  Path Type: max

  Des/Clust/Port     Wire Load Model       Library
  ------------------------------------------------
  mult               ZeroWireload          N16ADFP_StdCelltt0p8v25c

  Point                                    Incr       Path
  -----------------------------------------------------------
  clock clk (rise edge)                    0.00       0.00
  clock network delay (ideal)              0.00       0.00
  input external delay                     0.01       0.01 r
  inp_a[3] (in)                            0.00       0.01 r
  U366/ZN (INVD1BWP16P90LVT)               0.01       0.02 f
  U190/ZN (CKND2BWP16P90LVT)               0.01       0.03 r
  U416/ZN (XNR2D4BWP16P90LVT)              0.02       0.05 f
  U141/Z (AN2D1BWP16P90LVT)                0.01       0.06 f
  U357/ZN (INVD1BWP16P90LVT)               0.01       0.07 r
  U532/ZN (OAI22D1BWP16P90LVT)             0.01       0.08 f
  U664/CO (FA1D1BWP16P90LVT)               0.02       0.11 f
  U674/S (FA1D1BWP16P90LVT)                0.03       0.14 r
  U673/S (FA1D1BWP16P90LVT)                0.03       0.17 f
  U679/S (FA1D1BWP16P90LVT)                0.03       0.20 r
  U37/ZN (ND2D1BWP16P90LVT)                0.01       0.21 f
  U66/ZN (OAI21D1BWP16P90LVT)              0.01       0.22 r
  U64/ZN (AOI21D1BWP16P90LVT)              0.01       0.23 f
  U63/ZN (OAI21D1BWP16P90LVT)              0.01       0.24 r
  U701/ZN (AOI21D4BWP16P90LVT)             0.01       0.25 f
  U711/ZN (OAI21D4BWP16P90LVT)             0.01       0.25 r
  U410/ZN (AOI21D4BWP16P90LVT)             0.01       0.26 f
  U409/ZN (OAI21D4BWP16P90LVT)             0.01       0.27 r
  U732/ZN (AOI21D4BWP16P90LVT)             0.01       0.28 f
  U738/ZN (OAI21D4BWP16P90LVT)             0.01       0.29 r
  U744/ZN (AOI21D4BWP16P90LVT)             0.01       0.29 f
  U62/ZN (OAI21D2BWP16P90LVT)              0.01       0.30 r
  U750/ZN (XNR2D1BWP16P90LVT)              0.01       0.31 r
  prod_reg[31]/D (DFCNQD2BWP16P90LVT)      0.00       0.31 r
  data arrival time                                   0.31

  clock clk (rise edge)                    0.33       0.33
  clock network delay (ideal)              0.00       0.33
  clock uncertainty                       -0.01       0.32
  prod_reg[31]/CP (DFCNQD2BWP16P90LVT)     0.00       0.32 r
  library setup time                      -0.01       0.31
  data required time                                  0.31
  -----------------------------------------------------------
  data required time                                  0.31
  data arrival time                                  -0.31
  -----------------------------------------------------------
  slack (MET)                                         0.00


  Startpoint: inp_a[3] (input port clocked by clk)
  Endpoint: prod_reg[31]
            (rising edge-triggered flip-flop clocked by clk)
  Path Group: clk
  Path Type: max

  Des/Clust/Port     Wire Load Model       Library
  ------------------------------------------------
  mult               ZeroWireload          N16ADFP_StdCelltt0p8v25c

  Point                                    Incr       Path
  -----------------------------------------------------------
  clock clk (rise edge)                    0.00       0.00
  clock network delay (ideal)              0.00       0.00
  input external delay                     0.01       0.01 r
  inp_a[3] (in)                            0.00       0.01 r
  U366/ZN (INVD1BWP16P90LVT)               0.01       0.02 f
  U190/ZN (CKND2BWP16P90LVT)               0.01       0.03 r
  U416/ZN (XNR2D4BWP16P90LVT)              0.02       0.05 f
  U141/Z (AN2D1BWP16P90LVT)                0.01       0.06 f
  U357/ZN (INVD1BWP16P90LVT)               0.01       0.07 r
  U532/ZN (OAI22D1BWP16P90LVT)             0.01       0.08 f
  U664/CO (FA1D1BWP16P90LVT)               0.02       0.11 f
  U674/S (FA1D1BWP16P90LVT)                0.03       0.14 r
  U673/S (FA1D1BWP16P90LVT)                0.03       0.17 f
  U679/S (FA1D1BWP16P90LVT)                0.03       0.20 r
  U37/ZN (ND2D1BWP16P90LVT)                0.01       0.21 f
  U66/ZN (OAI21D1BWP16P90LVT)              0.01       0.22 r
  U64/ZN (AOI21D1BWP16P90LVT)              0.01       0.23 f
  U63/ZN (OAI21D1BWP16P90LVT)              0.01       0.24 r
  U701/ZN (AOI21D4BWP16P90LVT)             0.01       0.25 f
  U711/ZN (OAI21D4BWP16P90LVT)             0.01       0.25 r
  U410/ZN (AOI21D4BWP16P90LVT)             0.01       0.26 f
  U409/ZN (OAI21D4BWP16P90LVT)             0.01       0.27 r
  U732/ZN (AOI21D4BWP16P90LVT)             0.01       0.28 f
  U738/ZN (OAI21D4BWP16P90LVT)             0.01       0.29 r
  U744/ZN (AOI21D4BWP16P90LVT)             0.01       0.29 f
  U62/ZN (OAI21D2BWP16P90LVT)              0.01       0.30 r
  U750/ZN (XNR2D1BWP16P90LVT)              0.01       0.31 r
  prod_reg[31]/D (DFCNQD2BWP16P90LVT)      0.00       0.31 r
  data arrival time                                   0.31

  clock clk (rise edge)                    0.33       0.33
  clock network delay (ideal)              0.00       0.33
  clock uncertainty                       -0.01       0.32
  prod_reg[31]/CP (DFCNQD2BWP16P90LVT)     0.00       0.32 r
  library setup time                      -0.01       0.31
  data required time                                  0.31
  -----------------------------------------------------------
  data required time                                  0.31
  data arrival time                                  -0.31
  -----------------------------------------------------------
  slack (MET)                                         0.00


  Startpoint: inp_a[3] (input port clocked by clk)
  Endpoint: prod_reg[31]
            (rising edge-triggered flip-flop clocked by clk)
  Path Group: clk
  Path Type: max

  Des/Clust/Port     Wire Load Model       Library
  ------------------------------------------------
  mult               ZeroWireload          N16ADFP_StdCelltt0p8v25c

  Point                                    Incr       Path
  -----------------------------------------------------------
  clock clk (rise edge)                    0.00       0.00
  clock network delay (ideal)              0.00       0.00
  input external delay                     0.01       0.01 r
  inp_a[3] (in)                            0.00       0.01 r
  U366/ZN (INVD1BWP16P90LVT)               0.01       0.02 f
  U190/ZN (CKND2BWP16P90LVT)               0.01       0.03 r
  U416/ZN (XNR2D4BWP16P90LVT)              0.02       0.05 f
  U141/Z (AN2D1BWP16P90LVT)                0.01       0.06 f
  U357/ZN (INVD1BWP16P90LVT)               0.01       0.07 r
  U532/ZN (OAI22D1BWP16P90LVT)             0.01       0.08 f
  U664/CO (FA1D1BWP16P90LVT)               0.02       0.11 f
  U674/S (FA1D1BWP16P90LVT)                0.03       0.14 r
  U673/S (FA1D1BWP16P90LVT)                0.03       0.17 f
  U679/S (FA1D1BWP16P90LVT)                0.03       0.20 r
  U37/ZN (ND2D1BWP16P90LVT)                0.01       0.21 f
  U66/ZN (OAI21D1BWP16P90LVT)              0.01       0.22 r
  U64/ZN (AOI21D1BWP16P90LVT)              0.01       0.23 f
  U63/ZN (OAI21D1BWP16P90LVT)              0.01       0.24 r
  U701/ZN (AOI21D4BWP16P90LVT)             0.01       0.25 f
  U711/ZN (OAI21D4BWP16P90LVT)             0.01       0.25 r
  U410/ZN (AOI21D4BWP16P90LVT)             0.01       0.26 f
  U409/ZN (OAI21D4BWP16P90LVT)             0.01       0.27 r
  U732/ZN (AOI21D4BWP16P90LVT)             0.01       0.28 f
  U738/ZN (OAI21D4BWP16P90LVT)             0.01       0.29 r
  U744/ZN (AOI21D4BWP16P90LVT)             0.01       0.29 f
  U62/ZN (OAI21D2BWP16P90LVT)              0.01       0.30 r
  U750/ZN (XNR2D1BWP16P90LVT)              0.01       0.31 r
  prod_reg[31]/D (DFCNQD2BWP16P90LVT)      0.00       0.31 r
  data arrival time                                   0.31

  clock clk (rise edge)                    0.33       0.33
  clock network delay (ideal)              0.00       0.33
  clock uncertainty                       -0.01       0.32
  prod_reg[31]/CP (DFCNQD2BWP16P90LVT)     0.00       0.32 r
  library setup time                      -0.01       0.31
  data required time                                  0.31
  -----------------------------------------------------------
  data required time                                  0.31
  data arrival time                                  -0.31
  -----------------------------------------------------------
  slack (MET)                                         0.00


  Startpoint: inp_a[11] (input port clocked by clk)
  Endpoint: prod_reg[31]
            (rising edge-triggered flip-flop clocked by clk)
  Path Group: clk
  Path Type: max

  Des/Clust/Port     Wire Load Model       Library
  ------------------------------------------------
  mult               ZeroWireload          N16ADFP_StdCelltt0p8v25c

  Point                                    Incr       Path
  -----------------------------------------------------------
  clock clk (rise edge)                    0.00       0.00
  clock network delay (ideal)              0.00       0.00
  input external delay                     0.01       0.01 f
  inp_a[11] (in)                           0.00       0.01 f
  U61/ZN (INVD1BWP16P90LVT)                0.01       0.02 r
  U191/ZN (CKND2BWP16P90LVT)               0.01       0.03 f
  U418/ZN (XNR2D4BWP16P90LVT)              0.02       0.05 f
  U55/Z (AN2D1BWP16P90LVT)                 0.01       0.06 f
  U363/ZN (INVD1BWP16P90LVT)               0.01       0.07 r
  U484/ZN (OAI22D1BWP16P90LVT)             0.01       0.09 f
  U492/CO (FA1D1BWP16P90LVT)               0.02       0.11 f
  U510/S (FA1D1BWP16P90LVT)                0.03       0.14 r
  U509/S (FA1D1BWP16P90LVT)                0.03       0.17 f
  U71/S (FA1D1BWP16P90LVT)                 0.03       0.20 r
  U36/ZN (CKND2D1BWP16P90LVT)              0.01       0.21 f
  U65/ZN (OAI21D1BWP16P90LVT)              0.01       0.22 r
  U653/ZN (AOI21D1BWP16P90LVT)             0.01       0.23 f
  U412/ZN (OAI21D2BWP16P90LVT)             0.01       0.24 r
  U701/ZN (AOI21D4BWP16P90LVT)             0.01       0.25 f
  U711/ZN (OAI21D4BWP16P90LVT)             0.01       0.25 r
  U410/ZN (AOI21D4BWP16P90LVT)             0.01       0.26 f
  U409/ZN (OAI21D4BWP16P90LVT)             0.01       0.27 r
  U732/ZN (AOI21D4BWP16P90LVT)             0.01       0.28 f
  U738/ZN (OAI21D4BWP16P90LVT)             0.01       0.29 r
  U744/ZN (AOI21D4BWP16P90LVT)             0.01       0.29 f
  U62/ZN (OAI21D2BWP16P90LVT)              0.01       0.30 r
  U750/ZN (XNR2D1BWP16P90LVT)              0.01       0.31 r
  prod_reg[31]/D (DFCNQD2BWP16P90LVT)      0.00       0.31 r
  data arrival time                                   0.31

  clock clk (rise edge)                    0.33       0.33
  clock network delay (ideal)              0.00       0.33
  clock uncertainty                       -0.01       0.32
  prod_reg[31]/CP (DFCNQD2BWP16P90LVT)     0.00       0.32 r
  library setup time                      -0.01       0.31
  data required time                                  0.31
  -----------------------------------------------------------
  data required time                                  0.31
  data arrival time                                  -0.31
  -----------------------------------------------------------
  slack (MET)                                         0.00


  Startpoint: inp_a[11] (input port clocked by clk)
  Endpoint: prod_reg[31]
            (rising edge-triggered flip-flop clocked by clk)
  Path Group: clk
  Path Type: max

  Des/Clust/Port     Wire Load Model       Library
  ------------------------------------------------
  mult               ZeroWireload          N16ADFP_StdCelltt0p8v25c

  Point                                    Incr       Path
  -----------------------------------------------------------
  clock clk (rise edge)                    0.00       0.00
  clock network delay (ideal)              0.00       0.00
  input external delay                     0.01       0.01 r
  inp_a[11] (in)                           0.00       0.01 r
  U61/ZN (INVD1BWP16P90LVT)                0.01       0.02 f
  U191/ZN (CKND2BWP16P90LVT)               0.01       0.03 r
  U418/ZN (XNR2D4BWP16P90LVT)              0.02       0.05 f
  U55/Z (AN2D1BWP16P90LVT)                 0.01       0.06 f
  U363/ZN (INVD1BWP16P90LVT)               0.01       0.08 r
  U484/ZN (OAI22D1BWP16P90LVT)             0.01       0.09 f
  U492/CO (FA1D1BWP16P90LVT)               0.02       0.11 f
  U510/S (FA1D1BWP16P90LVT)                0.03       0.14 r
  U509/S (FA1D1BWP16P90LVT)                0.03       0.17 f
  U71/S (FA1D1BWP16P90LVT)                 0.03       0.20 r
  U36/ZN (CKND2D1BWP16P90LVT)              0.01       0.21 f
  U65/ZN (OAI21D1BWP16P90LVT)              0.01       0.22 r
  U653/ZN (AOI21D1BWP16P90LVT)             0.01       0.23 f
  U412/ZN (OAI21D2BWP16P90LVT)             0.01       0.24 r
  U701/ZN (AOI21D4BWP16P90LVT)             0.01       0.25 f
  U711/ZN (OAI21D4BWP16P90LVT)             0.01       0.25 r
  U410/ZN (AOI21D4BWP16P90LVT)             0.01       0.26 f
  U409/ZN (OAI21D4BWP16P90LVT)             0.01       0.27 r
  U732/ZN (AOI21D4BWP16P90LVT)             0.01       0.28 f
  U738/ZN (OAI21D4BWP16P90LVT)             0.01       0.29 r
  U744/ZN (AOI21D4BWP16P90LVT)             0.01       0.29 f
  U62/ZN (OAI21D2BWP16P90LVT)              0.01       0.30 r
  U750/ZN (XNR2D1BWP16P90LVT)              0.01       0.31 r
  prod_reg[31]/D (DFCNQD2BWP16P90LVT)      0.00       0.31 r
  data arrival time                                   0.31

  clock clk (rise edge)                    0.33       0.33
  clock network delay (ideal)              0.00       0.33
  clock uncertainty                       -0.01       0.32
  prod_reg[31]/CP (DFCNQD2BWP16P90LVT)     0.00       0.32 r
  library setup time                      -0.01       0.31
  data required time                                  0.31
  -----------------------------------------------------------
  data required time                                  0.31
  data arrival time                                  -0.31
  -----------------------------------------------------------
  slack (MET)                                         0.00


  Startpoint: inp_a[11] (input port clocked by clk)
  Endpoint: prod_reg[31]
            (rising edge-triggered flip-flop clocked by clk)
  Path Group: clk
  Path Type: max

  Des/Clust/Port     Wire Load Model       Library
  ------------------------------------------------
  mult               ZeroWireload          N16ADFP_StdCelltt0p8v25c

  Point                                    Incr       Path
  -----------------------------------------------------------
  clock clk (rise edge)                    0.00       0.00
  clock network delay (ideal)              0.00       0.00
  input external delay                     0.01       0.01 r
  inp_a[11] (in)                           0.00       0.01 r
  U61/ZN (INVD1BWP16P90LVT)                0.01       0.02 f
  U191/ZN (CKND2BWP16P90LVT)               0.01       0.03 r
  U418/ZN (XNR2D4BWP16P90LVT)              0.02       0.05 f
  U55/Z (AN2D1BWP16P90LVT)                 0.01       0.06 f
  U362/ZN (INVD1BWP16P90LVT)               0.01       0.08 r
  U522/ZN (OAI22D1BWP16P90LVT)             0.01       0.09 f
  U540/CO (FA1D1BWP16P90LVT)               0.02       0.11 f
  U661/S (FA1D1BWP16P90LVT)                0.03       0.14 r
  U660/S (FA1D1BWP16P90LVT)                0.03       0.17 f
  U666/S (FA1D1BWP16P90LVT)                0.03       0.20 r
  U70/ZN (NR2D1BWP16P90LVT)                0.01       0.21 f
  U67/ZN (NR2D1BWP16P90LVT)                0.01       0.22 r
  U443/ZN (ND2D1BWP16P90LVT)               0.01       0.23 f
  U412/ZN (OAI21D2BWP16P90LVT)             0.01       0.24 r
  U701/ZN (AOI21D4BWP16P90LVT)             0.01       0.25 f
  U711/ZN (OAI21D4BWP16P90LVT)             0.01       0.25 r
  U410/ZN (AOI21D4BWP16P90LVT)             0.01       0.26 f
  U409/ZN (OAI21D4BWP16P90LVT)             0.01       0.27 r
  U732/ZN (AOI21D4BWP16P90LVT)             0.01       0.28 f
  U738/ZN (OAI21D4BWP16P90LVT)             0.01       0.29 r
  U744/ZN (AOI21D4BWP16P90LVT)             0.01       0.29 f
  U62/ZN (OAI21D2BWP16P90LVT)              0.01       0.30 r
  U750/ZN (XNR2D1BWP16P90LVT)              0.01       0.31 r
  prod_reg[31]/D (DFCNQD2BWP16P90LVT)      0.00       0.31 r
  data arrival time                                   0.31

  clock clk (rise edge)                    0.33       0.33
  clock network delay (ideal)              0.00       0.33
  clock uncertainty                       -0.01       0.32
  prod_reg[31]/CP (DFCNQD2BWP16P90LVT)     0.00       0.32 r
  library setup time                      -0.01       0.31
  data required time                                  0.31
  -----------------------------------------------------------
  data required time                                  0.31
  data arrival time                                  -0.31
  -----------------------------------------------------------
  slack (MET)                                         0.00


  Startpoint: inp_a[5] (input port clocked by clk)
  Endpoint: prod_reg[31]
            (rising edge-triggered flip-flop clocked by clk)
  Path Group: clk
  Path Type: max

  Des/Clust/Port     Wire Load Model       Library
  ------------------------------------------------
  mult               ZeroWireload          N16ADFP_StdCelltt0p8v25c

  Point                                    Incr       Path
  -----------------------------------------------------------
  clock clk (rise edge)                    0.00       0.00
  clock network delay (ideal)              0.00       0.00
  input external delay                     0.01       0.01 f
  inp_a[5] (in)                            0.00       0.01 f
  U368/ZN (INVD1BWP16P90LVT)               0.01       0.02 r
  U188/ZN (CKND2BWP16P90LVT)               0.01       0.03 f
  U381/Z (XOR2D4BWP16P90LVT)               0.02       0.05 r
  U40/ZN (INVD1BWP16P90LVT)                0.01       0.05 f
  U59/Z (AN2D1BWP16P90LVT)                 0.01       0.06 f
  U72/ZN (CKND2BWP16P90LVT)                0.01       0.07 r
  U534/ZN (OAI22D1BWP16P90LVT)             0.01       0.08 f
  U664/CO (FA1D1BWP16P90LVT)               0.02       0.11 f
  U674/S (FA1D1BWP16P90LVT)                0.03       0.14 r
  U673/S (FA1D1BWP16P90LVT)                0.03       0.17 f
  U679/S (FA1D1BWP16P90LVT)                0.03       0.20 r
  U37/ZN (ND2D1BWP16P90LVT)                0.01       0.21 f
  U66/ZN (OAI21D1BWP16P90LVT)              0.01       0.22 r
  U64/ZN (AOI21D1BWP16P90LVT)              0.01       0.23 f
  U63/ZN (OAI21D1BWP16P90LVT)              0.01       0.24 r
  U701/ZN (AOI21D4BWP16P90LVT)             0.01       0.25 f
  U711/ZN (OAI21D4BWP16P90LVT)             0.01       0.25 r
  U410/ZN (AOI21D4BWP16P90LVT)             0.01       0.26 f
  U409/ZN (OAI21D4BWP16P90LVT)             0.01       0.27 r
  U732/ZN (AOI21D4BWP16P90LVT)             0.01       0.28 f
  U738/ZN (OAI21D4BWP16P90LVT)             0.01       0.29 r
  U744/ZN (AOI21D4BWP16P90LVT)             0.01       0.29 f
  U62/ZN (OAI21D2BWP16P90LVT)              0.01       0.30 r
  U750/ZN (XNR2D1BWP16P90LVT)              0.01       0.31 r
  prod_reg[31]/D (DFCNQD2BWP16P90LVT)      0.00       0.31 r
  data arrival time                                   0.31

  clock clk (rise edge)                    0.33       0.33
  clock network delay (ideal)              0.00       0.33
  clock uncertainty                       -0.01       0.32
  prod_reg[31]/CP (DFCNQD2BWP16P90LVT)     0.00       0.32 r
  library setup time                      -0.01       0.31
  data required time                                  0.31
  -----------------------------------------------------------
  data required time                                  0.31
  data arrival time                                  -0.31
  -----------------------------------------------------------
  slack (MET)                                         0.00


  Startpoint: inp_a[11] (input port clocked by clk)
  Endpoint: prod_reg[31]
            (rising edge-triggered flip-flop clocked by clk)
  Path Group: clk
  Path Type: max

  Des/Clust/Port     Wire Load Model       Library
  ------------------------------------------------
  mult               ZeroWireload          N16ADFP_StdCelltt0p8v25c

  Point                                    Incr       Path
  -----------------------------------------------------------
  clock clk (rise edge)                    0.00       0.00
  clock network delay (ideal)              0.00       0.00
  input external delay                     0.01       0.01 r
  inp_a[11] (in)                           0.00       0.01 r
  U61/ZN (INVD1BWP16P90LVT)                0.01       0.02 f
  U191/ZN (CKND2BWP16P90LVT)               0.01       0.03 r
  U418/ZN (XNR2D4BWP16P90LVT)              0.02       0.05 f
  U55/Z (AN2D1BWP16P90LVT)                 0.01       0.06 f
  U363/ZN (INVD1BWP16P90LVT)               0.01       0.08 r
  U484/ZN (OAI22D1BWP16P90LVT)             0.01       0.09 f
  U492/CO (FA1D1BWP16P90LVT)               0.02       0.11 f
  U510/S (FA1D1BWP16P90LVT)                0.03       0.14 r
  U509/S (FA1D1BWP16P90LVT)                0.03       0.17 f
  U71/S (FA1D1BWP16P90LVT)                 0.03       0.20 r
  U36/ZN (CKND2D1BWP16P90LVT)              0.01       0.21 f
  U65/ZN (OAI21D1BWP16P90LVT)              0.01       0.22 r
  U653/ZN (AOI21D1BWP16P90LVT)             0.01       0.23 f
  U412/ZN (OAI21D2BWP16P90LVT)             0.01       0.24 r
  U701/ZN (AOI21D4BWP16P90LVT)             0.01       0.25 f
  U711/ZN (OAI21D4BWP16P90LVT)             0.01       0.25 r
  U410/ZN (AOI21D4BWP16P90LVT)             0.01       0.26 f
  U409/ZN (OAI21D4BWP16P90LVT)             0.01       0.27 r
  U732/ZN (AOI21D4BWP16P90LVT)             0.01       0.28 f
  U738/ZN (OAI21D4BWP16P90LVT)             0.01       0.29 r
  U744/ZN (AOI21D4BWP16P90LVT)             0.01       0.29 f
  U62/ZN (OAI21D2BWP16P90LVT)              0.01       0.30 r
  U750/ZN (XNR2D1BWP16P90LVT)              0.01       0.31 r
  prod_reg[31]/D (DFCNQD2BWP16P90LVT)      0.00       0.31 r
  data arrival time                                   0.31

  clock clk (rise edge)                    0.33       0.33
  clock network delay (ideal)              0.00       0.33
  clock uncertainty                       -0.01       0.32
  prod_reg[31]/CP (DFCNQD2BWP16P90LVT)     0.00       0.32 r
  library setup time                      -0.01       0.31
  data required time                                  0.31
  -----------------------------------------------------------
  data required time                                  0.31
  data arrival time                                  -0.31
  -----------------------------------------------------------
  slack (MET)                                         0.00


  Startpoint: inp_a[5] (input port clocked by clk)
  Endpoint: prod_reg[31]
            (rising edge-triggered flip-flop clocked by clk)
  Path Group: clk
  Path Type: max

  Des/Clust/Port     Wire Load Model       Library
  ------------------------------------------------
  mult               ZeroWireload          N16ADFP_StdCelltt0p8v25c

  Point                                    Incr       Path
  -----------------------------------------------------------
  clock clk (rise edge)                    0.00       0.00
  clock network delay (ideal)              0.00       0.00
  input external delay                     0.01       0.01 f
  inp_a[5] (in)                            0.00       0.01 f
  U368/ZN (INVD1BWP16P90LVT)               0.01       0.02 r
  U188/ZN (CKND2BWP16P90LVT)               0.01       0.03 f
  U381/Z (XOR2D4BWP16P90LVT)               0.02       0.05 r
  U40/ZN (INVD1BWP16P90LVT)                0.01       0.05 f
  U59/Z (AN2D1BWP16P90LVT)                 0.01       0.06 f
  U355/ZN (INVD1BWP16P90LVT)               0.01       0.07 r
  U486/ZN (OAI22D1BWP16P90LVT)             0.01       0.09 f
  U491/CO (FA1D1BWP16P90LVT)               0.02       0.11 f
  U510/S (FA1D1BWP16P90LVT)                0.03       0.14 r
  U509/S (FA1D1BWP16P90LVT)                0.03       0.17 f
  U71/S (FA1D1BWP16P90LVT)                 0.03       0.20 r
  U36/ZN (CKND2D1BWP16P90LVT)              0.01       0.21 f
  U65/ZN (OAI21D1BWP16P90LVT)              0.01       0.22 r
  U653/ZN (AOI21D1BWP16P90LVT)             0.01       0.23 f
  U412/ZN (OAI21D2BWP16P90LVT)             0.01       0.24 r
  U701/ZN (AOI21D4BWP16P90LVT)             0.01       0.25 f
  U711/ZN (OAI21D4BWP16P90LVT)             0.01       0.25 r
  U410/ZN (AOI21D4BWP16P90LVT)             0.01       0.26 f
  U409/ZN (OAI21D4BWP16P90LVT)             0.01       0.27 r
  U732/ZN (AOI21D4BWP16P90LVT)             0.01       0.28 f
  U738/ZN (OAI21D4BWP16P90LVT)             0.01       0.29 r
  U744/ZN (AOI21D4BWP16P90LVT)             0.01       0.29 f
  U62/ZN (OAI21D2BWP16P90LVT)              0.01       0.30 r
  U750/ZN (XNR2D1BWP16P90LVT)              0.01       0.31 r
  prod_reg[31]/D (DFCNQD2BWP16P90LVT)      0.00       0.31 r
  data arrival time                                   0.31

  clock clk (rise edge)                    0.33       0.33
  clock network delay (ideal)              0.00       0.33
  clock uncertainty                       -0.01       0.32
  prod_reg[31]/CP (DFCNQD2BWP16P90LVT)     0.00       0.32 r
  library setup time                      -0.01       0.31
  data required time                                  0.31
  -----------------------------------------------------------
  data required time                                  0.31
  data arrival time                                  -0.31
  -----------------------------------------------------------
  slack (MET)                                         0.00


  Startpoint: inp_a[5] (input port clocked by clk)
  Endpoint: prod_reg[31]
            (rising edge-triggered flip-flop clocked by clk)
  Path Group: clk
  Path Type: max

  Des/Clust/Port     Wire Load Model       Library
  ------------------------------------------------
  mult               ZeroWireload          N16ADFP_StdCelltt0p8v25c

  Point                                    Incr       Path
  -----------------------------------------------------------
  clock clk (rise edge)                    0.00       0.00
  clock network delay (ideal)              0.00       0.00
  input external delay                     0.01       0.01 f
  inp_a[5] (in)                            0.00       0.01 f
  U368/ZN (INVD1BWP16P90LVT)               0.01       0.02 r
  U188/ZN (CKND2BWP16P90LVT)               0.01       0.03 f
  U381/Z (XOR2D4BWP16P90LVT)               0.02       0.05 r
  U40/ZN (INVD1BWP16P90LVT)                0.01       0.05 f
  U59/Z (AN2D1BWP16P90LVT)                 0.01       0.06 f
  U355/ZN (INVD1BWP16P90LVT)               0.01       0.07 r
  U486/ZN (OAI22D1BWP16P90LVT)             0.01       0.09 f
  U491/CO (FA1D1BWP16P90LVT)               0.02       0.11 f
  U510/S (FA1D1BWP16P90LVT)                0.03       0.14 r
  U509/S (FA1D1BWP16P90LVT)                0.03       0.17 f
  U71/S (FA1D1BWP16P90LVT)                 0.03       0.20 r
  U36/ZN (CKND2D1BWP16P90LVT)              0.01       0.21 f
  U65/ZN (OAI21D1BWP16P90LVT)              0.01       0.22 r
  U653/ZN (AOI21D1BWP16P90LVT)             0.01       0.23 f
  U412/ZN (OAI21D2BWP16P90LVT)             0.01       0.24 r
  U701/ZN (AOI21D4BWP16P90LVT)             0.01       0.25 f
  U711/ZN (OAI21D4BWP16P90LVT)             0.01       0.25 r
  U410/ZN (AOI21D4BWP16P90LVT)             0.01       0.26 f
  U409/ZN (OAI21D4BWP16P90LVT)             0.01       0.27 r
  U732/ZN (AOI21D4BWP16P90LVT)             0.01       0.28 f
  U738/ZN (OAI21D4BWP16P90LVT)             0.01       0.29 r
  U744/ZN (AOI21D4BWP16P90LVT)             0.01       0.29 f
  U62/ZN (OAI21D2BWP16P90LVT)              0.01       0.30 r
  U750/ZN (XNR2D1BWP16P90LVT)              0.01       0.31 r
  prod_reg[31]/D (DFCNQD2BWP16P90LVT)      0.00       0.31 r
  data arrival time                                   0.31

  clock clk (rise edge)                    0.33       0.33
  clock network delay (ideal)              0.00       0.33
  clock uncertainty                       -0.01       0.32
  prod_reg[31]/CP (DFCNQD2BWP16P90LVT)     0.00       0.32 r
  library setup time                      -0.01       0.31
  data required time                                  0.31
  -----------------------------------------------------------
  data required time                                  0.31
  data arrival time                                  -0.31
  -----------------------------------------------------------
  slack (MET)                                         0.00


  Startpoint: inp_a[5] (input port clocked by clk)
  Endpoint: prod_reg[31]
            (rising edge-triggered flip-flop clocked by clk)
  Path Group: clk
  Path Type: max

  Des/Clust/Port     Wire Load Model       Library
  ------------------------------------------------
  mult               ZeroWireload          N16ADFP_StdCelltt0p8v25c

  Point                                    Incr       Path
  -----------------------------------------------------------
  clock clk (rise edge)                    0.00       0.00
  clock network delay (ideal)              0.00       0.00
  input external delay                     0.01       0.01 f
  inp_a[5] (in)                            0.00       0.01 f
  U368/ZN (INVD1BWP16P90LVT)               0.01       0.02 r
  U188/ZN (CKND2BWP16P90LVT)               0.01       0.03 f
  U381/Z (XOR2D4BWP16P90LVT)               0.02       0.05 r
  U40/ZN (INVD1BWP16P90LVT)                0.01       0.05 f
  U59/Z (AN2D1BWP16P90LVT)                 0.01       0.06 f
  U355/ZN (INVD1BWP16P90LVT)               0.01       0.07 r
  U486/ZN (OAI22D1BWP16P90LVT)             0.01       0.09 f
  U491/CO (FA1D1BWP16P90LVT)               0.02       0.11 f
  U510/S (FA1D1BWP16P90LVT)                0.03       0.14 r
  U509/S (FA1D1BWP16P90LVT)                0.03       0.17 f
  U71/S (FA1D1BWP16P90LVT)                 0.03       0.20 r
  U36/ZN (CKND2D1BWP16P90LVT)              0.01       0.21 f
  U65/ZN (OAI21D1BWP16P90LVT)              0.01       0.22 r
  U653/ZN (AOI21D1BWP16P90LVT)             0.01       0.23 f
  U412/ZN (OAI21D2BWP16P90LVT)             0.01       0.24 r
  U701/ZN (AOI21D4BWP16P90LVT)             0.01       0.25 f
  U711/ZN (OAI21D4BWP16P90LVT)             0.01       0.25 r
  U410/ZN (AOI21D4BWP16P90LVT)             0.01       0.26 f
  U409/ZN (OAI21D4BWP16P90LVT)             0.01       0.27 r
  U732/ZN (AOI21D4BWP16P90LVT)             0.01       0.28 f
  U738/ZN (OAI21D4BWP16P90LVT)             0.01       0.29 r
  U744/ZN (AOI21D4BWP16P90LVT)             0.01       0.29 f
  U62/ZN (OAI21D2BWP16P90LVT)              0.01       0.30 r
  U750/ZN (XNR2D1BWP16P90LVT)              0.01       0.31 r
  prod_reg[31]/D (DFCNQD2BWP16P90LVT)      0.00       0.31 r
  data arrival time                                   0.31

  clock clk (rise edge)                    0.33       0.33
  clock network delay (ideal)              0.00       0.33
  clock uncertainty                       -0.01       0.32
  prod_reg[31]/CP (DFCNQD2BWP16P90LVT)     0.00       0.32 r
  library setup time                      -0.01       0.31
  data required time                                  0.31
  -----------------------------------------------------------
  data required time                                  0.31
  data arrival time                                  -0.31
  -----------------------------------------------------------
  slack (MET)                                         0.00


  Startpoint: inp_a[5] (input port clocked by clk)
  Endpoint: prod_reg[31]
            (rising edge-triggered flip-flop clocked by clk)
  Path Group: clk
  Path Type: max

  Des/Clust/Port     Wire Load Model       Library
  ------------------------------------------------
  mult               ZeroWireload          N16ADFP_StdCelltt0p8v25c

  Point                                    Incr       Path
  -----------------------------------------------------------
  clock clk (rise edge)                    0.00       0.00
  clock network delay (ideal)              0.00       0.00
  input external delay                     0.01       0.01 r
  inp_a[5] (in)                            0.00       0.01 r
  U368/ZN (INVD1BWP16P90LVT)               0.01       0.02 f
  U188/ZN (CKND2BWP16P90LVT)               0.01       0.03 r
  U381/Z (XOR2D4BWP16P90LVT)               0.02       0.05 f
  U40/ZN (INVD1BWP16P90LVT)                0.01       0.06 r
  U59/Z (AN2D1BWP16P90LVT)                 0.01       0.07 r
  U355/ZN (INVD1BWP16P90LVT)               0.01       0.08 f
  U656/ZN (OAI22D1BWP16P90LVT)             0.01       0.09 r
  U677/S (FA1D1BWP16P90LVT)                0.03       0.12 f
  U678/CO (FA1D1BWP16P90LVT)               0.02       0.14 f
  U684/S (FA1D1BWP16P90LVT)                0.03       0.17 r
  U690/S (FA1D1BWP16P90LVT)                0.03       0.20 f
  U108/ZN (NR2D1BWP16P90LVT)               0.01       0.21 r
  U66/ZN (OAI21D1BWP16P90LVT)              0.01       0.22 f
  U64/ZN (AOI21D1BWP16P90LVT)              0.01       0.23 r
  U63/ZN (OAI21D1BWP16P90LVT)              0.01       0.24 f
  U701/ZN (AOI21D4BWP16P90LVT)             0.01       0.25 r
  U711/ZN (OAI21D4BWP16P90LVT)             0.01       0.26 f
  U410/ZN (AOI21D4BWP16P90LVT)             0.01       0.26 r
  U409/ZN (OAI21D4BWP16P90LVT)             0.01       0.27 f
  U732/ZN (AOI21D4BWP16P90LVT)             0.01       0.28 r
  U738/ZN (OAI21D4BWP16P90LVT)             0.01       0.29 f
  U744/ZN (AOI21D4BWP16P90LVT)             0.01       0.29 r
  U62/ZN (OAI21D2BWP16P90LVT)              0.01       0.30 f
  U750/ZN (XNR2D1BWP16P90LVT)              0.01       0.31 r
  prod_reg[31]/D (DFCNQD2BWP16P90LVT)      0.00       0.31 r
  data arrival time                                   0.31

  clock clk (rise edge)                    0.33       0.33
  clock network delay (ideal)              0.00       0.33
  clock uncertainty                       -0.01       0.32
  prod_reg[31]/CP (DFCNQD2BWP16P90LVT)     0.00       0.32 r
  library setup time                      -0.01       0.31
  data required time                                  0.31
  -----------------------------------------------------------
  data required time                                  0.31
  data arrival time                                  -0.31
  -----------------------------------------------------------
  slack (MET)                                         0.00


  Startpoint: inp_a[5] (input port clocked by clk)
  Endpoint: prod_reg[31]
            (rising edge-triggered flip-flop clocked by clk)
  Path Group: clk
  Path Type: max

  Des/Clust/Port     Wire Load Model       Library
  ------------------------------------------------
  mult               ZeroWireload          N16ADFP_StdCelltt0p8v25c

  Point                                    Incr       Path
  -----------------------------------------------------------
  clock clk (rise edge)                    0.00       0.00
  clock network delay (ideal)              0.00       0.00
  input external delay                     0.01       0.01 r
  inp_a[5] (in)                            0.00       0.01 r
  U368/ZN (INVD1BWP16P90LVT)               0.01       0.02 f
  U188/ZN (CKND2BWP16P90LVT)               0.01       0.03 r
  U381/Z (XOR2D4BWP16P90LVT)               0.02       0.05 f
  U40/ZN (INVD1BWP16P90LVT)                0.01       0.06 r
  U59/Z (AN2D1BWP16P90LVT)                 0.01       0.07 r
  U355/ZN (INVD1BWP16P90LVT)               0.01       0.08 f
  U656/ZN (OAI22D1BWP16P90LVT)             0.01       0.09 r
  U677/S (FA1D1BWP16P90LVT)                0.03       0.12 f
  U678/CO (FA1D1BWP16P90LVT)               0.02       0.14 f
  U684/S (FA1D1BWP16P90LVT)                0.03       0.17 r
  U690/S (FA1D1BWP16P90LVT)                0.03       0.20 f
  U108/ZN (NR2D1BWP16P90LVT)               0.01       0.21 r
  U66/ZN (OAI21D1BWP16P90LVT)              0.01       0.22 f
  U64/ZN (AOI21D1BWP16P90LVT)              0.01       0.23 r
  U63/ZN (OAI21D1BWP16P90LVT)              0.01       0.24 f
  U701/ZN (AOI21D4BWP16P90LVT)             0.01       0.25 r
  U711/ZN (OAI21D4BWP16P90LVT)             0.01       0.26 f
  U410/ZN (AOI21D4BWP16P90LVT)             0.01       0.26 r
  U409/ZN (OAI21D4BWP16P90LVT)             0.01       0.27 f
  U732/ZN (AOI21D4BWP16P90LVT)             0.01       0.28 r
  U738/ZN (OAI21D4BWP16P90LVT)             0.01       0.29 f
  U744/ZN (AOI21D4BWP16P90LVT)             0.01       0.29 r
  U62/ZN (OAI21D2BWP16P90LVT)              0.01       0.30 f
  U750/ZN (XNR2D1BWP16P90LVT)              0.01       0.31 r
  prod_reg[31]/D (DFCNQD2BWP16P90LVT)      0.00       0.31 r
  data arrival time                                   0.31

  clock clk (rise edge)                    0.33       0.33
  clock network delay (ideal)              0.00       0.33
  clock uncertainty                       -0.01       0.32
  prod_reg[31]/CP (DFCNQD2BWP16P90LVT)     0.00       0.32 r
  library setup time                      -0.01       0.31
  data required time                                  0.31
  -----------------------------------------------------------
  data required time                                  0.31
  data arrival time                                  -0.31
  -----------------------------------------------------------
  slack (MET)                                         0.00


  Startpoint: inp_a[5] (input port clocked by clk)
  Endpoint: prod_reg[31]
            (rising edge-triggered flip-flop clocked by clk)
  Path Group: clk
  Path Type: max

  Des/Clust/Port     Wire Load Model       Library
  ------------------------------------------------
  mult               ZeroWireload          N16ADFP_StdCelltt0p8v25c

  Point                                    Incr       Path
  -----------------------------------------------------------
  clock clk (rise edge)                    0.00       0.00
  clock network delay (ideal)              0.00       0.00
  input external delay                     0.01       0.01 r
  inp_a[5] (in)                            0.00       0.01 r
  U368/ZN (INVD1BWP16P90LVT)               0.01       0.02 f
  U188/ZN (CKND2BWP16P90LVT)               0.01       0.03 r
  U381/Z (XOR2D4BWP16P90LVT)               0.02       0.05 f
  U40/ZN (INVD1BWP16P90LVT)                0.01       0.06 r
  U59/Z (AN2D1BWP16P90LVT)                 0.01       0.07 r
  U355/ZN (INVD1BWP16P90LVT)               0.01       0.08 f
  U656/ZN (OAI22D1BWP16P90LVT)             0.01       0.09 r
  U677/S (FA1D1BWP16P90LVT)                0.03       0.12 f
  U678/CO (FA1D1BWP16P90LVT)               0.02       0.14 f
  U684/S (FA1D1BWP16P90LVT)                0.03       0.17 r
  U690/S (FA1D1BWP16P90LVT)                0.03       0.20 f
  U108/ZN (NR2D1BWP16P90LVT)               0.01       0.21 r
  U66/ZN (OAI21D1BWP16P90LVT)              0.01       0.22 f
  U64/ZN (AOI21D1BWP16P90LVT)              0.01       0.23 r
  U63/ZN (OAI21D1BWP16P90LVT)              0.01       0.24 f
  U701/ZN (AOI21D4BWP16P90LVT)             0.01       0.25 r
  U711/ZN (OAI21D4BWP16P90LVT)             0.01       0.26 f
  U410/ZN (AOI21D4BWP16P90LVT)             0.01       0.26 r
  U409/ZN (OAI21D4BWP16P90LVT)             0.01       0.27 f
  U732/ZN (AOI21D4BWP16P90LVT)             0.01       0.28 r
  U738/ZN (OAI21D4BWP16P90LVT)             0.01       0.29 f
  U744/ZN (AOI21D4BWP16P90LVT)             0.01       0.29 r
  U62/ZN (OAI21D2BWP16P90LVT)              0.01       0.30 f
  U750/ZN (XNR2D1BWP16P90LVT)              0.01       0.31 r
  prod_reg[31]/D (DFCNQD2BWP16P90LVT)      0.00       0.31 r
  data arrival time                                   0.31

  clock clk (rise edge)                    0.33       0.33
  clock network delay (ideal)              0.00       0.33
  clock uncertainty                       -0.01       0.32
  prod_reg[31]/CP (DFCNQD2BWP16P90LVT)     0.00       0.32 r
  library setup time                      -0.01       0.31
  data required time                                  0.31
  -----------------------------------------------------------
  data required time                                  0.31
  data arrival time                                  -0.31
  -----------------------------------------------------------
  slack (MET)                                         0.00


  Startpoint: inp_a[3] (input port clocked by clk)
  Endpoint: prod_reg[31]
            (rising edge-triggered flip-flop clocked by clk)
  Path Group: clk
  Path Type: max

  Des/Clust/Port     Wire Load Model       Library
  ------------------------------------------------
  mult               ZeroWireload          N16ADFP_StdCelltt0p8v25c

  Point                                    Incr       Path
  -----------------------------------------------------------
  clock clk (rise edge)                    0.00       0.00
  clock network delay (ideal)              0.00       0.00
  input external delay                     0.01       0.01 r
  inp_a[3] (in)                            0.00       0.01 r
  U366/ZN (INVD1BWP16P90LVT)               0.01       0.02 f
  U190/ZN (CKND2BWP16P90LVT)               0.01       0.03 r
  U416/ZN (XNR2D4BWP16P90LVT)              0.02       0.05 f
  U141/Z (AN2D1BWP16P90LVT)                0.01       0.06 f
  U357/ZN (INVD1BWP16P90LVT)               0.01       0.07 r
  U532/ZN (OAI22D1BWP16P90LVT)             0.01       0.08 f
  U664/CO (FA1D1BWP16P90LVT)               0.02       0.11 f
  U674/S (FA1D1BWP16P90LVT)                0.03       0.14 r
  U673/S (FA1D1BWP16P90LVT)                0.03       0.17 f
  U679/S (FA1D1BWP16P90LVT)                0.03       0.20 r
  U37/ZN (ND2D1BWP16P90LVT)                0.01       0.21 f
  U66/ZN (OAI21D1BWP16P90LVT)              0.01       0.22 r
  U64/ZN (AOI21D1BWP16P90LVT)              0.01       0.23 f
  U63/ZN (OAI21D1BWP16P90LVT)              0.01       0.24 r
  U701/ZN (AOI21D4BWP16P90LVT)             0.01       0.25 f
  U711/ZN (OAI21D4BWP16P90LVT)             0.01       0.25 r
  U410/ZN (AOI21D4BWP16P90LVT)             0.01       0.26 f
  U409/ZN (OAI21D4BWP16P90LVT)             0.01       0.27 r
  U732/ZN (AOI21D4BWP16P90LVT)             0.01       0.28 f
  U738/ZN (OAI21D4BWP16P90LVT)             0.01       0.29 r
  U744/ZN (AOI21D4BWP16P90LVT)             0.01       0.29 f
  U62/ZN (OAI21D2BWP16P90LVT)              0.01       0.30 r
  U750/ZN (XNR2D1BWP16P90LVT)              0.01       0.31 r
  prod_reg[31]/D (DFCNQD2BWP16P90LVT)      0.00       0.31 r
  data arrival time                                   0.31

  clock clk (rise edge)                    0.33       0.33
  clock network delay (ideal)              0.00       0.33
  clock uncertainty                       -0.01       0.32
  prod_reg[31]/CP (DFCNQD2BWP16P90LVT)     0.00       0.32 r
  library setup time                      -0.01       0.31
  data required time                                  0.31
  -----------------------------------------------------------
  data required time                                  0.31
  data arrival time                                  -0.31
  -----------------------------------------------------------
  slack (MET)                                         0.00


  Startpoint: inp_a[3] (input port clocked by clk)
  Endpoint: prod_reg[31]
            (rising edge-triggered flip-flop clocked by clk)
  Path Group: clk
  Path Type: max

  Des/Clust/Port     Wire Load Model       Library
  ------------------------------------------------
  mult               ZeroWireload          N16ADFP_StdCelltt0p8v25c

  Point                                    Incr       Path
  -----------------------------------------------------------
  clock clk (rise edge)                    0.00       0.00
  clock network delay (ideal)              0.00       0.00
  input external delay                     0.01       0.01 r
  inp_a[3] (in)                            0.00       0.01 r
  U366/ZN (INVD1BWP16P90LVT)               0.01       0.02 f
  U190/ZN (CKND2BWP16P90LVT)               0.01       0.03 r
  U416/ZN (XNR2D4BWP16P90LVT)              0.02       0.05 f
  U141/Z (AN2D1BWP16P90LVT)                0.01       0.06 f
  U357/ZN (INVD1BWP16P90LVT)               0.01       0.07 r
  U532/ZN (OAI22D1BWP16P90LVT)             0.01       0.08 f
  U664/CO (FA1D1BWP16P90LVT)               0.02       0.11 f
  U674/S (FA1D1BWP16P90LVT)                0.03       0.14 r
  U673/S (FA1D1BWP16P90LVT)                0.03       0.17 f
  U679/S (FA1D1BWP16P90LVT)                0.03       0.20 r
  U37/ZN (ND2D1BWP16P90LVT)                0.01       0.21 f
  U66/ZN (OAI21D1BWP16P90LVT)              0.01       0.22 r
  U64/ZN (AOI21D1BWP16P90LVT)              0.01       0.23 f
  U63/ZN (OAI21D1BWP16P90LVT)              0.01       0.24 r
  U701/ZN (AOI21D4BWP16P90LVT)             0.01       0.25 f
  U711/ZN (OAI21D4BWP16P90LVT)             0.01       0.25 r
  U410/ZN (AOI21D4BWP16P90LVT)             0.01       0.26 f
  U409/ZN (OAI21D4BWP16P90LVT)             0.01       0.27 r
  U732/ZN (AOI21D4BWP16P90LVT)             0.01       0.28 f
  U738/ZN (OAI21D4BWP16P90LVT)             0.01       0.29 r
  U744/ZN (AOI21D4BWP16P90LVT)             0.01       0.29 f
  U62/ZN (OAI21D2BWP16P90LVT)              0.01       0.30 r
  U750/ZN (XNR2D1BWP16P90LVT)              0.01       0.31 r
  prod_reg[31]/D (DFCNQD2BWP16P90LVT)      0.00       0.31 r
  data arrival time                                   0.31

  clock clk (rise edge)                    0.33       0.33
  clock network delay (ideal)              0.00       0.33
  clock uncertainty                       -0.01       0.32
  prod_reg[31]/CP (DFCNQD2BWP16P90LVT)     0.00       0.32 r
  library setup time                      -0.01       0.31
  data required time                                  0.31
  -----------------------------------------------------------
  data required time                                  0.31
  data arrival time                                  -0.31
  -----------------------------------------------------------
  slack (MET)                                         0.00


  Startpoint: inp_a[3] (input port clocked by clk)
  Endpoint: prod_reg[31]
            (rising edge-triggered flip-flop clocked by clk)
  Path Group: clk
  Path Type: max

  Des/Clust/Port     Wire Load Model       Library
  ------------------------------------------------
  mult               ZeroWireload          N16ADFP_StdCelltt0p8v25c

  Point                                    Incr       Path
  -----------------------------------------------------------
  clock clk (rise edge)                    0.00       0.00
  clock network delay (ideal)              0.00       0.00
  input external delay                     0.01       0.01 r
  inp_a[3] (in)                            0.00       0.01 r
  U366/ZN (INVD1BWP16P90LVT)               0.01       0.02 f
  U190/ZN (CKND2BWP16P90LVT)               0.01       0.03 r
  U416/ZN (XNR2D4BWP16P90LVT)              0.02       0.05 f
  U141/Z (AN2D1BWP16P90LVT)                0.01       0.06 f
  U357/ZN (INVD1BWP16P90LVT)               0.01       0.07 r
  U532/ZN (OAI22D1BWP16P90LVT)             0.01       0.08 f
  U664/CO (FA1D1BWP16P90LVT)               0.02       0.11 f
  U674/S (FA1D1BWP16P90LVT)                0.03       0.14 r
  U673/S (FA1D1BWP16P90LVT)                0.03       0.17 f
  U679/S (FA1D1BWP16P90LVT)                0.03       0.20 r
  U37/ZN (ND2D1BWP16P90LVT)                0.01       0.21 f
  U66/ZN (OAI21D1BWP16P90LVT)              0.01       0.22 r
  U64/ZN (AOI21D1BWP16P90LVT)              0.01       0.23 f
  U63/ZN (OAI21D1BWP16P90LVT)              0.01       0.24 r
  U701/ZN (AOI21D4BWP16P90LVT)             0.01       0.25 f
  U711/ZN (OAI21D4BWP16P90LVT)             0.01       0.25 r
  U410/ZN (AOI21D4BWP16P90LVT)             0.01       0.26 f
  U409/ZN (OAI21D4BWP16P90LVT)             0.01       0.27 r
  U732/ZN (AOI21D4BWP16P90LVT)             0.01       0.28 f
  U738/ZN (OAI21D4BWP16P90LVT)             0.01       0.29 r
  U744/ZN (AOI21D4BWP16P90LVT)             0.01       0.29 f
  U62/ZN (OAI21D2BWP16P90LVT)              0.01       0.30 r
  U750/ZN (XNR2D1BWP16P90LVT)              0.01       0.31 r
  prod_reg[31]/D (DFCNQD2BWP16P90LVT)      0.00       0.31 r
  data arrival time                                   0.31

  clock clk (rise edge)                    0.33       0.33
  clock network delay (ideal)              0.00       0.33
  clock uncertainty                       -0.01       0.32
  prod_reg[31]/CP (DFCNQD2BWP16P90LVT)     0.00       0.32 r
  library setup time                      -0.01       0.31
  data required time                                  0.31
  -----------------------------------------------------------
  data required time                                  0.31
  data arrival time                                  -0.31
  -----------------------------------------------------------
  slack (MET)                                         0.00


  Startpoint: inp_a[11] (input port clocked by clk)
  Endpoint: prod_reg[31]
            (rising edge-triggered flip-flop clocked by clk)
  Path Group: clk
  Path Type: max

  Des/Clust/Port     Wire Load Model       Library
  ------------------------------------------------
  mult               ZeroWireload          N16ADFP_StdCelltt0p8v25c

  Point                                    Incr       Path
  -----------------------------------------------------------
  clock clk (rise edge)                    0.00       0.00
  clock network delay (ideal)              0.00       0.00
  input external delay                     0.01       0.01 f
  inp_a[11] (in)                           0.00       0.01 f
  U61/ZN (INVD1BWP16P90LVT)                0.01       0.02 r
  U191/ZN (CKND2BWP16P90LVT)               0.01       0.03 f
  U418/ZN (XNR2D4BWP16P90LVT)              0.02       0.05 f
  U55/Z (AN2D1BWP16P90LVT)                 0.01       0.06 f
  U363/ZN (INVD1BWP16P90LVT)               0.01       0.07 r
  U484/ZN (OAI22D1BWP16P90LVT)             0.01       0.09 f
  U492/CO (FA1D1BWP16P90LVT)               0.02       0.11 f
  U510/S (FA1D1BWP16P90LVT)                0.03       0.14 r
  U509/S (FA1D1BWP16P90LVT)                0.03       0.17 f
  U71/S (FA1D1BWP16P90LVT)                 0.03       0.20 r
  U36/ZN (CKND2D1BWP16P90LVT)              0.01       0.21 f
  U65/ZN (OAI21D1BWP16P90LVT)              0.01       0.22 r
  U653/ZN (AOI21D1BWP16P90LVT)             0.01       0.23 f
  U412/ZN (OAI21D2BWP16P90LVT)             0.01       0.24 r
  U701/ZN (AOI21D4BWP16P90LVT)             0.01       0.25 f
  U711/ZN (OAI21D4BWP16P90LVT)             0.01       0.25 r
  U410/ZN (AOI21D4BWP16P90LVT)             0.01       0.26 f
  U409/ZN (OAI21D4BWP16P90LVT)             0.01       0.27 r
  U732/ZN (AOI21D4BWP16P90LVT)             0.01       0.28 f
  U738/ZN (OAI21D4BWP16P90LVT)             0.01       0.29 r
  U744/ZN (AOI21D4BWP16P90LVT)             0.01       0.29 f
  U62/ZN (OAI21D2BWP16P90LVT)              0.01       0.30 r
  U750/ZN (XNR2D1BWP16P90LVT)              0.01       0.31 r
  prod_reg[31]/D (DFCNQD2BWP16P90LVT)      0.00       0.31 r
  data arrival time                                   0.31

  clock clk (rise edge)                    0.33       0.33
  clock network delay (ideal)              0.00       0.33
  clock uncertainty                       -0.01       0.32
  prod_reg[31]/CP (DFCNQD2BWP16P90LVT)     0.00       0.32 r
  library setup time                      -0.01       0.31
  data required time                                  0.31
  -----------------------------------------------------------
  data required time                                  0.31
  data arrival time                                  -0.31
  -----------------------------------------------------------
  slack (MET)                                         0.00


  Startpoint: inp_a[5] (input port clocked by clk)
  Endpoint: prod_reg[31]
            (rising edge-triggered flip-flop clocked by clk)
  Path Group: clk
  Path Type: max

  Des/Clust/Port     Wire Load Model       Library
  ------------------------------------------------
  mult               ZeroWireload          N16ADFP_StdCelltt0p8v25c

  Point                                    Incr       Path
  -----------------------------------------------------------
  clock clk (rise edge)                    0.00       0.00
  clock network delay (ideal)              0.00       0.00
  input external delay                     0.01       0.01 r
  inp_a[5] (in)                            0.00       0.01 r
  U368/ZN (INVD1BWP16P90LVT)               0.01       0.02 f
  U188/ZN (CKND2BWP16P90LVT)               0.01       0.03 r
  U381/Z (XOR2D4BWP16P90LVT)               0.02       0.05 f
  U40/ZN (INVD1BWP16P90LVT)                0.01       0.06 r
  U59/Z (AN2D1BWP16P90LVT)                 0.01       0.07 r
  U355/ZN (INVD1BWP16P90LVT)               0.01       0.08 f
  U656/ZN (OAI22D1BWP16P90LVT)             0.01       0.09 r
  U677/S (FA1D1BWP16P90LVT)                0.03       0.12 f
  U678/CO (FA1D1BWP16P90LVT)               0.02       0.14 f
  U684/S (FA1D1BWP16P90LVT)                0.03       0.17 r
  U690/S (FA1D1BWP16P90LVT)                0.03       0.20 f
  U108/ZN (NR2D1BWP16P90LVT)               0.01       0.21 r
  U66/ZN (OAI21D1BWP16P90LVT)              0.01       0.22 f
  U64/ZN (AOI21D1BWP16P90LVT)              0.01       0.23 r
  U63/ZN (OAI21D1BWP16P90LVT)              0.01       0.24 f
  U701/ZN (AOI21D4BWP16P90LVT)             0.01       0.25 r
  U711/ZN (OAI21D4BWP16P90LVT)             0.01       0.26 f
  U410/ZN (AOI21D4BWP16P90LVT)             0.01       0.26 r
  U409/ZN (OAI21D4BWP16P90LVT)             0.01       0.27 f
  U732/ZN (AOI21D4BWP16P90LVT)             0.01       0.28 r
  U738/ZN (OAI21D4BWP16P90LVT)             0.01       0.29 f
  U744/ZN (AOI21D4BWP16P90LVT)             0.01       0.29 r
  U62/ZN (OAI21D2BWP16P90LVT)              0.01       0.30 f
  U750/ZN (XNR2D1BWP16P90LVT)              0.01       0.31 r
  prod_reg[31]/D (DFCNQD2BWP16P90LVT)      0.00       0.31 r
  data arrival time                                   0.31

  clock clk (rise edge)                    0.33       0.33
  clock network delay (ideal)              0.00       0.33
  clock uncertainty                       -0.01       0.32
  prod_reg[31]/CP (DFCNQD2BWP16P90LVT)     0.00       0.32 r
  library setup time                      -0.01       0.31
  data required time                                  0.31
  -----------------------------------------------------------
  data required time                                  0.31
  data arrival time                                  -0.31
  -----------------------------------------------------------
  slack (MET)                                         0.00


  Startpoint: inp_a[5] (input port clocked by clk)
  Endpoint: prod_reg[31]
            (rising edge-triggered flip-flop clocked by clk)
  Path Group: clk
  Path Type: max

  Des/Clust/Port     Wire Load Model       Library
  ------------------------------------------------
  mult               ZeroWireload          N16ADFP_StdCelltt0p8v25c

  Point                                    Incr       Path
  -----------------------------------------------------------
  clock clk (rise edge)                    0.00       0.00
  clock network delay (ideal)              0.00       0.00
  input external delay                     0.01       0.01 r
  inp_a[5] (in)                            0.00       0.01 r
  U368/ZN (INVD1BWP16P90LVT)               0.01       0.02 f
  U188/ZN (CKND2BWP16P90LVT)               0.01       0.03 r
  U381/Z (XOR2D4BWP16P90LVT)               0.02       0.05 f
  U40/ZN (INVD1BWP16P90LVT)                0.01       0.06 r
  U59/Z (AN2D1BWP16P90LVT)                 0.01       0.07 r
  U355/ZN (INVD1BWP16P90LVT)               0.01       0.08 f
  U455/ZN (OAI22D1BWP16P90LVT)             0.01       0.09 r
  U513/S (FA1D1BWP16P90LVT)                0.03       0.12 f
  U514/CO (FA1D1BWP16P90LVT)               0.02       0.14 f
  U523/S (FA1D1BWP16P90LVT)                0.03       0.18 r
  U529/S (FA1D1BWP16P90LVT)                0.03       0.20 f
  U49/ZN (NR2D1BWP16P90LVT)                0.01       0.21 r
  U65/ZN (OAI21D1BWP16P90LVT)              0.01       0.22 f
  U653/ZN (AOI21D1BWP16P90LVT)             0.01       0.23 r
  U412/ZN (OAI21D2BWP16P90LVT)             0.01       0.24 f
  U701/ZN (AOI21D4BWP16P90LVT)             0.01       0.25 r
  U711/ZN (OAI21D4BWP16P90LVT)             0.01       0.26 f
  U410/ZN (AOI21D4BWP16P90LVT)             0.01       0.26 r
  U409/ZN (OAI21D4BWP16P90LVT)             0.01       0.27 f
  U732/ZN (AOI21D4BWP16P90LVT)             0.01       0.28 r
  U738/ZN (OAI21D4BWP16P90LVT)             0.01       0.29 f
  U744/ZN (AOI21D4BWP16P90LVT)             0.01       0.29 r
  U62/ZN (OAI21D2BWP16P90LVT)              0.01       0.30 f
  U750/ZN (XNR2D1BWP16P90LVT)              0.01       0.31 r
  prod_reg[31]/D (DFCNQD2BWP16P90LVT)      0.00       0.31 r
  data arrival time                                   0.31

  clock clk (rise edge)                    0.33       0.33
  clock network delay (ideal)              0.00       0.33
  clock uncertainty                       -0.01       0.32
  prod_reg[31]/CP (DFCNQD2BWP16P90LVT)     0.00       0.32 r
  library setup time                      -0.01       0.31
  data required time                                  0.31
  -----------------------------------------------------------
  data required time                                  0.31
  data arrival time                                  -0.31
  -----------------------------------------------------------
  slack (MET)                                         0.00


  Startpoint: inp_a[11] (input port clocked by clk)
  Endpoint: prod_reg[31]
            (rising edge-triggered flip-flop clocked by clk)
  Path Group: clk
  Path Type: max

  Des/Clust/Port     Wire Load Model       Library
  ------------------------------------------------
  mult               ZeroWireload          N16ADFP_StdCelltt0p8v25c

  Point                                    Incr       Path
  -----------------------------------------------------------
  clock clk (rise edge)                    0.00       0.00
  clock network delay (ideal)              0.00       0.00
  input external delay                     0.01       0.01 f
  inp_a[11] (in)                           0.00       0.01 f
  U61/ZN (INVD1BWP16P90LVT)                0.01       0.02 r
  U191/ZN (CKND2BWP16P90LVT)               0.01       0.03 f
  U418/ZN (XNR2D4BWP16P90LVT)              0.02       0.05 f
  U55/Z (AN2D1BWP16P90LVT)                 0.01       0.06 f
  U363/ZN (INVD1BWP16P90LVT)               0.01       0.07 r
  U484/ZN (OAI22D1BWP16P90LVT)             0.01       0.09 f
  U492/CO (FA1D1BWP16P90LVT)               0.02       0.11 f
  U510/S (FA1D1BWP16P90LVT)                0.03       0.14 r
  U509/S (FA1D1BWP16P90LVT)                0.03       0.17 f
  U71/S (FA1D1BWP16P90LVT)                 0.03       0.20 r
  U36/ZN (CKND2D1BWP16P90LVT)              0.01       0.21 f
  U65/ZN (OAI21D1BWP16P90LVT)              0.01       0.22 r
  U653/ZN (AOI21D1BWP16P90LVT)             0.01       0.23 f
  U412/ZN (OAI21D2BWP16P90LVT)             0.01       0.24 r
  U701/ZN (AOI21D4BWP16P90LVT)             0.01       0.25 f
  U711/ZN (OAI21D4BWP16P90LVT)             0.01       0.25 r
  U410/ZN (AOI21D4BWP16P90LVT)             0.01       0.26 f
  U409/ZN (OAI21D4BWP16P90LVT)             0.01       0.27 r
  U732/ZN (AOI21D4BWP16P90LVT)             0.01       0.28 f
  U738/ZN (OAI21D4BWP16P90LVT)             0.01       0.29 r
  U744/ZN (AOI21D4BWP16P90LVT)             0.01       0.29 f
  U62/ZN (OAI21D2BWP16P90LVT)              0.01       0.30 r
  U750/ZN (XNR2D1BWP16P90LVT)              0.01       0.31 r
  prod_reg[31]/D (DFCNQD2BWP16P90LVT)      0.00       0.31 r
  data arrival time                                   0.31

  clock clk (rise edge)                    0.33       0.33
  clock network delay (ideal)              0.00       0.33
  clock uncertainty                       -0.01       0.32
  prod_reg[31]/CP (DFCNQD2BWP16P90LVT)     0.00       0.32 r
  library setup time                      -0.01       0.31
  data required time                                  0.31
  -----------------------------------------------------------
  data required time                                  0.31
  data arrival time                                  -0.31
  -----------------------------------------------------------
  slack (MET)                                         0.00


  Startpoint: inp_a[11] (input port clocked by clk)
  Endpoint: prod_reg[31]
            (rising edge-triggered flip-flop clocked by clk)
  Path Group: clk
  Path Type: max

  Des/Clust/Port     Wire Load Model       Library
  ------------------------------------------------
  mult               ZeroWireload          N16ADFP_StdCelltt0p8v25c

  Point                                    Incr       Path
  -----------------------------------------------------------
  clock clk (rise edge)                    0.00       0.00
  clock network delay (ideal)              0.00       0.00
  input external delay                     0.01       0.01 r
  inp_a[11] (in)                           0.00       0.01 r
  U61/ZN (INVD1BWP16P90LVT)                0.01       0.02 f
  U191/ZN (CKND2BWP16P90LVT)               0.01       0.03 r
  U418/ZN (XNR2D4BWP16P90LVT)              0.02       0.05 f
  U55/Z (AN2D1BWP16P90LVT)                 0.01       0.06 f
  U363/ZN (INVD1BWP16P90LVT)               0.01       0.08 r
  U484/ZN (OAI22D1BWP16P90LVT)             0.01       0.09 f
  U492/CO (FA1D1BWP16P90LVT)               0.02       0.11 f
  U510/S (FA1D1BWP16P90LVT)                0.03       0.14 r
  U509/S (FA1D1BWP16P90LVT)                0.03       0.17 f
  U71/S (FA1D1BWP16P90LVT)                 0.03       0.20 r
  U36/ZN (CKND2D1BWP16P90LVT)              0.01       0.21 f
  U65/ZN (OAI21D1BWP16P90LVT)              0.01       0.22 r
  U653/ZN (AOI21D1BWP16P90LVT)             0.01       0.23 f
  U412/ZN (OAI21D2BWP16P90LVT)             0.01       0.24 r
  U701/ZN (AOI21D4BWP16P90LVT)             0.01       0.25 f
  U711/ZN (OAI21D4BWP16P90LVT)             0.01       0.25 r
  U410/ZN (AOI21D4BWP16P90LVT)             0.01       0.26 f
  U409/ZN (OAI21D4BWP16P90LVT)             0.01       0.27 r
  U732/ZN (AOI21D4BWP16P90LVT)             0.01       0.28 f
  U738/ZN (OAI21D4BWP16P90LVT)             0.01       0.29 r
  U744/ZN (AOI21D4BWP16P90LVT)             0.01       0.29 f
  U62/ZN (OAI21D2BWP16P90LVT)              0.01       0.30 r
  U750/ZN (XNR2D1BWP16P90LVT)              0.01       0.31 r
  prod_reg[31]/D (DFCNQD2BWP16P90LVT)      0.00       0.31 r
  data arrival time                                   0.31

  clock clk (rise edge)                    0.33       0.33
  clock network delay (ideal)              0.00       0.33
  clock uncertainty                       -0.01       0.32
  prod_reg[31]/CP (DFCNQD2BWP16P90LVT)     0.00       0.32 r
  library setup time                      -0.01       0.31
  data required time                                  0.31
  -----------------------------------------------------------
  data required time                                  0.31
  data arrival time                                  -0.31
  -----------------------------------------------------------
  slack (MET)                                         0.00


  Startpoint: inp_a[11] (input port clocked by clk)
  Endpoint: prod_reg[31]
            (rising edge-triggered flip-flop clocked by clk)
  Path Group: clk
  Path Type: max

  Des/Clust/Port     Wire Load Model       Library
  ------------------------------------------------
  mult               ZeroWireload          N16ADFP_StdCelltt0p8v25c

  Point                                    Incr       Path
  -----------------------------------------------------------
  clock clk (rise edge)                    0.00       0.00
  clock network delay (ideal)              0.00       0.00
  input external delay                     0.01       0.01 r
  inp_a[11] (in)                           0.00       0.01 r
  U61/ZN (INVD1BWP16P90LVT)                0.01       0.02 f
  U191/ZN (CKND2BWP16P90LVT)               0.01       0.03 r
  U418/ZN (XNR2D4BWP16P90LVT)              0.02       0.05 f
  U55/Z (AN2D1BWP16P90LVT)                 0.01       0.06 f
  U363/ZN (INVD1BWP16P90LVT)               0.01       0.08 r
  U484/ZN (OAI22D1BWP16P90LVT)             0.01       0.09 f
  U492/CO (FA1D1BWP16P90LVT)               0.02       0.11 f
  U510/S (FA1D1BWP16P90LVT)                0.03       0.14 r
  U509/S (FA1D1BWP16P90LVT)                0.03       0.17 f
  U71/S (FA1D1BWP16P90LVT)                 0.03       0.20 r
  U36/ZN (CKND2D1BWP16P90LVT)              0.01       0.21 f
  U65/ZN (OAI21D1BWP16P90LVT)              0.01       0.22 r
  U653/ZN (AOI21D1BWP16P90LVT)             0.01       0.23 f
  U412/ZN (OAI21D2BWP16P90LVT)             0.01       0.24 r
  U701/ZN (AOI21D4BWP16P90LVT)             0.01       0.25 f
  U711/ZN (OAI21D4BWP16P90LVT)             0.01       0.25 r
  U410/ZN (AOI21D4BWP16P90LVT)             0.01       0.26 f
  U409/ZN (OAI21D4BWP16P90LVT)             0.01       0.27 r
  U732/ZN (AOI21D4BWP16P90LVT)             0.01       0.28 f
  U738/ZN (OAI21D4BWP16P90LVT)             0.01       0.29 r
  U744/ZN (AOI21D4BWP16P90LVT)             0.01       0.29 f
  U62/ZN (OAI21D2BWP16P90LVT)              0.01       0.30 r
  U750/ZN (XNR2D1BWP16P90LVT)              0.01       0.31 r
  prod_reg[31]/D (DFCNQD2BWP16P90LVT)      0.00       0.31 r
  data arrival time                                   0.31

  clock clk (rise edge)                    0.33       0.33
  clock network delay (ideal)              0.00       0.33
  clock uncertainty                       -0.01       0.32
  prod_reg[31]/CP (DFCNQD2BWP16P90LVT)     0.00       0.32 r
  library setup time                      -0.01       0.31
  data required time                                  0.31
  -----------------------------------------------------------
  data required time                                  0.31
  data arrival time                                  -0.31
  -----------------------------------------------------------
  slack (MET)                                         0.00


  Startpoint: inp_a[11] (input port clocked by clk)
  Endpoint: prod_reg[31]
            (rising edge-triggered flip-flop clocked by clk)
  Path Group: clk
  Path Type: max

  Des/Clust/Port     Wire Load Model       Library
  ------------------------------------------------
  mult               ZeroWireload          N16ADFP_StdCelltt0p8v25c

  Point                                    Incr       Path
  -----------------------------------------------------------
  clock clk (rise edge)                    0.00       0.00
  clock network delay (ideal)              0.00       0.00
  input external delay                     0.01       0.01 r
  inp_a[11] (in)                           0.00       0.01 r
  U61/ZN (INVD1BWP16P90LVT)                0.01       0.02 f
  U191/ZN (CKND2BWP16P90LVT)               0.01       0.03 r
  U418/ZN (XNR2D4BWP16P90LVT)              0.02       0.05 f
  U55/Z (AN2D1BWP16P90LVT)                 0.01       0.06 f
  U363/ZN (INVD1BWP16P90LVT)               0.01       0.08 r
  U484/ZN (OAI22D1BWP16P90LVT)             0.01       0.09 f
  U492/CO (FA1D1BWP16P90LVT)               0.02       0.11 f
  U510/S (FA1D1BWP16P90LVT)                0.03       0.14 r
  U509/S (FA1D1BWP16P90LVT)                0.03       0.17 f
  U71/S (FA1D1BWP16P90LVT)                 0.03       0.20 r
  U36/ZN (CKND2D1BWP16P90LVT)              0.01       0.21 f
  U65/ZN (OAI21D1BWP16P90LVT)              0.01       0.22 r
  U653/ZN (AOI21D1BWP16P90LVT)             0.01       0.23 f
  U412/ZN (OAI21D2BWP16P90LVT)             0.01       0.24 r
  U701/ZN (AOI21D4BWP16P90LVT)             0.01       0.25 f
  U711/ZN (OAI21D4BWP16P90LVT)             0.01       0.25 r
  U410/ZN (AOI21D4BWP16P90LVT)             0.01       0.26 f
  U409/ZN (OAI21D4BWP16P90LVT)             0.01       0.27 r
  U732/ZN (AOI21D4BWP16P90LVT)             0.01       0.28 f
  U738/ZN (OAI21D4BWP16P90LVT)             0.01       0.29 r
  U744/ZN (AOI21D4BWP16P90LVT)             0.01       0.29 f
  U62/ZN (OAI21D2BWP16P90LVT)              0.01       0.30 r
  U750/ZN (XNR2D1BWP16P90LVT)              0.01       0.31 r
  prod_reg[31]/D (DFCNQD2BWP16P90LVT)      0.00       0.31 r
  data arrival time                                   0.31

  clock clk (rise edge)                    0.33       0.33
  clock network delay (ideal)              0.00       0.33
  clock uncertainty                       -0.01       0.32
  prod_reg[31]/CP (DFCNQD2BWP16P90LVT)     0.00       0.32 r
  library setup time                      -0.01       0.31
  data required time                                  0.31
  -----------------------------------------------------------
  data required time                                  0.31
  data arrival time                                  -0.31
  -----------------------------------------------------------
  slack (MET)                                         0.00


  Startpoint: inp_a[5] (input port clocked by clk)
  Endpoint: prod_reg[31]
            (rising edge-triggered flip-flop clocked by clk)
  Path Group: clk
  Path Type: max

  Des/Clust/Port     Wire Load Model       Library
  ------------------------------------------------
  mult               ZeroWireload          N16ADFP_StdCelltt0p8v25c

  Point                                    Incr       Path
  -----------------------------------------------------------
  clock clk (rise edge)                    0.00       0.00
  clock network delay (ideal)              0.00       0.00
  input external delay                     0.01       0.01 f
  inp_a[5] (in)                            0.00       0.01 f
  U368/ZN (INVD1BWP16P90LVT)               0.01       0.02 r
  U188/ZN (CKND2BWP16P90LVT)               0.01       0.03 f
  U381/Z (XOR2D4BWP16P90LVT)               0.02       0.05 r
  U40/ZN (INVD1BWP16P90LVT)                0.01       0.05 f
  U59/Z (AN2D1BWP16P90LVT)                 0.01       0.06 f
  U355/ZN (INVD1BWP16P90LVT)               0.01       0.07 r
  U486/ZN (OAI22D1BWP16P90LVT)             0.01       0.09 f
  U491/CO (FA1D1BWP16P90LVT)               0.02       0.11 f
  U510/S (FA1D1BWP16P90LVT)                0.03       0.14 r
  U509/S (FA1D1BWP16P90LVT)                0.03       0.17 f
  U71/S (FA1D1BWP16P90LVT)                 0.03       0.20 r
  U36/ZN (CKND2D1BWP16P90LVT)              0.01       0.21 f
  U65/ZN (OAI21D1BWP16P90LVT)              0.01       0.22 r
  U653/ZN (AOI21D1BWP16P90LVT)             0.01       0.23 f
  U412/ZN (OAI21D2BWP16P90LVT)             0.01       0.24 r
  U701/ZN (AOI21D4BWP16P90LVT)             0.01       0.25 f
  U711/ZN (OAI21D4BWP16P90LVT)             0.01       0.25 r
  U410/ZN (AOI21D4BWP16P90LVT)             0.01       0.26 f
  U409/ZN (OAI21D4BWP16P90LVT)             0.01       0.27 r
  U732/ZN (AOI21D4BWP16P90LVT)             0.01       0.28 f
  U738/ZN (OAI21D4BWP16P90LVT)             0.01       0.29 r
  U744/ZN (AOI21D4BWP16P90LVT)             0.01       0.29 f
  U62/ZN (OAI21D2BWP16P90LVT)              0.01       0.30 r
  U750/ZN (XNR2D1BWP16P90LVT)              0.01       0.31 r
  prod_reg[31]/D (DFCNQD2BWP16P90LVT)      0.00       0.31 r
  data arrival time                                   0.31

  clock clk (rise edge)                    0.33       0.33
  clock network delay (ideal)              0.00       0.33
  clock uncertainty                       -0.01       0.32
  prod_reg[31]/CP (DFCNQD2BWP16P90LVT)     0.00       0.32 r
  library setup time                      -0.01       0.31
  data required time                                  0.31
  -----------------------------------------------------------
  data required time                                  0.31
  data arrival time                                  -0.31
  -----------------------------------------------------------
  slack (MET)                                         0.00


  Startpoint: inp_a[5] (input port clocked by clk)
  Endpoint: prod_reg[31]
            (rising edge-triggered flip-flop clocked by clk)
  Path Group: clk
  Path Type: max

  Des/Clust/Port     Wire Load Model       Library
  ------------------------------------------------
  mult               ZeroWireload          N16ADFP_StdCelltt0p8v25c

  Point                                    Incr       Path
  -----------------------------------------------------------
  clock clk (rise edge)                    0.00       0.00
  clock network delay (ideal)              0.00       0.00
  input external delay                     0.01       0.01 f
  inp_a[5] (in)                            0.00       0.01 f
  U368/ZN (INVD1BWP16P90LVT)               0.01       0.02 r
  U188/ZN (CKND2BWP16P90LVT)               0.01       0.03 f
  U381/Z (XOR2D4BWP16P90LVT)               0.02       0.05 r
  U40/ZN (INVD1BWP16P90LVT)                0.01       0.05 f
  U59/Z (AN2D1BWP16P90LVT)                 0.01       0.06 f
  U355/ZN (INVD1BWP16P90LVT)               0.01       0.07 r
  U486/ZN (OAI22D1BWP16P90LVT)             0.01       0.09 f
  U491/CO (FA1D1BWP16P90LVT)               0.02       0.11 f
  U510/S (FA1D1BWP16P90LVT)                0.03       0.14 r
  U509/S (FA1D1BWP16P90LVT)                0.03       0.17 f
  U71/S (FA1D1BWP16P90LVT)                 0.03       0.20 r
  U36/ZN (CKND2D1BWP16P90LVT)              0.01       0.21 f
  U65/ZN (OAI21D1BWP16P90LVT)              0.01       0.22 r
  U653/ZN (AOI21D1BWP16P90LVT)             0.01       0.23 f
  U412/ZN (OAI21D2BWP16P90LVT)             0.01       0.24 r
  U701/ZN (AOI21D4BWP16P90LVT)             0.01       0.25 f
  U711/ZN (OAI21D4BWP16P90LVT)             0.01       0.25 r
  U410/ZN (AOI21D4BWP16P90LVT)             0.01       0.26 f
  U409/ZN (OAI21D4BWP16P90LVT)             0.01       0.27 r
  U732/ZN (AOI21D4BWP16P90LVT)             0.01       0.28 f
  U738/ZN (OAI21D4BWP16P90LVT)             0.01       0.29 r
  U744/ZN (AOI21D4BWP16P90LVT)             0.01       0.29 f
  U62/ZN (OAI21D2BWP16P90LVT)              0.01       0.30 r
  U750/ZN (XNR2D1BWP16P90LVT)              0.01       0.31 r
  prod_reg[31]/D (DFCNQD2BWP16P90LVT)      0.00       0.31 r
  data arrival time                                   0.31

  clock clk (rise edge)                    0.33       0.33
  clock network delay (ideal)              0.00       0.33
  clock uncertainty                       -0.01       0.32
  prod_reg[31]/CP (DFCNQD2BWP16P90LVT)     0.00       0.32 r
  library setup time                      -0.01       0.31
  data required time                                  0.31
  -----------------------------------------------------------
  data required time                                  0.31
  data arrival time                                  -0.31
  -----------------------------------------------------------
  slack (MET)                                         0.00


  Startpoint: inp_a[5] (input port clocked by clk)
  Endpoint: prod_reg[31]
            (rising edge-triggered flip-flop clocked by clk)
  Path Group: clk
  Path Type: max

  Des/Clust/Port     Wire Load Model       Library
  ------------------------------------------------
  mult               ZeroWireload          N16ADFP_StdCelltt0p8v25c

  Point                                    Incr       Path
  -----------------------------------------------------------
  clock clk (rise edge)                    0.00       0.00
  clock network delay (ideal)              0.00       0.00
  input external delay                     0.01       0.01 f
  inp_a[5] (in)                            0.00       0.01 f
  U368/ZN (INVD1BWP16P90LVT)               0.01       0.02 r
  U188/ZN (CKND2BWP16P90LVT)               0.01       0.03 f
  U381/Z (XOR2D4BWP16P90LVT)               0.02       0.05 r
  U40/ZN (INVD1BWP16P90LVT)                0.01       0.05 f
  U59/Z (AN2D1BWP16P90LVT)                 0.01       0.06 f
  U355/ZN (INVD1BWP16P90LVT)               0.01       0.07 r
  U486/ZN (OAI22D1BWP16P90LVT)             0.01       0.09 f
  U491/CO (FA1D1BWP16P90LVT)               0.02       0.11 f
  U510/S (FA1D1BWP16P90LVT)                0.03       0.14 r
  U509/S (FA1D1BWP16P90LVT)                0.03       0.17 f
  U71/S (FA1D1BWP16P90LVT)                 0.03       0.20 r
  U36/ZN (CKND2D1BWP16P90LVT)              0.01       0.21 f
  U65/ZN (OAI21D1BWP16P90LVT)              0.01       0.22 r
  U653/ZN (AOI21D1BWP16P90LVT)             0.01       0.23 f
  U412/ZN (OAI21D2BWP16P90LVT)             0.01       0.24 r
  U701/ZN (AOI21D4BWP16P90LVT)             0.01       0.25 f
  U711/ZN (OAI21D4BWP16P90LVT)             0.01       0.25 r
  U410/ZN (AOI21D4BWP16P90LVT)             0.01       0.26 f
  U409/ZN (OAI21D4BWP16P90LVT)             0.01       0.27 r
  U732/ZN (AOI21D4BWP16P90LVT)             0.01       0.28 f
  U738/ZN (OAI21D4BWP16P90LVT)             0.01       0.29 r
  U744/ZN (AOI21D4BWP16P90LVT)             0.01       0.29 f
  U62/ZN (OAI21D2BWP16P90LVT)              0.01       0.30 r
  U750/ZN (XNR2D1BWP16P90LVT)              0.01       0.31 r
  prod_reg[31]/D (DFCNQD2BWP16P90LVT)      0.00       0.31 r
  data arrival time                                   0.31

  clock clk (rise edge)                    0.33       0.33
  clock network delay (ideal)              0.00       0.33
  clock uncertainty                       -0.01       0.32
  prod_reg[31]/CP (DFCNQD2BWP16P90LVT)     0.00       0.32 r
  library setup time                      -0.01       0.31
  data required time                                  0.31
  -----------------------------------------------------------
  data required time                                  0.31
  data arrival time                                  -0.31
  -----------------------------------------------------------
  slack (MET)                                         0.00


  Startpoint: inp_a[11] (input port clocked by clk)
  Endpoint: prod_reg[31]
            (rising edge-triggered flip-flop clocked by clk)
  Path Group: clk
  Path Type: max

  Des/Clust/Port     Wire Load Model       Library
  ------------------------------------------------
  mult               ZeroWireload          N16ADFP_StdCelltt0p8v25c

  Point                                    Incr       Path
  -----------------------------------------------------------
  clock clk (rise edge)                    0.00       0.00
  clock network delay (ideal)              0.00       0.00
  input external delay                     0.01       0.01 r
  inp_a[11] (in)                           0.00       0.01 r
  U61/ZN (INVD1BWP16P90LVT)                0.01       0.02 f
  U191/ZN (CKND2BWP16P90LVT)               0.01       0.03 r
  U418/ZN (XNR2D4BWP16P90LVT)              0.02       0.05 f
  U55/Z (AN2D1BWP16P90LVT)                 0.01       0.06 f
  U363/ZN (INVD1BWP16P90LVT)               0.01       0.08 r
  U484/ZN (OAI22D1BWP16P90LVT)             0.01       0.09 f
  U492/CO (FA1D1BWP16P90LVT)               0.02       0.11 f
  U510/S (FA1D1BWP16P90LVT)                0.03       0.14 r
  U509/S (FA1D1BWP16P90LVT)                0.03       0.17 f
  U71/S (FA1D1BWP16P90LVT)                 0.03       0.20 r
  U36/ZN (CKND2D1BWP16P90LVT)              0.01       0.21 f
  U65/ZN (OAI21D1BWP16P90LVT)              0.01       0.22 r
  U653/ZN (AOI21D1BWP16P90LVT)             0.01       0.23 f
  U412/ZN (OAI21D2BWP16P90LVT)             0.01       0.24 r
  U701/ZN (AOI21D4BWP16P90LVT)             0.01       0.25 f
  U711/ZN (OAI21D4BWP16P90LVT)             0.01       0.25 r
  U410/ZN (AOI21D4BWP16P90LVT)             0.01       0.26 f
  U409/ZN (OAI21D4BWP16P90LVT)             0.01       0.27 r
  U732/ZN (AOI21D4BWP16P90LVT)             0.01       0.28 f
  U738/ZN (OAI21D4BWP16P90LVT)             0.01       0.29 r
  U744/ZN (AOI21D4BWP16P90LVT)             0.01       0.29 f
  U62/ZN (OAI21D2BWP16P90LVT)              0.01       0.30 r
  U750/ZN (XNR2D1BWP16P90LVT)              0.01       0.31 r
  prod_reg[31]/D (DFCNQD2BWP16P90LVT)      0.00       0.31 r
  data arrival time                                   0.31

  clock clk (rise edge)                    0.33       0.33
  clock network delay (ideal)              0.00       0.33
  clock uncertainty                       -0.01       0.32
  prod_reg[31]/CP (DFCNQD2BWP16P90LVT)     0.00       0.32 r
  library setup time                      -0.01       0.31
  data required time                                  0.31
  -----------------------------------------------------------
  data required time                                  0.31
  data arrival time                                  -0.31
  -----------------------------------------------------------
  slack (MET)                                         0.00


  Startpoint: inp_a[11] (input port clocked by clk)
  Endpoint: prod_reg[31]
            (rising edge-triggered flip-flop clocked by clk)
  Path Group: clk
  Path Type: max

  Des/Clust/Port     Wire Load Model       Library
  ------------------------------------------------
  mult               ZeroWireload          N16ADFP_StdCelltt0p8v25c

  Point                                    Incr       Path
  -----------------------------------------------------------
  clock clk (rise edge)                    0.00       0.00
  clock network delay (ideal)              0.00       0.00
  input external delay                     0.01       0.01 r
  inp_a[11] (in)                           0.00       0.01 r
  U61/ZN (INVD1BWP16P90LVT)                0.01       0.02 f
  U191/ZN (CKND2BWP16P90LVT)               0.01       0.03 r
  U418/ZN (XNR2D4BWP16P90LVT)              0.02       0.05 f
  U55/Z (AN2D1BWP16P90LVT)                 0.01       0.06 f
  U363/ZN (INVD1BWP16P90LVT)               0.01       0.08 r
  U484/ZN (OAI22D1BWP16P90LVT)             0.01       0.09 f
  U492/CO (FA1D1BWP16P90LVT)               0.02       0.11 f
  U510/S (FA1D1BWP16P90LVT)                0.03       0.14 r
  U509/S (FA1D1BWP16P90LVT)                0.03       0.17 f
  U71/S (FA1D1BWP16P90LVT)                 0.03       0.20 r
  U36/ZN (CKND2D1BWP16P90LVT)              0.01       0.21 f
  U65/ZN (OAI21D1BWP16P90LVT)              0.01       0.22 r
  U653/ZN (AOI21D1BWP16P90LVT)             0.01       0.23 f
  U412/ZN (OAI21D2BWP16P90LVT)             0.01       0.24 r
  U701/ZN (AOI21D4BWP16P90LVT)             0.01       0.25 f
  U711/ZN (OAI21D4BWP16P90LVT)             0.01       0.25 r
  U410/ZN (AOI21D4BWP16P90LVT)             0.01       0.26 f
  U409/ZN (OAI21D4BWP16P90LVT)             0.01       0.27 r
  U732/ZN (AOI21D4BWP16P90LVT)             0.01       0.28 f
  U738/ZN (OAI21D4BWP16P90LVT)             0.01       0.29 r
  U744/ZN (AOI21D4BWP16P90LVT)             0.01       0.29 f
  U62/ZN (OAI21D2BWP16P90LVT)              0.01       0.30 r
  U750/ZN (XNR2D1BWP16P90LVT)              0.01       0.31 r
  prod_reg[31]/D (DFCNQD2BWP16P90LVT)      0.00       0.31 r
  data arrival time                                   0.31

  clock clk (rise edge)                    0.33       0.33
  clock network delay (ideal)              0.00       0.33
  clock uncertainty                       -0.01       0.32
  prod_reg[31]/CP (DFCNQD2BWP16P90LVT)     0.00       0.32 r
  library setup time                      -0.01       0.31
  data required time                                  0.31
  -----------------------------------------------------------
  data required time                                  0.31
  data arrival time                                  -0.31
  -----------------------------------------------------------
  slack (MET)                                         0.00


  Startpoint: inp_a[5] (input port clocked by clk)
  Endpoint: prod_reg[31]
            (rising edge-triggered flip-flop clocked by clk)
  Path Group: clk
  Path Type: max

  Des/Clust/Port     Wire Load Model       Library
  ------------------------------------------------
  mult               ZeroWireload          N16ADFP_StdCelltt0p8v25c

  Point                                    Incr       Path
  -----------------------------------------------------------
  clock clk (rise edge)                    0.00       0.00
  clock network delay (ideal)              0.00       0.00
  input external delay                     0.01       0.01 f
  inp_a[5] (in)                            0.00       0.01 f
  U368/ZN (INVD1BWP16P90LVT)               0.01       0.02 r
  U188/ZN (CKND2BWP16P90LVT)               0.01       0.03 f
  U381/Z (XOR2D4BWP16P90LVT)               0.02       0.05 r
  U40/ZN (INVD1BWP16P90LVT)                0.01       0.05 f
  U59/Z (AN2D1BWP16P90LVT)                 0.01       0.06 f
  U72/ZN (CKND2BWP16P90LVT)                0.01       0.07 r
  U534/ZN (OAI22D1BWP16P90LVT)             0.01       0.08 f
  U664/CO (FA1D1BWP16P90LVT)               0.02       0.11 f
  U674/S (FA1D1BWP16P90LVT)                0.03       0.14 r
  U673/S (FA1D1BWP16P90LVT)                0.03       0.17 f
  U679/S (FA1D1BWP16P90LVT)                0.03       0.20 r
  U37/ZN (ND2D1BWP16P90LVT)                0.01       0.21 f
  U66/ZN (OAI21D1BWP16P90LVT)              0.01       0.22 r
  U64/ZN (AOI21D1BWP16P90LVT)              0.01       0.23 f
  U63/ZN (OAI21D1BWP16P90LVT)              0.01       0.24 r
  U701/ZN (AOI21D4BWP16P90LVT)             0.01       0.25 f
  U711/ZN (OAI21D4BWP16P90LVT)             0.01       0.25 r
  U410/ZN (AOI21D4BWP16P90LVT)             0.01       0.26 f
  U409/ZN (OAI21D4BWP16P90LVT)             0.01       0.27 r
  U732/ZN (AOI21D4BWP16P90LVT)             0.01       0.28 f
  U738/ZN (OAI21D4BWP16P90LVT)             0.01       0.29 r
  U744/ZN (AOI21D4BWP16P90LVT)             0.01       0.29 f
  U62/ZN (OAI21D2BWP16P90LVT)              0.01       0.30 r
  U750/ZN (XNR2D1BWP16P90LVT)              0.01       0.31 r
  prod_reg[31]/D (DFCNQD2BWP16P90LVT)      0.00       0.31 r
  data arrival time                                   0.31

  clock clk (rise edge)                    0.33       0.33
  clock network delay (ideal)              0.00       0.33
  clock uncertainty                       -0.01       0.32
  prod_reg[31]/CP (DFCNQD2BWP16P90LVT)     0.00       0.32 r
  library setup time                      -0.01       0.31
  data required time                                  0.31
  -----------------------------------------------------------
  data required time                                  0.31
  data arrival time                                  -0.31
  -----------------------------------------------------------
  slack (MET)                                         0.00


  Startpoint: inp_a[5] (input port clocked by clk)
  Endpoint: prod_reg[31]
            (rising edge-triggered flip-flop clocked by clk)
  Path Group: clk
  Path Type: max

  Des/Clust/Port     Wire Load Model       Library
  ------------------------------------------------
  mult               ZeroWireload          N16ADFP_StdCelltt0p8v25c

  Point                                    Incr       Path
  -----------------------------------------------------------
  clock clk (rise edge)                    0.00       0.00
  clock network delay (ideal)              0.00       0.00
  input external delay                     0.01       0.01 f
  inp_a[5] (in)                            0.00       0.01 f
  U368/ZN (INVD1BWP16P90LVT)               0.01       0.02 r
  U188/ZN (CKND2BWP16P90LVT)               0.01       0.03 f
  U381/Z (XOR2D4BWP16P90LVT)               0.02       0.05 r
  U40/ZN (INVD1BWP16P90LVT)                0.01       0.05 f
  U59/Z (AN2D1BWP16P90LVT)                 0.01       0.06 f
  U355/ZN (INVD1BWP16P90LVT)               0.01       0.07 r
  U486/ZN (OAI22D1BWP16P90LVT)             0.01       0.09 f
  U491/CO (FA1D1BWP16P90LVT)               0.02       0.11 f
  U510/S (FA1D1BWP16P90LVT)                0.03       0.14 r
  U509/S (FA1D1BWP16P90LVT)                0.03       0.17 f
  U71/S (FA1D1BWP16P90LVT)                 0.03       0.20 r
  U36/ZN (CKND2D1BWP16P90LVT)              0.01       0.21 f
  U65/ZN (OAI21D1BWP16P90LVT)              0.01       0.22 r
  U653/ZN (AOI21D1BWP16P90LVT)             0.01       0.23 f
  U412/ZN (OAI21D2BWP16P90LVT)             0.01       0.24 r
  U701/ZN (AOI21D4BWP16P90LVT)             0.01       0.25 f
  U711/ZN (OAI21D4BWP16P90LVT)             0.01       0.25 r
  U410/ZN (AOI21D4BWP16P90LVT)             0.01       0.26 f
  U409/ZN (OAI21D4BWP16P90LVT)             0.01       0.27 r
  U732/ZN (AOI21D4BWP16P90LVT)             0.01       0.28 f
  U738/ZN (OAI21D4BWP16P90LVT)             0.01       0.29 r
  U744/ZN (AOI21D4BWP16P90LVT)             0.01       0.29 f
  U62/ZN (OAI21D2BWP16P90LVT)              0.01       0.30 r
  U750/ZN (XNR2D1BWP16P90LVT)              0.01       0.31 r
  prod_reg[31]/D (DFCNQD2BWP16P90LVT)      0.00       0.31 r
  data arrival time                                   0.31

  clock clk (rise edge)                    0.33       0.33
  clock network delay (ideal)              0.00       0.33
  clock uncertainty                       -0.01       0.32
  prod_reg[31]/CP (DFCNQD2BWP16P90LVT)     0.00       0.32 r
  library setup time                      -0.01       0.31
  data required time                                  0.31
  -----------------------------------------------------------
  data required time                                  0.31
  data arrival time                                  -0.31
  -----------------------------------------------------------
  slack (MET)                                         0.00


  Startpoint: inp_a[5] (input port clocked by clk)
  Endpoint: prod_reg[31]
            (rising edge-triggered flip-flop clocked by clk)
  Path Group: clk
  Path Type: max

  Des/Clust/Port     Wire Load Model       Library
  ------------------------------------------------
  mult               ZeroWireload          N16ADFP_StdCelltt0p8v25c

  Point                                    Incr       Path
  -----------------------------------------------------------
  clock clk (rise edge)                    0.00       0.00
  clock network delay (ideal)              0.00       0.00
  input external delay                     0.01       0.01 f
  inp_a[5] (in)                            0.00       0.01 f
  U368/ZN (INVD1BWP16P90LVT)               0.01       0.02 r
  U188/ZN (CKND2BWP16P90LVT)               0.01       0.03 f
  U381/Z (XOR2D4BWP16P90LVT)               0.02       0.05 r
  U40/ZN (INVD1BWP16P90LVT)                0.01       0.05 f
  U59/Z (AN2D1BWP16P90LVT)                 0.01       0.06 f
  U355/ZN (INVD1BWP16P90LVT)               0.01       0.07 r
  U486/ZN (OAI22D1BWP16P90LVT)             0.01       0.09 f
  U491/CO (FA1D1BWP16P90LVT)               0.02       0.11 f
  U510/S (FA1D1BWP16P90LVT)                0.03       0.14 r
  U509/S (FA1D1BWP16P90LVT)                0.03       0.17 f
  U71/S (FA1D1BWP16P90LVT)                 0.03       0.20 r
  U36/ZN (CKND2D1BWP16P90LVT)              0.01       0.21 f
  U65/ZN (OAI21D1BWP16P90LVT)              0.01       0.22 r
  U653/ZN (AOI21D1BWP16P90LVT)             0.01       0.23 f
  U412/ZN (OAI21D2BWP16P90LVT)             0.01       0.24 r
  U701/ZN (AOI21D4BWP16P90LVT)             0.01       0.25 f
  U711/ZN (OAI21D4BWP16P90LVT)             0.01       0.25 r
  U410/ZN (AOI21D4BWP16P90LVT)             0.01       0.26 f
  U409/ZN (OAI21D4BWP16P90LVT)             0.01       0.27 r
  U732/ZN (AOI21D4BWP16P90LVT)             0.01       0.28 f
  U738/ZN (OAI21D4BWP16P90LVT)             0.01       0.29 r
  U744/ZN (AOI21D4BWP16P90LVT)             0.01       0.29 f
  U62/ZN (OAI21D2BWP16P90LVT)              0.01       0.30 r
  U750/ZN (XNR2D1BWP16P90LVT)              0.01       0.31 r
  prod_reg[31]/D (DFCNQD2BWP16P90LVT)      0.00       0.31 r
  data arrival time                                   0.31

  clock clk (rise edge)                    0.33       0.33
  clock network delay (ideal)              0.00       0.33
  clock uncertainty                       -0.01       0.32
  prod_reg[31]/CP (DFCNQD2BWP16P90LVT)     0.00       0.32 r
  library setup time                      -0.01       0.31
  data required time                                  0.31
  -----------------------------------------------------------
  data required time                                  0.31
  data arrival time                                  -0.31
  -----------------------------------------------------------
  slack (MET)                                         0.00


  Startpoint: inp_a[5] (input port clocked by clk)
  Endpoint: prod_reg[31]
            (rising edge-triggered flip-flop clocked by clk)
  Path Group: clk
  Path Type: max

  Des/Clust/Port     Wire Load Model       Library
  ------------------------------------------------
  mult               ZeroWireload          N16ADFP_StdCelltt0p8v25c

  Point                                    Incr       Path
  -----------------------------------------------------------
  clock clk (rise edge)                    0.00       0.00
  clock network delay (ideal)              0.00       0.00
  input external delay                     0.01       0.01 f
  inp_a[5] (in)                            0.00       0.01 f
  U368/ZN (INVD1BWP16P90LVT)               0.01       0.02 r
  U188/ZN (CKND2BWP16P90LVT)               0.01       0.03 f
  U381/Z (XOR2D4BWP16P90LVT)               0.02       0.05 r
  U40/ZN (INVD1BWP16P90LVT)                0.01       0.05 f
  U59/Z (AN2D1BWP16P90LVT)                 0.01       0.06 f
  U72/ZN (CKND2BWP16P90LVT)                0.01       0.07 r
  U534/ZN (OAI22D1BWP16P90LVT)             0.01       0.08 f
  U664/CO (FA1D1BWP16P90LVT)               0.02       0.11 f
  U674/S (FA1D1BWP16P90LVT)                0.03       0.14 r
  U673/S (FA1D1BWP16P90LVT)                0.03       0.17 f
  U679/S (FA1D1BWP16P90LVT)                0.03       0.20 r
  U37/ZN (ND2D1BWP16P90LVT)                0.01       0.21 f
  U66/ZN (OAI21D1BWP16P90LVT)              0.01       0.22 r
  U64/ZN (AOI21D1BWP16P90LVT)              0.01       0.23 f
  U63/ZN (OAI21D1BWP16P90LVT)              0.01       0.24 r
  U701/ZN (AOI21D4BWP16P90LVT)             0.01       0.25 f
  U711/ZN (OAI21D4BWP16P90LVT)             0.01       0.25 r
  U410/ZN (AOI21D4BWP16P90LVT)             0.01       0.26 f
  U409/ZN (OAI21D4BWP16P90LVT)             0.01       0.27 r
  U732/ZN (AOI21D4BWP16P90LVT)             0.01       0.28 f
  U738/ZN (OAI21D4BWP16P90LVT)             0.01       0.29 r
  U744/ZN (AOI21D4BWP16P90LVT)             0.01       0.29 f
  U62/ZN (OAI21D2BWP16P90LVT)              0.01       0.30 r
  U750/ZN (XNR2D1BWP16P90LVT)              0.01       0.31 r
  prod_reg[31]/D (DFCNQD2BWP16P90LVT)      0.00       0.31 r
  data arrival time                                   0.31

  clock clk (rise edge)                    0.33       0.33
  clock network delay (ideal)              0.00       0.33
  clock uncertainty                       -0.01       0.32
  prod_reg[31]/CP (DFCNQD2BWP16P90LVT)     0.00       0.32 r
  library setup time                      -0.01       0.31
  data required time                                  0.31
  -----------------------------------------------------------
  data required time                                  0.31
  data arrival time                                  -0.31
  -----------------------------------------------------------
  slack (MET)                                         0.00


  Startpoint: inp_a[5] (input port clocked by clk)
  Endpoint: prod_reg[31]
            (rising edge-triggered flip-flop clocked by clk)
  Path Group: clk
  Path Type: max

  Des/Clust/Port     Wire Load Model       Library
  ------------------------------------------------
  mult               ZeroWireload          N16ADFP_StdCelltt0p8v25c

  Point                                    Incr       Path
  -----------------------------------------------------------
  clock clk (rise edge)                    0.00       0.00
  clock network delay (ideal)              0.00       0.00
  input external delay                     0.01       0.01 f
  inp_a[5] (in)                            0.00       0.01 f
  U368/ZN (INVD1BWP16P90LVT)               0.01       0.02 r
  U188/ZN (CKND2BWP16P90LVT)               0.01       0.03 f
  U381/Z (XOR2D4BWP16P90LVT)               0.02       0.05 r
  U40/ZN (INVD1BWP16P90LVT)                0.01       0.05 f
  U59/Z (AN2D1BWP16P90LVT)                 0.01       0.06 f
  U355/ZN (INVD1BWP16P90LVT)               0.01       0.07 r
  U486/ZN (OAI22D1BWP16P90LVT)             0.01       0.09 f
  U491/CO (FA1D1BWP16P90LVT)               0.02       0.11 f
  U510/S (FA1D1BWP16P90LVT)                0.03       0.14 r
  U509/S (FA1D1BWP16P90LVT)                0.03       0.17 f
  U71/S (FA1D1BWP16P90LVT)                 0.03       0.20 r
  U36/ZN (CKND2D1BWP16P90LVT)              0.01       0.21 f
  U65/ZN (OAI21D1BWP16P90LVT)              0.01       0.22 r
  U653/ZN (AOI21D1BWP16P90LVT)             0.01       0.23 f
  U412/ZN (OAI21D2BWP16P90LVT)             0.01       0.24 r
  U701/ZN (AOI21D4BWP16P90LVT)             0.01       0.25 f
  U711/ZN (OAI21D4BWP16P90LVT)             0.01       0.25 r
  U410/ZN (AOI21D4BWP16P90LVT)             0.01       0.26 f
  U409/ZN (OAI21D4BWP16P90LVT)             0.01       0.27 r
  U732/ZN (AOI21D4BWP16P90LVT)             0.01       0.28 f
  U738/ZN (OAI21D4BWP16P90LVT)             0.01       0.29 r
  U744/ZN (AOI21D4BWP16P90LVT)             0.01       0.29 f
  U62/ZN (OAI21D2BWP16P90LVT)              0.01       0.30 r
  U750/ZN (XNR2D1BWP16P90LVT)              0.01       0.31 r
  prod_reg[31]/D (DFCNQD2BWP16P90LVT)      0.00       0.31 r
  data arrival time                                   0.31

  clock clk (rise edge)                    0.33       0.33
  clock network delay (ideal)              0.00       0.33
  clock uncertainty                       -0.01       0.32
  prod_reg[31]/CP (DFCNQD2BWP16P90LVT)     0.00       0.32 r
  library setup time                      -0.01       0.31
  data required time                                  0.31
  -----------------------------------------------------------
  data required time                                  0.31
  data arrival time                                  -0.31
  -----------------------------------------------------------
  slack (MET)                                         0.00


  Startpoint: inp_a[5] (input port clocked by clk)
  Endpoint: prod_reg[31]
            (rising edge-triggered flip-flop clocked by clk)
  Path Group: clk
  Path Type: max

  Des/Clust/Port     Wire Load Model       Library
  ------------------------------------------------
  mult               ZeroWireload          N16ADFP_StdCelltt0p8v25c

  Point                                    Incr       Path
  -----------------------------------------------------------
  clock clk (rise edge)                    0.00       0.00
  clock network delay (ideal)              0.00       0.00
  input external delay                     0.01       0.01 r
  inp_a[5] (in)                            0.00       0.01 r
  U368/ZN (INVD1BWP16P90LVT)               0.01       0.02 f
  U188/ZN (CKND2BWP16P90LVT)               0.01       0.03 r
  U381/Z (XOR2D4BWP16P90LVT)               0.02       0.05 f
  U40/ZN (INVD1BWP16P90LVT)                0.01       0.06 r
  U59/Z (AN2D1BWP16P90LVT)                 0.01       0.07 r
  U355/ZN (INVD1BWP16P90LVT)               0.01       0.08 f
  U656/ZN (OAI22D1BWP16P90LVT)             0.01       0.09 r
  U677/S (FA1D1BWP16P90LVT)                0.03       0.12 f
  U678/CO (FA1D1BWP16P90LVT)               0.02       0.14 f
  U684/S (FA1D1BWP16P90LVT)                0.03       0.17 r
  U690/S (FA1D1BWP16P90LVT)                0.03       0.20 f
  U108/ZN (NR2D1BWP16P90LVT)               0.01       0.21 r
  U66/ZN (OAI21D1BWP16P90LVT)              0.01       0.22 f
  U64/ZN (AOI21D1BWP16P90LVT)              0.01       0.23 r
  U63/ZN (OAI21D1BWP16P90LVT)              0.01       0.24 f
  U701/ZN (AOI21D4BWP16P90LVT)             0.01       0.25 r
  U711/ZN (OAI21D4BWP16P90LVT)             0.01       0.26 f
  U410/ZN (AOI21D4BWP16P90LVT)             0.01       0.26 r
  U409/ZN (OAI21D4BWP16P90LVT)             0.01       0.27 f
  U732/ZN (AOI21D4BWP16P90LVT)             0.01       0.28 r
  U738/ZN (OAI21D4BWP16P90LVT)             0.01       0.29 f
  U744/ZN (AOI21D4BWP16P90LVT)             0.01       0.29 r
  U62/ZN (OAI21D2BWP16P90LVT)              0.01       0.30 f
  U750/ZN (XNR2D1BWP16P90LVT)              0.01       0.31 r
  prod_reg[31]/D (DFCNQD2BWP16P90LVT)      0.00       0.31 r
  data arrival time                                   0.31

  clock clk (rise edge)                    0.33       0.33
  clock network delay (ideal)              0.00       0.33
  clock uncertainty                       -0.01       0.32
  prod_reg[31]/CP (DFCNQD2BWP16P90LVT)     0.00       0.32 r
  library setup time                      -0.01       0.31
  data required time                                  0.31
  -----------------------------------------------------------
  data required time                                  0.31
  data arrival time                                  -0.31
  -----------------------------------------------------------
  slack (MET)                                         0.00


  Startpoint: inp_a[5] (input port clocked by clk)
  Endpoint: prod_reg[31]
            (rising edge-triggered flip-flop clocked by clk)
  Path Group: clk
  Path Type: max

  Des/Clust/Port     Wire Load Model       Library
  ------------------------------------------------
  mult               ZeroWireload          N16ADFP_StdCelltt0p8v25c

  Point                                    Incr       Path
  -----------------------------------------------------------
  clock clk (rise edge)                    0.00       0.00
  clock network delay (ideal)              0.00       0.00
  input external delay                     0.01       0.01 r
  inp_a[5] (in)                            0.00       0.01 r
  U368/ZN (INVD1BWP16P90LVT)               0.01       0.02 f
  U188/ZN (CKND2BWP16P90LVT)               0.01       0.03 r
  U381/Z (XOR2D4BWP16P90LVT)               0.02       0.05 f
  U40/ZN (INVD1BWP16P90LVT)                0.01       0.06 r
  U59/Z (AN2D1BWP16P90LVT)                 0.01       0.07 r
  U355/ZN (INVD1BWP16P90LVT)               0.01       0.08 f
  U656/ZN (OAI22D1BWP16P90LVT)             0.01       0.09 r
  U677/S (FA1D1BWP16P90LVT)                0.03       0.12 f
  U678/CO (FA1D1BWP16P90LVT)               0.02       0.14 f
  U684/S (FA1D1BWP16P90LVT)                0.03       0.17 r
  U690/S (FA1D1BWP16P90LVT)                0.03       0.20 f
  U108/ZN (NR2D1BWP16P90LVT)               0.01       0.21 r
  U66/ZN (OAI21D1BWP16P90LVT)              0.01       0.22 f
  U64/ZN (AOI21D1BWP16P90LVT)              0.01       0.23 r
  U63/ZN (OAI21D1BWP16P90LVT)              0.01       0.24 f
  U701/ZN (AOI21D4BWP16P90LVT)             0.01       0.25 r
  U711/ZN (OAI21D4BWP16P90LVT)             0.01       0.26 f
  U410/ZN (AOI21D4BWP16P90LVT)             0.01       0.26 r
  U409/ZN (OAI21D4BWP16P90LVT)             0.01       0.27 f
  U732/ZN (AOI21D4BWP16P90LVT)             0.01       0.28 r
  U738/ZN (OAI21D4BWP16P90LVT)             0.01       0.29 f
  U744/ZN (AOI21D4BWP16P90LVT)             0.01       0.29 r
  U62/ZN (OAI21D2BWP16P90LVT)              0.01       0.30 f
  U750/ZN (XNR2D1BWP16P90LVT)              0.01       0.31 r
  prod_reg[31]/D (DFCNQD2BWP16P90LVT)      0.00       0.31 r
  data arrival time                                   0.31

  clock clk (rise edge)                    0.33       0.33
  clock network delay (ideal)              0.00       0.33
  clock uncertainty                       -0.01       0.32
  prod_reg[31]/CP (DFCNQD2BWP16P90LVT)     0.00       0.32 r
  library setup time                      -0.01       0.31
  data required time                                  0.31
  -----------------------------------------------------------
  data required time                                  0.31
  data arrival time                                  -0.31
  -----------------------------------------------------------
  slack (MET)                                         0.00


  Startpoint: inp_a[11] (input port clocked by clk)
  Endpoint: prod_reg[31]
            (rising edge-triggered flip-flop clocked by clk)
  Path Group: clk
  Path Type: max

  Des/Clust/Port     Wire Load Model       Library
  ------------------------------------------------
  mult               ZeroWireload          N16ADFP_StdCelltt0p8v25c

  Point                                    Incr       Path
  -----------------------------------------------------------
  clock clk (rise edge)                    0.00       0.00
  clock network delay (ideal)              0.00       0.00
  input external delay                     0.01       0.01 r
  inp_a[11] (in)                           0.00       0.01 r
  U61/ZN (INVD1BWP16P90LVT)                0.01       0.02 f
  U191/ZN (CKND2BWP16P90LVT)               0.01       0.03 r
  U418/ZN (XNR2D4BWP16P90LVT)              0.02       0.05 f
  U55/Z (AN2D1BWP16P90LVT)                 0.01       0.06 f
  U363/ZN (INVD1BWP16P90LVT)               0.01       0.08 r
  U484/ZN (OAI22D1BWP16P90LVT)             0.01       0.09 f
  U492/CO (FA1D1BWP16P90LVT)               0.02       0.11 f
  U510/S (FA1D1BWP16P90LVT)                0.03       0.14 r
  U509/S (FA1D1BWP16P90LVT)                0.03       0.17 f
  U71/S (FA1D1BWP16P90LVT)                 0.03       0.20 r
  U36/ZN (CKND2D1BWP16P90LVT)              0.01       0.21 f
  U65/ZN (OAI21D1BWP16P90LVT)              0.01       0.22 r
  U653/ZN (AOI21D1BWP16P90LVT)             0.01       0.23 f
  U412/ZN (OAI21D2BWP16P90LVT)             0.01       0.24 r
  U701/ZN (AOI21D4BWP16P90LVT)             0.01       0.25 f
  U711/ZN (OAI21D4BWP16P90LVT)             0.01       0.25 r
  U410/ZN (AOI21D4BWP16P90LVT)             0.01       0.26 f
  U409/ZN (OAI21D4BWP16P90LVT)             0.01       0.27 r
  U732/ZN (AOI21D4BWP16P90LVT)             0.01       0.28 f
  U738/ZN (OAI21D4BWP16P90LVT)             0.01       0.29 r
  U744/ZN (AOI21D4BWP16P90LVT)             0.01       0.29 f
  U62/ZN (OAI21D2BWP16P90LVT)              0.01       0.30 r
  U750/ZN (XNR2D1BWP16P90LVT)              0.01       0.31 r
  prod_reg[31]/D (DFCNQD2BWP16P90LVT)      0.00       0.31 r
  data arrival time                                   0.31

  clock clk (rise edge)                    0.33       0.33
  clock network delay (ideal)              0.00       0.33
  clock uncertainty                       -0.01       0.32
  prod_reg[31]/CP (DFCNQD2BWP16P90LVT)     0.00       0.32 r
  library setup time                      -0.01       0.31
  data required time                                  0.31
  -----------------------------------------------------------
  data required time                                  0.31
  data arrival time                                  -0.31
  -----------------------------------------------------------
  slack (MET)                                         0.00


  Startpoint: inp_a[5] (input port clocked by clk)
  Endpoint: prod_reg[31]
            (rising edge-triggered flip-flop clocked by clk)
  Path Group: clk
  Path Type: max

  Des/Clust/Port     Wire Load Model       Library
  ------------------------------------------------
  mult               ZeroWireload          N16ADFP_StdCelltt0p8v25c

  Point                                    Incr       Path
  -----------------------------------------------------------
  clock clk (rise edge)                    0.00       0.00
  clock network delay (ideal)              0.00       0.00
  input external delay                     0.01       0.01 r
  inp_a[5] (in)                            0.00       0.01 r
  U368/ZN (INVD1BWP16P90LVT)               0.01       0.02 f
  U188/ZN (CKND2BWP16P90LVT)               0.01       0.03 r
  U381/Z (XOR2D4BWP16P90LVT)               0.02       0.05 f
  U40/ZN (INVD1BWP16P90LVT)                0.01       0.06 r
  U59/Z (AN2D1BWP16P90LVT)                 0.01       0.07 r
  U355/ZN (INVD1BWP16P90LVT)               0.01       0.08 f
  U656/ZN (OAI22D1BWP16P90LVT)             0.01       0.09 r
  U677/S (FA1D1BWP16P90LVT)                0.03       0.12 f
  U678/CO (FA1D1BWP16P90LVT)               0.02       0.14 f
  U684/S (FA1D1BWP16P90LVT)                0.03       0.17 r
  U690/S (FA1D1BWP16P90LVT)                0.03       0.20 f
  U108/ZN (NR2D1BWP16P90LVT)               0.01       0.21 r
  U66/ZN (OAI21D1BWP16P90LVT)              0.01       0.22 f
  U64/ZN (AOI21D1BWP16P90LVT)              0.01       0.23 r
  U63/ZN (OAI21D1BWP16P90LVT)              0.01       0.24 f
  U701/ZN (AOI21D4BWP16P90LVT)             0.01       0.25 r
  U711/ZN (OAI21D4BWP16P90LVT)             0.01       0.26 f
  U410/ZN (AOI21D4BWP16P90LVT)             0.01       0.26 r
  U409/ZN (OAI21D4BWP16P90LVT)             0.01       0.27 f
  U732/ZN (AOI21D4BWP16P90LVT)             0.01       0.28 r
  U738/ZN (OAI21D4BWP16P90LVT)             0.01       0.29 f
  U744/ZN (AOI21D4BWP16P90LVT)             0.01       0.29 r
  U62/ZN (OAI21D2BWP16P90LVT)              0.01       0.30 f
  U750/ZN (XNR2D1BWP16P90LVT)              0.01       0.31 r
  prod_reg[31]/D (DFCNQD2BWP16P90LVT)      0.00       0.31 r
  data arrival time                                   0.31

  clock clk (rise edge)                    0.33       0.33
  clock network delay (ideal)              0.00       0.33
  clock uncertainty                       -0.01       0.32
  prod_reg[31]/CP (DFCNQD2BWP16P90LVT)     0.00       0.32 r
  library setup time                      -0.01       0.31
  data required time                                  0.31
  -----------------------------------------------------------
  data required time                                  0.31
  data arrival time                                  -0.31
  -----------------------------------------------------------
  slack (MET)                                         0.00


  Startpoint: inp_a[11] (input port clocked by clk)
  Endpoint: prod_reg[31]
            (rising edge-triggered flip-flop clocked by clk)
  Path Group: clk
  Path Type: max

  Des/Clust/Port     Wire Load Model       Library
  ------------------------------------------------
  mult               ZeroWireload          N16ADFP_StdCelltt0p8v25c

  Point                                    Incr       Path
  -----------------------------------------------------------
  clock clk (rise edge)                    0.00       0.00
  clock network delay (ideal)              0.00       0.00
  input external delay                     0.01       0.01 r
  inp_a[11] (in)                           0.00       0.01 r
  U61/ZN (INVD1BWP16P90LVT)                0.01       0.02 f
  U191/ZN (CKND2BWP16P90LVT)               0.01       0.03 r
  U418/ZN (XNR2D4BWP16P90LVT)              0.02       0.05 f
  U55/Z (AN2D1BWP16P90LVT)                 0.01       0.06 f
  U363/ZN (INVD1BWP16P90LVT)               0.01       0.08 r
  U484/ZN (OAI22D1BWP16P90LVT)             0.01       0.09 f
  U492/CO (FA1D1BWP16P90LVT)               0.02       0.11 f
  U510/S (FA1D1BWP16P90LVT)                0.03       0.14 r
  U509/S (FA1D1BWP16P90LVT)                0.03       0.17 f
  U71/S (FA1D1BWP16P90LVT)                 0.03       0.20 r
  U36/ZN (CKND2D1BWP16P90LVT)              0.01       0.21 f
  U65/ZN (OAI21D1BWP16P90LVT)              0.01       0.22 r
  U653/ZN (AOI21D1BWP16P90LVT)             0.01       0.23 f
  U412/ZN (OAI21D2BWP16P90LVT)             0.01       0.24 r
  U701/ZN (AOI21D4BWP16P90LVT)             0.01       0.25 f
  U711/ZN (OAI21D4BWP16P90LVT)             0.01       0.25 r
  U410/ZN (AOI21D4BWP16P90LVT)             0.01       0.26 f
  U409/ZN (OAI21D4BWP16P90LVT)             0.01       0.27 r
  U732/ZN (AOI21D4BWP16P90LVT)             0.01       0.28 f
  U738/ZN (OAI21D4BWP16P90LVT)             0.01       0.29 r
  U744/ZN (AOI21D4BWP16P90LVT)             0.01       0.29 f
  U62/ZN (OAI21D2BWP16P90LVT)              0.01       0.30 r
  U750/ZN (XNR2D1BWP16P90LVT)              0.01       0.31 r
  prod_reg[31]/D (DFCNQD2BWP16P90LVT)      0.00       0.31 r
  data arrival time                                   0.31

  clock clk (rise edge)                    0.33       0.33
  clock network delay (ideal)              0.00       0.33
  clock uncertainty                       -0.01       0.32
  prod_reg[31]/CP (DFCNQD2BWP16P90LVT)     0.00       0.32 r
  library setup time                      -0.01       0.31
  data required time                                  0.31
  -----------------------------------------------------------
  data required time                                  0.31
  data arrival time                                  -0.31
  -----------------------------------------------------------
  slack (MET)                                         0.00


  Startpoint: inp_a[11] (input port clocked by clk)
  Endpoint: prod_reg[31]
            (rising edge-triggered flip-flop clocked by clk)
  Path Group: clk
  Path Type: max

  Des/Clust/Port     Wire Load Model       Library
  ------------------------------------------------
  mult               ZeroWireload          N16ADFP_StdCelltt0p8v25c

  Point                                    Incr       Path
  -----------------------------------------------------------
  clock clk (rise edge)                    0.00       0.00
  clock network delay (ideal)              0.00       0.00
  input external delay                     0.01       0.01 r
  inp_a[11] (in)                           0.00       0.01 r
  U61/ZN (INVD1BWP16P90LVT)                0.01       0.02 f
  U191/ZN (CKND2BWP16P90LVT)               0.01       0.03 r
  U418/ZN (XNR2D4BWP16P90LVT)              0.02       0.05 f
  U55/Z (AN2D1BWP16P90LVT)                 0.01       0.06 f
  U363/ZN (INVD1BWP16P90LVT)               0.01       0.08 r
  U484/ZN (OAI22D1BWP16P90LVT)             0.01       0.09 f
  U492/CO (FA1D1BWP16P90LVT)               0.02       0.11 f
  U510/S (FA1D1BWP16P90LVT)                0.03       0.14 r
  U509/S (FA1D1BWP16P90LVT)                0.03       0.17 f
  U71/S (FA1D1BWP16P90LVT)                 0.03       0.20 r
  U36/ZN (CKND2D1BWP16P90LVT)              0.01       0.21 f
  U65/ZN (OAI21D1BWP16P90LVT)              0.01       0.22 r
  U653/ZN (AOI21D1BWP16P90LVT)             0.01       0.23 f
  U412/ZN (OAI21D2BWP16P90LVT)             0.01       0.24 r
  U701/ZN (AOI21D4BWP16P90LVT)             0.01       0.25 f
  U711/ZN (OAI21D4BWP16P90LVT)             0.01       0.25 r
  U410/ZN (AOI21D4BWP16P90LVT)             0.01       0.26 f
  U409/ZN (OAI21D4BWP16P90LVT)             0.01       0.27 r
  U732/ZN (AOI21D4BWP16P90LVT)             0.01       0.28 f
  U738/ZN (OAI21D4BWP16P90LVT)             0.01       0.29 r
  U744/ZN (AOI21D4BWP16P90LVT)             0.01       0.29 f
  U62/ZN (OAI21D2BWP16P90LVT)              0.01       0.30 r
  U750/ZN (XNR2D1BWP16P90LVT)              0.01       0.31 r
  prod_reg[31]/D (DFCNQD2BWP16P90LVT)      0.00       0.31 r
  data arrival time                                   0.31

  clock clk (rise edge)                    0.33       0.33
  clock network delay (ideal)              0.00       0.33
  clock uncertainty                       -0.01       0.32
  prod_reg[31]/CP (DFCNQD2BWP16P90LVT)     0.00       0.32 r
  library setup time                      -0.01       0.31
  data required time                                  0.31
  -----------------------------------------------------------
  data required time                                  0.31
  data arrival time                                  -0.31
  -----------------------------------------------------------
  slack (MET)                                         0.00


  Startpoint: inp_a[5] (input port clocked by clk)
  Endpoint: prod_reg[31]
            (rising edge-triggered flip-flop clocked by clk)
  Path Group: clk
  Path Type: max

  Des/Clust/Port     Wire Load Model       Library
  ------------------------------------------------
  mult               ZeroWireload          N16ADFP_StdCelltt0p8v25c

  Point                                    Incr       Path
  -----------------------------------------------------------
  clock clk (rise edge)                    0.00       0.00
  clock network delay (ideal)              0.00       0.00
  input external delay                     0.01       0.01 r
  inp_a[5] (in)                            0.00       0.01 r
  U368/ZN (INVD1BWP16P90LVT)               0.01       0.02 f
  U188/ZN (CKND2BWP16P90LVT)               0.01       0.03 r
  U381/Z (XOR2D4BWP16P90LVT)               0.02       0.05 f
  U40/ZN (INVD1BWP16P90LVT)                0.01       0.06 r
  U59/Z (AN2D1BWP16P90LVT)                 0.01       0.07 r
  U355/ZN (INVD1BWP16P90LVT)               0.01       0.08 f
  U656/ZN (OAI22D1BWP16P90LVT)             0.01       0.09 r
  U677/S (FA1D1BWP16P90LVT)                0.03       0.12 f
  U678/CO (FA1D1BWP16P90LVT)               0.02       0.14 f
  U684/S (FA1D1BWP16P90LVT)                0.03       0.17 r
  U690/S (FA1D1BWP16P90LVT)                0.03       0.20 f
  U108/ZN (NR2D1BWP16P90LVT)               0.01       0.21 r
  U66/ZN (OAI21D1BWP16P90LVT)              0.01       0.22 f
  U64/ZN (AOI21D1BWP16P90LVT)              0.01       0.23 r
  U63/ZN (OAI21D1BWP16P90LVT)              0.01       0.24 f
  U701/ZN (AOI21D4BWP16P90LVT)             0.01       0.25 r
  U711/ZN (OAI21D4BWP16P90LVT)             0.01       0.26 f
  U410/ZN (AOI21D4BWP16P90LVT)             0.01       0.26 r
  U409/ZN (OAI21D4BWP16P90LVT)             0.01       0.27 f
  U732/ZN (AOI21D4BWP16P90LVT)             0.01       0.28 r
  U738/ZN (OAI21D4BWP16P90LVT)             0.01       0.29 f
  U744/ZN (AOI21D4BWP16P90LVT)             0.01       0.29 r
  U62/ZN (OAI21D2BWP16P90LVT)              0.01       0.30 f
  U750/ZN (XNR2D1BWP16P90LVT)              0.01       0.31 r
  prod_reg[31]/D (DFCNQD2BWP16P90LVT)      0.00       0.31 r
  data arrival time                                   0.31

  clock clk (rise edge)                    0.33       0.33
  clock network delay (ideal)              0.00       0.33
  clock uncertainty                       -0.01       0.32
  prod_reg[31]/CP (DFCNQD2BWP16P90LVT)     0.00       0.32 r
  library setup time                      -0.01       0.31
  data required time                                  0.31
  -----------------------------------------------------------
  data required time                                  0.31
  data arrival time                                  -0.31
  -----------------------------------------------------------
  slack (MET)                                         0.00


  Startpoint: inp_a[5] (input port clocked by clk)
  Endpoint: prod_reg[31]
            (rising edge-triggered flip-flop clocked by clk)
  Path Group: clk
  Path Type: max

  Des/Clust/Port     Wire Load Model       Library
  ------------------------------------------------
  mult               ZeroWireload          N16ADFP_StdCelltt0p8v25c

  Point                                    Incr       Path
  -----------------------------------------------------------
  clock clk (rise edge)                    0.00       0.00
  clock network delay (ideal)              0.00       0.00
  input external delay                     0.01       0.01 r
  inp_a[5] (in)                            0.00       0.01 r
  U368/ZN (INVD1BWP16P90LVT)               0.01       0.02 f
  U188/ZN (CKND2BWP16P90LVT)               0.01       0.03 r
  U381/Z (XOR2D4BWP16P90LVT)               0.02       0.05 f
  U40/ZN (INVD1BWP16P90LVT)                0.01       0.06 r
  U59/Z (AN2D1BWP16P90LVT)                 0.01       0.07 r
  U355/ZN (INVD1BWP16P90LVT)               0.01       0.08 f
  U455/ZN (OAI22D1BWP16P90LVT)             0.01       0.09 r
  U513/S (FA1D1BWP16P90LVT)                0.03       0.12 f
  U514/CO (FA1D1BWP16P90LVT)               0.02       0.14 f
  U523/S (FA1D1BWP16P90LVT)                0.03       0.18 r
  U529/S (FA1D1BWP16P90LVT)                0.03       0.20 f
  U49/ZN (NR2D1BWP16P90LVT)                0.01       0.21 r
  U65/ZN (OAI21D1BWP16P90LVT)              0.01       0.22 f
  U653/ZN (AOI21D1BWP16P90LVT)             0.01       0.23 r
  U412/ZN (OAI21D2BWP16P90LVT)             0.01       0.24 f
  U701/ZN (AOI21D4BWP16P90LVT)             0.01       0.25 r
  U711/ZN (OAI21D4BWP16P90LVT)             0.01       0.26 f
  U410/ZN (AOI21D4BWP16P90LVT)             0.01       0.26 r
  U409/ZN (OAI21D4BWP16P90LVT)             0.01       0.27 f
  U732/ZN (AOI21D4BWP16P90LVT)             0.01       0.28 r
  U738/ZN (OAI21D4BWP16P90LVT)             0.01       0.29 f
  U744/ZN (AOI21D4BWP16P90LVT)             0.01       0.29 r
  U62/ZN (OAI21D2BWP16P90LVT)              0.01       0.30 f
  U750/ZN (XNR2D1BWP16P90LVT)              0.01       0.31 r
  prod_reg[31]/D (DFCNQD2BWP16P90LVT)      0.00       0.31 r
  data arrival time                                   0.31

  clock clk (rise edge)                    0.33       0.33
  clock network delay (ideal)              0.00       0.33
  clock uncertainty                       -0.01       0.32
  prod_reg[31]/CP (DFCNQD2BWP16P90LVT)     0.00       0.32 r
  library setup time                      -0.01       0.31
  data required time                                  0.31
  -----------------------------------------------------------
  data required time                                  0.31
  data arrival time                                  -0.31
  -----------------------------------------------------------
  slack (MET)                                         0.00


  Startpoint: inp_a[5] (input port clocked by clk)
  Endpoint: prod_reg[31]
            (rising edge-triggered flip-flop clocked by clk)
  Path Group: clk
  Path Type: max

  Des/Clust/Port     Wire Load Model       Library
  ------------------------------------------------
  mult               ZeroWireload          N16ADFP_StdCelltt0p8v25c

  Point                                    Incr       Path
  -----------------------------------------------------------
  clock clk (rise edge)                    0.00       0.00
  clock network delay (ideal)              0.00       0.00
  input external delay                     0.01       0.01 r
  inp_a[5] (in)                            0.00       0.01 r
  U368/ZN (INVD1BWP16P90LVT)               0.01       0.02 f
  U188/ZN (CKND2BWP16P90LVT)               0.01       0.03 r
  U381/Z (XOR2D4BWP16P90LVT)               0.02       0.05 f
  U40/ZN (INVD1BWP16P90LVT)                0.01       0.06 r
  U59/Z (AN2D1BWP16P90LVT)                 0.01       0.07 r
  U355/ZN (INVD1BWP16P90LVT)               0.01       0.08 f
  U656/ZN (OAI22D1BWP16P90LVT)             0.01       0.09 r
  U677/S (FA1D1BWP16P90LVT)                0.03       0.12 f
  U678/CO (FA1D1BWP16P90LVT)               0.02       0.14 f
  U684/S (FA1D1BWP16P90LVT)                0.03       0.17 r
  U690/S (FA1D1BWP16P90LVT)                0.03       0.20 f
  U108/ZN (NR2D1BWP16P90LVT)               0.01       0.21 r
  U66/ZN (OAI21D1BWP16P90LVT)              0.01       0.22 f
  U64/ZN (AOI21D1BWP16P90LVT)              0.01       0.23 r
  U63/ZN (OAI21D1BWP16P90LVT)              0.01       0.24 f
  U701/ZN (AOI21D4BWP16P90LVT)             0.01       0.25 r
  U711/ZN (OAI21D4BWP16P90LVT)             0.01       0.26 f
  U410/ZN (AOI21D4BWP16P90LVT)             0.01       0.26 r
  U409/ZN (OAI21D4BWP16P90LVT)             0.01       0.27 f
  U732/ZN (AOI21D4BWP16P90LVT)             0.01       0.28 r
  U738/ZN (OAI21D4BWP16P90LVT)             0.01       0.29 f
  U744/ZN (AOI21D4BWP16P90LVT)             0.01       0.29 r
  U62/ZN (OAI21D2BWP16P90LVT)              0.01       0.30 f
  U750/ZN (XNR2D1BWP16P90LVT)              0.01       0.31 r
  prod_reg[31]/D (DFCNQD2BWP16P90LVT)      0.00       0.31 r
  data arrival time                                   0.31

  clock clk (rise edge)                    0.33       0.33
  clock network delay (ideal)              0.00       0.33
  clock uncertainty                       -0.01       0.32
  prod_reg[31]/CP (DFCNQD2BWP16P90LVT)     0.00       0.32 r
  library setup time                      -0.01       0.31
  data required time                                  0.31
  -----------------------------------------------------------
  data required time                                  0.31
  data arrival time                                  -0.31
  -----------------------------------------------------------
  slack (MET)                                         0.00


  Startpoint: inp_a[5] (input port clocked by clk)
  Endpoint: prod_reg[31]
            (rising edge-triggered flip-flop clocked by clk)
  Path Group: clk
  Path Type: max

  Des/Clust/Port     Wire Load Model       Library
  ------------------------------------------------
  mult               ZeroWireload          N16ADFP_StdCelltt0p8v25c

  Point                                    Incr       Path
  -----------------------------------------------------------
  clock clk (rise edge)                    0.00       0.00
  clock network delay (ideal)              0.00       0.00
  input external delay                     0.01       0.01 r
  inp_a[5] (in)                            0.00       0.01 r
  U368/ZN (INVD1BWP16P90LVT)               0.01       0.02 f
  U188/ZN (CKND2BWP16P90LVT)               0.01       0.03 r
  U381/Z (XOR2D4BWP16P90LVT)               0.02       0.05 f
  U40/ZN (INVD1BWP16P90LVT)                0.01       0.06 r
  U59/Z (AN2D1BWP16P90LVT)                 0.01       0.07 r
  U355/ZN (INVD1BWP16P90LVT)               0.01       0.08 f
  U656/ZN (OAI22D1BWP16P90LVT)             0.01       0.09 r
  U677/S (FA1D1BWP16P90LVT)                0.03       0.12 f
  U678/CO (FA1D1BWP16P90LVT)               0.02       0.14 f
  U684/S (FA1D1BWP16P90LVT)                0.03       0.17 r
  U690/S (FA1D1BWP16P90LVT)                0.03       0.20 f
  U108/ZN (NR2D1BWP16P90LVT)               0.01       0.21 r
  U66/ZN (OAI21D1BWP16P90LVT)              0.01       0.22 f
  U64/ZN (AOI21D1BWP16P90LVT)              0.01       0.23 r
  U63/ZN (OAI21D1BWP16P90LVT)              0.01       0.24 f
  U701/ZN (AOI21D4BWP16P90LVT)             0.01       0.25 r
  U711/ZN (OAI21D4BWP16P90LVT)             0.01       0.26 f
  U410/ZN (AOI21D4BWP16P90LVT)             0.01       0.26 r
  U409/ZN (OAI21D4BWP16P90LVT)             0.01       0.27 f
  U732/ZN (AOI21D4BWP16P90LVT)             0.01       0.28 r
  U738/ZN (OAI21D4BWP16P90LVT)             0.01       0.29 f
  U744/ZN (AOI21D4BWP16P90LVT)             0.01       0.29 r
  U62/ZN (OAI21D2BWP16P90LVT)              0.01       0.30 f
  U750/ZN (XNR2D1BWP16P90LVT)              0.01       0.31 r
  prod_reg[31]/D (DFCNQD2BWP16P90LVT)      0.00       0.31 r
  data arrival time                                   0.31

  clock clk (rise edge)                    0.33       0.33
  clock network delay (ideal)              0.00       0.33
  clock uncertainty                       -0.01       0.32
  prod_reg[31]/CP (DFCNQD2BWP16P90LVT)     0.00       0.32 r
  library setup time                      -0.01       0.31
  data required time                                  0.31
  -----------------------------------------------------------
  data required time                                  0.31
  data arrival time                                  -0.31
  -----------------------------------------------------------
  slack (MET)                                         0.00


  Startpoint: inp_a[3] (input port clocked by clk)
  Endpoint: prod_reg[31]
            (rising edge-triggered flip-flop clocked by clk)
  Path Group: clk
  Path Type: max

  Des/Clust/Port     Wire Load Model       Library
  ------------------------------------------------
  mult               ZeroWireload          N16ADFP_StdCelltt0p8v25c

  Point                                    Incr       Path
  -----------------------------------------------------------
  clock clk (rise edge)                    0.00       0.00
  clock network delay (ideal)              0.00       0.00
  input external delay                     0.01       0.01 r
  inp_a[3] (in)                            0.00       0.01 r
  U366/ZN (INVD1BWP16P90LVT)               0.01       0.02 f
  U190/ZN (CKND2BWP16P90LVT)               0.01       0.03 r
  U416/ZN (XNR2D4BWP16P90LVT)              0.02       0.05 f
  U141/Z (AN2D1BWP16P90LVT)                0.01       0.06 f
  U357/ZN (INVD1BWP16P90LVT)               0.01       0.07 r
  U532/ZN (OAI22D1BWP16P90LVT)             0.01       0.08 f
  U664/CO (FA1D1BWP16P90LVT)               0.02       0.11 f
  U674/S (FA1D1BWP16P90LVT)                0.03       0.14 r
  U673/S (FA1D1BWP16P90LVT)                0.03       0.17 f
  U679/S (FA1D1BWP16P90LVT)                0.03       0.20 r
  U37/ZN (ND2D1BWP16P90LVT)                0.01       0.21 f
  U66/ZN (OAI21D1BWP16P90LVT)              0.01       0.22 r
  U64/ZN (AOI21D1BWP16P90LVT)              0.01       0.23 f
  U63/ZN (OAI21D1BWP16P90LVT)              0.01       0.24 r
  U701/ZN (AOI21D4BWP16P90LVT)             0.01       0.25 f
  U711/ZN (OAI21D4BWP16P90LVT)             0.01       0.25 r
  U410/ZN (AOI21D4BWP16P90LVT)             0.01       0.26 f
  U409/ZN (OAI21D4BWP16P90LVT)             0.01       0.27 r
  U732/ZN (AOI21D4BWP16P90LVT)             0.01       0.28 f
  U738/ZN (OAI21D4BWP16P90LVT)             0.01       0.29 r
  U744/ZN (AOI21D4BWP16P90LVT)             0.01       0.29 f
  U62/ZN (OAI21D2BWP16P90LVT)              0.01       0.30 r
  U750/ZN (XNR2D1BWP16P90LVT)              0.01       0.31 r
  prod_reg[31]/D (DFCNQD2BWP16P90LVT)      0.00       0.31 r
  data arrival time                                   0.31

  clock clk (rise edge)                    0.33       0.33
  clock network delay (ideal)              0.00       0.33
  clock uncertainty                       -0.01       0.32
  prod_reg[31]/CP (DFCNQD2BWP16P90LVT)     0.00       0.32 r
  library setup time                      -0.01       0.31
  data required time                                  0.31
  -----------------------------------------------------------
  data required time                                  0.31
  data arrival time                                  -0.31
  -----------------------------------------------------------
  slack (MET)                                         0.00


  Startpoint: inp_a[3] (input port clocked by clk)
  Endpoint: prod_reg[31]
            (rising edge-triggered flip-flop clocked by clk)
  Path Group: clk
  Path Type: max

  Des/Clust/Port     Wire Load Model       Library
  ------------------------------------------------
  mult               ZeroWireload          N16ADFP_StdCelltt0p8v25c

  Point                                    Incr       Path
  -----------------------------------------------------------
  clock clk (rise edge)                    0.00       0.00
  clock network delay (ideal)              0.00       0.00
  input external delay                     0.01       0.01 r
  inp_a[3] (in)                            0.00       0.01 r
  U366/ZN (INVD1BWP16P90LVT)               0.01       0.02 f
  U190/ZN (CKND2BWP16P90LVT)               0.01       0.03 r
  U416/ZN (XNR2D4BWP16P90LVT)              0.02       0.05 f
  U141/Z (AN2D1BWP16P90LVT)                0.01       0.06 f
  U357/ZN (INVD1BWP16P90LVT)               0.01       0.07 r
  U532/ZN (OAI22D1BWP16P90LVT)             0.01       0.08 f
  U664/CO (FA1D1BWP16P90LVT)               0.02       0.11 f
  U674/S (FA1D1BWP16P90LVT)                0.03       0.14 r
  U673/S (FA1D1BWP16P90LVT)                0.03       0.17 f
  U679/S (FA1D1BWP16P90LVT)                0.03       0.20 r
  U37/ZN (ND2D1BWP16P90LVT)                0.01       0.21 f
  U66/ZN (OAI21D1BWP16P90LVT)              0.01       0.22 r
  U64/ZN (AOI21D1BWP16P90LVT)              0.01       0.23 f
  U63/ZN (OAI21D1BWP16P90LVT)              0.01       0.24 r
  U701/ZN (AOI21D4BWP16P90LVT)             0.01       0.25 f
  U711/ZN (OAI21D4BWP16P90LVT)             0.01       0.25 r
  U410/ZN (AOI21D4BWP16P90LVT)             0.01       0.26 f
  U409/ZN (OAI21D4BWP16P90LVT)             0.01       0.27 r
  U732/ZN (AOI21D4BWP16P90LVT)             0.01       0.28 f
  U738/ZN (OAI21D4BWP16P90LVT)             0.01       0.29 r
  U744/ZN (AOI21D4BWP16P90LVT)             0.01       0.29 f
  U62/ZN (OAI21D2BWP16P90LVT)              0.01       0.30 r
  U750/ZN (XNR2D1BWP16P90LVT)              0.01       0.31 r
  prod_reg[31]/D (DFCNQD2BWP16P90LVT)      0.00       0.31 r
  data arrival time                                   0.31

  clock clk (rise edge)                    0.33       0.33
  clock network delay (ideal)              0.00       0.33
  clock uncertainty                       -0.01       0.32
  prod_reg[31]/CP (DFCNQD2BWP16P90LVT)     0.00       0.32 r
  library setup time                      -0.01       0.31
  data required time                                  0.31
  -----------------------------------------------------------
  data required time                                  0.31
  data arrival time                                  -0.31
  -----------------------------------------------------------
  slack (MET)                                         0.00


  Startpoint: inp_a[3] (input port clocked by clk)
  Endpoint: prod_reg[31]
            (rising edge-triggered flip-flop clocked by clk)
  Path Group: clk
  Path Type: max

  Des/Clust/Port     Wire Load Model       Library
  ------------------------------------------------
  mult               ZeroWireload          N16ADFP_StdCelltt0p8v25c

  Point                                    Incr       Path
  -----------------------------------------------------------
  clock clk (rise edge)                    0.00       0.00
  clock network delay (ideal)              0.00       0.00
  input external delay                     0.01       0.01 r
  inp_a[3] (in)                            0.00       0.01 r
  U366/ZN (INVD1BWP16P90LVT)               0.01       0.02 f
  U190/ZN (CKND2BWP16P90LVT)               0.01       0.03 r
  U416/ZN (XNR2D4BWP16P90LVT)              0.02       0.05 f
  U141/Z (AN2D1BWP16P90LVT)                0.01       0.06 f
  U357/ZN (INVD1BWP16P90LVT)               0.01       0.07 r
  U532/ZN (OAI22D1BWP16P90LVT)             0.01       0.08 f
  U664/CO (FA1D1BWP16P90LVT)               0.02       0.11 f
  U674/S (FA1D1BWP16P90LVT)                0.03       0.14 r
  U673/S (FA1D1BWP16P90LVT)                0.03       0.17 f
  U679/S (FA1D1BWP16P90LVT)                0.03       0.20 r
  U37/ZN (ND2D1BWP16P90LVT)                0.01       0.21 f
  U66/ZN (OAI21D1BWP16P90LVT)              0.01       0.22 r
  U64/ZN (AOI21D1BWP16P90LVT)              0.01       0.23 f
  U63/ZN (OAI21D1BWP16P90LVT)              0.01       0.24 r
  U701/ZN (AOI21D4BWP16P90LVT)             0.01       0.25 f
  U711/ZN (OAI21D4BWP16P90LVT)             0.01       0.25 r
  U410/ZN (AOI21D4BWP16P90LVT)             0.01       0.26 f
  U409/ZN (OAI21D4BWP16P90LVT)             0.01       0.27 r
  U732/ZN (AOI21D4BWP16P90LVT)             0.01       0.28 f
  U738/ZN (OAI21D4BWP16P90LVT)             0.01       0.29 r
  U744/ZN (AOI21D4BWP16P90LVT)             0.01       0.29 f
  U62/ZN (OAI21D2BWP16P90LVT)              0.01       0.30 r
  U750/ZN (XNR2D1BWP16P90LVT)              0.01       0.31 r
  prod_reg[31]/D (DFCNQD2BWP16P90LVT)      0.00       0.31 r
  data arrival time                                   0.31

  clock clk (rise edge)                    0.33       0.33
  clock network delay (ideal)              0.00       0.33
  clock uncertainty                       -0.01       0.32
  prod_reg[31]/CP (DFCNQD2BWP16P90LVT)     0.00       0.32 r
  library setup time                      -0.01       0.31
  data required time                                  0.31
  -----------------------------------------------------------
  data required time                                  0.31
  data arrival time                                  -0.31
  -----------------------------------------------------------
  slack (MET)                                         0.00


  Startpoint: inp_a[3] (input port clocked by clk)
  Endpoint: prod_reg[31]
            (rising edge-triggered flip-flop clocked by clk)
  Path Group: clk
  Path Type: max

  Des/Clust/Port     Wire Load Model       Library
  ------------------------------------------------
  mult               ZeroWireload          N16ADFP_StdCelltt0p8v25c

  Point                                    Incr       Path
  -----------------------------------------------------------
  clock clk (rise edge)                    0.00       0.00
  clock network delay (ideal)              0.00       0.00
  input external delay                     0.01       0.01 r
  inp_a[3] (in)                            0.00       0.01 r
  U366/ZN (INVD1BWP16P90LVT)               0.01       0.02 f
  U367/ZN (INVD1BWP16P90LVT)               0.01       0.04 r
  U339/Z (XOR2D1BWP16P90LVT)               0.02       0.05 f
  U281/ZN (ND2D2BWP16P90LVT)               0.01       0.06 r
  U353/ZN (INVD1BWP16P90LVT)               0.01       0.07 f
  U354/ZN (INVD1BWP16P90LVT)               0.01       0.08 r
  U502/ZN (OAI22D1BWP16P90LVT)             0.01       0.09 f
  U525/CO (FA1D1BWP16P90LVT)               0.02       0.11 f
  U538/S (FA1D1BWP16P90LVT)                0.03       0.14 r
  U537/S (FA1D1BWP16P90LVT)                0.03       0.17 f
  U543/S (FA1D1BWP16P90LVT)                0.03       0.20 r
  U50/ZN (NR2D1BWP16P90LVT)                0.01       0.21 f
  U67/ZN (NR2D1BWP16P90LVT)                0.01       0.22 r
  U443/ZN (ND2D1BWP16P90LVT)               0.01       0.23 f
  U412/ZN (OAI21D2BWP16P90LVT)             0.01       0.24 r
  U701/ZN (AOI21D4BWP16P90LVT)             0.01       0.25 f
  U711/ZN (OAI21D4BWP16P90LVT)             0.01       0.25 r
  U410/ZN (AOI21D4BWP16P90LVT)             0.01       0.26 f
  U409/ZN (OAI21D4BWP16P90LVT)             0.01       0.27 r
  U732/ZN (AOI21D4BWP16P90LVT)             0.01       0.28 f
  U738/ZN (OAI21D4BWP16P90LVT)             0.01       0.29 r
  U744/ZN (AOI21D4BWP16P90LVT)             0.01       0.29 f
  U62/ZN (OAI21D2BWP16P90LVT)              0.01       0.30 r
  U750/ZN (XNR2D1BWP16P90LVT)              0.01       0.31 r
  prod_reg[31]/D (DFCNQD2BWP16P90LVT)      0.00       0.31 r
  data arrival time                                   0.31

  clock clk (rise edge)                    0.33       0.33
  clock network delay (ideal)              0.00       0.33
  clock uncertainty                       -0.01       0.32
  prod_reg[31]/CP (DFCNQD2BWP16P90LVT)     0.00       0.32 r
  library setup time                      -0.01       0.31
  data required time                                  0.31
  -----------------------------------------------------------
  data required time                                  0.31
  data arrival time                                  -0.31
  -----------------------------------------------------------
  slack (MET)                                         0.00


  Startpoint: inp_a[3] (input port clocked by clk)
  Endpoint: prod_reg[31]
            (rising edge-triggered flip-flop clocked by clk)
  Path Group: clk
  Path Type: max

  Des/Clust/Port     Wire Load Model       Library
  ------------------------------------------------
  mult               ZeroWireload          N16ADFP_StdCelltt0p8v25c

  Point                                    Incr       Path
  -----------------------------------------------------------
  clock clk (rise edge)                    0.00       0.00
  clock network delay (ideal)              0.00       0.00
  input external delay                     0.01       0.01 r
  inp_a[3] (in)                            0.00       0.01 r
  U366/ZN (INVD1BWP16P90LVT)               0.01       0.02 f
  U190/ZN (CKND2BWP16P90LVT)               0.01       0.03 r
  U416/ZN (XNR2D4BWP16P90LVT)              0.02       0.05 f
  U141/Z (AN2D1BWP16P90LVT)                0.01       0.06 f
  U357/ZN (INVD1BWP16P90LVT)               0.01       0.07 r
  U532/ZN (OAI22D1BWP16P90LVT)             0.01       0.08 f
  U664/CO (FA1D1BWP16P90LVT)               0.02       0.11 f
  U674/S (FA1D1BWP16P90LVT)                0.03       0.14 r
  U673/S (FA1D1BWP16P90LVT)                0.03       0.17 f
  U679/S (FA1D1BWP16P90LVT)                0.03       0.20 r
  U37/ZN (ND2D1BWP16P90LVT)                0.01       0.21 f
  U66/ZN (OAI21D1BWP16P90LVT)              0.01       0.22 r
  U64/ZN (AOI21D1BWP16P90LVT)              0.01       0.23 f
  U63/ZN (OAI21D1BWP16P90LVT)              0.01       0.24 r
  U701/ZN (AOI21D4BWP16P90LVT)             0.01       0.25 f
  U711/ZN (OAI21D4BWP16P90LVT)             0.01       0.25 r
  U410/ZN (AOI21D4BWP16P90LVT)             0.01       0.26 f
  U409/ZN (OAI21D4BWP16P90LVT)             0.01       0.27 r
  U732/ZN (AOI21D4BWP16P90LVT)             0.01       0.28 f
  U738/ZN (OAI21D4BWP16P90LVT)             0.01       0.29 r
  U744/ZN (AOI21D4BWP16P90LVT)             0.01       0.29 f
  U62/ZN (OAI21D2BWP16P90LVT)              0.01       0.30 r
  U750/ZN (XNR2D1BWP16P90LVT)              0.01       0.31 r
  prod_reg[31]/D (DFCNQD2BWP16P90LVT)      0.00       0.31 r
  data arrival time                                   0.31

  clock clk (rise edge)                    0.33       0.33
  clock network delay (ideal)              0.00       0.33
  clock uncertainty                       -0.01       0.32
  prod_reg[31]/CP (DFCNQD2BWP16P90LVT)     0.00       0.32 r
  library setup time                      -0.01       0.31
  data required time                                  0.31
  -----------------------------------------------------------
  data required time                                  0.31
  data arrival time                                  -0.31
  -----------------------------------------------------------
  slack (MET)                                         0.00


  Startpoint: inp_a[3] (input port clocked by clk)
  Endpoint: prod_reg[31]
            (rising edge-triggered flip-flop clocked by clk)
  Path Group: clk
  Path Type: max

  Des/Clust/Port     Wire Load Model       Library
  ------------------------------------------------
  mult               ZeroWireload          N16ADFP_StdCelltt0p8v25c

  Point                                    Incr       Path
  -----------------------------------------------------------
  clock clk (rise edge)                    0.00       0.00
  clock network delay (ideal)              0.00       0.00
  input external delay                     0.01       0.01 r
  inp_a[3] (in)                            0.00       0.01 r
  U366/ZN (INVD1BWP16P90LVT)               0.01       0.02 f
  U190/ZN (CKND2BWP16P90LVT)               0.01       0.03 r
  U416/ZN (XNR2D4BWP16P90LVT)              0.02       0.05 f
  U141/Z (AN2D1BWP16P90LVT)                0.01       0.06 f
  U357/ZN (INVD1BWP16P90LVT)               0.01       0.07 r
  U532/ZN (OAI22D1BWP16P90LVT)             0.01       0.08 f
  U664/CO (FA1D1BWP16P90LVT)               0.02       0.11 f
  U674/S (FA1D1BWP16P90LVT)                0.03       0.14 r
  U673/S (FA1D1BWP16P90LVT)                0.03       0.17 f
  U679/S (FA1D1BWP16P90LVT)                0.03       0.20 r
  U37/ZN (ND2D1BWP16P90LVT)                0.01       0.21 f
  U66/ZN (OAI21D1BWP16P90LVT)              0.01       0.22 r
  U64/ZN (AOI21D1BWP16P90LVT)              0.01       0.23 f
  U63/ZN (OAI21D1BWP16P90LVT)              0.01       0.24 r
  U701/ZN (AOI21D4BWP16P90LVT)             0.01       0.25 f
  U711/ZN (OAI21D4BWP16P90LVT)             0.01       0.25 r
  U410/ZN (AOI21D4BWP16P90LVT)             0.01       0.26 f
  U409/ZN (OAI21D4BWP16P90LVT)             0.01       0.27 r
  U732/ZN (AOI21D4BWP16P90LVT)             0.01       0.28 f
  U738/ZN (OAI21D4BWP16P90LVT)             0.01       0.29 r
  U744/ZN (AOI21D4BWP16P90LVT)             0.01       0.29 f
  U62/ZN (OAI21D2BWP16P90LVT)              0.01       0.30 r
  U750/ZN (XNR2D1BWP16P90LVT)              0.01       0.31 r
  prod_reg[31]/D (DFCNQD2BWP16P90LVT)      0.00       0.31 r
  data arrival time                                   0.31

  clock clk (rise edge)                    0.33       0.33
  clock network delay (ideal)              0.00       0.33
  clock uncertainty                       -0.01       0.32
  prod_reg[31]/CP (DFCNQD2BWP16P90LVT)     0.00       0.32 r
  library setup time                      -0.01       0.31
  data required time                                  0.31
  -----------------------------------------------------------
  data required time                                  0.31
  data arrival time                                  -0.31
  -----------------------------------------------------------
  slack (MET)                                         0.00


  Startpoint: inp_a[3] (input port clocked by clk)
  Endpoint: prod_reg[31]
            (rising edge-triggered flip-flop clocked by clk)
  Path Group: clk
  Path Type: max

  Des/Clust/Port     Wire Load Model       Library
  ------------------------------------------------
  mult               ZeroWireload          N16ADFP_StdCelltt0p8v25c

  Point                                    Incr       Path
  -----------------------------------------------------------
  clock clk (rise edge)                    0.00       0.00
  clock network delay (ideal)              0.00       0.00
  input external delay                     0.01       0.01 r
  inp_a[3] (in)                            0.00       0.01 r
  U366/ZN (INVD1BWP16P90LVT)               0.01       0.02 f
  U190/ZN (CKND2BWP16P90LVT)               0.01       0.03 r
  U416/ZN (XNR2D4BWP16P90LVT)              0.02       0.05 f
  U141/Z (AN2D1BWP16P90LVT)                0.01       0.06 f
  U357/ZN (INVD1BWP16P90LVT)               0.01       0.07 r
  U532/ZN (OAI22D1BWP16P90LVT)             0.01       0.08 f
  U664/CO (FA1D1BWP16P90LVT)               0.02       0.11 f
  U674/S (FA1D1BWP16P90LVT)                0.03       0.14 r
  U673/S (FA1D1BWP16P90LVT)                0.03       0.17 f
  U679/S (FA1D1BWP16P90LVT)                0.03       0.20 r
  U37/ZN (ND2D1BWP16P90LVT)                0.01       0.21 f
  U66/ZN (OAI21D1BWP16P90LVT)              0.01       0.22 r
  U64/ZN (AOI21D1BWP16P90LVT)              0.01       0.23 f
  U63/ZN (OAI21D1BWP16P90LVT)              0.01       0.24 r
  U701/ZN (AOI21D4BWP16P90LVT)             0.01       0.25 f
  U711/ZN (OAI21D4BWP16P90LVT)             0.01       0.25 r
  U410/ZN (AOI21D4BWP16P90LVT)             0.01       0.26 f
  U409/ZN (OAI21D4BWP16P90LVT)             0.01       0.27 r
  U732/ZN (AOI21D4BWP16P90LVT)             0.01       0.28 f
  U738/ZN (OAI21D4BWP16P90LVT)             0.01       0.29 r
  U744/ZN (AOI21D4BWP16P90LVT)             0.01       0.29 f
  U62/ZN (OAI21D2BWP16P90LVT)              0.01       0.30 r
  U750/ZN (XNR2D1BWP16P90LVT)              0.01       0.31 r
  prod_reg[31]/D (DFCNQD2BWP16P90LVT)      0.00       0.31 r
  data arrival time                                   0.31

  clock clk (rise edge)                    0.33       0.33
  clock network delay (ideal)              0.00       0.33
  clock uncertainty                       -0.01       0.32
  prod_reg[31]/CP (DFCNQD2BWP16P90LVT)     0.00       0.32 r
  library setup time                      -0.01       0.31
  data required time                                  0.31
  -----------------------------------------------------------
  data required time                                  0.31
  data arrival time                                  -0.31
  -----------------------------------------------------------
  slack (MET)                                         0.00


  Startpoint: inp_a[11] (input port clocked by clk)
  Endpoint: prod_reg[31]
            (rising edge-triggered flip-flop clocked by clk)
  Path Group: clk
  Path Type: max

  Des/Clust/Port     Wire Load Model       Library
  ------------------------------------------------
  mult               ZeroWireload          N16ADFP_StdCelltt0p8v25c

  Point                                    Incr       Path
  -----------------------------------------------------------
  clock clk (rise edge)                    0.00       0.00
  clock network delay (ideal)              0.00       0.00
  input external delay                     0.01       0.01 r
  inp_a[11] (in)                           0.00       0.01 r
  U61/ZN (INVD1BWP16P90LVT)                0.01       0.02 f
  U191/ZN (CKND2BWP16P90LVT)               0.01       0.03 r
  U418/ZN (XNR2D4BWP16P90LVT)              0.02       0.05 f
  U55/Z (AN2D1BWP16P90LVT)                 0.01       0.06 f
  U362/ZN (INVD1BWP16P90LVT)               0.01       0.08 r
  U508/ZN (OAI22D1BWP16P90LVT)             0.01       0.09 f
  U526/CO (FA1D1BWP16P90LVT)               0.02       0.11 f
  U538/S (FA1D1BWP16P90LVT)                0.03       0.14 r
  U537/S (FA1D1BWP16P90LVT)                0.03       0.17 f
  U543/S (FA1D1BWP16P90LVT)                0.03       0.20 r
  U50/ZN (NR2D1BWP16P90LVT)                0.01       0.21 f
  U67/ZN (NR2D1BWP16P90LVT)                0.01       0.22 r
  U443/ZN (ND2D1BWP16P90LVT)               0.01       0.23 f
  U412/ZN (OAI21D2BWP16P90LVT)             0.01       0.24 r
  U701/ZN (AOI21D4BWP16P90LVT)             0.01       0.25 f
  U711/ZN (OAI21D4BWP16P90LVT)             0.01       0.25 r
  U410/ZN (AOI21D4BWP16P90LVT)             0.01       0.26 f
  U409/ZN (OAI21D4BWP16P90LVT)             0.01       0.27 r
  U732/ZN (AOI21D4BWP16P90LVT)             0.01       0.28 f
  U738/ZN (OAI21D4BWP16P90LVT)             0.01       0.29 r
  U744/ZN (AOI21D4BWP16P90LVT)             0.01       0.29 f
  U62/ZN (OAI21D2BWP16P90LVT)              0.01       0.30 r
  U750/ZN (XNR2D1BWP16P90LVT)              0.01       0.31 r
  prod_reg[31]/D (DFCNQD2BWP16P90LVT)      0.00       0.31 r
  data arrival time                                   0.31

  clock clk (rise edge)                    0.33       0.33
  clock network delay (ideal)              0.00       0.33
  clock uncertainty                       -0.01       0.32
  prod_reg[31]/CP (DFCNQD2BWP16P90LVT)     0.00       0.32 r
  library setup time                      -0.01       0.31
  data required time                                  0.31
  -----------------------------------------------------------
  data required time                                  0.31
  data arrival time                                  -0.31
  -----------------------------------------------------------
  slack (MET)                                         0.00


  Startpoint: inp_a[5] (input port clocked by clk)
  Endpoint: prod_reg[31]
            (rising edge-triggered flip-flop clocked by clk)
  Path Group: clk
  Path Type: max

  Des/Clust/Port     Wire Load Model       Library
  ------------------------------------------------
  mult               ZeroWireload          N16ADFP_StdCelltt0p8v25c

  Point                                    Incr       Path
  -----------------------------------------------------------
  clock clk (rise edge)                    0.00       0.00
  clock network delay (ideal)              0.00       0.00
  input external delay                     0.01       0.01 r
  inp_a[5] (in)                            0.00       0.01 r
  U368/ZN (INVD1BWP16P90LVT)               0.01       0.02 f
  U188/ZN (CKND2BWP16P90LVT)               0.01       0.03 r
  U381/Z (XOR2D4BWP16P90LVT)               0.02       0.05 f
  U40/ZN (INVD1BWP16P90LVT)                0.01       0.06 r
  U59/Z (AN2D1BWP16P90LVT)                 0.01       0.07 r
  U355/ZN (INVD1BWP16P90LVT)               0.01       0.08 f
  U455/ZN (OAI22D1BWP16P90LVT)             0.01       0.09 r
  U513/S (FA1D1BWP16P90LVT)                0.03       0.12 f
  U514/CO (FA1D1BWP16P90LVT)               0.02       0.14 f
  U523/S (FA1D1BWP16P90LVT)                0.03       0.18 r
  U529/S (FA1D1BWP16P90LVT)                0.03       0.20 f
  U49/ZN (NR2D1BWP16P90LVT)                0.01       0.21 r
  U65/ZN (OAI21D1BWP16P90LVT)              0.01       0.22 f
  U653/ZN (AOI21D1BWP16P90LVT)             0.01       0.23 r
  U412/ZN (OAI21D2BWP16P90LVT)             0.01       0.24 f
  U701/ZN (AOI21D4BWP16P90LVT)             0.01       0.25 r
  U711/ZN (OAI21D4BWP16P90LVT)             0.01       0.26 f
  U410/ZN (AOI21D4BWP16P90LVT)             0.01       0.26 r
  U409/ZN (OAI21D4BWP16P90LVT)             0.01       0.27 f
  U732/ZN (AOI21D4BWP16P90LVT)             0.01       0.28 r
  U738/ZN (OAI21D4BWP16P90LVT)             0.01       0.29 f
  U744/ZN (AOI21D4BWP16P90LVT)             0.01       0.29 r
  U62/ZN (OAI21D2BWP16P90LVT)              0.01       0.30 f
  U750/ZN (XNR2D1BWP16P90LVT)              0.01       0.31 r
  prod_reg[31]/D (DFCNQD2BWP16P90LVT)      0.00       0.31 r
  data arrival time                                   0.31

  clock clk (rise edge)                    0.33       0.33
  clock network delay (ideal)              0.00       0.33
  clock uncertainty                       -0.01       0.32
  prod_reg[31]/CP (DFCNQD2BWP16P90LVT)     0.00       0.32 r
  library setup time                      -0.01       0.31
  data required time                                  0.31
  -----------------------------------------------------------
  data required time                                  0.31
  data arrival time                                  -0.31
  -----------------------------------------------------------
  slack (MET)                                         0.00


  Startpoint: inp_a[5] (input port clocked by clk)
  Endpoint: prod_reg[31]
            (rising edge-triggered flip-flop clocked by clk)
  Path Group: clk
  Path Type: max

  Des/Clust/Port     Wire Load Model       Library
  ------------------------------------------------
  mult               ZeroWireload          N16ADFP_StdCelltt0p8v25c

  Point                                    Incr       Path
  -----------------------------------------------------------
  clock clk (rise edge)                    0.00       0.00
  clock network delay (ideal)              0.00       0.00
  input external delay                     0.01       0.01 r
  inp_a[5] (in)                            0.00       0.01 r
  U368/ZN (INVD1BWP16P90LVT)               0.01       0.02 f
  U188/ZN (CKND2BWP16P90LVT)               0.01       0.03 r
  U381/Z (XOR2D4BWP16P90LVT)               0.02       0.05 f
  U40/ZN (INVD1BWP16P90LVT)                0.01       0.06 r
  U59/Z (AN2D1BWP16P90LVT)                 0.01       0.07 r
  U355/ZN (INVD1BWP16P90LVT)               0.01       0.08 f
  U656/ZN (OAI22D1BWP16P90LVT)             0.01       0.09 r
  U677/S (FA1D1BWP16P90LVT)                0.03       0.12 f
  U678/CO (FA1D1BWP16P90LVT)               0.02       0.14 f
  U684/S (FA1D1BWP16P90LVT)                0.03       0.17 r
  U690/S (FA1D1BWP16P90LVT)                0.03       0.20 f
  U108/ZN (NR2D1BWP16P90LVT)               0.01       0.21 r
  U66/ZN (OAI21D1BWP16P90LVT)              0.01       0.22 f
  U64/ZN (AOI21D1BWP16P90LVT)              0.01       0.23 r
  U63/ZN (OAI21D1BWP16P90LVT)              0.01       0.24 f
  U701/ZN (AOI21D4BWP16P90LVT)             0.01       0.25 r
  U711/ZN (OAI21D4BWP16P90LVT)             0.01       0.26 f
  U410/ZN (AOI21D4BWP16P90LVT)             0.01       0.26 r
  U409/ZN (OAI21D4BWP16P90LVT)             0.01       0.27 f
  U732/ZN (AOI21D4BWP16P90LVT)             0.01       0.28 r
  U738/ZN (OAI21D4BWP16P90LVT)             0.01       0.29 f
  U744/ZN (AOI21D4BWP16P90LVT)             0.01       0.29 r
  U62/ZN (OAI21D2BWP16P90LVT)              0.01       0.30 f
  U750/ZN (XNR2D1BWP16P90LVT)              0.01       0.31 r
  prod_reg[31]/D (DFCNQD2BWP16P90LVT)      0.00       0.31 r
  data arrival time                                   0.31

  clock clk (rise edge)                    0.33       0.33
  clock network delay (ideal)              0.00       0.33
  clock uncertainty                       -0.01       0.32
  prod_reg[31]/CP (DFCNQD2BWP16P90LVT)     0.00       0.32 r
  library setup time                      -0.01       0.31
  data required time                                  0.31
  -----------------------------------------------------------
  data required time                                  0.31
  data arrival time                                  -0.31
  -----------------------------------------------------------
  slack (MET)                                         0.00


  Startpoint: inp_a[11] (input port clocked by clk)
  Endpoint: prod_reg[31]
            (rising edge-triggered flip-flop clocked by clk)
  Path Group: clk
  Path Type: max

  Des/Clust/Port     Wire Load Model       Library
  ------------------------------------------------
  mult               ZeroWireload          N16ADFP_StdCelltt0p8v25c

  Point                                    Incr       Path
  -----------------------------------------------------------
  clock clk (rise edge)                    0.00       0.00
  clock network delay (ideal)              0.00       0.00
  input external delay                     0.01       0.01 f
  inp_a[11] (in)                           0.00       0.01 f
  U61/ZN (INVD1BWP16P90LVT)                0.01       0.02 r
  U191/ZN (CKND2BWP16P90LVT)               0.01       0.03 f
  U418/ZN (XNR2D4BWP16P90LVT)              0.02       0.05 f
  U55/Z (AN2D1BWP16P90LVT)                 0.01       0.06 f
  U363/ZN (INVD1BWP16P90LVT)               0.01       0.07 r
  U484/ZN (OAI22D1BWP16P90LVT)             0.01       0.09 f
  U492/CO (FA1D1BWP16P90LVT)               0.02       0.11 f
  U510/S (FA1D1BWP16P90LVT)                0.03       0.14 r
  U509/S (FA1D1BWP16P90LVT)                0.03       0.17 f
  U71/S (FA1D1BWP16P90LVT)                 0.03       0.20 r
  U36/ZN (CKND2D1BWP16P90LVT)              0.01       0.21 f
  U65/ZN (OAI21D1BWP16P90LVT)              0.01       0.22 r
  U653/ZN (AOI21D1BWP16P90LVT)             0.01       0.23 f
  U412/ZN (OAI21D2BWP16P90LVT)             0.01       0.24 r
  U701/ZN (AOI21D4BWP16P90LVT)             0.01       0.25 f
  U711/ZN (OAI21D4BWP16P90LVT)             0.01       0.25 r
  U410/ZN (AOI21D4BWP16P90LVT)             0.01       0.26 f
  U409/ZN (OAI21D4BWP16P90LVT)             0.01       0.27 r
  U732/ZN (AOI21D4BWP16P90LVT)             0.01       0.28 f
  U738/ZN (OAI21D4BWP16P90LVT)             0.01       0.29 r
  U744/ZN (AOI21D4BWP16P90LVT)             0.01       0.29 f
  U62/ZN (OAI21D2BWP16P90LVT)              0.01       0.30 r
  U750/ZN (XNR2D1BWP16P90LVT)              0.01       0.31 r
  prod_reg[31]/D (DFCNQD2BWP16P90LVT)      0.00       0.31 r
  data arrival time                                   0.31

  clock clk (rise edge)                    0.33       0.33
  clock network delay (ideal)              0.00       0.33
  clock uncertainty                       -0.01       0.32
  prod_reg[31]/CP (DFCNQD2BWP16P90LVT)     0.00       0.32 r
  library setup time                      -0.01       0.31
  data required time                                  0.31
  -----------------------------------------------------------
  data required time                                  0.31
  data arrival time                                  -0.31
  -----------------------------------------------------------
  slack (MET)                                         0.00


  Startpoint: inp_a[11] (input port clocked by clk)
  Endpoint: prod_reg[31]
            (rising edge-triggered flip-flop clocked by clk)
  Path Group: clk
  Path Type: max

  Des/Clust/Port     Wire Load Model       Library
  ------------------------------------------------
  mult               ZeroWireload          N16ADFP_StdCelltt0p8v25c

  Point                                    Incr       Path
  -----------------------------------------------------------
  clock clk (rise edge)                    0.00       0.00
  clock network delay (ideal)              0.00       0.00
  input external delay                     0.01       0.01 f
  inp_a[11] (in)                           0.00       0.01 f
  U61/ZN (INVD1BWP16P90LVT)                0.01       0.02 r
  U191/ZN (CKND2BWP16P90LVT)               0.01       0.03 f
  U418/ZN (XNR2D4BWP16P90LVT)              0.02       0.05 f
  U55/Z (AN2D1BWP16P90LVT)                 0.01       0.06 f
  U363/ZN (INVD1BWP16P90LVT)               0.01       0.07 r
  U484/ZN (OAI22D1BWP16P90LVT)             0.01       0.09 f
  U492/CO (FA1D1BWP16P90LVT)               0.02       0.11 f
  U510/S (FA1D1BWP16P90LVT)                0.03       0.14 r
  U509/S (FA1D1BWP16P90LVT)                0.03       0.17 f
  U71/S (FA1D1BWP16P90LVT)                 0.03       0.20 r
  U36/ZN (CKND2D1BWP16P90LVT)              0.01       0.21 f
  U65/ZN (OAI21D1BWP16P90LVT)              0.01       0.22 r
  U653/ZN (AOI21D1BWP16P90LVT)             0.01       0.23 f
  U412/ZN (OAI21D2BWP16P90LVT)             0.01       0.24 r
  U701/ZN (AOI21D4BWP16P90LVT)             0.01       0.25 f
  U711/ZN (OAI21D4BWP16P90LVT)             0.01       0.25 r
  U410/ZN (AOI21D4BWP16P90LVT)             0.01       0.26 f
  U409/ZN (OAI21D4BWP16P90LVT)             0.01       0.27 r
  U732/ZN (AOI21D4BWP16P90LVT)             0.01       0.28 f
  U738/ZN (OAI21D4BWP16P90LVT)             0.01       0.29 r
  U744/ZN (AOI21D4BWP16P90LVT)             0.01       0.29 f
  U62/ZN (OAI21D2BWP16P90LVT)              0.01       0.30 r
  U750/ZN (XNR2D1BWP16P90LVT)              0.01       0.31 r
  prod_reg[31]/D (DFCNQD2BWP16P90LVT)      0.00       0.31 r
  data arrival time                                   0.31

  clock clk (rise edge)                    0.33       0.33
  clock network delay (ideal)              0.00       0.33
  clock uncertainty                       -0.01       0.32
  prod_reg[31]/CP (DFCNQD2BWP16P90LVT)     0.00       0.32 r
  library setup time                      -0.01       0.31
  data required time                                  0.31
  -----------------------------------------------------------
  data required time                                  0.31
  data arrival time                                  -0.31
  -----------------------------------------------------------
  slack (MET)                                         0.00


  Startpoint: inp_a[11] (input port clocked by clk)
  Endpoint: prod_reg[31]
            (rising edge-triggered flip-flop clocked by clk)
  Path Group: clk
  Path Type: max

  Des/Clust/Port     Wire Load Model       Library
  ------------------------------------------------
  mult               ZeroWireload          N16ADFP_StdCelltt0p8v25c

  Point                                    Incr       Path
  -----------------------------------------------------------
  clock clk (rise edge)                    0.00       0.00
  clock network delay (ideal)              0.00       0.00
  input external delay                     0.01       0.01 r
  inp_a[11] (in)                           0.00       0.01 r
  U61/ZN (INVD1BWP16P90LVT)                0.01       0.02 f
  U191/ZN (CKND2BWP16P90LVT)               0.01       0.03 r
  U418/ZN (XNR2D4BWP16P90LVT)              0.02       0.05 f
  U55/Z (AN2D1BWP16P90LVT)                 0.01       0.06 f
  U363/ZN (INVD1BWP16P90LVT)               0.01       0.08 r
  U484/ZN (OAI22D1BWP16P90LVT)             0.01       0.09 f
  U492/CO (FA1D1BWP16P90LVT)               0.02       0.11 f
  U510/S (FA1D1BWP16P90LVT)                0.03       0.14 r
  U509/S (FA1D1BWP16P90LVT)                0.03       0.17 f
  U71/S (FA1D1BWP16P90LVT)                 0.03       0.20 r
  U36/ZN (CKND2D1BWP16P90LVT)              0.01       0.21 f
  U65/ZN (OAI21D1BWP16P90LVT)              0.01       0.22 r
  U653/ZN (AOI21D1BWP16P90LVT)             0.01       0.23 f
  U412/ZN (OAI21D2BWP16P90LVT)             0.01       0.24 r
  U701/ZN (AOI21D4BWP16P90LVT)             0.01       0.25 f
  U711/ZN (OAI21D4BWP16P90LVT)             0.01       0.25 r
  U410/ZN (AOI21D4BWP16P90LVT)             0.01       0.26 f
  U409/ZN (OAI21D4BWP16P90LVT)             0.01       0.27 r
  U732/ZN (AOI21D4BWP16P90LVT)             0.01       0.28 f
  U738/ZN (OAI21D4BWP16P90LVT)             0.01       0.29 r
  U744/ZN (AOI21D4BWP16P90LVT)             0.01       0.29 f
  U62/ZN (OAI21D2BWP16P90LVT)              0.01       0.30 r
  U750/ZN (XNR2D1BWP16P90LVT)              0.01       0.31 r
  prod_reg[31]/D (DFCNQD2BWP16P90LVT)      0.00       0.31 r
  data arrival time                                   0.31

  clock clk (rise edge)                    0.33       0.33
  clock network delay (ideal)              0.00       0.33
  clock uncertainty                       -0.01       0.32
  prod_reg[31]/CP (DFCNQD2BWP16P90LVT)     0.00       0.32 r
  library setup time                      -0.01       0.31
  data required time                                  0.31
  -----------------------------------------------------------
  data required time                                  0.31
  data arrival time                                  -0.31
  -----------------------------------------------------------
  slack (MET)                                         0.00


  Startpoint: inp_a[11] (input port clocked by clk)
  Endpoint: prod_reg[31]
            (rising edge-triggered flip-flop clocked by clk)
  Path Group: clk
  Path Type: max

  Des/Clust/Port     Wire Load Model       Library
  ------------------------------------------------
  mult               ZeroWireload          N16ADFP_StdCelltt0p8v25c

  Point                                    Incr       Path
  -----------------------------------------------------------
  clock clk (rise edge)                    0.00       0.00
  clock network delay (ideal)              0.00       0.00
  input external delay                     0.01       0.01 r
  inp_a[11] (in)                           0.00       0.01 r
  U61/ZN (INVD1BWP16P90LVT)                0.01       0.02 f
  U191/ZN (CKND2BWP16P90LVT)               0.01       0.03 r
  U418/ZN (XNR2D4BWP16P90LVT)              0.02       0.05 f
  U55/Z (AN2D1BWP16P90LVT)                 0.01       0.06 f
  U363/ZN (INVD1BWP16P90LVT)               0.01       0.08 r
  U484/ZN (OAI22D1BWP16P90LVT)             0.01       0.09 f
  U492/CO (FA1D1BWP16P90LVT)               0.02       0.11 f
  U510/S (FA1D1BWP16P90LVT)                0.03       0.14 r
  U509/S (FA1D1BWP16P90LVT)                0.03       0.17 f
  U71/S (FA1D1BWP16P90LVT)                 0.03       0.20 r
  U36/ZN (CKND2D1BWP16P90LVT)              0.01       0.21 f
  U65/ZN (OAI21D1BWP16P90LVT)              0.01       0.22 r
  U653/ZN (AOI21D1BWP16P90LVT)             0.01       0.23 f
  U412/ZN (OAI21D2BWP16P90LVT)             0.01       0.24 r
  U701/ZN (AOI21D4BWP16P90LVT)             0.01       0.25 f
  U711/ZN (OAI21D4BWP16P90LVT)             0.01       0.25 r
  U410/ZN (AOI21D4BWP16P90LVT)             0.01       0.26 f
  U409/ZN (OAI21D4BWP16P90LVT)             0.01       0.27 r
  U732/ZN (AOI21D4BWP16P90LVT)             0.01       0.28 f
  U738/ZN (OAI21D4BWP16P90LVT)             0.01       0.29 r
  U744/ZN (AOI21D4BWP16P90LVT)             0.01       0.29 f
  U62/ZN (OAI21D2BWP16P90LVT)              0.01       0.30 r
  U750/ZN (XNR2D1BWP16P90LVT)              0.01       0.31 r
  prod_reg[31]/D (DFCNQD2BWP16P90LVT)      0.00       0.31 r
  data arrival time                                   0.31

  clock clk (rise edge)                    0.33       0.33
  clock network delay (ideal)              0.00       0.33
  clock uncertainty                       -0.01       0.32
  prod_reg[31]/CP (DFCNQD2BWP16P90LVT)     0.00       0.32 r
  library setup time                      -0.01       0.31
  data required time                                  0.31
  -----------------------------------------------------------
  data required time                                  0.31
  data arrival time                                  -0.31
  -----------------------------------------------------------
  slack (MET)                                         0.00


  Startpoint: inp_a[11] (input port clocked by clk)
  Endpoint: prod_reg[31]
            (rising edge-triggered flip-flop clocked by clk)
  Path Group: clk
  Path Type: max

  Des/Clust/Port     Wire Load Model       Library
  ------------------------------------------------
  mult               ZeroWireload          N16ADFP_StdCelltt0p8v25c

  Point                                    Incr       Path
  -----------------------------------------------------------
  clock clk (rise edge)                    0.00       0.00
  clock network delay (ideal)              0.00       0.00
  input external delay                     0.01       0.01 r
  inp_a[11] (in)                           0.00       0.01 r
  U61/ZN (INVD1BWP16P90LVT)                0.01       0.02 f
  U191/ZN (CKND2BWP16P90LVT)               0.01       0.03 r
  U418/ZN (XNR2D4BWP16P90LVT)              0.02       0.05 f
  U55/Z (AN2D1BWP16P90LVT)                 0.01       0.06 f
  U362/ZN (INVD1BWP16P90LVT)               0.01       0.08 r
  U522/ZN (OAI22D1BWP16P90LVT)             0.01       0.09 f
  U540/CO (FA1D1BWP16P90LVT)               0.02       0.11 f
  U661/S (FA1D1BWP16P90LVT)                0.03       0.14 r
  U660/S (FA1D1BWP16P90LVT)                0.03       0.17 f
  U666/S (FA1D1BWP16P90LVT)                0.03       0.20 r
  U70/ZN (NR2D1BWP16P90LVT)                0.01       0.21 f
  U67/ZN (NR2D1BWP16P90LVT)                0.01       0.22 r
  U443/ZN (ND2D1BWP16P90LVT)               0.01       0.23 f
  U412/ZN (OAI21D2BWP16P90LVT)             0.01       0.24 r
  U701/ZN (AOI21D4BWP16P90LVT)             0.01       0.25 f
  U711/ZN (OAI21D4BWP16P90LVT)             0.01       0.25 r
  U410/ZN (AOI21D4BWP16P90LVT)             0.01       0.26 f
  U409/ZN (OAI21D4BWP16P90LVT)             0.01       0.27 r
  U732/ZN (AOI21D4BWP16P90LVT)             0.01       0.28 f
  U738/ZN (OAI21D4BWP16P90LVT)             0.01       0.29 r
  U744/ZN (AOI21D4BWP16P90LVT)             0.01       0.29 f
  U62/ZN (OAI21D2BWP16P90LVT)              0.01       0.30 r
  U750/ZN (XNR2D1BWP16P90LVT)              0.01       0.31 r
  prod_reg[31]/D (DFCNQD2BWP16P90LVT)      0.00       0.31 r
  data arrival time                                   0.31

  clock clk (rise edge)                    0.33       0.33
  clock network delay (ideal)              0.00       0.33
  clock uncertainty                       -0.01       0.32
  prod_reg[31]/CP (DFCNQD2BWP16P90LVT)     0.00       0.32 r
  library setup time                      -0.01       0.31
  data required time                                  0.31
  -----------------------------------------------------------
  data required time                                  0.31
  data arrival time                                  -0.31
  -----------------------------------------------------------
  slack (MET)                                         0.00


  Startpoint: inp_a[11] (input port clocked by clk)
  Endpoint: prod_reg[31]
            (rising edge-triggered flip-flop clocked by clk)
  Path Group: clk
  Path Type: max

  Des/Clust/Port     Wire Load Model       Library
  ------------------------------------------------
  mult               ZeroWireload          N16ADFP_StdCelltt0p8v25c

  Point                                    Incr       Path
  -----------------------------------------------------------
  clock clk (rise edge)                    0.00       0.00
  clock network delay (ideal)              0.00       0.00
  input external delay                     0.01       0.01 r
  inp_a[11] (in)                           0.00       0.01 r
  U61/ZN (INVD1BWP16P90LVT)                0.01       0.02 f
  U191/ZN (CKND2BWP16P90LVT)               0.01       0.03 r
  U418/ZN (XNR2D4BWP16P90LVT)              0.02       0.05 f
  U55/Z (AN2D1BWP16P90LVT)                 0.01       0.06 f
  U362/ZN (INVD1BWP16P90LVT)               0.01       0.08 r
  U522/ZN (OAI22D1BWP16P90LVT)             0.01       0.09 f
  U540/CO (FA1D1BWP16P90LVT)               0.02       0.11 f
  U661/S (FA1D1BWP16P90LVT)                0.03       0.14 r
  U660/S (FA1D1BWP16P90LVT)                0.03       0.17 f
  U666/S (FA1D1BWP16P90LVT)                0.03       0.20 r
  U70/ZN (NR2D1BWP16P90LVT)                0.01       0.21 f
  U67/ZN (NR2D1BWP16P90LVT)                0.01       0.22 r
  U443/ZN (ND2D1BWP16P90LVT)               0.01       0.23 f
  U412/ZN (OAI21D2BWP16P90LVT)             0.01       0.24 r
  U701/ZN (AOI21D4BWP16P90LVT)             0.01       0.25 f
  U711/ZN (OAI21D4BWP16P90LVT)             0.01       0.25 r
  U410/ZN (AOI21D4BWP16P90LVT)             0.01       0.26 f
  U409/ZN (OAI21D4BWP16P90LVT)             0.01       0.27 r
  U732/ZN (AOI21D4BWP16P90LVT)             0.01       0.28 f
  U738/ZN (OAI21D4BWP16P90LVT)             0.01       0.29 r
  U744/ZN (AOI21D4BWP16P90LVT)             0.01       0.29 f
  U62/ZN (OAI21D2BWP16P90LVT)              0.01       0.30 r
  U750/ZN (XNR2D1BWP16P90LVT)              0.01       0.31 r
  prod_reg[31]/D (DFCNQD2BWP16P90LVT)      0.00       0.31 r
  data arrival time                                   0.31

  clock clk (rise edge)                    0.33       0.33
  clock network delay (ideal)              0.00       0.33
  clock uncertainty                       -0.01       0.32
  prod_reg[31]/CP (DFCNQD2BWP16P90LVT)     0.00       0.32 r
  library setup time                      -0.01       0.31
  data required time                                  0.31
  -----------------------------------------------------------
  data required time                                  0.31
  data arrival time                                  -0.31
  -----------------------------------------------------------
  slack (MET)                                         0.00


  Startpoint: inp_a[9] (input port clocked by clk)
  Endpoint: prod_reg[31]
            (rising edge-triggered flip-flop clocked by clk)
  Path Group: clk
  Path Type: max

  Des/Clust/Port     Wire Load Model       Library
  ------------------------------------------------
  mult               ZeroWireload          N16ADFP_StdCelltt0p8v25c

  Point                                    Incr       Path
  -----------------------------------------------------------
  clock clk (rise edge)                    0.00       0.00
  clock network delay (ideal)              0.00       0.00
  input external delay                     0.01       0.01 r
  inp_a[9] (in)                            0.00       0.01 r
  U371/ZN (INVD1BWP16P90LVT)               0.01       0.02 f
  U372/ZN (INVD1BWP16P90LVT)               0.01       0.03 r
  U44/Z (XOR2D1BWP16P90LVT)                0.02       0.05 f
  U56/Z (AN2D1BWP16P90LVT)                 0.01       0.06 f
  U356/ZN (INVD1BWP16P90LVT)               0.01       0.07 r
  U531/ZN (OAI22D1BWP16P90LVT)             0.01       0.08 f
  U663/CO (FA1D1BWP16P90LVT)               0.02       0.10 f
  U674/S (FA1D1BWP16P90LVT)                0.03       0.14 r
  U673/S (FA1D1BWP16P90LVT)                0.03       0.17 f
  U679/S (FA1D1BWP16P90LVT)                0.03       0.20 r
  U37/ZN (ND2D1BWP16P90LVT)                0.01       0.21 f
  U66/ZN (OAI21D1BWP16P90LVT)              0.01       0.22 r
  U64/ZN (AOI21D1BWP16P90LVT)              0.01       0.23 f
  U63/ZN (OAI21D1BWP16P90LVT)              0.01       0.24 r
  U701/ZN (AOI21D4BWP16P90LVT)             0.01       0.25 f
  U711/ZN (OAI21D4BWP16P90LVT)             0.01       0.25 r
  U410/ZN (AOI21D4BWP16P90LVT)             0.01       0.26 f
  U409/ZN (OAI21D4BWP16P90LVT)             0.01       0.27 r
  U732/ZN (AOI21D4BWP16P90LVT)             0.01       0.28 f
  U738/ZN (OAI21D4BWP16P90LVT)             0.01       0.29 r
  U744/ZN (AOI21D4BWP16P90LVT)             0.01       0.29 f
  U62/ZN (OAI21D2BWP16P90LVT)              0.01       0.30 r
  U750/ZN (XNR2D1BWP16P90LVT)              0.01       0.31 r
  prod_reg[31]/D (DFCNQD2BWP16P90LVT)      0.00       0.31 r
  data arrival time                                   0.31

  clock clk (rise edge)                    0.33       0.33
  clock network delay (ideal)              0.00       0.33
  clock uncertainty                       -0.01       0.32
  prod_reg[31]/CP (DFCNQD2BWP16P90LVT)     0.00       0.32 r
  library setup time                      -0.01       0.31
  data required time                                  0.31
  -----------------------------------------------------------
  data required time                                  0.31
  data arrival time                                  -0.31
  -----------------------------------------------------------
  slack (MET)                                         0.00


  Startpoint: inp_a[11] (input port clocked by clk)
  Endpoint: prod_reg[31]
            (rising edge-triggered flip-flop clocked by clk)
  Path Group: clk
  Path Type: max

  Des/Clust/Port     Wire Load Model       Library
  ------------------------------------------------
  mult               ZeroWireload          N16ADFP_StdCelltt0p8v25c

  Point                                    Incr       Path
  -----------------------------------------------------------
  clock clk (rise edge)                    0.00       0.00
  clock network delay (ideal)              0.00       0.00
  input external delay                     0.01       0.01 r
  inp_a[11] (in)                           0.00       0.01 r
  U61/ZN (INVD1BWP16P90LVT)                0.01       0.02 f
  U191/ZN (CKND2BWP16P90LVT)               0.01       0.03 r
  U418/ZN (XNR2D4BWP16P90LVT)              0.02       0.05 f
  U55/Z (AN2D1BWP16P90LVT)                 0.01       0.06 f
  U363/ZN (INVD1BWP16P90LVT)               0.01       0.08 r
  U484/ZN (OAI22D1BWP16P90LVT)             0.01       0.09 f
  U492/CO (FA1D1BWP16P90LVT)               0.02       0.11 f
  U510/S (FA1D1BWP16P90LVT)                0.03       0.14 r
  U509/S (FA1D1BWP16P90LVT)                0.03       0.17 f
  U71/S (FA1D1BWP16P90LVT)                 0.03       0.20 r
  U36/ZN (CKND2D1BWP16P90LVT)              0.01       0.21 f
  U65/ZN (OAI21D1BWP16P90LVT)              0.01       0.22 r
  U653/ZN (AOI21D1BWP16P90LVT)             0.01       0.23 f
  U412/ZN (OAI21D2BWP16P90LVT)             0.01       0.24 r
  U701/ZN (AOI21D4BWP16P90LVT)             0.01       0.25 f
  U711/ZN (OAI21D4BWP16P90LVT)             0.01       0.25 r
  U410/ZN (AOI21D4BWP16P90LVT)             0.01       0.26 f
  U409/ZN (OAI21D4BWP16P90LVT)             0.01       0.27 r
  U732/ZN (AOI21D4BWP16P90LVT)             0.01       0.28 f
  U738/ZN (OAI21D4BWP16P90LVT)             0.01       0.29 r
  U744/ZN (AOI21D4BWP16P90LVT)             0.01       0.29 f
  U62/ZN (OAI21D2BWP16P90LVT)              0.01       0.30 r
  U750/ZN (XNR2D1BWP16P90LVT)              0.01       0.31 r
  prod_reg[31]/D (DFCNQD2BWP16P90LVT)      0.00       0.31 r
  data arrival time                                   0.31

  clock clk (rise edge)                    0.33       0.33
  clock network delay (ideal)              0.00       0.33
  clock uncertainty                       -0.01       0.32
  prod_reg[31]/CP (DFCNQD2BWP16P90LVT)     0.00       0.32 r
  library setup time                      -0.01       0.31
  data required time                                  0.31
  -----------------------------------------------------------
  data required time                                  0.31
  data arrival time                                  -0.31
  -----------------------------------------------------------
  slack (MET)                                         0.00


  Startpoint: inp_a[13] (input port clocked by clk)
  Endpoint: prod_reg[31]
            (rising edge-triggered flip-flop clocked by clk)
  Path Group: clk
  Path Type: max

  Des/Clust/Port     Wire Load Model       Library
  ------------------------------------------------
  mult               ZeroWireload          N16ADFP_StdCelltt0p8v25c

  Point                                    Incr       Path
  -----------------------------------------------------------
  clock clk (rise edge)                    0.00       0.00
  clock network delay (ideal)              0.00       0.00
  input external delay                     0.01       0.01 r
  inp_a[13] (in)                           0.00       0.01 r
  U41/ZN (INVD1BWP16P90LVT)                0.01       0.02 f
  U342/ZN (CKND2BWP16P90LVT)               0.01       0.03 r
  U417/ZN (XNR2D4BWP16P90LVT)              0.02       0.05 f
  U58/Z (AN2D1BWP16P90LVT)                 0.01       0.06 f
  U361/ZN (INVD1BWP16P90LVT)               0.01       0.07 r
  U533/ZN (OAI22D1BWP16P90LVT)             0.01       0.08 f
  U664/CO (FA1D1BWP16P90LVT)               0.02       0.11 f
  U674/S (FA1D1BWP16P90LVT)                0.03       0.14 r
  U673/S (FA1D1BWP16P90LVT)                0.03       0.17 f
  U679/S (FA1D1BWP16P90LVT)                0.03       0.20 r
  U37/ZN (ND2D1BWP16P90LVT)                0.01       0.21 f
  U66/ZN (OAI21D1BWP16P90LVT)              0.01       0.22 r
  U64/ZN (AOI21D1BWP16P90LVT)              0.01       0.23 f
  U63/ZN (OAI21D1BWP16P90LVT)              0.01       0.24 r
  U701/ZN (AOI21D4BWP16P90LVT)             0.01       0.25 f
  U711/ZN (OAI21D4BWP16P90LVT)             0.01       0.25 r
  U410/ZN (AOI21D4BWP16P90LVT)             0.01       0.26 f
  U409/ZN (OAI21D4BWP16P90LVT)             0.01       0.27 r
  U732/ZN (AOI21D4BWP16P90LVT)             0.01       0.28 f
  U738/ZN (OAI21D4BWP16P90LVT)             0.01       0.29 r
  U744/ZN (AOI21D4BWP16P90LVT)             0.01       0.29 f
  U62/ZN (OAI21D2BWP16P90LVT)              0.01       0.30 r
  U750/ZN (XNR2D1BWP16P90LVT)              0.01       0.31 r
  prod_reg[31]/D (DFCNQD2BWP16P90LVT)      0.00       0.31 r
  data arrival time                                   0.31

  clock clk (rise edge)                    0.33       0.33
  clock network delay (ideal)              0.00       0.33
  clock uncertainty                       -0.01       0.32
  prod_reg[31]/CP (DFCNQD2BWP16P90LVT)     0.00       0.32 r
  library setup time                      -0.01       0.31
  data required time                                  0.31
  -----------------------------------------------------------
  data required time                                  0.31
  data arrival time                                  -0.31
  -----------------------------------------------------------
  slack (MET)                                         0.00


  Startpoint: inp_a[3] (input port clocked by clk)
  Endpoint: prod_reg[31]
            (rising edge-triggered flip-flop clocked by clk)
  Path Group: clk
  Path Type: max

  Des/Clust/Port     Wire Load Model       Library
  ------------------------------------------------
  mult               ZeroWireload          N16ADFP_StdCelltt0p8v25c

  Point                                    Incr       Path
  -----------------------------------------------------------
  clock clk (rise edge)                    0.00       0.00
  clock network delay (ideal)              0.00       0.00
  input external delay                     0.01       0.01 r
  inp_a[3] (in)                            0.00       0.01 r
  U366/ZN (INVD1BWP16P90LVT)               0.01       0.02 f
  U190/ZN (CKND2BWP16P90LVT)               0.01       0.03 r
  U416/ZN (XNR2D4BWP16P90LVT)              0.02       0.05 f
  U141/Z (AN2D1BWP16P90LVT)                0.01       0.06 f
  U357/ZN (INVD1BWP16P90LVT)               0.01       0.07 r
  U532/ZN (OAI22D1BWP16P90LVT)             0.01       0.08 f
  U664/CO (FA1D1BWP16P90LVT)               0.02       0.11 f
  U674/S (FA1D1BWP16P90LVT)                0.03       0.14 r
  U673/S (FA1D1BWP16P90LVT)                0.03       0.17 f
  U679/S (FA1D1BWP16P90LVT)                0.03       0.20 r
  U37/ZN (ND2D1BWP16P90LVT)                0.01       0.21 f
  U66/ZN (OAI21D1BWP16P90LVT)              0.01       0.22 r
  U64/ZN (AOI21D1BWP16P90LVT)              0.01       0.23 f
  U63/ZN (OAI21D1BWP16P90LVT)              0.01       0.24 r
  U701/ZN (AOI21D4BWP16P90LVT)             0.01       0.25 f
  U711/ZN (OAI21D4BWP16P90LVT)             0.01       0.25 r
  U410/ZN (AOI21D4BWP16P90LVT)             0.01       0.26 f
  U409/ZN (OAI21D4BWP16P90LVT)             0.01       0.27 r
  U732/ZN (AOI21D4BWP16P90LVT)             0.01       0.28 f
  U738/ZN (OAI21D4BWP16P90LVT)             0.01       0.29 r
  U744/ZN (AOI21D4BWP16P90LVT)             0.01       0.29 f
  U62/ZN (OAI21D2BWP16P90LVT)              0.01       0.30 r
  U750/ZN (XNR2D1BWP16P90LVT)              0.01       0.31 r
  prod_reg[31]/D (DFCNQD2BWP16P90LVT)      0.00       0.31 r
  data arrival time                                   0.31

  clock clk (rise edge)                    0.33       0.33
  clock network delay (ideal)              0.00       0.33
  clock uncertainty                       -0.01       0.32
  prod_reg[31]/CP (DFCNQD2BWP16P90LVT)     0.00       0.32 r
  library setup time                      -0.01       0.31
  data required time                                  0.31
  -----------------------------------------------------------
  data required time                                  0.31
  data arrival time                                  -0.31
  -----------------------------------------------------------
  slack (MET)                                         0.00


  Startpoint: inp_a[5] (input port clocked by clk)
  Endpoint: prod_reg[31]
            (rising edge-triggered flip-flop clocked by clk)
  Path Group: clk
  Path Type: max

  Des/Clust/Port     Wire Load Model       Library
  ------------------------------------------------
  mult               ZeroWireload          N16ADFP_StdCelltt0p8v25c

  Point                                    Incr       Path
  -----------------------------------------------------------
  clock clk (rise edge)                    0.00       0.00
  clock network delay (ideal)              0.00       0.00
  input external delay                     0.01       0.01 f
  inp_a[5] (in)                            0.00       0.01 f
  U368/ZN (INVD1BWP16P90LVT)               0.01       0.02 r
  U188/ZN (CKND2BWP16P90LVT)               0.01       0.03 f
  U381/Z (XOR2D4BWP16P90LVT)               0.02       0.05 r
  U40/ZN (INVD1BWP16P90LVT)                0.01       0.05 f
  U59/Z (AN2D1BWP16P90LVT)                 0.01       0.06 f
  U355/ZN (INVD1BWP16P90LVT)               0.01       0.07 r
  U517/ZN (OAI22D1BWP16P90LVT)             0.01       0.09 f
  U541/CO (FA1D1BWP16P90LVT)               0.02       0.11 f
  U661/S (FA1D1BWP16P90LVT)                0.03       0.14 r
  U660/S (FA1D1BWP16P90LVT)                0.03       0.17 f
  U666/S (FA1D1BWP16P90LVT)                0.03       0.20 r
  U70/ZN (NR2D1BWP16P90LVT)                0.01       0.21 f
  U67/ZN (NR2D1BWP16P90LVT)                0.01       0.22 r
  U443/ZN (ND2D1BWP16P90LVT)               0.01       0.23 f
  U412/ZN (OAI21D2BWP16P90LVT)             0.01       0.24 r
  U701/ZN (AOI21D4BWP16P90LVT)             0.01       0.25 f
  U711/ZN (OAI21D4BWP16P90LVT)             0.01       0.25 r
  U410/ZN (AOI21D4BWP16P90LVT)             0.01       0.26 f
  U409/ZN (OAI21D4BWP16P90LVT)             0.01       0.27 r
  U732/ZN (AOI21D4BWP16P90LVT)             0.01       0.28 f
  U738/ZN (OAI21D4BWP16P90LVT)             0.01       0.29 r
  U744/ZN (AOI21D4BWP16P90LVT)             0.01       0.29 f
  U62/ZN (OAI21D2BWP16P90LVT)              0.01       0.30 r
  U750/ZN (XNR2D1BWP16P90LVT)              0.01       0.31 r
  prod_reg[31]/D (DFCNQD2BWP16P90LVT)      0.00       0.31 r
  data arrival time                                   0.31

  clock clk (rise edge)                    0.33       0.33
  clock network delay (ideal)              0.00       0.33
  clock uncertainty                       -0.01       0.32
  prod_reg[31]/CP (DFCNQD2BWP16P90LVT)     0.00       0.32 r
  library setup time                      -0.01       0.31
  data required time                                  0.31
  -----------------------------------------------------------
  data required time                                  0.31
  data arrival time                                  -0.31
  -----------------------------------------------------------
  slack (MET)                                         0.00


  Startpoint: inp_a[5] (input port clocked by clk)
  Endpoint: prod_reg[31]
            (rising edge-triggered flip-flop clocked by clk)
  Path Group: clk
  Path Type: max

  Des/Clust/Port     Wire Load Model       Library
  ------------------------------------------------
  mult               ZeroWireload          N16ADFP_StdCelltt0p8v25c

  Point                                    Incr       Path
  -----------------------------------------------------------
  clock clk (rise edge)                    0.00       0.00
  clock network delay (ideal)              0.00       0.00
  input external delay                     0.01       0.01 f
  inp_a[5] (in)                            0.00       0.01 f
  U368/ZN (INVD1BWP16P90LVT)               0.01       0.02 r
  U188/ZN (CKND2BWP16P90LVT)               0.01       0.03 f
  U381/Z (XOR2D4BWP16P90LVT)               0.02       0.05 r
  U40/ZN (INVD1BWP16P90LVT)                0.01       0.05 f
  U59/Z (AN2D1BWP16P90LVT)                 0.01       0.06 f
  U72/ZN (CKND2BWP16P90LVT)                0.01       0.07 r
  U534/ZN (OAI22D1BWP16P90LVT)             0.01       0.08 f
  U664/CO (FA1D1BWP16P90LVT)               0.02       0.11 f
  U674/S (FA1D1BWP16P90LVT)                0.03       0.14 r
  U673/S (FA1D1BWP16P90LVT)                0.03       0.17 f
  U679/S (FA1D1BWP16P90LVT)                0.03       0.20 r
  U37/ZN (ND2D1BWP16P90LVT)                0.01       0.21 f
  U66/ZN (OAI21D1BWP16P90LVT)              0.01       0.22 r
  U64/ZN (AOI21D1BWP16P90LVT)              0.01       0.23 f
  U63/ZN (OAI21D1BWP16P90LVT)              0.01       0.24 r
  U701/ZN (AOI21D4BWP16P90LVT)             0.01       0.25 f
  U711/ZN (OAI21D4BWP16P90LVT)             0.01       0.25 r
  U410/ZN (AOI21D4BWP16P90LVT)             0.01       0.26 f
  U409/ZN (OAI21D4BWP16P90LVT)             0.01       0.27 r
  U732/ZN (AOI21D4BWP16P90LVT)             0.01       0.28 f
  U738/ZN (OAI21D4BWP16P90LVT)             0.01       0.29 r
  U744/ZN (AOI21D4BWP16P90LVT)             0.01       0.29 f
  U62/ZN (OAI21D2BWP16P90LVT)              0.01       0.30 r
  U750/ZN (XNR2D1BWP16P90LVT)              0.01       0.31 r
  prod_reg[31]/D (DFCNQD2BWP16P90LVT)      0.00       0.31 r
  data arrival time                                   0.31

  clock clk (rise edge)                    0.33       0.33
  clock network delay (ideal)              0.00       0.33
  clock uncertainty                       -0.01       0.32
  prod_reg[31]/CP (DFCNQD2BWP16P90LVT)     0.00       0.32 r
  library setup time                      -0.01       0.31
  data required time                                  0.31
  -----------------------------------------------------------
  data required time                                  0.31
  data arrival time                                  -0.31
  -----------------------------------------------------------
  slack (MET)                                         0.00


  Startpoint: inp_a[5] (input port clocked by clk)
  Endpoint: prod_reg[31]
            (rising edge-triggered flip-flop clocked by clk)
  Path Group: clk
  Path Type: max

  Des/Clust/Port     Wire Load Model       Library
  ------------------------------------------------
  mult               ZeroWireload          N16ADFP_StdCelltt0p8v25c

  Point                                    Incr       Path
  -----------------------------------------------------------
  clock clk (rise edge)                    0.00       0.00
  clock network delay (ideal)              0.00       0.00
  input external delay                     0.01       0.01 f
  inp_a[5] (in)                            0.00       0.01 f
  U368/ZN (INVD1BWP16P90LVT)               0.01       0.02 r
  U188/ZN (CKND2BWP16P90LVT)               0.01       0.03 f
  U381/Z (XOR2D4BWP16P90LVT)               0.02       0.05 r
  U40/ZN (INVD1BWP16P90LVT)                0.01       0.05 f
  U59/Z (AN2D1BWP16P90LVT)                 0.01       0.06 f
  U72/ZN (CKND2BWP16P90LVT)                0.01       0.07 r
  U534/ZN (OAI22D1BWP16P90LVT)             0.01       0.08 f
  U664/CO (FA1D1BWP16P90LVT)               0.02       0.11 f
  U674/S (FA1D1BWP16P90LVT)                0.03       0.14 r
  U673/S (FA1D1BWP16P90LVT)                0.03       0.17 f
  U679/S (FA1D1BWP16P90LVT)                0.03       0.20 r
  U37/ZN (ND2D1BWP16P90LVT)                0.01       0.21 f
  U66/ZN (OAI21D1BWP16P90LVT)              0.01       0.22 r
  U64/ZN (AOI21D1BWP16P90LVT)              0.01       0.23 f
  U63/ZN (OAI21D1BWP16P90LVT)              0.01       0.24 r
  U701/ZN (AOI21D4BWP16P90LVT)             0.01       0.25 f
  U711/ZN (OAI21D4BWP16P90LVT)             0.01       0.25 r
  U410/ZN (AOI21D4BWP16P90LVT)             0.01       0.26 f
  U409/ZN (OAI21D4BWP16P90LVT)             0.01       0.27 r
  U732/ZN (AOI21D4BWP16P90LVT)             0.01       0.28 f
  U738/ZN (OAI21D4BWP16P90LVT)             0.01       0.29 r
  U744/ZN (AOI21D4BWP16P90LVT)             0.01       0.29 f
  U62/ZN (OAI21D2BWP16P90LVT)              0.01       0.30 r
  U750/ZN (XNR2D1BWP16P90LVT)              0.01       0.31 r
  prod_reg[31]/D (DFCNQD2BWP16P90LVT)      0.00       0.31 r
  data arrival time                                   0.31

  clock clk (rise edge)                    0.33       0.33
  clock network delay (ideal)              0.00       0.33
  clock uncertainty                       -0.01       0.32
  prod_reg[31]/CP (DFCNQD2BWP16P90LVT)     0.00       0.32 r
  library setup time                      -0.01       0.31
  data required time                                  0.31
  -----------------------------------------------------------
  data required time                                  0.31
  data arrival time                                  -0.31
  -----------------------------------------------------------
  slack (MET)                                         0.00


  Startpoint: inp_a[5] (input port clocked by clk)
  Endpoint: prod_reg[31]
            (rising edge-triggered flip-flop clocked by clk)
  Path Group: clk
  Path Type: max

  Des/Clust/Port     Wire Load Model       Library
  ------------------------------------------------
  mult               ZeroWireload          N16ADFP_StdCelltt0p8v25c

  Point                                    Incr       Path
  -----------------------------------------------------------
  clock clk (rise edge)                    0.00       0.00
  clock network delay (ideal)              0.00       0.00
  input external delay                     0.01       0.01 f
  inp_a[5] (in)                            0.00       0.01 f
  U368/ZN (INVD1BWP16P90LVT)               0.01       0.02 r
  U188/ZN (CKND2BWP16P90LVT)               0.01       0.03 f
  U381/Z (XOR2D4BWP16P90LVT)               0.02       0.05 r
  U40/ZN (INVD1BWP16P90LVT)                0.01       0.05 f
  U59/Z (AN2D1BWP16P90LVT)                 0.01       0.06 f
  U72/ZN (CKND2BWP16P90LVT)                0.01       0.07 r
  U534/ZN (OAI22D1BWP16P90LVT)             0.01       0.08 f
  U664/CO (FA1D1BWP16P90LVT)               0.02       0.11 f
  U674/S (FA1D1BWP16P90LVT)                0.03       0.14 r
  U673/S (FA1D1BWP16P90LVT)                0.03       0.17 f
  U679/S (FA1D1BWP16P90LVT)                0.03       0.20 r
  U37/ZN (ND2D1BWP16P90LVT)                0.01       0.21 f
  U66/ZN (OAI21D1BWP16P90LVT)              0.01       0.22 r
  U64/ZN (AOI21D1BWP16P90LVT)              0.01       0.23 f
  U63/ZN (OAI21D1BWP16P90LVT)              0.01       0.24 r
  U701/ZN (AOI21D4BWP16P90LVT)             0.01       0.25 f
  U711/ZN (OAI21D4BWP16P90LVT)             0.01       0.25 r
  U410/ZN (AOI21D4BWP16P90LVT)             0.01       0.26 f
  U409/ZN (OAI21D4BWP16P90LVT)             0.01       0.27 r
  U732/ZN (AOI21D4BWP16P90LVT)             0.01       0.28 f
  U738/ZN (OAI21D4BWP16P90LVT)             0.01       0.29 r
  U744/ZN (AOI21D4BWP16P90LVT)             0.01       0.29 f
  U62/ZN (OAI21D2BWP16P90LVT)              0.01       0.30 r
  U750/ZN (XNR2D1BWP16P90LVT)              0.01       0.31 r
  prod_reg[31]/D (DFCNQD2BWP16P90LVT)      0.00       0.31 r
  data arrival time                                   0.31

  clock clk (rise edge)                    0.33       0.33
  clock network delay (ideal)              0.00       0.33
  clock uncertainty                       -0.01       0.32
  prod_reg[31]/CP (DFCNQD2BWP16P90LVT)     0.00       0.32 r
  library setup time                      -0.01       0.31
  data required time                                  0.31
  -----------------------------------------------------------
  data required time                                  0.31
  data arrival time                                  -0.31
  -----------------------------------------------------------
  slack (MET)                                         0.00


  Startpoint: inp_a[11] (input port clocked by clk)
  Endpoint: prod_reg[31]
            (rising edge-triggered flip-flop clocked by clk)
  Path Group: clk
  Path Type: max

  Des/Clust/Port     Wire Load Model       Library
  ------------------------------------------------
  mult               ZeroWireload          N16ADFP_StdCelltt0p8v25c

  Point                                    Incr       Path
  -----------------------------------------------------------
  clock clk (rise edge)                    0.00       0.00
  clock network delay (ideal)              0.00       0.00
  input external delay                     0.01       0.01 r
  inp_a[11] (in)                           0.00       0.01 r
  U61/ZN (INVD1BWP16P90LVT)                0.01       0.02 f
  U191/ZN (CKND2BWP16P90LVT)               0.01       0.03 r
  U418/ZN (XNR2D4BWP16P90LVT)              0.02       0.05 f
  U55/Z (AN2D1BWP16P90LVT)                 0.01       0.06 f
  U363/ZN (INVD1BWP16P90LVT)               0.01       0.08 r
  U484/ZN (OAI22D1BWP16P90LVT)             0.01       0.09 f
  U492/CO (FA1D1BWP16P90LVT)               0.02       0.11 f
  U510/S (FA1D1BWP16P90LVT)                0.03       0.14 r
  U509/S (FA1D1BWP16P90LVT)                0.03       0.17 f
  U71/S (FA1D1BWP16P90LVT)                 0.03       0.20 r
  U36/ZN (CKND2D1BWP16P90LVT)              0.01       0.21 f
  U65/ZN (OAI21D1BWP16P90LVT)              0.01       0.22 r
  U653/ZN (AOI21D1BWP16P90LVT)             0.01       0.23 f
  U412/ZN (OAI21D2BWP16P90LVT)             0.01       0.24 r
  U701/ZN (AOI21D4BWP16P90LVT)             0.01       0.25 f
  U711/ZN (OAI21D4BWP16P90LVT)             0.01       0.25 r
  U410/ZN (AOI21D4BWP16P90LVT)             0.01       0.26 f
  U409/ZN (OAI21D4BWP16P90LVT)             0.01       0.27 r
  U732/ZN (AOI21D4BWP16P90LVT)             0.01       0.28 f
  U738/ZN (OAI21D4BWP16P90LVT)             0.01       0.29 r
  U744/ZN (AOI21D4BWP16P90LVT)             0.01       0.29 f
  U62/ZN (OAI21D2BWP16P90LVT)              0.01       0.30 r
  U750/ZN (XNR2D1BWP16P90LVT)              0.01       0.31 r
  prod_reg[31]/D (DFCNQD2BWP16P90LVT)      0.00       0.31 r
  data arrival time                                   0.31

  clock clk (rise edge)                    0.33       0.33
  clock network delay (ideal)              0.00       0.33
  clock uncertainty                       -0.01       0.32
  prod_reg[31]/CP (DFCNQD2BWP16P90LVT)     0.00       0.32 r
  library setup time                      -0.01       0.31
  data required time                                  0.31
  -----------------------------------------------------------
  data required time                                  0.31
  data arrival time                                  -0.31
  -----------------------------------------------------------
  slack (MET)                                         0.00


  Startpoint: inp_a[5] (input port clocked by clk)
  Endpoint: prod_reg[31]
            (rising edge-triggered flip-flop clocked by clk)
  Path Group: clk
  Path Type: max

  Des/Clust/Port     Wire Load Model       Library
  ------------------------------------------------
  mult               ZeroWireload          N16ADFP_StdCelltt0p8v25c

  Point                                    Incr       Path
  -----------------------------------------------------------
  clock clk (rise edge)                    0.00       0.00
  clock network delay (ideal)              0.00       0.00
  input external delay                     0.01       0.01 f
  inp_a[5] (in)                            0.00       0.01 f
  U368/ZN (INVD1BWP16P90LVT)               0.01       0.02 r
  U188/ZN (CKND2BWP16P90LVT)               0.01       0.03 f
  U381/Z (XOR2D4BWP16P90LVT)               0.02       0.05 r
  U40/ZN (INVD1BWP16P90LVT)                0.01       0.05 f
  U59/Z (AN2D1BWP16P90LVT)                 0.01       0.06 f
  U355/ZN (INVD1BWP16P90LVT)               0.01       0.07 r
  U656/ZN (OAI22D1BWP16P90LVT)             0.01       0.09 f
  U677/CO (FA1D1BWP16P90LVT)               0.02       0.11 f
  U688/S (FA1D1BWP16P90LVT)                0.03       0.14 r
  U684/S (FA1D1BWP16P90LVT)                0.03       0.17 f
  U690/S (FA1D1BWP16P90LVT)                0.03       0.20 r
  U108/ZN (NR2D1BWP16P90LVT)               0.01       0.21 f
  U66/ZN (OAI21D1BWP16P90LVT)              0.01       0.22 r
  U64/ZN (AOI21D1BWP16P90LVT)              0.01       0.23 f
  U63/ZN (OAI21D1BWP16P90LVT)              0.01       0.24 r
  U701/ZN (AOI21D4BWP16P90LVT)             0.01       0.25 f
  U711/ZN (OAI21D4BWP16P90LVT)             0.01       0.25 r
  U410/ZN (AOI21D4BWP16P90LVT)             0.01       0.26 f
  U409/ZN (OAI21D4BWP16P90LVT)             0.01       0.27 r
  U732/ZN (AOI21D4BWP16P90LVT)             0.01       0.28 f
  U738/ZN (OAI21D4BWP16P90LVT)             0.01       0.29 r
  U744/ZN (AOI21D4BWP16P90LVT)             0.01       0.29 f
  U62/ZN (OAI21D2BWP16P90LVT)              0.01       0.30 r
  U750/ZN (XNR2D1BWP16P90LVT)              0.01       0.31 r
  prod_reg[31]/D (DFCNQD2BWP16P90LVT)      0.00       0.31 r
  data arrival time                                   0.31

  clock clk (rise edge)                    0.33       0.33
  clock network delay (ideal)              0.00       0.33
  clock uncertainty                       -0.01       0.32
  prod_reg[31]/CP (DFCNQD2BWP16P90LVT)     0.00       0.32 r
  library setup time                      -0.01       0.31
  data required time                                  0.31
  -----------------------------------------------------------
  data required time                                  0.31
  data arrival time                                  -0.31
  -----------------------------------------------------------
  slack (MET)                                         0.00


  Startpoint: inp_a[5] (input port clocked by clk)
  Endpoint: prod_reg[31]
            (rising edge-triggered flip-flop clocked by clk)
  Path Group: clk
  Path Type: max

  Des/Clust/Port     Wire Load Model       Library
  ------------------------------------------------
  mult               ZeroWireload          N16ADFP_StdCelltt0p8v25c

  Point                                    Incr       Path
  -----------------------------------------------------------
  clock clk (rise edge)                    0.00       0.00
  clock network delay (ideal)              0.00       0.00
  input external delay                     0.01       0.01 f
  inp_a[5] (in)                            0.00       0.01 f
  U368/ZN (INVD1BWP16P90LVT)               0.01       0.02 r
  U188/ZN (CKND2BWP16P90LVT)               0.01       0.03 f
  U381/Z (XOR2D4BWP16P90LVT)               0.02       0.05 r
  U40/ZN (INVD1BWP16P90LVT)                0.01       0.05 f
  U59/Z (AN2D1BWP16P90LVT)                 0.01       0.06 f
  U355/ZN (INVD1BWP16P90LVT)               0.01       0.07 r
  U486/ZN (OAI22D1BWP16P90LVT)             0.01       0.09 f
  U491/CO (FA1D1BWP16P90LVT)               0.02       0.11 f
  U510/S (FA1D1BWP16P90LVT)                0.03       0.14 r
  U509/S (FA1D1BWP16P90LVT)                0.03       0.17 f
  U71/S (FA1D1BWP16P90LVT)                 0.03       0.20 r
  U36/ZN (CKND2D1BWP16P90LVT)              0.01       0.21 f
  U65/ZN (OAI21D1BWP16P90LVT)              0.01       0.22 r
  U653/ZN (AOI21D1BWP16P90LVT)             0.01       0.23 f
  U412/ZN (OAI21D2BWP16P90LVT)             0.01       0.24 r
  U701/ZN (AOI21D4BWP16P90LVT)             0.01       0.25 f
  U711/ZN (OAI21D4BWP16P90LVT)             0.01       0.25 r
  U410/ZN (AOI21D4BWP16P90LVT)             0.01       0.26 f
  U409/ZN (OAI21D4BWP16P90LVT)             0.01       0.27 r
  U732/ZN (AOI21D4BWP16P90LVT)             0.01       0.28 f
  U738/ZN (OAI21D4BWP16P90LVT)             0.01       0.29 r
  U744/ZN (AOI21D4BWP16P90LVT)             0.01       0.29 f
  U62/ZN (OAI21D2BWP16P90LVT)              0.01       0.30 r
  U750/ZN (XNR2D1BWP16P90LVT)              0.01       0.31 r
  prod_reg[31]/D (DFCNQD2BWP16P90LVT)      0.00       0.31 r
  data arrival time                                   0.31

  clock clk (rise edge)                    0.33       0.33
  clock network delay (ideal)              0.00       0.33
  clock uncertainty                       -0.01       0.32
  prod_reg[31]/CP (DFCNQD2BWP16P90LVT)     0.00       0.32 r
  library setup time                      -0.01       0.31
  data required time                                  0.31
  -----------------------------------------------------------
  data required time                                  0.31
  data arrival time                                  -0.31
  -----------------------------------------------------------
  slack (MET)                                         0.00


  Startpoint: inp_a[5] (input port clocked by clk)
  Endpoint: prod_reg[31]
            (rising edge-triggered flip-flop clocked by clk)
  Path Group: clk
  Path Type: max

  Des/Clust/Port     Wire Load Model       Library
  ------------------------------------------------
  mult               ZeroWireload          N16ADFP_StdCelltt0p8v25c

  Point                                    Incr       Path
  -----------------------------------------------------------
  clock clk (rise edge)                    0.00       0.00
  clock network delay (ideal)              0.00       0.00
  input external delay                     0.01       0.01 f
  inp_a[5] (in)                            0.00       0.01 f
  U368/ZN (INVD1BWP16P90LVT)               0.01       0.02 r
  U188/ZN (CKND2BWP16P90LVT)               0.01       0.03 f
  U381/Z (XOR2D4BWP16P90LVT)               0.02       0.05 r
  U40/ZN (INVD1BWP16P90LVT)                0.01       0.05 f
  U59/Z (AN2D1BWP16P90LVT)                 0.01       0.06 f
  U355/ZN (INVD1BWP16P90LVT)               0.01       0.07 r
  U486/ZN (OAI22D1BWP16P90LVT)             0.01       0.09 f
  U491/CO (FA1D1BWP16P90LVT)               0.02       0.11 f
  U510/S (FA1D1BWP16P90LVT)                0.03       0.14 r
  U509/S (FA1D1BWP16P90LVT)                0.03       0.17 f
  U71/S (FA1D1BWP16P90LVT)                 0.03       0.20 r
  U36/ZN (CKND2D1BWP16P90LVT)              0.01       0.21 f
  U65/ZN (OAI21D1BWP16P90LVT)              0.01       0.22 r
  U653/ZN (AOI21D1BWP16P90LVT)             0.01       0.23 f
  U412/ZN (OAI21D2BWP16P90LVT)             0.01       0.24 r
  U701/ZN (AOI21D4BWP16P90LVT)             0.01       0.25 f
  U711/ZN (OAI21D4BWP16P90LVT)             0.01       0.25 r
  U410/ZN (AOI21D4BWP16P90LVT)             0.01       0.26 f
  U409/ZN (OAI21D4BWP16P90LVT)             0.01       0.27 r
  U732/ZN (AOI21D4BWP16P90LVT)             0.01       0.28 f
  U738/ZN (OAI21D4BWP16P90LVT)             0.01       0.29 r
  U744/ZN (AOI21D4BWP16P90LVT)             0.01       0.29 f
  U62/ZN (OAI21D2BWP16P90LVT)              0.01       0.30 r
  U750/ZN (XNR2D1BWP16P90LVT)              0.01       0.31 r
  prod_reg[31]/D (DFCNQD2BWP16P90LVT)      0.00       0.31 r
  data arrival time                                   0.31

  clock clk (rise edge)                    0.33       0.33
  clock network delay (ideal)              0.00       0.33
  clock uncertainty                       -0.01       0.32
  prod_reg[31]/CP (DFCNQD2BWP16P90LVT)     0.00       0.32 r
  library setup time                      -0.01       0.31
  data required time                                  0.31
  -----------------------------------------------------------
  data required time                                  0.31
  data arrival time                                  -0.31
  -----------------------------------------------------------
  slack (MET)                                         0.00


  Startpoint: inp_a[5] (input port clocked by clk)
  Endpoint: prod_reg[31]
            (rising edge-triggered flip-flop clocked by clk)
  Path Group: clk
  Path Type: max

  Des/Clust/Port     Wire Load Model       Library
  ------------------------------------------------
  mult               ZeroWireload          N16ADFP_StdCelltt0p8v25c

  Point                                    Incr       Path
  -----------------------------------------------------------
  clock clk (rise edge)                    0.00       0.00
  clock network delay (ideal)              0.00       0.00
  input external delay                     0.01       0.01 f
  inp_a[5] (in)                            0.00       0.01 f
  U368/ZN (INVD1BWP16P90LVT)               0.01       0.02 r
  U188/ZN (CKND2BWP16P90LVT)               0.01       0.03 f
  U381/Z (XOR2D4BWP16P90LVT)               0.02       0.05 r
  U40/ZN (INVD1BWP16P90LVT)                0.01       0.05 f
  U59/Z (AN2D1BWP16P90LVT)                 0.01       0.06 f
  U355/ZN (INVD1BWP16P90LVT)               0.01       0.07 r
  U486/ZN (OAI22D1BWP16P90LVT)             0.01       0.09 f
  U491/CO (FA1D1BWP16P90LVT)               0.02       0.11 f
  U510/S (FA1D1BWP16P90LVT)                0.03       0.14 r
  U509/S (FA1D1BWP16P90LVT)                0.03       0.17 f
  U71/S (FA1D1BWP16P90LVT)                 0.03       0.20 r
  U36/ZN (CKND2D1BWP16P90LVT)              0.01       0.21 f
  U65/ZN (OAI21D1BWP16P90LVT)              0.01       0.22 r
  U653/ZN (AOI21D1BWP16P90LVT)             0.01       0.23 f
  U412/ZN (OAI21D2BWP16P90LVT)             0.01       0.24 r
  U701/ZN (AOI21D4BWP16P90LVT)             0.01       0.25 f
  U711/ZN (OAI21D4BWP16P90LVT)             0.01       0.25 r
  U410/ZN (AOI21D4BWP16P90LVT)             0.01       0.26 f
  U409/ZN (OAI21D4BWP16P90LVT)             0.01       0.27 r
  U732/ZN (AOI21D4BWP16P90LVT)             0.01       0.28 f
  U738/ZN (OAI21D4BWP16P90LVT)             0.01       0.29 r
  U744/ZN (AOI21D4BWP16P90LVT)             0.01       0.29 f
  U62/ZN (OAI21D2BWP16P90LVT)              0.01       0.30 r
  U750/ZN (XNR2D1BWP16P90LVT)              0.01       0.31 r
  prod_reg[31]/D (DFCNQD2BWP16P90LVT)      0.00       0.31 r
  data arrival time                                   0.31

  clock clk (rise edge)                    0.33       0.33
  clock network delay (ideal)              0.00       0.33
  clock uncertainty                       -0.01       0.32
  prod_reg[31]/CP (DFCNQD2BWP16P90LVT)     0.00       0.32 r
  library setup time                      -0.01       0.31
  data required time                                  0.31
  -----------------------------------------------------------
  data required time                                  0.31
  data arrival time                                  -0.31
  -----------------------------------------------------------
  slack (MET)                                         0.00


  Startpoint: inp_a[11] (input port clocked by clk)
  Endpoint: prod_reg[31]
            (rising edge-triggered flip-flop clocked by clk)
  Path Group: clk
  Path Type: max

  Des/Clust/Port     Wire Load Model       Library
  ------------------------------------------------
  mult               ZeroWireload          N16ADFP_StdCelltt0p8v25c

  Point                                    Incr       Path
  -----------------------------------------------------------
  clock clk (rise edge)                    0.00       0.00
  clock network delay (ideal)              0.00       0.00
  input external delay                     0.01       0.01 r
  inp_a[11] (in)                           0.00       0.01 r
  U61/ZN (INVD1BWP16P90LVT)                0.01       0.02 f
  U191/ZN (CKND2BWP16P90LVT)               0.01       0.03 r
  U418/ZN (XNR2D4BWP16P90LVT)              0.02       0.05 f
  U55/Z (AN2D1BWP16P90LVT)                 0.01       0.06 f
  U363/ZN (INVD1BWP16P90LVT)               0.01       0.08 r
  U484/ZN (OAI22D1BWP16P90LVT)             0.01       0.09 f
  U492/CO (FA1D1BWP16P90LVT)               0.02       0.11 f
  U510/S (FA1D1BWP16P90LVT)                0.03       0.14 r
  U509/S (FA1D1BWP16P90LVT)                0.03       0.17 f
  U71/S (FA1D1BWP16P90LVT)                 0.03       0.20 r
  U36/ZN (CKND2D1BWP16P90LVT)              0.01       0.21 f
  U65/ZN (OAI21D1BWP16P90LVT)              0.01       0.22 r
  U653/ZN (AOI21D1BWP16P90LVT)             0.01       0.23 f
  U412/ZN (OAI21D2BWP16P90LVT)             0.01       0.24 r
  U701/ZN (AOI21D4BWP16P90LVT)             0.01       0.25 f
  U711/ZN (OAI21D4BWP16P90LVT)             0.01       0.25 r
  U410/ZN (AOI21D4BWP16P90LVT)             0.01       0.26 f
  U409/ZN (OAI21D4BWP16P90LVT)             0.01       0.27 r
  U732/ZN (AOI21D4BWP16P90LVT)             0.01       0.28 f
  U738/ZN (OAI21D4BWP16P90LVT)             0.01       0.29 r
  U744/ZN (AOI21D4BWP16P90LVT)             0.01       0.29 f
  U62/ZN (OAI21D2BWP16P90LVT)              0.01       0.30 r
  U750/ZN (XNR2D1BWP16P90LVT)              0.01       0.31 r
  prod_reg[31]/D (DFCNQD2BWP16P90LVT)      0.00       0.31 r
  data arrival time                                   0.31

  clock clk (rise edge)                    0.33       0.33
  clock network delay (ideal)              0.00       0.33
  clock uncertainty                       -0.01       0.32
  prod_reg[31]/CP (DFCNQD2BWP16P90LVT)     0.00       0.32 r
  library setup time                      -0.01       0.31
  data required time                                  0.31
  -----------------------------------------------------------
  data required time                                  0.31
  data arrival time                                  -0.31
  -----------------------------------------------------------
  slack (MET)                                         0.00


1
