1
 
****************************************
Report : design
Design : mult
Version: V-2023.12-SP5
Date   : Tue Sep 22 19:32:39 2026
****************************************

Design allows ideal nets on clock nets.

Library(s) Used:

    N16ADFP_StdCelltt0p8v25c (File: /classes/ece5746/tsmcN16/Executable_Package/Collaterals/IP/stdcell/N16ADFP_StdCell/NLDM/N16ADFP_StdCelltt0p8v25c.db)

Local Link Library:

    {N16ADFP_StdCelltt0p8v25c.db}

Flip-Flop Types:

    No flip-flop types specified.

Latch Types:

    No latch types specified.

Operating Conditions:


    Operating Condition Name : tt0p8v25c
    Library : N16ADFP_StdCelltt0p8v25c
    Process :   1.00
    Temperature :  25.00
    Voltage :   0.80
    Interconnect Model : balanced_tree

Wire Loading Model:

    Selected automatically from the total cell area.

Name           :   ZeroWireload
Location       :   N16ADFP_StdCelltt0p8v25c
Resistance     :   1e-05
Capacitance    :   1
Area           :   0
Slope          :   0
Fanout   Length   Points Average Cap Std Deviation
--------------------------------------------------------------
     1     0.00
     2     0.00
     3     0.00
     4     0.00
     5     0.00
     6     0.00
     7     0.00
     8     0.00
     9     0.00
    10     0.00
    11     0.00
    12     0.00
    13     0.00
    14     0.00
    15     0.00
    16     0.00
    17     0.00
    18     0.00
    19     0.00
    20     0.00



Wire Loading Model Mode: segmented.

Timing Ranges:

    No timing ranges specified.

Pin Input Delays:

    None specified.

Pin Output Delays:

    None specified.

Disabled Timing Arcs:

    No arcs disabled.

Required Licenses:

    DesignWare

Design Parameters:

    None specified.
1
 
****************************************
Report : cell
Design : mult
Version: V-2023.12-SP5
Date   : Tue Sep 22 19:32:39 2026
****************************************

Attributes:
    b - black box (unknown)
    h - hierarchical
   mo - map_only
    n - noncombinational
    r - removable
    u - contains unmapped logic

Cell                      Reference       Library             Area  Attributes
--------------------------------------------------------------------------------
U35                       FA1D2BWP20P90LVT
                                          N16ADFP_StdCelltt0p8v25c
                                                          1.088640  mo, r
U36                       FA1D2BWP20P90LVT
                                          N16ADFP_StdCelltt0p8v25c
                                                          1.088640  mo, r
U37                       INVD1BWP20P90LVT
                                          N16ADFP_StdCelltt0p8v25c
                                                          0.155520  
U38                       XNR3D1BWP20P90LVT
                                          N16ADFP_StdCelltt0p8v25c
                                                          0.984960  
U39                       FA1D2BWP20P90LVT
                                          N16ADFP_StdCelltt0p8v25c
                                                          1.088640  mo, r
U40                       OR3D1BWP20P90LVT
                                          N16ADFP_StdCelltt0p8v25c
                                                          0.311040  
U41                       OR3D1BWP20P90LVT
                                          N16ADFP_StdCelltt0p8v25c
                                                          0.311040  
U42                       OR3D1BWP20P90LVT
                                          N16ADFP_StdCelltt0p8v25c
                                                          0.311040  
U43                       OR3D1BWP20P90LVT
                                          N16ADFP_StdCelltt0p8v25c
                                                          0.311040  
U44                       INVD1BWP20P90LVT
                                          N16ADFP_StdCelltt0p8v25c
                                                          0.155520  
U45                       INVD1BWP20P90LVT
                                          N16ADFP_StdCelltt0p8v25c
                                                          0.155520  
U46                       INVD1BWP20P90LVT
                                          N16ADFP_StdCelltt0p8v25c
                                                          0.155520  
U47                       INVD1BWP20P90LVT
                                          N16ADFP_StdCelltt0p8v25c
                                                          0.155520  
U48                       INVD1BWP20P90LVT
                                          N16ADFP_StdCelltt0p8v25c
                                                          0.155520  
U49                       INVD1BWP20P90LVT
                                          N16ADFP_StdCelltt0p8v25c
                                                          0.155520  
U50                       INVD1BWP20P90LVT
                                          N16ADFP_StdCelltt0p8v25c
                                                          0.155520  
U51                       INVD1BWP20P90LVT
                                          N16ADFP_StdCelltt0p8v25c
                                                          0.155520  
U52                       INVD1BWP20P90LVT
                                          N16ADFP_StdCelltt0p8v25c
                                                          0.155520  
U53                       INVD1BWP20P90LVT
                                          N16ADFP_StdCelltt0p8v25c
                                                          0.155520  
U54                       INVD1BWP20P90LVT
                                          N16ADFP_StdCelltt0p8v25c
                                                          0.155520  
U55                       INVD1BWP20P90LVT
                                          N16ADFP_StdCelltt0p8v25c
                                                          0.155520  
U56                       INVD1BWP20P90LVT
                                          N16ADFP_StdCelltt0p8v25c
                                                          0.155520  
U57                       INVD1BWP20P90LVT
                                          N16ADFP_StdCelltt0p8v25c
                                                          0.155520  
U58                       INVD1BWP20P90LVT
                                          N16ADFP_StdCelltt0p8v25c
                                                          0.155520  
U59                       INVD1BWP20P90LVT
                                          N16ADFP_StdCelltt0p8v25c
                                                          0.155520  
U60                       INVD1BWP20P90LVT
                                          N16ADFP_StdCelltt0p8v25c
                                                          0.155520  
U61                       INVD1BWP20P90LVT
                                          N16ADFP_StdCelltt0p8v25c
                                                          0.155520  
U62                       INVD1BWP20P90LVT
                                          N16ADFP_StdCelltt0p8v25c
                                                          0.155520  
U63                       INVD1BWP20P90LVT
                                          N16ADFP_StdCelltt0p8v25c
                                                          0.155520  
U64                       INVD1BWP20P90LVT
                                          N16ADFP_StdCelltt0p8v25c
                                                          0.155520  
U65                       INVD1BWP20P90LVT
                                          N16ADFP_StdCelltt0p8v25c
                                                          0.155520  
U66                       INVD1BWP20P90LVT
                                          N16ADFP_StdCelltt0p8v25c
                                                          0.155520  
U67                       INVD1BWP20P90LVT
                                          N16ADFP_StdCelltt0p8v25c
                                                          0.155520  
U68                       INVD1BWP20P90LVT
                                          N16ADFP_StdCelltt0p8v25c
                                                          0.155520  
U69                       INVD1BWP20P90LVT
                                          N16ADFP_StdCelltt0p8v25c
                                                          0.155520  
U70                       INVD1BWP20P90LVT
                                          N16ADFP_StdCelltt0p8v25c
                                                          0.155520  
U71                       INVD1BWP20P90LVT
                                          N16ADFP_StdCelltt0p8v25c
                                                          0.155520  
U72                       INVD1BWP20P90LVT
                                          N16ADFP_StdCelltt0p8v25c
                                                          0.155520  
U73                       INVD1BWP20P90LVT
                                          N16ADFP_StdCelltt0p8v25c
                                                          0.155520  
U74                       INVD1BWP20P90LVT
                                          N16ADFP_StdCelltt0p8v25c
                                                          0.155520  
U75                       INVD1BWP20P90LVT
                                          N16ADFP_StdCelltt0p8v25c
                                                          0.155520  
U76                       INVD1BWP20P90LVT
                                          N16ADFP_StdCelltt0p8v25c
                                                          0.155520  
U77                       INVD1BWP20P90LVT
                                          N16ADFP_StdCelltt0p8v25c
                                                          0.155520  
U78                       INVD1BWP20P90LVT
                                          N16ADFP_StdCelltt0p8v25c
                                                          0.155520  
U79                       INVD1BWP20P90LVT
                                          N16ADFP_StdCelltt0p8v25c
                                                          0.155520  
U80                       INVD1BWP20P90LVT
                                          N16ADFP_StdCelltt0p8v25c
                                                          0.155520  
U81                       INVD1BWP20P90LVT
                                          N16ADFP_StdCelltt0p8v25c
                                                          0.155520  
U82                       INVD1BWP20P90LVT
                                          N16ADFP_StdCelltt0p8v25c
                                                          0.155520  
U83                       INVD1BWP20P90LVT
                                          N16ADFP_StdCelltt0p8v25c
                                                          0.155520  
U84                       INVD1BWP20P90LVT
                                          N16ADFP_StdCelltt0p8v25c
                                                          0.155520  
U85                       CKBD1BWP20P90LVT
                                          N16ADFP_StdCelltt0p8v25c
                                                          0.207360  
U86                       CKBD1BWP20P90LVT
                                          N16ADFP_StdCelltt0p8v25c
                                                          0.207360  
U87                       INVD1BWP20P90LVT
                                          N16ADFP_StdCelltt0p8v25c
                                                          0.155520  
U88                       NR2D1BWP20P90LVT
                                          N16ADFP_StdCelltt0p8v25c
                                                          0.207360  
U89                       INVD1BWP20P90LVT
                                          N16ADFP_StdCelltt0p8v25c
                                                          0.155520  
U90                       AOI211D1BWP20P90LVT
                                          N16ADFP_StdCelltt0p8v25c
                                                          0.311040  
U91                       NR2D1BWP20P90LVT
                                          N16ADFP_StdCelltt0p8v25c
                                                          0.207360  
U92                       ND2D1BWP20P90LVT
                                          N16ADFP_StdCelltt0p8v25c
                                                          0.207360  
U93                       NR2D1BWP20P90LVT
                                          N16ADFP_StdCelltt0p8v25c
                                                          0.207360  
U94                       AOI21D1BWP20P90LVT
                                          N16ADFP_StdCelltt0p8v25c
                                                          0.259200  
U95                       OAI32D1BWP20P90LVT
                                          N16ADFP_StdCelltt0p8v25c
                                                          0.362880  
U96                       INVD1BWP20P90LVT
                                          N16ADFP_StdCelltt0p8v25c
                                                          0.155520  
U97                       INVD1BWP20P90LVT
                                          N16ADFP_StdCelltt0p8v25c
                                                          0.155520  
U98                       INVD1BWP20P90LVT
                                          N16ADFP_StdCelltt0p8v25c
                                                          0.155520  
U99                       INVD1BWP20P90LVT
                                          N16ADFP_StdCelltt0p8v25c
                                                          0.155520  
U100                      INVD1BWP20P90LVT
                                          N16ADFP_StdCelltt0p8v25c
                                                          0.155520  
U101                      INVD1BWP20P90LVT
                                          N16ADFP_StdCelltt0p8v25c
                                                          0.155520  
U102                      INVD1BWP20P90LVT
                                          N16ADFP_StdCelltt0p8v25c
                                                          0.155520  
U103                      INVD1BWP20P90LVT
                                          N16ADFP_StdCelltt0p8v25c
                                                          0.155520  
U104                      INVD1BWP20P90LVT
                                          N16ADFP_StdCelltt0p8v25c
                                                          0.155520  
U105                      INVD1BWP20P90LVT
                                          N16ADFP_StdCelltt0p8v25c
                                                          0.155520  
U106                      INVD1BWP20P90LVT
                                          N16ADFP_StdCelltt0p8v25c
                                                          0.155520  
U107                      INVD1BWP20P90LVT
                                          N16ADFP_StdCelltt0p8v25c
                                                          0.155520  
U108                      INVD1BWP20P90LVT
                                          N16ADFP_StdCelltt0p8v25c
                                                          0.155520  
U109                      INVD1BWP20P90LVT
                                          N16ADFP_StdCelltt0p8v25c
                                                          0.155520  
U110                      INVD1BWP20P90LVT
                                          N16ADFP_StdCelltt0p8v25c
                                                          0.155520  
U111                      INVD1BWP20P90LVT
                                          N16ADFP_StdCelltt0p8v25c
                                                          0.155520  
U112                      INVD1BWP20P90LVT
                                          N16ADFP_StdCelltt0p8v25c
                                                          0.155520  
U113                      INVD1BWP20P90LVT
                                          N16ADFP_StdCelltt0p8v25c
                                                          0.155520  
U114                      INVD1BWP20P90LVT
                                          N16ADFP_StdCelltt0p8v25c
                                                          0.155520  
U115                      INVD1BWP20P90LVT
                                          N16ADFP_StdCelltt0p8v25c
                                                          0.155520  
U116                      INVD1BWP20P90LVT
                                          N16ADFP_StdCelltt0p8v25c
                                                          0.155520  
U117                      INVD1BWP20P90LVT
                                          N16ADFP_StdCelltt0p8v25c
                                                          0.155520  
U118                      INVD1BWP20P90LVT
                                          N16ADFP_StdCelltt0p8v25c
                                                          0.155520  
U119                      INVD1BWP20P90LVT
                                          N16ADFP_StdCelltt0p8v25c
                                                          0.155520  
U120                      INVD1BWP20P90LVT
                                          N16ADFP_StdCelltt0p8v25c
                                                          0.155520  
U121                      INVD1BWP20P90LVT
                                          N16ADFP_StdCelltt0p8v25c
                                                          0.155520  
U122                      INVD1BWP20P90LVT
                                          N16ADFP_StdCelltt0p8v25c
                                                          0.155520  
U123                      INVD1BWP20P90LVT
                                          N16ADFP_StdCelltt0p8v25c
                                                          0.155520  
U124                      NR2D1BWP20P90LVT
                                          N16ADFP_StdCelltt0p8v25c
                                                          0.207360  
U125                      AOI22D1BWP20P90LVT
                                          N16ADFP_StdCelltt0p8v25c
                                                          0.311040  
U126                      OAI21D1BWP20P90LVT
                                          N16ADFP_StdCelltt0p8v25c
                                                          0.259200  
U127                      MAOI22D1BWP20P90LVT
                                          N16ADFP_StdCelltt0p8v25c
                                                          0.466560  
U128                      AO21D1BWP20P90LVT
                                          N16ADFP_StdCelltt0p8v25c
                                                          0.311040  
U129                      ND2D1BWP20P90LVT
                                          N16ADFP_StdCelltt0p8v25c
                                                          0.207360  
U130                      INVD1BWP20P90LVT
                                          N16ADFP_StdCelltt0p8v25c
                                                          0.155520  
U131                      AOI22D1BWP20P90LVT
                                          N16ADFP_StdCelltt0p8v25c
                                                          0.311040  
U132                      OAI21D1BWP20P90LVT
                                          N16ADFP_StdCelltt0p8v25c
                                                          0.259200  
U133                      ND2D1BWP20P90LVT
                                          N16ADFP_StdCelltt0p8v25c
                                                          0.207360  
U134                      NR2D1BWP20P90LVT
                                          N16ADFP_StdCelltt0p8v25c
                                                          0.207360  
U135                      INVD1BWP20P90LVT
                                          N16ADFP_StdCelltt0p8v25c
                                                          0.155520  
U136                      NR3D1BWP20P90LVT
                                          N16ADFP_StdCelltt0p8v25c
                                                          0.259200  
U137                      AOI22D1BWP20P90LVT
                                          N16ADFP_StdCelltt0p8v25c
                                                          0.311040  
U138                      ND2D1BWP20P90LVT
                                          N16ADFP_StdCelltt0p8v25c
                                                          0.207360  
U139                      ND2D1BWP20P90LVT
                                          N16ADFP_StdCelltt0p8v25c
                                                          0.207360  
U140                      AOI33D1BWP20P90LVT
                                          N16ADFP_StdCelltt0p8v25c
                                                          0.414720  
U141                      ND2D1BWP20P90LVT
                                          N16ADFP_StdCelltt0p8v25c
                                                          0.207360  
U142                      OAI21D1BWP20P90LVT
                                          N16ADFP_StdCelltt0p8v25c
                                                          0.259200  
U143                      INVD1BWP20P90LVT
                                          N16ADFP_StdCelltt0p8v25c
                                                          0.155520  
U144                      AOI21D1BWP20P90LVT
                                          N16ADFP_StdCelltt0p8v25c
                                                          0.259200  
U145                      INVD1BWP20P90LVT
                                          N16ADFP_StdCelltt0p8v25c
                                                          0.155520  
U146                      INVD1BWP20P90LVT
                                          N16ADFP_StdCelltt0p8v25c
                                                          0.155520  
U147                      AOI22D1BWP20P90LVT
                                          N16ADFP_StdCelltt0p8v25c
                                                          0.311040  
U148                      ND2D1BWP20P90LVT
                                          N16ADFP_StdCelltt0p8v25c
                                                          0.207360  
U149                      INVD1BWP20P90LVT
                                          N16ADFP_StdCelltt0p8v25c
                                                          0.155520  
U150                      OAI22D1BWP20P90LVT
                                          N16ADFP_StdCelltt0p8v25c
                                                          0.311040  
U151                      AOI21D1BWP20P90LVT
                                          N16ADFP_StdCelltt0p8v25c
                                                          0.259200  
U152                      INVD1BWP20P90LVT
                                          N16ADFP_StdCelltt0p8v25c
                                                          0.155520  
U153                      AOI22D1BWP20P90LVT
                                          N16ADFP_StdCelltt0p8v25c
                                                          0.311040  
U154                      OAI21D1BWP20P90LVT
                                          N16ADFP_StdCelltt0p8v25c
                                                          0.259200  
U155                      ND2D1BWP20P90LVT
                                          N16ADFP_StdCelltt0p8v25c
                                                          0.207360  
U156                      INVD1BWP20P90LVT
                                          N16ADFP_StdCelltt0p8v25c
                                                          0.155520  
U157                      INVD1BWP20P90LVT
                                          N16ADFP_StdCelltt0p8v25c
                                                          0.155520  
U158                      AO21D1BWP20P90LVT
                                          N16ADFP_StdCelltt0p8v25c
                                                          0.311040  
U159                      ND2D1BWP20P90LVT
                                          N16ADFP_StdCelltt0p8v25c
                                                          0.207360  
U160                      OAI21D1BWP20P90LVT
                                          N16ADFP_StdCelltt0p8v25c
                                                          0.259200  
U161                      INVD1BWP20P90LVT
                                          N16ADFP_StdCelltt0p8v25c
                                                          0.155520  
U162                      AOI22D1BWP20P90LVT
                                          N16ADFP_StdCelltt0p8v25c
                                                          0.311040  
U163                      OAI21D1BWP20P90LVT
                                          N16ADFP_StdCelltt0p8v25c
                                                          0.259200  
U164                      INVD1BWP20P90LVT
                                          N16ADFP_StdCelltt0p8v25c
                                                          0.155520  
U165                      AOI22D1BWP20P90LVT
                                          N16ADFP_StdCelltt0p8v25c
                                                          0.311040  
U166                      ND2D1BWP20P90LVT
                                          N16ADFP_StdCelltt0p8v25c
                                                          0.207360  
U167                      INVD1BWP20P90LVT
                                          N16ADFP_StdCelltt0p8v25c
                                                          0.155520  
U168                      INVD1BWP20P90LVT
                                          N16ADFP_StdCelltt0p8v25c
                                                          0.155520  
U169                      AO21D1BWP20P90LVT
                                          N16ADFP_StdCelltt0p8v25c
                                                          0.311040  
U170                      ND2D1BWP20P90LVT
                                          N16ADFP_StdCelltt0p8v25c
                                                          0.207360  
U171                      OAI21D1BWP20P90LVT
                                          N16ADFP_StdCelltt0p8v25c
                                                          0.259200  
U172                      INVD1BWP20P90LVT
                                          N16ADFP_StdCelltt0p8v25c
                                                          0.155520  
U173                      AOI22D1BWP20P90LVT
                                          N16ADFP_StdCelltt0p8v25c
                                                          0.311040  
U174                      ND2D1BWP20P90LVT
                                          N16ADFP_StdCelltt0p8v25c
                                                          0.207360  
U175                      OAI22D1BWP20P90LVT
                                          N16ADFP_StdCelltt0p8v25c
                                                          0.311040  
U176                      AOI21D1BWP20P90LVT
                                          N16ADFP_StdCelltt0p8v25c
                                                          0.259200  
U177                      ND2D1BWP20P90LVT
                                          N16ADFP_StdCelltt0p8v25c
                                                          0.207360  
U178                      INVD1BWP20P90LVT
                                          N16ADFP_StdCelltt0p8v25c
                                                          0.155520  
U179                      INVD1BWP20P90LVT
                                          N16ADFP_StdCelltt0p8v25c
                                                          0.155520  
U180                      AO21D1BWP20P90LVT
                                          N16ADFP_StdCelltt0p8v25c
                                                          0.311040  
U181                      INVD1BWP20P90LVT
                                          N16ADFP_StdCelltt0p8v25c
                                                          0.155520  
U182                      AOI22D1BWP20P90LVT
                                          N16ADFP_StdCelltt0p8v25c
                                                          0.311040  
U183                      OAI21D1BWP20P90LVT
                                          N16ADFP_StdCelltt0p8v25c
                                                          0.259200  
U184                      ND2D1BWP20P90LVT
                                          N16ADFP_StdCelltt0p8v25c
                                                          0.207360  
U185                      OAI21D1BWP20P90LVT
                                          N16ADFP_StdCelltt0p8v25c
                                                          0.259200  
U186                      AOI22D1BWP20P90LVT
                                          N16ADFP_StdCelltt0p8v25c
                                                          0.311040  
U187                      OAI21D1BWP20P90LVT
                                          N16ADFP_StdCelltt0p8v25c
                                                          0.259200  
U188                      ND2D1BWP20P90LVT
                                          N16ADFP_StdCelltt0p8v25c
                                                          0.207360  
U189                      OAI21D1BWP20P90LVT
                                          N16ADFP_StdCelltt0p8v25c
                                                          0.259200  
U190                      ND2D1BWP20P90LVT
                                          N16ADFP_StdCelltt0p8v25c
                                                          0.207360  
U191                      INVD1BWP20P90LVT
                                          N16ADFP_StdCelltt0p8v25c
                                                          0.155520  
U192                      NR3D1BWP20P90LVT
                                          N16ADFP_StdCelltt0p8v25c
                                                          0.259200  
U193                      AO21D1BWP20P90LVT
                                          N16ADFP_StdCelltt0p8v25c
                                                          0.311040  
U194                      ND2D1BWP20P90LVT
                                          N16ADFP_StdCelltt0p8v25c
                                                          0.207360  
U195                      ND2D1BWP20P90LVT
                                          N16ADFP_StdCelltt0p8v25c
                                                          0.207360  
U196                      INVD1BWP20P90LVT
                                          N16ADFP_StdCelltt0p8v25c
                                                          0.155520  
U197                      OAI21D1BWP20P90LVT
                                          N16ADFP_StdCelltt0p8v25c
                                                          0.259200  
U198                      ND2D1BWP20P90LVT
                                          N16ADFP_StdCelltt0p8v25c
                                                          0.207360  
U199                      INVD1BWP20P90LVT
                                          N16ADFP_StdCelltt0p8v25c
                                                          0.155520  
U200                      AOI21D1BWP20P90LVT
                                          N16ADFP_StdCelltt0p8v25c
                                                          0.259200  
U201                      ND2D1BWP20P90LVT
                                          N16ADFP_StdCelltt0p8v25c
                                                          0.207360  
U202                      INVD1BWP20P90LVT
                                          N16ADFP_StdCelltt0p8v25c
                                                          0.155520  
U203                      AOI21D1BWP20P90LVT
                                          N16ADFP_StdCelltt0p8v25c
                                                          0.259200  
U204                      ND2D1BWP20P90LVT
                                          N16ADFP_StdCelltt0p8v25c
                                                          0.207360  
U205                      INVD1BWP20P90LVT
                                          N16ADFP_StdCelltt0p8v25c
                                                          0.155520  
U206                      AOI21D1BWP20P90LVT
                                          N16ADFP_StdCelltt0p8v25c
                                                          0.259200  
U207                      INVD1BWP20P90LVT
                                          N16ADFP_StdCelltt0p8v25c
                                                          0.155520  
U208                      AOI22D1BWP20P90LVT
                                          N16ADFP_StdCelltt0p8v25c
                                                          0.311040  
U209                      ND2D1BWP20P90LVT
                                          N16ADFP_StdCelltt0p8v25c
                                                          0.207360  
U210                      OAI22D1BWP20P90LVT
                                          N16ADFP_StdCelltt0p8v25c
                                                          0.311040  
U211                      AOI21D1BWP20P90LVT
                                          N16ADFP_StdCelltt0p8v25c
                                                          0.259200  
U212                      ND2D1BWP20P90LVT
                                          N16ADFP_StdCelltt0p8v25c
                                                          0.207360  
U213                      ND2D1BWP20P90LVT
                                          N16ADFP_StdCelltt0p8v25c
                                                          0.207360  
U214                      OR2D1BWP20P90LVT
                                          N16ADFP_StdCelltt0p8v25c
                                                          0.259200  
U215                      OR2D1BWP20P90LVT
                                          N16ADFP_StdCelltt0p8v25c
                                                          0.259200  
U216                      AOI22D1BWP20P90LVT
                                          N16ADFP_StdCelltt0p8v25c
                                                          0.311040  
U217                      FA1D1BWP20P90LVT
                                          N16ADFP_StdCelltt0p8v25c
                                                          1.036800  r
U218                      INVD1BWP20P90LVT
                                          N16ADFP_StdCelltt0p8v25c
                                                          0.155520  
U219                      INVD1BWP20P90LVT
                                          N16ADFP_StdCelltt0p8v25c
                                                          0.155520  
U220                      AOI22D1BWP20P90LVT
                                          N16ADFP_StdCelltt0p8v25c
                                                          0.311040  
U221                      ND2D1BWP20P90LVT
                                          N16ADFP_StdCelltt0p8v25c
                                                          0.207360  
U222                      INVD1BWP20P90LVT
                                          N16ADFP_StdCelltt0p8v25c
                                                          0.155520  
U223                      AO21D1BWP20P90LVT
                                          N16ADFP_StdCelltt0p8v25c
                                                          0.311040  
U224                      INVD1BWP20P90LVT
                                          N16ADFP_StdCelltt0p8v25c
                                                          0.155520  
U225                      AOI22D1BWP20P90LVT
                                          N16ADFP_StdCelltt0p8v25c
                                                          0.311040  
U226                      OAI21D1BWP20P90LVT
                                          N16ADFP_StdCelltt0p8v25c
                                                          0.259200  
U227                      ND2D1BWP20P90LVT
                                          N16ADFP_StdCelltt0p8v25c
                                                          0.207360  
U228                      OAI21D1BWP20P90LVT
                                          N16ADFP_StdCelltt0p8v25c
                                                          0.259200  
U229                      ND2D1BWP20P90LVT
                                          N16ADFP_StdCelltt0p8v25c
                                                          0.207360  
U230                      OAI22D1BWP20P90LVT
                                          N16ADFP_StdCelltt0p8v25c
                                                          0.311040  
U231                      AOI21D1BWP20P90LVT
                                          N16ADFP_StdCelltt0p8v25c
                                                          0.259200  
U232                      INVD1BWP20P90LVT
                                          N16ADFP_StdCelltt0p8v25c
                                                          0.155520  
U233                      AOI22D1BWP20P90LVT
                                          N16ADFP_StdCelltt0p8v25c
                                                          0.311040  
U234                      OAI33D1BWP20P90LVT
                                          N16ADFP_StdCelltt0p8v25c
                                                          0.414720  
U235                      AOI22D1BWP20P90LVT
                                          N16ADFP_StdCelltt0p8v25c
                                                          0.311040  
U236                      OAI33D1BWP20P90LVT
                                          N16ADFP_StdCelltt0p8v25c
                                                          0.414720  
U237                      ND2D1BWP20P90LVT
                                          N16ADFP_StdCelltt0p8v25c
                                                          0.207360  
U238                      AOI22D1BWP20P90LVT
                                          N16ADFP_StdCelltt0p8v25c
                                                          0.311040  
U239                      NR3D1BWP20P90LVT
                                          N16ADFP_StdCelltt0p8v25c
                                                          0.259200  
U240                      OAI33D1BWP20P90LVT
                                          N16ADFP_StdCelltt0p8v25c
                                                          0.414720  
U241                      ND2D1BWP20P90LVT
                                          N16ADFP_StdCelltt0p8v25c
                                                          0.207360  
U242                      ND2D1BWP20P90LVT
                                          N16ADFP_StdCelltt0p8v25c
                                                          0.207360  
U243                      AOI22D1BWP20P90LVT
                                          N16ADFP_StdCelltt0p8v25c
                                                          0.311040  
U244                      NR3D1BWP20P90LVT
                                          N16ADFP_StdCelltt0p8v25c
                                                          0.259200  
U245                      NR3D1BWP20P90LVT
                                          N16ADFP_StdCelltt0p8v25c
                                                          0.259200  
U246                      OAI33D1BWP20P90LVT
                                          N16ADFP_StdCelltt0p8v25c
                                                          0.414720  
U247                      FA1D1BWP20P90LVT
                                          N16ADFP_StdCelltt0p8v25c
                                                          1.036800  r
U248                      FA1D1BWP20P90LVT
                                          N16ADFP_StdCelltt0p8v25c
                                                          1.036800  r
U249                      AOI22D1BWP20P90LVT
                                          N16ADFP_StdCelltt0p8v25c
                                                          0.311040  
U250                      OAI33D1BWP20P90LVT
                                          N16ADFP_StdCelltt0p8v25c
                                                          0.414720  
U251                      AOI22D1BWP20P90LVT
                                          N16ADFP_StdCelltt0p8v25c
                                                          0.311040  
U252                      OAI33D1BWP20P90LVT
                                          N16ADFP_StdCelltt0p8v25c
                                                          0.414720  
U253                      FA1D1BWP20P90LVT
                                          N16ADFP_StdCelltt0p8v25c
                                                          1.036800  r
U254                      FA1D1BWP20P90LVT
                                          N16ADFP_StdCelltt0p8v25c
                                                          1.036800  r
U255                      FA1D1BWP20P90LVT
                                          N16ADFP_StdCelltt0p8v25c
                                                          1.036800  r
U256                      ND2D1BWP20P90LVT
                                          N16ADFP_StdCelltt0p8v25c
                                                          0.207360  
U257                      OAI22D1BWP20P90LVT
                                          N16ADFP_StdCelltt0p8v25c
                                                          0.311040  
U258                      AOI21D1BWP20P90LVT
                                          N16ADFP_StdCelltt0p8v25c
                                                          0.259200  
U259                      AOI22D1BWP20P90LVT
                                          N16ADFP_StdCelltt0p8v25c
                                                          0.311040  
U260                      OAI33D1BWP20P90LVT
                                          N16ADFP_StdCelltt0p8v25c
                                                          0.414720  
U261                      FA1D1BWP20P90LVT
                                          N16ADFP_StdCelltt0p8v25c
                                                          1.036800  r
U262                      AOI21D1BWP20P90LVT
                                          N16ADFP_StdCelltt0p8v25c
                                                          0.259200  
U263                      ND2D1BWP20P90LVT
                                          N16ADFP_StdCelltt0p8v25c
                                                          0.207360  
U264                      INVD1BWP20P90LVT
                                          N16ADFP_StdCelltt0p8v25c
                                                          0.155520  
U265                      NR3D1BWP20P90LVT
                                          N16ADFP_StdCelltt0p8v25c
                                                          0.259200  
U266                      OAI33D1BWP20P90LVT
                                          N16ADFP_StdCelltt0p8v25c
                                                          0.414720  
U267                      ND2D1BWP20P90LVT
                                          N16ADFP_StdCelltt0p8v25c
                                                          0.207360  
U268                      AOI22D1BWP20P90LVT
                                          N16ADFP_StdCelltt0p8v25c
                                                          0.311040  
U269                      INVD1BWP20P90LVT
                                          N16ADFP_StdCelltt0p8v25c
                                                          0.155520  
U270                      NR3D1BWP20P90LVT
                                          N16ADFP_StdCelltt0p8v25c
                                                          0.259200  
U271                      OAI33D1BWP20P90LVT
                                          N16ADFP_StdCelltt0p8v25c
                                                          0.414720  
U272                      AOI22D1BWP20P90LVT
                                          N16ADFP_StdCelltt0p8v25c
                                                          0.311040  
U273                      OAI33D1BWP20P90LVT
                                          N16ADFP_StdCelltt0p8v25c
                                                          0.414720  
U274                      ND2D1BWP20P90LVT
                                          N16ADFP_StdCelltt0p8v25c
                                                          0.207360  
U275                      FA1D1BWP20P90LVT
                                          N16ADFP_StdCelltt0p8v25c
                                                          1.036800  r
U276                      AOI22D1BWP20P90LVT
                                          N16ADFP_StdCelltt0p8v25c
                                                          0.311040  
U277                      OAI33D1BWP20P90LVT
                                          N16ADFP_StdCelltt0p8v25c
                                                          0.414720  
U278                      AOI22D1BWP20P90LVT
                                          N16ADFP_StdCelltt0p8v25c
                                                          0.311040  
U279                      OAI33D1BWP20P90LVT
                                          N16ADFP_StdCelltt0p8v25c
                                                          0.414720  
U280                      ND2D1BWP20P90LVT
                                          N16ADFP_StdCelltt0p8v25c
                                                          0.207360  
U281                      AOI22D1BWP20P90LVT
                                          N16ADFP_StdCelltt0p8v25c
                                                          0.311040  
U282                      OAI33D1BWP20P90LVT
                                          N16ADFP_StdCelltt0p8v25c
                                                          0.414720  
U283                      AOI22D1BWP20P90LVT
                                          N16ADFP_StdCelltt0p8v25c
                                                          0.311040  
U284                      OAI33D1BWP20P90LVT
                                          N16ADFP_StdCelltt0p8v25c
                                                          0.414720  
U285                      ND2D1BWP20P90LVT
                                          N16ADFP_StdCelltt0p8v25c
                                                          0.207360  
U286                      AOI22D1BWP20P90LVT
                                          N16ADFP_StdCelltt0p8v25c
                                                          0.311040  
U287                      NR3D1BWP20P90LVT
                                          N16ADFP_StdCelltt0p8v25c
                                                          0.259200  
U288                      OAI33D1BWP20P90LVT
                                          N16ADFP_StdCelltt0p8v25c
                                                          0.414720  
U289                      ND2D1BWP20P90LVT
                                          N16ADFP_StdCelltt0p8v25c
                                                          0.207360  
U290                      AOI22D1BWP20P90LVT
                                          N16ADFP_StdCelltt0p8v25c
                                                          0.311040  
U291                      NR3D1BWP20P90LVT
                                          N16ADFP_StdCelltt0p8v25c
                                                          0.259200  
U292                      OAI33D1BWP20P90LVT
                                          N16ADFP_StdCelltt0p8v25c
                                                          0.414720  
U293                      FA1D1BWP20P90LVT
                                          N16ADFP_StdCelltt0p8v25c
                                                          1.036800  r
U294                      AOI22D1BWP20P90LVT
                                          N16ADFP_StdCelltt0p8v25c
                                                          0.311040  
U295                      OAI33D1BWP20P90LVT
                                          N16ADFP_StdCelltt0p8v25c
                                                          0.414720  
U296                      AOI22D1BWP20P90LVT
                                          N16ADFP_StdCelltt0p8v25c
                                                          0.311040  
U297                      OAI33D1BWP20P90LVT
                                          N16ADFP_StdCelltt0p8v25c
                                                          0.414720  
U298                      AOI22D1BWP20P90LVT
                                          N16ADFP_StdCelltt0p8v25c
                                                          0.311040  
U299                      OAI33D1BWP20P90LVT
                                          N16ADFP_StdCelltt0p8v25c
                                                          0.414720  
U300                      AOI22D1BWP20P90LVT
                                          N16ADFP_StdCelltt0p8v25c
                                                          0.311040  
U301                      OAI33D1BWP20P90LVT
                                          N16ADFP_StdCelltt0p8v25c
                                                          0.414720  
U302                      AOI22D1BWP20P90LVT
                                          N16ADFP_StdCelltt0p8v25c
                                                          0.311040  
U303                      OAI33D1BWP20P90LVT
                                          N16ADFP_StdCelltt0p8v25c
                                                          0.414720  
U304                      FA1D1BWP20P90LVT
                                          N16ADFP_StdCelltt0p8v25c
                                                          1.036800  r
U305                      AOI22D1BWP20P90LVT
                                          N16ADFP_StdCelltt0p8v25c
                                                          0.311040  
U306                      OAI33D1BWP20P90LVT
                                          N16ADFP_StdCelltt0p8v25c
                                                          0.414720  
U307                      AOI22D1BWP20P90LVT
                                          N16ADFP_StdCelltt0p8v25c
                                                          0.311040  
U308                      OAI33D1BWP20P90LVT
                                          N16ADFP_StdCelltt0p8v25c
                                                          0.414720  
U309                      AOI22D1BWP20P90LVT
                                          N16ADFP_StdCelltt0p8v25c
                                                          0.311040  
U310                      OAI33D1BWP20P90LVT
                                          N16ADFP_StdCelltt0p8v25c
                                                          0.414720  
U311                      AOI22D1BWP20P90LVT
                                          N16ADFP_StdCelltt0p8v25c
                                                          0.311040  
U312                      OAI33D1BWP20P90LVT
                                          N16ADFP_StdCelltt0p8v25c
                                                          0.414720  
U313                      AOI22D1BWP20P90LVT
                                          N16ADFP_StdCelltt0p8v25c
                                                          0.311040  
U314                      OAI33D1BWP20P90LVT
                                          N16ADFP_StdCelltt0p8v25c
                                                          0.414720  
U315                      AOI22D1BWP20P90LVT
                                          N16ADFP_StdCelltt0p8v25c
                                                          0.311040  
U316                      OAI33D1BWP20P90LVT
                                          N16ADFP_StdCelltt0p8v25c
                                                          0.414720  
U317                      FA1D1BWP20P90LVT
                                          N16ADFP_StdCelltt0p8v25c
                                                          1.036800  r
U318                      AOI22D1BWP20P90LVT
                                          N16ADFP_StdCelltt0p8v25c
                                                          0.311040  
U319                      OAI33D1BWP20P90LVT
                                          N16ADFP_StdCelltt0p8v25c
                                                          0.414720  
U320                      ND2D1BWP20P90LVT
                                          N16ADFP_StdCelltt0p8v25c
                                                          0.207360  
U321                      AOI22D1BWP20P90LVT
                                          N16ADFP_StdCelltt0p8v25c
                                                          0.311040  
U322                      OAI33D1BWP20P90LVT
                                          N16ADFP_StdCelltt0p8v25c
                                                          0.414720  
U323                      AOI22D1BWP20P90LVT
                                          N16ADFP_StdCelltt0p8v25c
                                                          0.311040  
U324                      OAI33D1BWP20P90LVT
                                          N16ADFP_StdCelltt0p8v25c
                                                          0.414720  
U325                      AOI22D1BWP20P90LVT
                                          N16ADFP_StdCelltt0p8v25c
                                                          0.311040  
U326                      OAI33D1BWP20P90LVT
                                          N16ADFP_StdCelltt0p8v25c
                                                          0.414720  
U327                      FA1D1BWP20P90LVT
                                          N16ADFP_StdCelltt0p8v25c
                                                          1.036800  r
U328                      FA1D1BWP20P90LVT
                                          N16ADFP_StdCelltt0p8v25c
                                                          1.036800  r
U329                      NR2D1BWP20P90LVT
                                          N16ADFP_StdCelltt0p8v25c
                                                          0.207360  
U330                      OAI33D1BWP20P90LVT
                                          N16ADFP_StdCelltt0p8v25c
                                                          0.414720  
U331                      FA1D1BWP20P90LVT
                                          N16ADFP_StdCelltt0p8v25c
                                                          1.036800  r
U332                      AOI22D1BWP20P90LVT
                                          N16ADFP_StdCelltt0p8v25c
                                                          0.311040  
U333                      AOAI211D1BWP20P90LVT
                                          N16ADFP_StdCelltt0p8v25c
                                                          0.414720  
U334                      AOI31D1BWP20P90LVT
                                          N16ADFP_StdCelltt0p8v25c
                                                          0.311040  
U335                      FA1D1BWP20P90LVT
                                          N16ADFP_StdCelltt0p8v25c
                                                          1.036800  r
U336                      AOI22D1BWP20P90LVT
                                          N16ADFP_StdCelltt0p8v25c
                                                          0.311040  
U337                      OAI33D1BWP20P90LVT
                                          N16ADFP_StdCelltt0p8v25c
                                                          0.414720  
U338                      OAI33D1BWP20P90LVT
                                          N16ADFP_StdCelltt0p8v25c
                                                          0.414720  
U339                      AOI22D1BWP20P90LVT
                                          N16ADFP_StdCelltt0p8v25c
                                                          0.311040  
U340                      OAI33D1BWP20P90LVT
                                          N16ADFP_StdCelltt0p8v25c
                                                          0.414720  
U341                      AOI22D1BWP20P90LVT
                                          N16ADFP_StdCelltt0p8v25c
                                                          0.311040  
U342                      OAI33D1BWP20P90LVT
                                          N16ADFP_StdCelltt0p8v25c
                                                          0.414720  
U343                      ND2D1BWP20P90LVT
                                          N16ADFP_StdCelltt0p8v25c
                                                          0.207360  
U344                      FA1D1BWP20P90LVT
                                          N16ADFP_StdCelltt0p8v25c
                                                          1.036800  r
U345                      AOI22D1BWP20P90LVT
                                          N16ADFP_StdCelltt0p8v25c
                                                          0.311040  
U346                      OAI33D1BWP20P90LVT
                                          N16ADFP_StdCelltt0p8v25c
                                                          0.414720  
U347                      AOI22D1BWP20P90LVT
                                          N16ADFP_StdCelltt0p8v25c
                                                          0.311040  
U348                      OAI33D1BWP20P90LVT
                                          N16ADFP_StdCelltt0p8v25c
                                                          0.414720  
U349                      AOI22D1BWP20P90LVT
                                          N16ADFP_StdCelltt0p8v25c
                                                          0.311040  
U350                      OAI33D1BWP20P90LVT
                                          N16ADFP_StdCelltt0p8v25c
                                                          0.414720  
U351                      AOI22D1BWP20P90LVT
                                          N16ADFP_StdCelltt0p8v25c
                                                          0.311040  
U352                      OAI33D1BWP20P90LVT
                                          N16ADFP_StdCelltt0p8v25c
                                                          0.414720  
U353                      ND2D1BWP20P90LVT
                                          N16ADFP_StdCelltt0p8v25c
                                                          0.207360  
U354                      FA1D1BWP20P90LVT
                                          N16ADFP_StdCelltt0p8v25c
                                                          1.036800  r
U355                      OAI33D1BWP20P90LVT
                                          N16ADFP_StdCelltt0p8v25c
                                                          0.414720  
U356                      AOI22D1BWP20P90LVT
                                          N16ADFP_StdCelltt0p8v25c
                                                          0.311040  
U357                      OAI33D1BWP20P90LVT
                                          N16ADFP_StdCelltt0p8v25c
                                                          0.414720  
U358                      AOI22D1BWP20P90LVT
                                          N16ADFP_StdCelltt0p8v25c
                                                          0.311040  
U359                      OAI33D1BWP20P90LVT
                                          N16ADFP_StdCelltt0p8v25c
                                                          0.414720  
U360                      AOI22D1BWP20P90LVT
                                          N16ADFP_StdCelltt0p8v25c
                                                          0.311040  
U361                      OAI33D1BWP20P90LVT
                                          N16ADFP_StdCelltt0p8v25c
                                                          0.414720  
U362                      AOI22D1BWP20P90LVT
                                          N16ADFP_StdCelltt0p8v25c
                                                          0.311040  
U363                      OAI33D1BWP20P90LVT
                                          N16ADFP_StdCelltt0p8v25c
                                                          0.414720  
U364                      AOI22D1BWP20P90LVT
                                          N16ADFP_StdCelltt0p8v25c
                                                          0.311040  
U365                      OAI33D1BWP20P90LVT
                                          N16ADFP_StdCelltt0p8v25c
                                                          0.414720  
U366                      AOI22D1BWP20P90LVT
                                          N16ADFP_StdCelltt0p8v25c
                                                          0.311040  
U367                      OAI33D1BWP20P90LVT
                                          N16ADFP_StdCelltt0p8v25c
                                                          0.414720  
U368                      ND2D1BWP20P90LVT
                                          N16ADFP_StdCelltt0p8v25c
                                                          0.207360  
U369                      AOI22D1BWP20P90LVT
                                          N16ADFP_StdCelltt0p8v25c
                                                          0.311040  
U370                      OAI33D1BWP20P90LVT
                                          N16ADFP_StdCelltt0p8v25c
                                                          0.414720  
U371                      ND2D1BWP20P90LVT
                                          N16ADFP_StdCelltt0p8v25c
                                                          0.207360  
U372                      FA1D1BWP20P90LVT
                                          N16ADFP_StdCelltt0p8v25c
                                                          1.036800  r
U373                      FA1D1BWP20P90LVT
                                          N16ADFP_StdCelltt0p8v25c
                                                          1.036800  r
U374                      INVD1BWP20P90LVT
                                          N16ADFP_StdCelltt0p8v25c
                                                          0.155520  
U375                      OAI33D1BWP20P90LVT
                                          N16ADFP_StdCelltt0p8v25c
                                                          0.414720  
U376                      AOI22D1BWP20P90LVT
                                          N16ADFP_StdCelltt0p8v25c
                                                          0.311040  
U377                      OAI33D1BWP20P90LVT
                                          N16ADFP_StdCelltt0p8v25c
                                                          0.414720  
U378                      FA1D1BWP20P90LVT
                                          N16ADFP_StdCelltt0p8v25c
                                                          1.036800  r
U379                      AOI22D1BWP20P90LVT
                                          N16ADFP_StdCelltt0p8v25c
                                                          0.311040  
U380                      OAI33D1BWP20P90LVT
                                          N16ADFP_StdCelltt0p8v25c
                                                          0.414720  
U381                      AOI22D1BWP20P90LVT
                                          N16ADFP_StdCelltt0p8v25c
                                                          0.311040  
U382                      OAI33D1BWP20P90LVT
                                          N16ADFP_StdCelltt0p8v25c
                                                          0.414720  
U383                      AOI22D1BWP20P90LVT
                                          N16ADFP_StdCelltt0p8v25c
                                                          0.311040  
U384                      OAI33D1BWP20P90LVT
                                          N16ADFP_StdCelltt0p8v25c
                                                          0.414720  
U385                      AOI22D1BWP20P90LVT
                                          N16ADFP_StdCelltt0p8v25c
                                                          0.311040  
U386                      OAI33D1BWP20P90LVT
                                          N16ADFP_StdCelltt0p8v25c
                                                          0.414720  
U387                      AOI22D1BWP20P90LVT
                                          N16ADFP_StdCelltt0p8v25c
                                                          0.311040  
U388                      OAI33D1BWP20P90LVT
                                          N16ADFP_StdCelltt0p8v25c
                                                          0.414720  
U389                      AOI22D1BWP20P90LVT
                                          N16ADFP_StdCelltt0p8v25c
                                                          0.311040  
U390                      OAI33D1BWP20P90LVT
                                          N16ADFP_StdCelltt0p8v25c
                                                          0.414720  
U391                      FA1D1BWP20P90LVT
                                          N16ADFP_StdCelltt0p8v25c
                                                          1.036800  r
U392                      ND2D1BWP20P90LVT
                                          N16ADFP_StdCelltt0p8v25c
                                                          0.207360  
U393                      AOI22D1BWP20P90LVT
                                          N16ADFP_StdCelltt0p8v25c
                                                          0.311040  
U394                      OAI33D1BWP20P90LVT
                                          N16ADFP_StdCelltt0p8v25c
                                                          0.414720  
U395                      ND2D1BWP20P90LVT
                                          N16ADFP_StdCelltt0p8v25c
                                                          0.207360  
U396                      FA1D1BWP20P90LVT
                                          N16ADFP_StdCelltt0p8v25c
                                                          1.036800  r
U397                      AOI22D1BWP20P90LVT
                                          N16ADFP_StdCelltt0p8v25c
                                                          0.311040  
U398                      OAI33D1BWP20P90LVT
                                          N16ADFP_StdCelltt0p8v25c
                                                          0.414720  
U399                      AOI22D1BWP20P90LVT
                                          N16ADFP_StdCelltt0p8v25c
                                                          0.311040  
U400                      OAI33D1BWP20P90LVT
                                          N16ADFP_StdCelltt0p8v25c
                                                          0.414720  
U401                      AOI22D1BWP20P90LVT
                                          N16ADFP_StdCelltt0p8v25c
                                                          0.311040  
U402                      OAI33D1BWP20P90LVT
                                          N16ADFP_StdCelltt0p8v25c
                                                          0.414720  
U403                      AOI22D1BWP20P90LVT
                                          N16ADFP_StdCelltt0p8v25c
                                                          0.311040  
U404                      OAI33D1BWP20P90LVT
                                          N16ADFP_StdCelltt0p8v25c
                                                          0.414720  
U405                      AOI21D1BWP20P90LVT
                                          N16ADFP_StdCelltt0p8v25c
                                                          0.259200  
U406                      INVD1BWP20P90LVT
                                          N16ADFP_StdCelltt0p8v25c
                                                          0.155520  
U407                      INVD1BWP20P90LVT
                                          N16ADFP_StdCelltt0p8v25c
                                                          0.155520  
U408                      OAI33D1BWP20P90LVT
                                          N16ADFP_StdCelltt0p8v25c
                                                          0.414720  
U409                      AOI22D1BWP20P90LVT
                                          N16ADFP_StdCelltt0p8v25c
                                                          0.311040  
U410                      OAI33D1BWP20P90LVT
                                          N16ADFP_StdCelltt0p8v25c
                                                          0.414720  
U411                      FA1D1BWP20P90LVT
                                          N16ADFP_StdCelltt0p8v25c
                                                          1.036800  r
U412                      FA1D1BWP20P90LVT
                                          N16ADFP_StdCelltt0p8v25c
                                                          1.036800  r
U413                      AOI22D1BWP20P90LVT
                                          N16ADFP_StdCelltt0p8v25c
                                                          0.311040  
U414                      OAI33D1BWP20P90LVT
                                          N16ADFP_StdCelltt0p8v25c
                                                          0.414720  
U415                      AOI22D1BWP20P90LVT
                                          N16ADFP_StdCelltt0p8v25c
                                                          0.311040  
U416                      OAI33D1BWP20P90LVT
                                          N16ADFP_StdCelltt0p8v25c
                                                          0.414720  
U417                      AN2D1BWP20P90LVT
                                          N16ADFP_StdCelltt0p8v25c
                                                          0.259200  
U418                      AOI22D1BWP20P90LVT
                                          N16ADFP_StdCelltt0p8v25c
                                                          0.311040  
U419                      OAI33D1BWP20P90LVT
                                          N16ADFP_StdCelltt0p8v25c
                                                          0.414720  
U420                      FA1D1BWP20P90LVT
                                          N16ADFP_StdCelltt0p8v25c
                                                          1.036800  r
U421                      FA1D1BWP20P90LVT
                                          N16ADFP_StdCelltt0p8v25c
                                                          1.036800  r
U422                      FA1D1BWP20P90LVT
                                          N16ADFP_StdCelltt0p8v25c
                                                          1.036800  r
U423                      OAI33D1BWP20P90LVT
                                          N16ADFP_StdCelltt0p8v25c
                                                          0.414720  
U424                      ND2D1BWP20P90LVT
                                          N16ADFP_StdCelltt0p8v25c
                                                          0.207360  
U425                      AOI22D1BWP20P90LVT
                                          N16ADFP_StdCelltt0p8v25c
                                                          0.311040  
U426                      OAI33D1BWP20P90LVT
                                          N16ADFP_StdCelltt0p8v25c
                                                          0.414720  
U427                      AOI22D1BWP20P90LVT
                                          N16ADFP_StdCelltt0p8v25c
                                                          0.311040  
U428                      OAI33D1BWP20P90LVT
                                          N16ADFP_StdCelltt0p8v25c
                                                          0.414720  
U429                      FA1D1BWP20P90LVT
                                          N16ADFP_StdCelltt0p8v25c
                                                          1.036800  r
U430                      FA1D1BWP20P90LVT
                                          N16ADFP_StdCelltt0p8v25c
                                                          1.036800  r
U431                      AOI22D1BWP20P90LVT
                                          N16ADFP_StdCelltt0p8v25c
                                                          0.311040  
U432                      OAI33D1BWP20P90LVT
                                          N16ADFP_StdCelltt0p8v25c
                                                          0.414720  
U433                      FA1D1BWP20P90LVT
                                          N16ADFP_StdCelltt0p8v25c
                                                          1.036800  r
U434                      FA1D1BWP20P90LVT
                                          N16ADFP_StdCelltt0p8v25c
                                                          1.036800  r
U435                      AOI22D1BWP20P90LVT
                                          N16ADFP_StdCelltt0p8v25c
                                                          0.311040  
U436                      OAI33D1BWP20P90LVT
                                          N16ADFP_StdCelltt0p8v25c
                                                          0.414720  
U437                      AOI22D1BWP20P90LVT
                                          N16ADFP_StdCelltt0p8v25c
                                                          0.311040  
U438                      OAI33D1BWP20P90LVT
                                          N16ADFP_StdCelltt0p8v25c
                                                          0.414720  
U439                      AOI22D1BWP20P90LVT
                                          N16ADFP_StdCelltt0p8v25c
                                                          0.311040  
U440                      OAI33D1BWP20P90LVT
                                          N16ADFP_StdCelltt0p8v25c
                                                          0.414720  
U441                      FA1D1BWP20P90LVT
                                          N16ADFP_StdCelltt0p8v25c
                                                          1.036800  r
U442                      FA1D1BWP20P90LVT
                                          N16ADFP_StdCelltt0p8v25c
                                                          1.036800  r
U443                      AOI22D1BWP20P90LVT
                                          N16ADFP_StdCelltt0p8v25c
                                                          0.311040  
U444                      OAI33D1BWP20P90LVT
                                          N16ADFP_StdCelltt0p8v25c
                                                          0.414720  
U445                      OAI33D1BWP20P90LVT
                                          N16ADFP_StdCelltt0p8v25c
                                                          0.414720  
U446                      AOI22D1BWP20P90LVT
                                          N16ADFP_StdCelltt0p8v25c
                                                          0.311040  
U447                      AOI21D1BWP20P90LVT
                                          N16ADFP_StdCelltt0p8v25c
                                                          0.259200  
U448                      AOI22D1BWP20P90LVT
                                          N16ADFP_StdCelltt0p8v25c
                                                          0.311040  
U449                      OAI33D1BWP20P90LVT
                                          N16ADFP_StdCelltt0p8v25c
                                                          0.414720  
U450                      FA1D1BWP20P90LVT
                                          N16ADFP_StdCelltt0p8v25c
                                                          1.036800  r
U451                      AOI22D1BWP20P90LVT
                                          N16ADFP_StdCelltt0p8v25c
                                                          0.311040  
U452                      OAI33D1BWP20P90LVT
                                          N16ADFP_StdCelltt0p8v25c
                                                          0.414720  
U453                      AOI22D1BWP20P90LVT
                                          N16ADFP_StdCelltt0p8v25c
                                                          0.311040  
U454                      OAI33D1BWP20P90LVT
                                          N16ADFP_StdCelltt0p8v25c
                                                          0.414720  
U455                      AOI22D1BWP20P90LVT
                                          N16ADFP_StdCelltt0p8v25c
                                                          0.311040  
U456                      OAI33D1BWP20P90LVT
                                          N16ADFP_StdCelltt0p8v25c
                                                          0.414720  
U457                      ND2D1BWP20P90LVT
                                          N16ADFP_StdCelltt0p8v25c
                                                          0.207360  
U458                      OAI22D1BWP20P90LVT
                                          N16ADFP_StdCelltt0p8v25c
                                                          0.311040  
U459                      AOI21D1BWP20P90LVT
                                          N16ADFP_StdCelltt0p8v25c
                                                          0.259200  
U460                      AOI22D1BWP20P90LVT
                                          N16ADFP_StdCelltt0p8v25c
                                                          0.311040  
U461                      OAI33D1BWP20P90LVT
                                          N16ADFP_StdCelltt0p8v25c
                                                          0.414720  
U462                      OAI21D1BWP20P90LVT
                                          N16ADFP_StdCelltt0p8v25c
                                                          0.259200  
U463                      AOI22D1BWP20P90LVT
                                          N16ADFP_StdCelltt0p8v25c
                                                          0.311040  
U464                      OAI33D1BWP20P90LVT
                                          N16ADFP_StdCelltt0p8v25c
                                                          0.414720  
U465                      FA1D1BWP20P90LVT
                                          N16ADFP_StdCelltt0p8v25c
                                                          1.036800  r
U466                      FA1D1BWP20P90LVT
                                          N16ADFP_StdCelltt0p8v25c
                                                          1.036800  r
U467                      AOI22D1BWP20P90LVT
                                          N16ADFP_StdCelltt0p8v25c
                                                          0.311040  
U468                      OAI33D1BWP20P90LVT
                                          N16ADFP_StdCelltt0p8v25c
                                                          0.414720  
U469                      AOI22D1BWP20P90LVT
                                          N16ADFP_StdCelltt0p8v25c
                                                          0.311040  
U470                      OAI33D1BWP20P90LVT
                                          N16ADFP_StdCelltt0p8v25c
                                                          0.414720  
U471                      AOI22D1BWP20P90LVT
                                          N16ADFP_StdCelltt0p8v25c
                                                          0.311040  
U472                      OAI33D1BWP20P90LVT
                                          N16ADFP_StdCelltt0p8v25c
                                                          0.414720  
U473                      AOI22D1BWP20P90LVT
                                          N16ADFP_StdCelltt0p8v25c
                                                          0.311040  
U474                      OAI33D1BWP20P90LVT
                                          N16ADFP_StdCelltt0p8v25c
                                                          0.414720  
U475                      AOI22D1BWP20P90LVT
                                          N16ADFP_StdCelltt0p8v25c
                                                          0.311040  
U476                      OAI33D1BWP20P90LVT
                                          N16ADFP_StdCelltt0p8v25c
                                                          0.414720  
U477                      AOI22D1BWP20P90LVT
                                          N16ADFP_StdCelltt0p8v25c
                                                          0.311040  
U478                      OAI33D1BWP20P90LVT
                                          N16ADFP_StdCelltt0p8v25c
                                                          0.414720  
U479                      FA1D1BWP20P90LVT
                                          N16ADFP_StdCelltt0p8v25c
                                                          1.036800  r
U480                      AOI22D1BWP20P90LVT
                                          N16ADFP_StdCelltt0p8v25c
                                                          0.311040  
U481                      OAI33D1BWP20P90LVT
                                          N16ADFP_StdCelltt0p8v25c
                                                          0.414720  
U482                      AOI22D1BWP20P90LVT
                                          N16ADFP_StdCelltt0p8v25c
                                                          0.311040  
U483                      OAI33D1BWP20P90LVT
                                          N16ADFP_StdCelltt0p8v25c
                                                          0.414720  
U484                      AOI22D1BWP20P90LVT
                                          N16ADFP_StdCelltt0p8v25c
                                                          0.311040  
U485                      OAI33D1BWP20P90LVT
                                          N16ADFP_StdCelltt0p8v25c
                                                          0.414720  
U486                      FA1D1BWP20P90LVT
                                          N16ADFP_StdCelltt0p8v25c
                                                          1.036800  r
U487                      AOI22D1BWP20P90LVT
                                          N16ADFP_StdCelltt0p8v25c
                                                          0.311040  
U488                      OAI33D1BWP20P90LVT
                                          N16ADFP_StdCelltt0p8v25c
                                                          0.414720  
U489                      AOI22D1BWP20P90LVT
                                          N16ADFP_StdCelltt0p8v25c
                                                          0.311040  
U490                      OAI33D1BWP20P90LVT
                                          N16ADFP_StdCelltt0p8v25c
                                                          0.414720  
U491                      AOI22D1BWP20P90LVT
                                          N16ADFP_StdCelltt0p8v25c
                                                          0.311040  
U492                      OAI33D1BWP20P90LVT
                                          N16ADFP_StdCelltt0p8v25c
                                                          0.414720  
U493                      AOI22D1BWP20P90LVT
                                          N16ADFP_StdCelltt0p8v25c
                                                          0.311040  
U494                      OAI33D1BWP20P90LVT
                                          N16ADFP_StdCelltt0p8v25c
                                                          0.414720  
U495                      AOI22D1BWP20P90LVT
                                          N16ADFP_StdCelltt0p8v25c
                                                          0.311040  
U496                      OAI33D1BWP20P90LVT
                                          N16ADFP_StdCelltt0p8v25c
                                                          0.414720  
U497                      AOI22D1BWP20P90LVT
                                          N16ADFP_StdCelltt0p8v25c
                                                          0.311040  
U498                      OAI33D1BWP20P90LVT
                                          N16ADFP_StdCelltt0p8v25c
                                                          0.414720  
U499                      AOI22D1BWP20P90LVT
                                          N16ADFP_StdCelltt0p8v25c
                                                          0.311040  
U500                      OAI33D1BWP20P90LVT
                                          N16ADFP_StdCelltt0p8v25c
                                                          0.414720  
U501                      AOI22D1BWP20P90LVT
                                          N16ADFP_StdCelltt0p8v25c
                                                          0.311040  
U502                      OAI33D1BWP20P90LVT
                                          N16ADFP_StdCelltt0p8v25c
                                                          0.414720  
U503                      AOI22D1BWP20P90LVT
                                          N16ADFP_StdCelltt0p8v25c
                                                          0.311040  
U504                      OAI33D1BWP20P90LVT
                                          N16ADFP_StdCelltt0p8v25c
                                                          0.414720  
U505                      FA1D1BWP20P90LVT
                                          N16ADFP_StdCelltt0p8v25c
                                                          1.036800  r
U506                      AOI22D1BWP20P90LVT
                                          N16ADFP_StdCelltt0p8v25c
                                                          0.311040  
U507                      OAI33D1BWP20P90LVT
                                          N16ADFP_StdCelltt0p8v25c
                                                          0.414720  
U508                      AOI22D1BWP20P90LVT
                                          N16ADFP_StdCelltt0p8v25c
                                                          0.311040  
U509                      OAI33D1BWP20P90LVT
                                          N16ADFP_StdCelltt0p8v25c
                                                          0.414720  
U510                      AOI22D1BWP20P90LVT
                                          N16ADFP_StdCelltt0p8v25c
                                                          0.311040  
U511                      OAI33D1BWP20P90LVT
                                          N16ADFP_StdCelltt0p8v25c
                                                          0.414720  
U512                      AOI22D1BWP20P90LVT
                                          N16ADFP_StdCelltt0p8v25c
                                                          0.311040  
U513                      OAI33D1BWP20P90LVT
                                          N16ADFP_StdCelltt0p8v25c
                                                          0.414720  
U514                      AOI22D1BWP20P90LVT
                                          N16ADFP_StdCelltt0p8v25c
                                                          0.311040  
U515                      OAI33D1BWP20P90LVT
                                          N16ADFP_StdCelltt0p8v25c
                                                          0.414720  
U516                      AOI22D1BWP20P90LVT
                                          N16ADFP_StdCelltt0p8v25c
                                                          0.311040  
U517                      OAI33D1BWP20P90LVT
                                          N16ADFP_StdCelltt0p8v25c
                                                          0.414720  
U518                      AOI22D1BWP20P90LVT
                                          N16ADFP_StdCelltt0p8v25c
                                                          0.311040  
U519                      OAI33D1BWP20P90LVT
                                          N16ADFP_StdCelltt0p8v25c
                                                          0.414720  
U520                      AOI22D1BWP20P90LVT
                                          N16ADFP_StdCelltt0p8v25c
                                                          0.311040  
U521                      OAI33D1BWP20P90LVT
                                          N16ADFP_StdCelltt0p8v25c
                                                          0.414720  
U522                      AOI22D1BWP20P90LVT
                                          N16ADFP_StdCelltt0p8v25c
                                                          0.311040  
U523                      OAI33D1BWP20P90LVT
                                          N16ADFP_StdCelltt0p8v25c
                                                          0.414720  
U524                      AOI22D1BWP20P90LVT
                                          N16ADFP_StdCelltt0p8v25c
                                                          0.311040  
U525                      OAI21D1BWP20P90LVT
                                          N16ADFP_StdCelltt0p8v25c
                                                          0.259200  
U526                      AO21D1BWP20P90LVT
                                          N16ADFP_StdCelltt0p8v25c
                                                          0.311040  
U527                      ND2D1BWP20P90LVT
                                          N16ADFP_StdCelltt0p8v25c
                                                          0.207360  
U528                      FA1D1BWP20P90LVT
                                          N16ADFP_StdCelltt0p8v25c
                                                          1.036800  r
U529                      FA1D1BWP20P90LVT
                                          N16ADFP_StdCelltt0p8v25c
                                                          1.036800  r
U530                      OAI21D1BWP20P90LVT
                                          N16ADFP_StdCelltt0p8v25c
                                                          0.259200  
U531                      AOI22D1BWP20P90LVT
                                          N16ADFP_StdCelltt0p8v25c
                                                          0.311040  
U532                      OAI33D1BWP20P90LVT
                                          N16ADFP_StdCelltt0p8v25c
                                                          0.414720  
U533                      AOI22D1BWP20P90LVT
                                          N16ADFP_StdCelltt0p8v25c
                                                          0.311040  
U534                      OAI33D1BWP20P90LVT
                                          N16ADFP_StdCelltt0p8v25c
                                                          0.414720  
U535                      FA1D1BWP20P90LVT
                                          N16ADFP_StdCelltt0p8v25c
                                                          1.036800  r
U536                      OA21D1BWP20P90LVT
                                          N16ADFP_StdCelltt0p8v25c
                                                          0.311040  
U537                      FA1D4BWP20P90LVT
                                          N16ADFP_StdCelltt0p8v25c
                                                          1.658880  mo, r
U538                      FA1D4BWP20P90LVT
                                          N16ADFP_StdCelltt0p8v25c
                                                          1.658880  mo, r
U539                      FA1D4BWP20P90LVT
                                          N16ADFP_StdCelltt0p8v25c
                                                          1.658880  mo, r
U540                      FA1D4BWP20P90LVT
                                          N16ADFP_StdCelltt0p8v25c
                                                          1.658880  mo, r
U541                      FA1D4BWP20P90LVT
                                          N16ADFP_StdCelltt0p8v25c
                                                          1.658880  mo, r
U542                      FA1D4BWP20P90LVT
                                          N16ADFP_StdCelltt0p8v25c
                                                          1.658880  mo, r
U543                      FA1D4BWP20P90LVT
                                          N16ADFP_StdCelltt0p8v25c
                                                          1.658880  mo, r
U544                      FA1D4BWP20P90LVT
                                          N16ADFP_StdCelltt0p8v25c
                                                          1.658880  mo, r
U545                      FA1D4BWP20P90LVT
                                          N16ADFP_StdCelltt0p8v25c
                                                          1.658880  mo, r
U546                      FA1D4BWP20P90LVT
                                          N16ADFP_StdCelltt0p8v25c
                                                          1.658880  mo, r
U547                      FA1D4BWP20P90LVT
                                          N16ADFP_StdCelltt0p8v25c
                                                          1.658880  mo, r
U548                      FA1D4BWP20P90LVT
                                          N16ADFP_StdCelltt0p8v25c
                                                          1.658880  mo, r
U549                      FA1D1BWP20P90LVT
                                          N16ADFP_StdCelltt0p8v25c
                                                          1.036800  mo, r
U550                      FA1D1BWP20P90LVT
                                          N16ADFP_StdCelltt0p8v25c
                                                          1.036800  mo, r
U551                      FA1D1BWP20P90LVT
                                          N16ADFP_StdCelltt0p8v25c
                                                          1.036800  mo, r
U552                      FA1D1BWP20P90LVT
                                          N16ADFP_StdCelltt0p8v25c
                                                          1.036800  mo, r
U553                      FA1D1BWP20P90LVT
                                          N16ADFP_StdCelltt0p8v25c
                                                          1.036800  mo, r
intadd_0/U2               FA1D2BWP20P90LVT
                                          N16ADFP_StdCelltt0p8v25c
                                                          1.088640  mo, r
intadd_0/U16              FA1D4BWP20P90LVT
                                          N16ADFP_StdCelltt0p8v25c
                                                          1.658880  mo, r
intadd_0/U17              FA1D4BWP20P90LVT
                                          N16ADFP_StdCelltt0p8v25c
                                                          1.658880  mo, r
intadd_0/U25              FA1D1BWP20P90LVT
                                          N16ADFP_StdCelltt0p8v25c
                                                          1.036800  mo, r
intadd_0/U26              FA1D2BWP20P90LVT
                                          N16ADFP_StdCelltt0p8v25c
                                                          1.088640  mo, r
intadd_0/U27              FA1D2BWP20P90LVT
                                          N16ADFP_StdCelltt0p8v25c
                                                          1.088640  mo, r
intadd_0/U28              FA1D2BWP20P90LVT
                                          N16ADFP_StdCelltt0p8v25c
                                                          1.088640  mo, r
intadd_0/U29              FA1D2BWP20P90LVT
                                          N16ADFP_StdCelltt0p8v25c
                                                          1.088640  mo, r
intadd_1/U2               FA1D1BWP20P90LVT
                                          N16ADFP_StdCelltt0p8v25c
                                                          1.036800  mo, r
intadd_1/U3               FA1D1BWP20P90LVT
                                          N16ADFP_StdCelltt0p8v25c
                                                          1.036800  mo, r
intadd_1/U4               FA1D1BWP20P90LVT
                                          N16ADFP_StdCelltt0p8v25c
                                                          1.036800  mo, r
intadd_1/U5               FA1D1BWP20P90LVT
                                          N16ADFP_StdCelltt0p8v25c
                                                          1.036800  mo, r
intadd_2/U2               FA1D1BWP20P90LVT
                                          N16ADFP_StdCelltt0p8v25c
                                                          1.036800  mo, r
intadd_2/U3               FA1D1BWP20P90LVT
                                          N16ADFP_StdCelltt0p8v25c
                                                          1.036800  mo, r
intadd_2/U4               FA1D1BWP20P90LVT
                                          N16ADFP_StdCelltt0p8v25c
                                                          1.036800  mo, r
intadd_2/U5               FA1D1BWP20P90LVT
                                          N16ADFP_StdCelltt0p8v25c
                                                          1.036800  mo, r
intadd_3/U2               FA1D1BWP20P90LVT
                                          N16ADFP_StdCelltt0p8v25c
                                                          1.036800  mo, r
intadd_3/U3               FA1D1BWP20P90LVT
                                          N16ADFP_StdCelltt0p8v25c
                                                          1.036800  mo, r
intadd_3/U4               FA1D1BWP20P90LVT
                                          N16ADFP_StdCelltt0p8v25c
                                                          1.036800  mo, r
intadd_3/U5               FA1D1BWP20P90LVT
                                          N16ADFP_StdCelltt0p8v25c
                                                          1.036800  mo, r
intadd_4/U2               FA1D1BWP20P90LVT
                                          N16ADFP_StdCelltt0p8v25c
                                                          1.036800  mo, r
intadd_4/U3               FA1D1BWP20P90LVT
                                          N16ADFP_StdCelltt0p8v25c
                                                          1.036800  mo, r
intadd_4/U4               FA1D1BWP20P90LVT
                                          N16ADFP_StdCelltt0p8v25c
                                                          1.036800  mo, r
intadd_4/U5               FA1D1BWP20P90LVT
                                          N16ADFP_StdCelltt0p8v25c
                                                          1.036800  mo, r
intadd_5/U2               FA1D1BWP20P90LVT
                                          N16ADFP_StdCelltt0p8v25c
                                                          1.036800  mo, r
intadd_5/U3               FA1D1BWP20P90LVT
                                          N16ADFP_StdCelltt0p8v25c
                                                          1.036800  mo, r
intadd_5/U4               FA1D1BWP20P90LVT
                                          N16ADFP_StdCelltt0p8v25c
                                                          1.036800  mo, r
intadd_5/U5               FA1D1BWP20P90LVT
                                          N16ADFP_StdCelltt0p8v25c
                                                          1.036800  mo, r
intadd_6/U2               FA1D1BWP20P90LVT
                                          N16ADFP_StdCelltt0p8v25c
                                                          1.036800  mo, r
intadd_6/U3               FA1D1BWP20P90LVT
                                          N16ADFP_StdCelltt0p8v25c
                                                          1.036800  mo, r
intadd_6/U4               FA1D1BWP20P90LVT
                                          N16ADFP_StdCelltt0p8v25c
                                                          1.036800  mo, r
intadd_6/U5               FA1D1BWP20P90LVT
                                          N16ADFP_StdCelltt0p8v25c
                                                          1.036800  mo, r
intadd_7/U2               FA1D1BWP20P90LVT
                                          N16ADFP_StdCelltt0p8v25c
                                                          1.036800  mo, r
intadd_7/U3               FA1D1BWP20P90LVT
                                          N16ADFP_StdCelltt0p8v25c
                                                          1.036800  mo, r
intadd_7/U4               FA1D1BWP20P90LVT
                                          N16ADFP_StdCelltt0p8v25c
                                                          1.036800  mo, r
intadd_7/U5               FA1D1BWP20P90LVT
                                          N16ADFP_StdCelltt0p8v25c
                                                          1.036800  mo, r
intadd_8/U2               FA1D1BWP20P90LVT
                                          N16ADFP_StdCelltt0p8v25c
                                                          1.036800  mo, r
intadd_8/U3               FA1D1BWP20P90LVT
                                          N16ADFP_StdCelltt0p8v25c
                                                          1.036800  mo, r
intadd_8/U4               FA1D1BWP20P90LVT
                                          N16ADFP_StdCelltt0p8v25c
                                                          1.036800  mo, r
intadd_8/U5               FA1D1BWP20P90LVT
                                          N16ADFP_StdCelltt0p8v25c
                                                          1.036800  mo, r
intadd_9/U2               FA1D1BWP20P90LVT
                                          N16ADFP_StdCelltt0p8v25c
                                                          1.036800  mo, r
intadd_9/U3               FA1D1BWP20P90LVT
                                          N16ADFP_StdCelltt0p8v25c
                                                          1.036800  mo, r
intadd_9/U4               FA1D1BWP20P90LVT
                                          N16ADFP_StdCelltt0p8v25c
                                                          1.036800  mo, r
intadd_9/U5               FA1D1BWP20P90LVT
                                          N16ADFP_StdCelltt0p8v25c
                                                          1.036800  mo, r
intadd_10/U2              FA1D1BWP20P90LVT
                                          N16ADFP_StdCelltt0p8v25c
                                                          1.036800  mo, r
intadd_10/U3              FA1D1BWP20P90LVT
                                          N16ADFP_StdCelltt0p8v25c
                                                          1.036800  mo, r
intadd_10/U4              FA1D1BWP20P90LVT
                                          N16ADFP_StdCelltt0p8v25c
                                                          1.036800  mo, r
intadd_10/U5              FA1D1BWP20P90LVT
                                          N16ADFP_StdCelltt0p8v25c
                                                          1.036800  mo, r
intadd_11/U2              FA1D1BWP20P90LVT
                                          N16ADFP_StdCelltt0p8v25c
                                                          1.036800  mo, r
intadd_11/U3              FA1D1BWP20P90LVT
                                          N16ADFP_StdCelltt0p8v25c
                                                          1.036800  mo, r
intadd_11/U4              FA1D1BWP20P90LVT
                                          N16ADFP_StdCelltt0p8v25c
                                                          1.036800  mo, r
intadd_11/U5              FA1D1BWP20P90LVT
                                          N16ADFP_StdCelltt0p8v25c
                                                          1.036800  mo, r
intadd_12/U2              FA1D1BWP20P90LVT
                                          N16ADFP_StdCelltt0p8v25c
                                                          1.036800  mo, r
intadd_12/U3              FA1D1BWP20P90LVT
                                          N16ADFP_StdCelltt0p8v25c
                                                          1.036800  mo, r
intadd_12/U4              FA1D1BWP20P90LVT
                                          N16ADFP_StdCelltt0p8v25c
                                                          1.036800  mo, r
intadd_12/U5              FA1D1BWP20P90LVT
                                          N16ADFP_StdCelltt0p8v25c
                                                          1.036800  mo, r
intadd_13/U2              FA1D1BWP20P90LVT
                                          N16ADFP_StdCelltt0p8v25c
                                                          1.036800  mo, r
intadd_13/U3              FA1D1BWP20P90LVT
                                          N16ADFP_StdCelltt0p8v25c
                                                          1.036800  mo, r
intadd_13/U4              FA1D1BWP20P90LVT
                                          N16ADFP_StdCelltt0p8v25c
                                                          1.036800  mo, r
intadd_14/U2              FA1D1BWP20P90LVT
                                          N16ADFP_StdCelltt0p8v25c
                                                          1.036800  mo, r
intadd_14/U3              FA1D1BWP20P90LVT
                                          N16ADFP_StdCelltt0p8v25c
                                                          1.036800  mo, r
intadd_14/U4              FA1D1BWP20P90LVT
                                          N16ADFP_StdCelltt0p8v25c
                                                          1.036800  mo, r
intadd_15/U2              FA1D1BWP20P90LVT
                                          N16ADFP_StdCelltt0p8v25c
                                                          1.036800  mo, r
intadd_15/U3              FA1D1BWP20P90LVT
                                          N16ADFP_StdCelltt0p8v25c
                                                          1.036800  mo, r
intadd_15/U4              FA1D1BWP20P90LVT
                                          N16ADFP_StdCelltt0p8v25c
                                                          1.036800  mo, r
intadd_16/U2              FA1D1BWP20P90LVT
                                          N16ADFP_StdCelltt0p8v25c
                                                          1.036800  mo, r
intadd_16/U3              FA1D1BWP20P90LVT
                                          N16ADFP_StdCelltt0p8v25c
                                                          1.036800  mo, r
intadd_16/U4              FA1D1BWP20P90LVT
                                          N16ADFP_StdCelltt0p8v25c
                                                          1.036800  mo, r
intadd_17/U2              FA1D1BWP20P90LVT
                                          N16ADFP_StdCelltt0p8v25c
                                                          1.036800  mo, r
intadd_17/U3              FA1D1BWP20P90LVT
                                          N16ADFP_StdCelltt0p8v25c
                                                          1.036800  mo, r
intadd_17/U4              FA1D1BWP20P90LVT
                                          N16ADFP_StdCelltt0p8v25c
                                                          1.036800  mo, r
intadd_18/U2              FA1D1BWP20P90LVT
                                          N16ADFP_StdCelltt0p8v25c
                                                          1.036800  mo, r
intadd_18/U3              FA1D1BWP20P90LVT
                                          N16ADFP_StdCelltt0p8v25c
                                                          1.036800  mo, r
intadd_18/U4              FA1D1BWP20P90LVT
                                          N16ADFP_StdCelltt0p8v25c
                                                          1.036800  mo, r
intadd_19/U2              FA1D1BWP20P90LVT
                                          N16ADFP_StdCelltt0p8v25c
                                                          1.036800  mo, r
intadd_19/U3              FA1D1BWP20P90LVT
                                          N16ADFP_StdCelltt0p8v25c
                                                          1.036800  mo, r
intadd_19/U4              FA1D1BWP20P90LVT
                                          N16ADFP_StdCelltt0p8v25c
                                                          1.036800  mo, r
prod_reg[0]               DFCNQD1BWP20P90LVT
                                          N16ADFP_StdCelltt0p8v25c
                                                          1.140480  n
prod_reg[1]               DFCNQD2BWP20P90LVT
                                          N16ADFP_StdCelltt0p8v25c
                                                          1.140480  n
prod_reg[2]               DFCNQD1BWP20P90LVT
                                          N16ADFP_StdCelltt0p8v25c
                                                          1.140480  n
prod_reg[3]               DFCNQD2BWP20P90LVT
                                          N16ADFP_StdCelltt0p8v25c
                                                          1.140480  n
prod_reg[4]               DFCNQD2BWP20P90LVT
                                          N16ADFP_StdCelltt0p8v25c
                                                          1.140480  n
prod_reg[5]               DFCNQD2BWP20P90LVT
                                          N16ADFP_StdCelltt0p8v25c
                                                          1.140480  n
prod_reg[6]               DFCNQD2BWP20P90LVT
                                          N16ADFP_StdCelltt0p8v25c
                                                          1.140480  n
prod_reg[7]               DFCNQD2BWP20P90LVT
                                          N16ADFP_StdCelltt0p8v25c
                                                          1.140480  n
prod_reg[8]               DFCNQD2BWP20P90LVT
                                          N16ADFP_StdCelltt0p8v25c
                                                          1.140480  n
prod_reg[9]               DFCNQD2BWP20P90LVT
                                          N16ADFP_StdCelltt0p8v25c
                                                          1.140480  n
prod_reg[10]              DFCNQD2BWP20P90LVT
                                          N16ADFP_StdCelltt0p8v25c
                                                          1.140480  n
prod_reg[11]              DFCNQD2BWP20P90LVT
                                          N16ADFP_StdCelltt0p8v25c
                                                          1.140480  n
prod_reg[12]              DFCNQD2BWP20P90LVT
                                          N16ADFP_StdCelltt0p8v25c
                                                          1.140480  n
prod_reg[13]              DFCNQD2BWP20P90LVT
                                          N16ADFP_StdCelltt0p8v25c
                                                          1.140480  n
prod_reg[14]              DFCNQD2BWP20P90LVT
                                          N16ADFP_StdCelltt0p8v25c
                                                          1.140480  n
prod_reg[15]              DFCNQD2BWP20P90LVT
                                          N16ADFP_StdCelltt0p8v25c
                                                          1.140480  n
prod_reg[16]              DFCNQD2BWP20P90LVT
                                          N16ADFP_StdCelltt0p8v25c
                                                          1.140480  n
prod_reg[17]              DFCNQD1BWP20P90LVT
                                          N16ADFP_StdCelltt0p8v25c
                                                          1.140480  n
prod_reg[18]              DFCNQD2BWP20P90LVT
                                          N16ADFP_StdCelltt0p8v25c
                                                          1.140480  n
prod_reg[19]              DFCNQD2BWP20P90LVT
                                          N16ADFP_StdCelltt0p8v25c
                                                          1.140480  n
prod_reg[20]              DFCNQD2BWP20P90LVT
                                          N16ADFP_StdCelltt0p8v25c
                                                          1.140480  n
prod_reg[21]              DFCNQD2BWP20P90LVT
                                          N16ADFP_StdCelltt0p8v25c
                                                          1.140480  n
prod_reg[22]              DFCNQD2BWP20P90LVT
                                          N16ADFP_StdCelltt0p8v25c
                                                          1.140480  n
prod_reg[23]              DFCNQD2BWP20P90LVT
                                          N16ADFP_StdCelltt0p8v25c
                                                          1.140480  n
prod_reg[24]              DFCNQD2BWP20P90LVT
                                          N16ADFP_StdCelltt0p8v25c
                                                          1.140480  n
prod_reg[25]              DFCNQD2BWP20P90LVT
                                          N16ADFP_StdCelltt0p8v25c
                                                          1.140480  n
prod_reg[26]              DFCNQD2BWP20P90LVT
                                          N16ADFP_StdCelltt0p8v25c
                                                          1.140480  n
prod_reg[27]              DFCNQD2BWP20P90LVT
                                          N16ADFP_StdCelltt0p8v25c
                                                          1.140480  n
prod_reg[28]              DFCNQD2BWP20P90LVT
                                          N16ADFP_StdCelltt0p8v25c
                                                          1.140480  n
prod_reg[29]              DFCNQD2BWP20P90LVT
                                          N16ADFP_StdCelltt0p8v25c
                                                          1.140480  n
prod_reg[30]              DFCNQD2BWP20P90LVT
                                          N16ADFP_StdCelltt0p8v25c
                                                          1.140480  n
prod_reg[31]              DFCNQD2BWP20P90LVT
                                          N16ADFP_StdCelltt0p8v25c
                                                          1.140480  n
--------------------------------------------------------------------------------
Total 628 cells                                           320.112007
1
 
****************************************
Report : port
        -verbose
Design : mult
Version: V-2023.12-SP5
Date   : Tue Sep 22 19:32:39 2026
****************************************



Attributes:
    d - dont_touch_network

                       Pin      Wire     Max     Max     Connection
Port           Dir     Load     Load     Trans   Cap     Class      Attrs
--------------------------------------------------------------------------------
clk            in      0.0000   0.0000    0.40    0.07   --         d
inp_a[0]       in      0.0000   0.0000    0.40    0.07   --         
inp_a[1]       in      0.0000   0.0000    0.40    0.07   --         
inp_a[2]       in      0.0000   0.0000    0.40    0.07   --         
inp_a[3]       in      0.0000   0.0000    0.40    0.07   --         
inp_a[4]       in      0.0000   0.0000    0.40    0.07   --         
inp_a[5]       in      0.0000   0.0000    0.40    0.07   --         
inp_a[6]       in      0.0000   0.0000    0.40    0.07   --         
inp_a[7]       in      0.0000   0.0000    0.40    0.07   --         
inp_a[8]       in      0.0000   0.0000    0.40    0.07   --         
inp_a[9]       in      0.0000   0.0000    0.40    0.07   --         
inp_a[10]      in      0.0000   0.0000    0.40    0.07   --         
inp_a[11]      in      0.0000   0.0000    0.40    0.07   --         
inp_a[12]      in      0.0000   0.0000    0.40    0.07   --         
inp_a[13]      in      0.0000   0.0000    0.40    0.07   --         
inp_a[14]      in      0.0000   0.0000    0.40    0.07   --         
inp_a[15]      in      0.0000   0.0000    0.40    0.07   --         
inp_b[0]       in      0.0000   0.0000    0.40    0.07   --         
inp_b[1]       in      0.0000   0.0000    0.40    0.07   --         
inp_b[2]       in      0.0000   0.0000    0.40    0.07   --         
inp_b[3]       in      0.0000   0.0000    0.40    0.07   --         
inp_b[4]       in      0.0000   0.0000    0.40    0.07   --         
inp_b[5]       in      0.0000   0.0000    0.40    0.07   --         
inp_b[6]       in      0.0000   0.0000    0.40    0.07   --         
inp_b[7]       in      0.0000   0.0000    0.40    0.07   --         
inp_b[8]       in      0.0000   0.0000    0.40    0.07   --         
inp_b[9]       in      0.0000   0.0000    0.40    0.07   --         
inp_b[10]      in      0.0000   0.0000    0.40    0.07   --         
inp_b[11]      in      0.0000   0.0000    0.40    0.07   --         
inp_b[12]      in      0.0000   0.0000    0.40    0.07   --         
inp_b[13]      in      0.0000   0.0000    0.40    0.07   --         
inp_b[14]      in      0.0000   0.0000    0.40    0.07   --         
inp_b[15]      in      0.0000   0.0000    0.40    0.07   --         
rst            in      0.0000   0.0000    0.40    0.07   --         
prod[0]        out     0.0100   0.0000   --      --      --         
prod[1]        out     0.0100   0.0000   --      --      --         
prod[2]        out     0.0100   0.0000   --      --      --         
prod[3]        out     0.0100   0.0000   --      --      --         
prod[4]        out     0.0100   0.0000   --      --      --         
prod[5]        out     0.0100   0.0000   --      --      --         
prod[6]        out     0.0100   0.0000   --      --      --         
prod[7]        out     0.0100   0.0000   --      --      --         
prod[8]        out     0.0100   0.0000   --      --      --         
prod[9]        out     0.0100   0.0000   --      --      --         
prod[10]       out     0.0100   0.0000   --      --      --         
prod[11]       out     0.0100   0.0000   --      --      --         
prod[12]       out     0.0100   0.0000   --      --      --         
prod[13]       out     0.0100   0.0000   --      --      --         
prod[14]       out     0.0100   0.0000   --      --      --         
prod[15]       out     0.0100   0.0000   --      --      --         
prod[16]       out     0.0100   0.0000   --      --      --         
prod[17]       out     0.0100   0.0000   --      --      --         
prod[18]       out     0.0100   0.0000   --      --      --         
prod[19]       out     0.0100   0.0000   --      --      --         
prod[20]       out     0.0100   0.0000   --      --      --         
prod[21]       out     0.0100   0.0000   --      --      --         
prod[22]       out     0.0100   0.0000   --      --      --         
prod[23]       out     0.0100   0.0000   --      --      --         
prod[24]       out     0.0100   0.0000   --      --      --         
prod[25]       out     0.0100   0.0000   --      --      --         
prod[26]       out     0.0100   0.0000   --      --      --         
prod[27]       out     0.0100   0.0000   --      --      --         
prod[28]       out     0.0100   0.0000   --      --      --         
prod[29]       out     0.0100   0.0000   --      --      --         
prod[30]       out     0.0100   0.0000   --      --      --         
prod[31]       out     0.0100   0.0000   --      --      --         


              External  Max             Min                Min       Min
              Number    Wireload        Wireload           Pin       Wire
Port          Points    Model           Model              Load      Load
--------------------------------------------------------------------------------
clk                1      --              --              --        -- 
inp_a[0]           1      --              --              --        -- 
inp_a[1]           1      --              --              --        -- 
inp_a[2]           1      --              --              --        -- 
inp_a[3]           1      --              --              --        -- 
inp_a[4]           1      --              --              --        -- 
inp_a[5]           1      --              --              --        -- 
inp_a[6]           1      --              --              --        -- 
inp_a[7]           1      --              --              --        -- 
inp_a[8]           1      --              --              --        -- 
inp_a[9]           1      --              --              --        -- 
inp_a[10]          1      --              --              --        -- 
inp_a[11]          1      --              --              --        -- 
inp_a[12]          1      --              --              --        -- 
inp_a[13]          1      --              --              --        -- 
inp_a[14]          1      --              --              --        -- 
inp_a[15]          1      --              --              --        -- 
inp_b[0]           1      --              --              --        -- 
inp_b[1]           1      --              --              --        -- 
inp_b[2]           1      --              --              --        -- 
inp_b[3]           1      --              --              --        -- 
inp_b[4]           1      --              --              --        -- 
inp_b[5]           1      --              --              --        -- 
inp_b[6]           1      --              --              --        -- 
inp_b[7]           1      --              --              --        -- 
inp_b[8]           1      --              --              --        -- 
inp_b[9]           1      --              --              --        -- 
inp_b[10]          1      --              --              --        -- 
inp_b[11]          1      --              --              --        -- 
inp_b[12]          1      --              --              --        -- 
inp_b[13]          1      --              --              --        -- 
inp_b[14]          1      --              --              --        -- 
inp_b[15]          1      --              --              --        -- 
rst                1      --              --              --        -- 
prod[0]            1      --              --              --        -- 
prod[1]            1      --              --              --        -- 
prod[2]            1      --              --              --        -- 
prod[3]            1      --              --              --        -- 
prod[4]            1      --              --              --        -- 
prod[5]            1      --              --              --        -- 
prod[6]            1      --              --              --        -- 
prod[7]            1      --              --              --        -- 
prod[8]            1      --              --              --        -- 
prod[9]            1      --              --              --        -- 
prod[10]           1      --              --              --        -- 
prod[11]           1      --              --              --        -- 
prod[12]           1      --              --              --        -- 
prod[13]           1      --              --              --        -- 
prod[14]           1      --              --              --        -- 
prod[15]           1      --              --              --        -- 
prod[16]           1      --              --              --        -- 
prod[17]           1      --              --              --        -- 
prod[18]           1      --              --              --        -- 
prod[19]           1      --              --              --        -- 
prod[20]           1      --              --              --        -- 
prod[21]           1      --              --              --        -- 
prod[22]           1      --              --              --        -- 
prod[23]           1      --              --              --        -- 
prod[24]           1      --              --              --        -- 
prod[25]           1      --              --              --        -- 
prod[26]           1      --              --              --        -- 
prod[27]           1      --              --              --        -- 
prod[28]           1      --              --              --        -- 
prod[29]           1      --              --              --        -- 
prod[30]           1      --              --              --        -- 
prod[31]           1      --              --              --        -- 

                    Input Delay
                  Min             Max       Related   Max
Input Port    Rise    Fall    Rise    Fall   Clock  Fanout
--------------------------------------------------------------------------------
clk           --      --      --      --      --      -- 
inp_a[0]      0.01    0.01    0.01    0.01  clk       --    
inp_a[1]      0.01    0.01    0.01    0.01  clk       --    
inp_a[2]      0.01    0.01    0.01    0.01  clk       --    
inp_a[3]      0.01    0.01    0.01    0.01  clk       --    
inp_a[4]      0.01    0.01    0.01    0.01  clk       --    
inp_a[5]      0.01    0.01    0.01    0.01  clk       --    
inp_a[6]      0.01    0.01    0.01    0.01  clk       --    
inp_a[7]      0.01    0.01    0.01    0.01  clk       --    
inp_a[8]      0.01    0.01    0.01    0.01  clk       --    
inp_a[9]      0.01    0.01    0.01    0.01  clk       --    
inp_a[10]     0.01    0.01    0.01    0.01  clk       --    
inp_a[11]     0.01    0.01    0.01    0.01  clk       --    
inp_a[12]     0.01    0.01    0.01    0.01  clk       --    
inp_a[13]     0.01    0.01    0.01    0.01  clk       --    
inp_a[14]     0.01    0.01    0.01    0.01  clk       --    
inp_a[15]     0.01    0.01    0.01    0.01  clk       --    
inp_b[0]      0.01    0.01    0.01    0.01  clk       --    
inp_b[1]      0.01    0.01    0.01    0.01  clk       --    
inp_b[2]      0.01    0.01    0.01    0.01  clk       --    
inp_b[3]      0.01    0.01    0.01    0.01  clk       --    
inp_b[4]      0.01    0.01    0.01    0.01  clk       --    
inp_b[5]      0.01    0.01    0.01    0.01  clk       --    
inp_b[6]      0.01    0.01    0.01    0.01  clk       --    
inp_b[7]      0.01    0.01    0.01    0.01  clk       --    
inp_b[8]      0.01    0.01    0.01    0.01  clk       --    
inp_b[9]      0.01    0.01    0.01    0.01  clk       --    
inp_b[10]     0.01    0.01    0.01    0.01  clk       --    
inp_b[11]     0.01    0.01    0.01    0.01  clk       --    
inp_b[12]     0.01    0.01    0.01    0.01  clk       --    
inp_b[13]     0.01    0.01    0.01    0.01  clk       --    
inp_b[14]     0.01    0.01    0.01    0.01  clk       --    
inp_b[15]     0.01    0.01    0.01    0.01  clk       --    
rst           0.01    0.01    0.01    0.01  clk       --    


                    Driving Cell
Input Port   Rise(min/max)      Fall(min/max)      Mult(min/max)  Attrs(min/max)
--------------------------------------------------------------------------------
clk          INVD1BWP20P90      INVD1BWP20P90        -- /  --     
inp_a[0]     INVD1BWP20P90      INVD1BWP20P90        -- /  --     
inp_a[1]     INVD1BWP20P90      INVD1BWP20P90        -- /  --     
inp_a[2]     INVD1BWP20P90      INVD1BWP20P90        -- /  --     
inp_a[3]     INVD1BWP20P90      INVD1BWP20P90        -- /  --     
inp_a[4]     INVD1BWP20P90      INVD1BWP20P90        -- /  --     
inp_a[5]     INVD1BWP20P90      INVD1BWP20P90        -- /  --     
inp_a[6]     INVD1BWP20P90      INVD1BWP20P90        -- /  --     
inp_a[7]     INVD1BWP20P90      INVD1BWP20P90        -- /  --     
inp_a[8]     INVD1BWP20P90      INVD1BWP20P90        -- /  --     
inp_a[9]     INVD1BWP20P90      INVD1BWP20P90        -- /  --     
inp_a[10]    INVD1BWP20P90      INVD1BWP20P90        -- /  --     
inp_a[11]    INVD1BWP20P90      INVD1BWP20P90        -- /  --     
inp_a[12]    INVD1BWP20P90      INVD1BWP20P90        -- /  --     
inp_a[13]    INVD1BWP20P90      INVD1BWP20P90        -- /  --     
inp_a[14]    INVD1BWP20P90      INVD1BWP20P90        -- /  --     
inp_a[15]    INVD1BWP20P90      INVD1BWP20P90        -- /  --     
inp_b[0]     INVD1BWP20P90      INVD1BWP20P90        -- /  --     
inp_b[1]     INVD1BWP20P90      INVD1BWP20P90        -- /  --     
inp_b[2]     INVD1BWP20P90      INVD1BWP20P90        -- /  --     
inp_b[3]     INVD1BWP20P90      INVD1BWP20P90        -- /  --     
inp_b[4]     INVD1BWP20P90      INVD1BWP20P90        -- /  --     
inp_b[5]     INVD1BWP20P90      INVD1BWP20P90        -- /  --     
inp_b[6]     INVD1BWP20P90      INVD1BWP20P90        -- /  --     
inp_b[7]     INVD1BWP20P90      INVD1BWP20P90        -- /  --     
inp_b[8]     INVD1BWP20P90      INVD1BWP20P90        -- /  --     
inp_b[9]     INVD1BWP20P90      INVD1BWP20P90        -- /  --     
inp_b[10]    INVD1BWP20P90      INVD1BWP20P90        -- /  --     
inp_b[11]    INVD1BWP20P90      INVD1BWP20P90        -- /  --     
inp_b[12]    INVD1BWP20P90      INVD1BWP20P90        -- /  --     
inp_b[13]    INVD1BWP20P90      INVD1BWP20P90        -- /  --     
inp_b[14]    INVD1BWP20P90      INVD1BWP20P90        -- /  --     
inp_b[15]    INVD1BWP20P90      INVD1BWP20P90        -- /  --     
rst          INVD1BWP20P90      INVD1BWP20P90        -- /  --     


               Max Drive      Min Drive      Resistance    Min    Min       Cell
Input Port    Rise    Fall   Rise    Fall   Max     Min    Cap    Fanout    Deg
--------------------------------------------------------------------------------
clk           --      --     --      --     --      --     --     --        -- 
inp_a[0]      --      --     --      --     --      --     --     --        -- 
inp_a[1]      --      --     --      --     --      --     --     --        -- 
inp_a[2]      --      --     --      --     --      --     --     --        -- 
inp_a[3]      --      --     --      --     --      --     --     --        -- 
inp_a[4]      --      --     --      --     --      --     --     --        -- 
inp_a[5]      --      --     --      --     --      --     --     --        -- 
inp_a[6]      --      --     --      --     --      --     --     --        -- 
inp_a[7]      --      --     --      --     --      --     --     --        -- 
inp_a[8]      --      --     --      --     --      --     --     --        -- 
inp_a[9]      --      --     --      --     --      --     --     --        -- 
inp_a[10]     --      --     --      --     --      --     --     --        -- 
inp_a[11]     --      --     --      --     --      --     --     --        -- 
inp_a[12]     --      --     --      --     --      --     --     --        -- 
inp_a[13]     --      --     --      --     --      --     --     --        -- 
inp_a[14]     --      --     --      --     --      --     --     --        -- 
inp_a[15]     --      --     --      --     --      --     --     --        -- 
inp_b[0]      --      --     --      --     --      --     --     --        -- 
inp_b[1]      --      --     --      --     --      --     --     --        -- 
inp_b[2]      --      --     --      --     --      --     --     --        -- 
inp_b[3]      --      --     --      --     --      --     --     --        -- 
inp_b[4]      --      --     --      --     --      --     --     --        -- 
inp_b[5]      --      --     --      --     --      --     --     --        -- 
inp_b[6]      --      --     --      --     --      --     --     --        -- 
inp_b[7]      --      --     --      --     --      --     --     --        -- 
inp_b[8]      --      --     --      --     --      --     --     --        -- 
inp_b[9]      --      --     --      --     --      --     --     --        -- 
inp_b[10]     --      --     --      --     --      --     --     --        -- 
inp_b[11]     --      --     --      --     --      --     --     --        -- 
inp_b[12]     --      --     --      --     --      --     --     --        -- 
inp_b[13]     --      --     --      --     --      --     --     --        -- 
inp_b[14]     --      --     --      --     --      --     --     --        -- 
inp_b[15]     --      --     --      --     --      --     --     --        -- 
rst           --      --     --      --     --      --     --     --        -- 


               Max Tran        Min Tran
Input Port    Rise    Fall    Rise    Fall
--------------------------------------------------------------------------------
clk           --      --      --      -- 
inp_a[0]      --      --      --      -- 
inp_a[1]      --      --      --      -- 
inp_a[2]      --      --      --      -- 
inp_a[3]      --      --      --      -- 
inp_a[4]      --      --      --      -- 
inp_a[5]      --      --      --      -- 
inp_a[6]      --      --      --      -- 
inp_a[7]      --      --      --      -- 
inp_a[8]      --      --      --      -- 
inp_a[9]      --      --      --      -- 
inp_a[10]     --      --      --      -- 
inp_a[11]     --      --      --      -- 
inp_a[12]     --      --      --      -- 
inp_a[13]     --      --      --      -- 
inp_a[14]     --      --      --      -- 
inp_a[15]     --      --      --      -- 
inp_b[0]      --      --      --      -- 
inp_b[1]      --      --      --      -- 
inp_b[2]      --      --      --      -- 
inp_b[3]      --      --      --      -- 
inp_b[4]      --      --      --      -- 
inp_b[5]      --      --      --      -- 
inp_b[6]      --      --      --      -- 
inp_b[7]      --      --      --      -- 
inp_b[8]      --      --      --      -- 
inp_b[9]      --      --      --      -- 
inp_b[10]     --      --      --      -- 
inp_b[11]     --      --      --      -- 
inp_b[12]     --      --      --      -- 
inp_b[13]     --      --      --      -- 
inp_b[14]     --      --      --      -- 
inp_b[15]     --      --      --      -- 
rst           --      --      --      -- 


                    Output Delay
                  Min             Max      Related  Fanout
Output Port   Rise    Fall    Rise    Fall  Clock     Load
--------------------------------------------------------------------------------
prod[0]       0.01    0.01    0.01    0.01  clk       0.00  
prod[1]       0.01    0.01    0.01    0.01  clk       0.00  
prod[2]       0.01    0.01    0.01    0.01  clk       0.00  
prod[3]       0.01    0.01    0.01    0.01  clk       0.00  
prod[4]       0.01    0.01    0.01    0.01  clk       0.00  
prod[5]       0.01    0.01    0.01    0.01  clk       0.00  
prod[6]       0.01    0.01    0.01    0.01  clk       0.00  
prod[7]       0.01    0.01    0.01    0.01  clk       0.00  
prod[8]       0.01    0.01    0.01    0.01  clk       0.00  
prod[9]       0.01    0.01    0.01    0.01  clk       0.00  
prod[10]      0.01    0.01    0.01    0.01  clk       0.00  
prod[11]      0.01    0.01    0.01    0.01  clk       0.00  
prod[12]      0.01    0.01    0.01    0.01  clk       0.00  
prod[13]      0.01    0.01    0.01    0.01  clk       0.00  
prod[14]      0.01    0.01    0.01    0.01  clk       0.00  
prod[15]      0.01    0.01    0.01    0.01  clk       0.00  
prod[16]      0.01    0.01    0.01    0.01  clk       0.00  
prod[17]      0.01    0.01    0.01    0.01  clk       0.00  
prod[18]      0.01    0.01    0.01    0.01  clk       0.00  
prod[19]      0.01    0.01    0.01    0.01  clk       0.00  
prod[20]      0.01    0.01    0.01    0.01  clk       0.00  
prod[21]      0.01    0.01    0.01    0.01  clk       0.00  
prod[22]      0.01    0.01    0.01    0.01  clk       0.00  
prod[23]      0.01    0.01    0.01    0.01  clk       0.00  
prod[24]      0.01    0.01    0.01    0.01  clk       0.00  
prod[25]      0.01    0.01    0.01    0.01  clk       0.00  
prod[26]      0.01    0.01    0.01    0.01  clk       0.00  
prod[27]      0.01    0.01    0.01    0.01  clk       0.00  
prod[28]      0.01    0.01    0.01    0.01  clk       0.00  
prod[29]      0.01    0.01    0.01    0.01  clk       0.00  
prod[30]      0.01    0.01    0.01    0.01  clk       0.00  
prod[31]      0.01    0.01    0.01    0.01  clk       0.00  

1
 
****************************************
Report : compile_options
Design : mult
Version: V-2023.12-SP5
Date   : Tue Sep 22 19:32:39 2026
****************************************

Design                                   Compile Option         Value
--------------------------------------------------------------------------------
mult                                     flatten                false
                                         structure              true
                                         structure_boolean      false
                                         structure_timing       true
                                         isolate_port           disabled
                                         multibit_options
                                           optimization_mode    non_timing_driven
                                           minimum_width        2
                                           exclude_registers_with_timing_exceptions false
--------------------------------------------------------------------------------
1
