1
 
****************************************
Report : design
Design : mult
Version: V-2023.12-SP5
Date   : Tue Sep 22 19:32:59 2026
****************************************

Design allows ideal nets on clock nets.

Library(s) Used:

    N16ADFP_StdCelltt0p8v25c (File: /classes/ece5746/tsmcN16/Executable_Package/Collaterals/IP/stdcell/N16ADFP_StdCell/NLDM/N16ADFP_StdCelltt0p8v25c.db)

Local Link Library:

    {N16ADFP_StdCelltt0p8v25c.db}

Flip-Flop Types:

    No flip-flop types specified.

Latch Types:

    No latch types specified.

Operating Conditions:


    Operating Condition Name : tt0p8v25c
    Library : N16ADFP_StdCelltt0p8v25c
    Process :   1.00
    Temperature :  25.00
    Voltage :   0.80
    Interconnect Model : balanced_tree

Wire Loading Model:

    Selected automatically from the total cell area.

Name           :   ZeroWireload
Location       :   N16ADFP_StdCelltt0p8v25c
Resistance     :   1e-05
Capacitance    :   1
Area           :   0
Slope          :   0
Fanout   Length   Points Average Cap Std Deviation
--------------------------------------------------------------
     1     0.00
     2     0.00
     3     0.00
     4     0.00
     5     0.00
     6     0.00
     7     0.00
     8     0.00
     9     0.00
    10     0.00
    11     0.00
    12     0.00
    13     0.00
    14     0.00
    15     0.00
    16     0.00
    17     0.00
    18     0.00
    19     0.00
    20     0.00



Wire Loading Model Mode: segmented.

Timing Ranges:

    No timing ranges specified.

Pin Input Delays:

    None specified.

Pin Output Delays:

    None specified.

Disabled Timing Arcs:

    No arcs disabled.

Required Licenses:

    DesignWare

Design Parameters:

    None specified.
1
 
****************************************
Report : cell
Design : mult
Version: V-2023.12-SP5
Date   : Tue Sep 22 19:32:59 2026
****************************************

Attributes:
    b - black box (unknown)
    h - hierarchical
   mo - map_only
    n - noncombinational
    r - removable
    u - contains unmapped logic

Cell                      Reference       Library             Area  Attributes
--------------------------------------------------------------------------------
U35                       OR3D1BWP20P90LVT
                                          N16ADFP_StdCelltt0p8v25c
                                                          0.311040  
U36                       INVD1BWP20P90LVT
                                          N16ADFP_StdCelltt0p8v25c
                                                          0.155520  
U37                       INVD1BWP20P90LVT
                                          N16ADFP_StdCelltt0p8v25c
                                                          0.155520  
U38                       INVD1BWP20P90LVT
                                          N16ADFP_StdCelltt0p8v25c
                                                          0.155520  
U39                       INVD1BWP20P90LVT
                                          N16ADFP_StdCelltt0p8v25c
                                                          0.155520  
U40                       INVD1BWP20P90LVT
                                          N16ADFP_StdCelltt0p8v25c
                                                          0.155520  
U41                       INVD1BWP20P90LVT
                                          N16ADFP_StdCelltt0p8v25c
                                                          0.155520  
U42                       INVD1BWP20P90LVT
                                          N16ADFP_StdCelltt0p8v25c
                                                          0.155520  
U43                       INVD1BWP20P90LVT
                                          N16ADFP_StdCelltt0p8v25c
                                                          0.155520  
U44                       INVD1BWP20P90LVT
                                          N16ADFP_StdCelltt0p8v25c
                                                          0.155520  
U45                       INVD1BWP20P90LVT
                                          N16ADFP_StdCelltt0p8v25c
                                                          0.155520  
U46                       INVD1BWP20P90LVT
                                          N16ADFP_StdCelltt0p8v25c
                                                          0.155520  
U47                       INVD1BWP20P90LVT
                                          N16ADFP_StdCelltt0p8v25c
                                                          0.155520  
U48                       INVD1BWP20P90LVT
                                          N16ADFP_StdCelltt0p8v25c
                                                          0.155520  
U49                       INVD1BWP20P90LVT
                                          N16ADFP_StdCelltt0p8v25c
                                                          0.155520  
U50                       INVD1BWP20P90LVT
                                          N16ADFP_StdCelltt0p8v25c
                                                          0.155520  
U51                       INVD1BWP20P90LVT
                                          N16ADFP_StdCelltt0p8v25c
                                                          0.155520  
U52                       INVD1BWP20P90LVT
                                          N16ADFP_StdCelltt0p8v25c
                                                          0.155520  
U53                       INVD1BWP20P90LVT
                                          N16ADFP_StdCelltt0p8v25c
                                                          0.155520  
U54                       INVD1BWP20P90LVT
                                          N16ADFP_StdCelltt0p8v25c
                                                          0.155520  
U55                       INVD1BWP20P90LVT
                                          N16ADFP_StdCelltt0p8v25c
                                                          0.155520  
U56                       INVD1BWP20P90LVT
                                          N16ADFP_StdCelltt0p8v25c
                                                          0.155520  
U57                       INVD1BWP20P90LVT
                                          N16ADFP_StdCelltt0p8v25c
                                                          0.155520  
U58                       INVD1BWP20P90LVT
                                          N16ADFP_StdCelltt0p8v25c
                                                          0.155520  
U59                       INVD1BWP20P90LVT
                                          N16ADFP_StdCelltt0p8v25c
                                                          0.155520  
U60                       INVD1BWP20P90LVT
                                          N16ADFP_StdCelltt0p8v25c
                                                          0.155520  
U61                       INVD1BWP20P90LVT
                                          N16ADFP_StdCelltt0p8v25c
                                                          0.155520  
U62                       INVD1BWP20P90LVT
                                          N16ADFP_StdCelltt0p8v25c
                                                          0.155520  
U63                       INVD1BWP20P90LVT
                                          N16ADFP_StdCelltt0p8v25c
                                                          0.155520  
U64                       INVD1BWP20P90LVT
                                          N16ADFP_StdCelltt0p8v25c
                                                          0.155520  
U65                       INVD1BWP20P90LVT
                                          N16ADFP_StdCelltt0p8v25c
                                                          0.155520  
U66                       INVD1BWP20P90LVT
                                          N16ADFP_StdCelltt0p8v25c
                                                          0.155520  
U67                       INVD1BWP20P90LVT
                                          N16ADFP_StdCelltt0p8v25c
                                                          0.155520  
U68                       INVD1BWP20P90LVT
                                          N16ADFP_StdCelltt0p8v25c
                                                          0.155520  
U69                       INVD1BWP20P90LVT
                                          N16ADFP_StdCelltt0p8v25c
                                                          0.155520  
U70                       INVD1BWP20P90LVT
                                          N16ADFP_StdCelltt0p8v25c
                                                          0.155520  
U71                       INVD1BWP20P90LVT
                                          N16ADFP_StdCelltt0p8v25c
                                                          0.155520  
U72                       INVD1BWP20P90LVT
                                          N16ADFP_StdCelltt0p8v25c
                                                          0.155520  
U73                       INVD1BWP20P90LVT
                                          N16ADFP_StdCelltt0p8v25c
                                                          0.155520  
U74                       INVD1BWP20P90LVT
                                          N16ADFP_StdCelltt0p8v25c
                                                          0.155520  
U75                       INVD1BWP20P90LVT
                                          N16ADFP_StdCelltt0p8v25c
                                                          0.155520  
U76                       INVD1BWP20P90LVT
                                          N16ADFP_StdCelltt0p8v25c
                                                          0.155520  
U77                       INVD1BWP20P90LVT
                                          N16ADFP_StdCelltt0p8v25c
                                                          0.155520  
U78                       CKBD1BWP20P90LVT
                                          N16ADFP_StdCelltt0p8v25c
                                                          0.207360  
U79                       CKBD1BWP20P90LVT
                                          N16ADFP_StdCelltt0p8v25c
                                                          0.207360  
U80                       INVD1BWP20P90LVT
                                          N16ADFP_StdCelltt0p8v25c
                                                          0.155520  
U81                       INVD1BWP20P90LVT
                                          N16ADFP_StdCelltt0p8v25c
                                                          0.155520  
U82                       NR2D1BWP20P90LVT
                                          N16ADFP_StdCelltt0p8v25c
                                                          0.207360  
U83                       INVD1BWP20P90LVT
                                          N16ADFP_StdCelltt0p8v25c
                                                          0.155520  
U84                       AOI211D1BWP20P90LVT
                                          N16ADFP_StdCelltt0p8v25c
                                                          0.311040  
U85                       NR2D1BWP20P90LVT
                                          N16ADFP_StdCelltt0p8v25c
                                                          0.207360  
U86                       ND2D1BWP20P90LVT
                                          N16ADFP_StdCelltt0p8v25c
                                                          0.207360  
U87                       NR2D1BWP20P90LVT
                                          N16ADFP_StdCelltt0p8v25c
                                                          0.207360  
U88                       AOI21D1BWP20P90LVT
                                          N16ADFP_StdCelltt0p8v25c
                                                          0.259200  
U89                       OAI32D1BWP20P90LVT
                                          N16ADFP_StdCelltt0p8v25c
                                                          0.362880  
U90                       INVD1BWP20P90LVT
                                          N16ADFP_StdCelltt0p8v25c
                                                          0.155520  
U91                       INVD1BWP20P90LVT
                                          N16ADFP_StdCelltt0p8v25c
                                                          0.155520  
U92                       INVD1BWP20P90LVT
                                          N16ADFP_StdCelltt0p8v25c
                                                          0.155520  
U93                       INVD1BWP20P90LVT
                                          N16ADFP_StdCelltt0p8v25c
                                                          0.155520  
U94                       INVD1BWP20P90LVT
                                          N16ADFP_StdCelltt0p8v25c
                                                          0.155520  
U95                       INVD1BWP20P90LVT
                                          N16ADFP_StdCelltt0p8v25c
                                                          0.155520  
U96                       INVD1BWP20P90LVT
                                          N16ADFP_StdCelltt0p8v25c
                                                          0.155520  
U97                       INVD1BWP20P90LVT
                                          N16ADFP_StdCelltt0p8v25c
                                                          0.155520  
U98                       INVD1BWP20P90LVT
                                          N16ADFP_StdCelltt0p8v25c
                                                          0.155520  
U99                       INVD1BWP20P90LVT
                                          N16ADFP_StdCelltt0p8v25c
                                                          0.155520  
U100                      INVD1BWP20P90LVT
                                          N16ADFP_StdCelltt0p8v25c
                                                          0.155520  
U101                      INVD1BWP20P90LVT
                                          N16ADFP_StdCelltt0p8v25c
                                                          0.155520  
U102                      INVD1BWP20P90LVT
                                          N16ADFP_StdCelltt0p8v25c
                                                          0.155520  
U103                      INVD1BWP20P90LVT
                                          N16ADFP_StdCelltt0p8v25c
                                                          0.155520  
U104                      INVD1BWP20P90LVT
                                          N16ADFP_StdCelltt0p8v25c
                                                          0.155520  
U105                      INVD1BWP20P90LVT
                                          N16ADFP_StdCelltt0p8v25c
                                                          0.155520  
U106                      INVD1BWP20P90LVT
                                          N16ADFP_StdCelltt0p8v25c
                                                          0.155520  
U107                      INVD1BWP20P90LVT
                                          N16ADFP_StdCelltt0p8v25c
                                                          0.155520  
U108                      INVD1BWP20P90LVT
                                          N16ADFP_StdCelltt0p8v25c
                                                          0.155520  
U109                      INVD1BWP20P90LVT
                                          N16ADFP_StdCelltt0p8v25c
                                                          0.155520  
U110                      INVD1BWP20P90LVT
                                          N16ADFP_StdCelltt0p8v25c
                                                          0.155520  
U111                      INVD1BWP20P90LVT
                                          N16ADFP_StdCelltt0p8v25c
                                                          0.155520  
U112                      INVD1BWP20P90LVT
                                          N16ADFP_StdCelltt0p8v25c
                                                          0.155520  
U113                      INVD1BWP20P90LVT
                                          N16ADFP_StdCelltt0p8v25c
                                                          0.155520  
U114                      INVD1BWP20P90LVT
                                          N16ADFP_StdCelltt0p8v25c
                                                          0.155520  
U115                      INVD1BWP20P90LVT
                                          N16ADFP_StdCelltt0p8v25c
                                                          0.155520  
U116                      INVD1BWP20P90LVT
                                          N16ADFP_StdCelltt0p8v25c
                                                          0.155520  
U117                      INVD1BWP20P90LVT
                                          N16ADFP_StdCelltt0p8v25c
                                                          0.155520  
U118                      NR2D1BWP20P90LVT
                                          N16ADFP_StdCelltt0p8v25c
                                                          0.207360  
U119                      INVD1BWP20P90LVT
                                          N16ADFP_StdCelltt0p8v25c
                                                          0.155520  
U120                      AOI22D1BWP20P90LVT
                                          N16ADFP_StdCelltt0p8v25c
                                                          0.311040  
U121                      OAI21D1BWP20P90LVT
                                          N16ADFP_StdCelltt0p8v25c
                                                          0.259200  
U122                      MAOI22D1BWP20P90LVT
                                          N16ADFP_StdCelltt0p8v25c
                                                          0.466560  
U123                      AO21D1BWP20P90LVT
                                          N16ADFP_StdCelltt0p8v25c
                                                          0.311040  
U124                      ND2D1BWP20P90LVT
                                          N16ADFP_StdCelltt0p8v25c
                                                          0.207360  
U125                      INVD1BWP20P90LVT
                                          N16ADFP_StdCelltt0p8v25c
                                                          0.155520  
U126                      AOI22D1BWP20P90LVT
                                          N16ADFP_StdCelltt0p8v25c
                                                          0.311040  
U127                      OAI21D1BWP20P90LVT
                                          N16ADFP_StdCelltt0p8v25c
                                                          0.259200  
U128                      ND2D1BWP20P90LVT
                                          N16ADFP_StdCelltt0p8v25c
                                                          0.207360  
U129                      NR2D1BWP20P90LVT
                                          N16ADFP_StdCelltt0p8v25c
                                                          0.207360  
U130                      INVD1BWP20P90LVT
                                          N16ADFP_StdCelltt0p8v25c
                                                          0.155520  
U131                      AOI22D1BWP20P90LVT
                                          N16ADFP_StdCelltt0p8v25c
                                                          0.311040  
U132                      ND2D1BWP20P90LVT
                                          N16ADFP_StdCelltt0p8v25c
                                                          0.207360  
U133                      ND2D1BWP20P90LVT
                                          N16ADFP_StdCelltt0p8v25c
                                                          0.207360  
U134                      AOI33D1BWP20P90LVT
                                          N16ADFP_StdCelltt0p8v25c
                                                          0.414720  
U135                      ND2D1BWP20P90LVT
                                          N16ADFP_StdCelltt0p8v25c
                                                          0.207360  
U136                      OAI21D1BWP20P90LVT
                                          N16ADFP_StdCelltt0p8v25c
                                                          0.259200  
U137                      INVD1BWP20P90LVT
                                          N16ADFP_StdCelltt0p8v25c
                                                          0.155520  
U138                      AOI21D1BWP20P90LVT
                                          N16ADFP_StdCelltt0p8v25c
                                                          0.259200  
U139                      INVD1BWP20P90LVT
                                          N16ADFP_StdCelltt0p8v25c
                                                          0.155520  
U140                      INVD1BWP20P90LVT
                                          N16ADFP_StdCelltt0p8v25c
                                                          0.155520  
U141                      AOI22D1BWP20P90LVT
                                          N16ADFP_StdCelltt0p8v25c
                                                          0.311040  
U142                      ND2D1BWP20P90LVT
                                          N16ADFP_StdCelltt0p8v25c
                                                          0.207360  
U143                      INVD1BWP20P90LVT
                                          N16ADFP_StdCelltt0p8v25c
                                                          0.155520  
U144                      OAI22D1BWP20P90LVT
                                          N16ADFP_StdCelltt0p8v25c
                                                          0.311040  
U145                      AOI21D1BWP20P90LVT
                                          N16ADFP_StdCelltt0p8v25c
                                                          0.259200  
U146                      INVD1BWP20P90LVT
                                          N16ADFP_StdCelltt0p8v25c
                                                          0.155520  
U147                      AOI22D1BWP20P90LVT
                                          N16ADFP_StdCelltt0p8v25c
                                                          0.311040  
U148                      OAI21D1BWP20P90LVT
                                          N16ADFP_StdCelltt0p8v25c
                                                          0.259200  
U149                      ND2D1BWP20P90LVT
                                          N16ADFP_StdCelltt0p8v25c
                                                          0.207360  
U150                      INVD1BWP20P90LVT
                                          N16ADFP_StdCelltt0p8v25c
                                                          0.155520  
U151                      INVD1BWP20P90LVT
                                          N16ADFP_StdCelltt0p8v25c
                                                          0.155520  
U152                      NR3D1BWP20P90LVT
                                          N16ADFP_StdCelltt0p8v25c
                                                          0.259200  
U153                      AO21D1BWP20P90LVT
                                          N16ADFP_StdCelltt0p8v25c
                                                          0.311040  
U154                      ND2D1BWP20P90LVT
                                          N16ADFP_StdCelltt0p8v25c
                                                          0.207360  
U155                      OAI21D1BWP20P90LVT
                                          N16ADFP_StdCelltt0p8v25c
                                                          0.259200  
U156                      AOI22D1BWP20P90LVT
                                          N16ADFP_StdCelltt0p8v25c
                                                          0.311040  
U157                      OAI21D1BWP20P90LVT
                                          N16ADFP_StdCelltt0p8v25c
                                                          0.259200  
U158                      INVD1BWP20P90LVT
                                          N16ADFP_StdCelltt0p8v25c
                                                          0.155520  
U159                      AOI22D1BWP20P90LVT
                                          N16ADFP_StdCelltt0p8v25c
                                                          0.311040  
U160                      ND2D1BWP20P90LVT
                                          N16ADFP_StdCelltt0p8v25c
                                                          0.207360  
U161                      INVD1BWP20P90LVT
                                          N16ADFP_StdCelltt0p8v25c
                                                          0.155520  
U162                      INVD1BWP20P90LVT
                                          N16ADFP_StdCelltt0p8v25c
                                                          0.155520  
U163                      NR3D1BWP20P90LVT
                                          N16ADFP_StdCelltt0p8v25c
                                                          0.259200  
U164                      AO21D1BWP20P90LVT
                                          N16ADFP_StdCelltt0p8v25c
                                                          0.311040  
U165                      ND2D1BWP20P90LVT
                                          N16ADFP_StdCelltt0p8v25c
                                                          0.207360  
U166                      OAI21D1BWP20P90LVT
                                          N16ADFP_StdCelltt0p8v25c
                                                          0.259200  
U167                      INVD1BWP20P90LVT
                                          N16ADFP_StdCelltt0p8v25c
                                                          0.155520  
U168                      AOI22D1BWP20P90LVT
                                          N16ADFP_StdCelltt0p8v25c
                                                          0.311040  
U169                      ND2D1BWP20P90LVT
                                          N16ADFP_StdCelltt0p8v25c
                                                          0.207360  
U170                      OAI22D1BWP20P90LVT
                                          N16ADFP_StdCelltt0p8v25c
                                                          0.311040  
U171                      AOI21D1BWP20P90LVT
                                          N16ADFP_StdCelltt0p8v25c
                                                          0.259200  
U172                      ND2D1BWP20P90LVT
                                          N16ADFP_StdCelltt0p8v25c
                                                          0.207360  
U173                      INVD1BWP20P90LVT
                                          N16ADFP_StdCelltt0p8v25c
                                                          0.155520  
U174                      INVD1BWP20P90LVT
                                          N16ADFP_StdCelltt0p8v25c
                                                          0.155520  
U175                      NR3D1BWP20P90LVT
                                          N16ADFP_StdCelltt0p8v25c
                                                          0.259200  
U176                      AO21D1BWP20P90LVT
                                          N16ADFP_StdCelltt0p8v25c
                                                          0.311040  
U177                      INVD1BWP20P90LVT
                                          N16ADFP_StdCelltt0p8v25c
                                                          0.155520  
U178                      AOI22D1BWP20P90LVT
                                          N16ADFP_StdCelltt0p8v25c
                                                          0.311040  
U179                      OAI21D1BWP20P90LVT
                                          N16ADFP_StdCelltt0p8v25c
                                                          0.259200  
U180                      ND2D1BWP20P90LVT
                                          N16ADFP_StdCelltt0p8v25c
                                                          0.207360  
U181                      OAI21D1BWP20P90LVT
                                          N16ADFP_StdCelltt0p8v25c
                                                          0.259200  
U182                      AOI22D1BWP20P90LVT
                                          N16ADFP_StdCelltt0p8v25c
                                                          0.311040  
U183                      OAI21D1BWP20P90LVT
                                          N16ADFP_StdCelltt0p8v25c
                                                          0.259200  
U184                      ND2D1BWP20P90LVT
                                          N16ADFP_StdCelltt0p8v25c
                                                          0.207360  
U185                      OAI21D1BWP20P90LVT
                                          N16ADFP_StdCelltt0p8v25c
                                                          0.259200  
U186                      ND2D1BWP20P90LVT
                                          N16ADFP_StdCelltt0p8v25c
                                                          0.207360  
U187                      INVD1BWP20P90LVT
                                          N16ADFP_StdCelltt0p8v25c
                                                          0.155520  
U188                      NR3D1BWP20P90LVT
                                          N16ADFP_StdCelltt0p8v25c
                                                          0.259200  
U189                      AO21D1BWP20P90LVT
                                          N16ADFP_StdCelltt0p8v25c
                                                          0.311040  
U190                      ND2D1BWP20P90LVT
                                          N16ADFP_StdCelltt0p8v25c
                                                          0.207360  
U191                      ND2D1BWP20P90LVT
                                          N16ADFP_StdCelltt0p8v25c
                                                          0.207360  
U192                      INVD1BWP20P90LVT
                                          N16ADFP_StdCelltt0p8v25c
                                                          0.155520  
U193                      OAI21D1BWP20P90LVT
                                          N16ADFP_StdCelltt0p8v25c
                                                          0.259200  
U194                      ND2D1BWP20P90LVT
                                          N16ADFP_StdCelltt0p8v25c
                                                          0.207360  
U195                      INVD1BWP20P90LVT
                                          N16ADFP_StdCelltt0p8v25c
                                                          0.155520  
U196                      AOI21D1BWP20P90LVT
                                          N16ADFP_StdCelltt0p8v25c
                                                          0.259200  
U197                      ND2D1BWP20P90LVT
                                          N16ADFP_StdCelltt0p8v25c
                                                          0.207360  
U198                      INVD1BWP20P90LVT
                                          N16ADFP_StdCelltt0p8v25c
                                                          0.155520  
U199                      AOI21D1BWP20P90LVT
                                          N16ADFP_StdCelltt0p8v25c
                                                          0.259200  
U200                      ND2D1BWP20P90LVT
                                          N16ADFP_StdCelltt0p8v25c
                                                          0.207360  
U201                      INVD1BWP20P90LVT
                                          N16ADFP_StdCelltt0p8v25c
                                                          0.155520  
U202                      AOI21D1BWP20P90LVT
                                          N16ADFP_StdCelltt0p8v25c
                                                          0.259200  
U203                      INVD1BWP20P90LVT
                                          N16ADFP_StdCelltt0p8v25c
                                                          0.155520  
U204                      AOI22D1BWP20P90LVT
                                          N16ADFP_StdCelltt0p8v25c
                                                          0.311040  
U205                      ND2D1BWP20P90LVT
                                          N16ADFP_StdCelltt0p8v25c
                                                          0.207360  
U206                      OAI22D1BWP20P90LVT
                                          N16ADFP_StdCelltt0p8v25c
                                                          0.311040  
U207                      AOI21D1BWP20P90LVT
                                          N16ADFP_StdCelltt0p8v25c
                                                          0.259200  
U208                      AOI22D1BWP20P90LVT
                                          N16ADFP_StdCelltt0p8v25c
                                                          0.311040  
U209                      OAI33D1BWP20P90LVT
                                          N16ADFP_StdCelltt0p8v25c
                                                          0.414720  
U210                      FA1D1BWP20P90LVT
                                          N16ADFP_StdCelltt0p8v25c
                                                          1.036800  r
U211                      INVD1BWP20P90LVT
                                          N16ADFP_StdCelltt0p8v25c
                                                          0.155520  
U212                      INVD1BWP20P90LVT
                                          N16ADFP_StdCelltt0p8v25c
                                                          0.155520  
U213                      AOI22D1BWP20P90LVT
                                          N16ADFP_StdCelltt0p8v25c
                                                          0.311040  
U214                      ND2D1BWP20P90LVT
                                          N16ADFP_StdCelltt0p8v25c
                                                          0.207360  
U215                      INVD1BWP20P90LVT
                                          N16ADFP_StdCelltt0p8v25c
                                                          0.155520  
U216                      NR3D1BWP20P90LVT
                                          N16ADFP_StdCelltt0p8v25c
                                                          0.259200  
U217                      AO21D1BWP20P90LVT
                                          N16ADFP_StdCelltt0p8v25c
                                                          0.311040  
U218                      INVD1BWP20P90LVT
                                          N16ADFP_StdCelltt0p8v25c
                                                          0.155520  
U219                      AOI22D1BWP20P90LVT
                                          N16ADFP_StdCelltt0p8v25c
                                                          0.311040  
U220                      OAI21D1BWP20P90LVT
                                          N16ADFP_StdCelltt0p8v25c
                                                          0.259200  
U221                      ND2D1BWP20P90LVT
                                          N16ADFP_StdCelltt0p8v25c
                                                          0.207360  
U222                      OAI21D1BWP20P90LVT
                                          N16ADFP_StdCelltt0p8v25c
                                                          0.259200  
U223                      ND2D1BWP20P90LVT
                                          N16ADFP_StdCelltt0p8v25c
                                                          0.207360  
U224                      OAI22D1BWP20P90LVT
                                          N16ADFP_StdCelltt0p8v25c
                                                          0.311040  
U225                      AOI21D1BWP20P90LVT
                                          N16ADFP_StdCelltt0p8v25c
                                                          0.259200  
U226                      INVD1BWP20P90LVT
                                          N16ADFP_StdCelltt0p8v25c
                                                          0.155520  
U227                      AOI22D1BWP20P90LVT
                                          N16ADFP_StdCelltt0p8v25c
                                                          0.311040  
U228                      OAI33D1BWP20P90LVT
                                          N16ADFP_StdCelltt0p8v25c
                                                          0.414720  
U229                      AOI22D1BWP20P90LVT
                                          N16ADFP_StdCelltt0p8v25c
                                                          0.311040  
U230                      OAI33D1BWP20P90LVT
                                          N16ADFP_StdCelltt0p8v25c
                                                          0.414720  
U231                      ND2D1BWP20P90LVT
                                          N16ADFP_StdCelltt0p8v25c
                                                          0.207360  
U232                      AOI22D1BWP20P90LVT
                                          N16ADFP_StdCelltt0p8v25c
                                                          0.311040  
U233                      NR3D1BWP20P90LVT
                                          N16ADFP_StdCelltt0p8v25c
                                                          0.259200  
U234                      OAI33D1BWP20P90LVT
                                          N16ADFP_StdCelltt0p8v25c
                                                          0.414720  
U235                      ND2D1BWP20P90LVT
                                          N16ADFP_StdCelltt0p8v25c
                                                          0.207360  
U236                      ND2D1BWP20P90LVT
                                          N16ADFP_StdCelltt0p8v25c
                                                          0.207360  
U237                      AOI22D1BWP20P90LVT
                                          N16ADFP_StdCelltt0p8v25c
                                                          0.311040  
U238                      NR3D1BWP20P90LVT
                                          N16ADFP_StdCelltt0p8v25c
                                                          0.259200  
U239                      NR3D1BWP20P90LVT
                                          N16ADFP_StdCelltt0p8v25c
                                                          0.259200  
U240                      OAI33D1BWP20P90LVT
                                          N16ADFP_StdCelltt0p8v25c
                                                          0.414720  
U241                      FA1D1BWP20P90LVT
                                          N16ADFP_StdCelltt0p8v25c
                                                          1.036800  r
U242                      FA1D1BWP20P90LVT
                                          N16ADFP_StdCelltt0p8v25c
                                                          1.036800  r
U243                      AOI22D1BWP20P90LVT
                                          N16ADFP_StdCelltt0p8v25c
                                                          0.311040  
U244                      OAI33D1BWP20P90LVT
                                          N16ADFP_StdCelltt0p8v25c
                                                          0.414720  
U245                      AOI22D1BWP20P90LVT
                                          N16ADFP_StdCelltt0p8v25c
                                                          0.311040  
U246                      OAI33D1BWP20P90LVT
                                          N16ADFP_StdCelltt0p8v25c
                                                          0.414720  
U247                      FA1D1BWP20P90LVT
                                          N16ADFP_StdCelltt0p8v25c
                                                          1.036800  r
U248                      FA1D1BWP20P90LVT
                                          N16ADFP_StdCelltt0p8v25c
                                                          1.036800  r
U249                      FA1D1BWP20P90LVT
                                          N16ADFP_StdCelltt0p8v25c
                                                          1.036800  r
U250                      ND2D1BWP20P90LVT
                                          N16ADFP_StdCelltt0p8v25c
                                                          0.207360  
U251                      OAI22D1BWP20P90LVT
                                          N16ADFP_StdCelltt0p8v25c
                                                          0.311040  
U252                      AOI21D1BWP20P90LVT
                                          N16ADFP_StdCelltt0p8v25c
                                                          0.259200  
U253                      AOI22D1BWP20P90LVT
                                          N16ADFP_StdCelltt0p8v25c
                                                          0.311040  
U254                      OAI33D1BWP20P90LVT
                                          N16ADFP_StdCelltt0p8v25c
                                                          0.414720  
U255                      FA1D1BWP20P90LVT
                                          N16ADFP_StdCelltt0p8v25c
                                                          1.036800  r
U256                      AOI21D1BWP20P90LVT
                                          N16ADFP_StdCelltt0p8v25c
                                                          0.259200  
U257                      ND2D1BWP20P90LVT
                                          N16ADFP_StdCelltt0p8v25c
                                                          0.207360  
U258                      INVD1BWP20P90LVT
                                          N16ADFP_StdCelltt0p8v25c
                                                          0.155520  
U259                      NR3D1BWP20P90LVT
                                          N16ADFP_StdCelltt0p8v25c
                                                          0.259200  
U260                      OAI33D1BWP20P90LVT
                                          N16ADFP_StdCelltt0p8v25c
                                                          0.414720  
U261                      ND2D1BWP20P90LVT
                                          N16ADFP_StdCelltt0p8v25c
                                                          0.207360  
U262                      AOI22D1BWP20P90LVT
                                          N16ADFP_StdCelltt0p8v25c
                                                          0.311040  
U263                      INVD1BWP20P90LVT
                                          N16ADFP_StdCelltt0p8v25c
                                                          0.155520  
U264                      NR3D1BWP20P90LVT
                                          N16ADFP_StdCelltt0p8v25c
                                                          0.259200  
U265                      OAI33D1BWP20P90LVT
                                          N16ADFP_StdCelltt0p8v25c
                                                          0.414720  
U266                      AOI22D1BWP20P90LVT
                                          N16ADFP_StdCelltt0p8v25c
                                                          0.311040  
U267                      OAI33D1BWP20P90LVT
                                          N16ADFP_StdCelltt0p8v25c
                                                          0.414720  
U268                      ND2D1BWP20P90LVT
                                          N16ADFP_StdCelltt0p8v25c
                                                          0.207360  
U269                      FA1D1BWP20P90LVT
                                          N16ADFP_StdCelltt0p8v25c
                                                          1.036800  r
U270                      AOI22D1BWP20P90LVT
                                          N16ADFP_StdCelltt0p8v25c
                                                          0.311040  
U271                      OAI33D1BWP20P90LVT
                                          N16ADFP_StdCelltt0p8v25c
                                                          0.414720  
U272                      AOI22D1BWP20P90LVT
                                          N16ADFP_StdCelltt0p8v25c
                                                          0.311040  
U273                      OAI33D1BWP20P90LVT
                                          N16ADFP_StdCelltt0p8v25c
                                                          0.414720  
U274                      ND2D1BWP20P90LVT
                                          N16ADFP_StdCelltt0p8v25c
                                                          0.207360  
U275                      AOI22D1BWP20P90LVT
                                          N16ADFP_StdCelltt0p8v25c
                                                          0.311040  
U276                      OAI33D1BWP20P90LVT
                                          N16ADFP_StdCelltt0p8v25c
                                                          0.414720  
U277                      AOI22D1BWP20P90LVT
                                          N16ADFP_StdCelltt0p8v25c
                                                          0.311040  
U278                      OAI33D1BWP20P90LVT
                                          N16ADFP_StdCelltt0p8v25c
                                                          0.414720  
U279                      ND2D1BWP20P90LVT
                                          N16ADFP_StdCelltt0p8v25c
                                                          0.207360  
U280                      AOI22D1BWP20P90LVT
                                          N16ADFP_StdCelltt0p8v25c
                                                          0.311040  
U281                      NR3D1BWP20P90LVT
                                          N16ADFP_StdCelltt0p8v25c
                                                          0.259200  
U282                      OAI33D1BWP20P90LVT
                                          N16ADFP_StdCelltt0p8v25c
                                                          0.414720  
U283                      ND2D1BWP20P90LVT
                                          N16ADFP_StdCelltt0p8v25c
                                                          0.207360  
U284                      AOI22D1BWP20P90LVT
                                          N16ADFP_StdCelltt0p8v25c
                                                          0.311040  
U285                      NR3D1BWP20P90LVT
                                          N16ADFP_StdCelltt0p8v25c
                                                          0.259200  
U286                      OAI33D1BWP20P90LVT
                                          N16ADFP_StdCelltt0p8v25c
                                                          0.414720  
U287                      FA1D1BWP20P90LVT
                                          N16ADFP_StdCelltt0p8v25c
                                                          1.036800  r
U288                      AOI22D1BWP20P90LVT
                                          N16ADFP_StdCelltt0p8v25c
                                                          0.311040  
U289                      OAI33D1BWP20P90LVT
                                          N16ADFP_StdCelltt0p8v25c
                                                          0.414720  
U290                      AOI22D1BWP20P90LVT
                                          N16ADFP_StdCelltt0p8v25c
                                                          0.311040  
U291                      OAI33D1BWP20P90LVT
                                          N16ADFP_StdCelltt0p8v25c
                                                          0.414720  
U292                      AOI22D1BWP20P90LVT
                                          N16ADFP_StdCelltt0p8v25c
                                                          0.311040  
U293                      OAI33D1BWP20P90LVT
                                          N16ADFP_StdCelltt0p8v25c
                                                          0.414720  
U294                      AOI22D1BWP20P90LVT
                                          N16ADFP_StdCelltt0p8v25c
                                                          0.311040  
U295                      OAI33D1BWP20P90LVT
                                          N16ADFP_StdCelltt0p8v25c
                                                          0.414720  
U296                      AOI22D1BWP20P90LVT
                                          N16ADFP_StdCelltt0p8v25c
                                                          0.311040  
U297                      OAI33D1BWP20P90LVT
                                          N16ADFP_StdCelltt0p8v25c
                                                          0.414720  
U298                      FA1D1BWP20P90LVT
                                          N16ADFP_StdCelltt0p8v25c
                                                          1.036800  r
U299                      AOI22D1BWP20P90LVT
                                          N16ADFP_StdCelltt0p8v25c
                                                          0.311040  
U300                      OAI33D1BWP20P90LVT
                                          N16ADFP_StdCelltt0p8v25c
                                                          0.414720  
U301                      AOI22D1BWP20P90LVT
                                          N16ADFP_StdCelltt0p8v25c
                                                          0.311040  
U302                      OAI33D1BWP20P90LVT
                                          N16ADFP_StdCelltt0p8v25c
                                                          0.414720  
U303                      AOI22D1BWP20P90LVT
                                          N16ADFP_StdCelltt0p8v25c
                                                          0.311040  
U304                      OAI33D1BWP20P90LVT
                                          N16ADFP_StdCelltt0p8v25c
                                                          0.414720  
U305                      AOI22D1BWP20P90LVT
                                          N16ADFP_StdCelltt0p8v25c
                                                          0.311040  
U306                      OAI33D1BWP20P90LVT
                                          N16ADFP_StdCelltt0p8v25c
                                                          0.414720  
U307                      AOI22D1BWP20P90LVT
                                          N16ADFP_StdCelltt0p8v25c
                                                          0.311040  
U308                      OAI33D1BWP20P90LVT
                                          N16ADFP_StdCelltt0p8v25c
                                                          0.414720  
U309                      AOI22D1BWP20P90LVT
                                          N16ADFP_StdCelltt0p8v25c
                                                          0.311040  
U310                      OAI33D1BWP20P90LVT
                                          N16ADFP_StdCelltt0p8v25c
                                                          0.414720  
U311                      FA1D1BWP20P90LVT
                                          N16ADFP_StdCelltt0p8v25c
                                                          1.036800  r
U312                      AOI22D1BWP20P90LVT
                                          N16ADFP_StdCelltt0p8v25c
                                                          0.311040  
U313                      OAI33D1BWP20P90LVT
                                          N16ADFP_StdCelltt0p8v25c
                                                          0.414720  
U314                      ND2D1BWP20P90LVT
                                          N16ADFP_StdCelltt0p8v25c
                                                          0.207360  
U315                      AOI22D1BWP20P90LVT
                                          N16ADFP_StdCelltt0p8v25c
                                                          0.311040  
U316                      OAI33D1BWP20P90LVT
                                          N16ADFP_StdCelltt0p8v25c
                                                          0.414720  
U317                      AOI22D1BWP20P90LVT
                                          N16ADFP_StdCelltt0p8v25c
                                                          0.311040  
U318                      OAI33D1BWP20P90LVT
                                          N16ADFP_StdCelltt0p8v25c
                                                          0.414720  
U319                      AOI22D1BWP20P90LVT
                                          N16ADFP_StdCelltt0p8v25c
                                                          0.311040  
U320                      OAI33D1BWP20P90LVT
                                          N16ADFP_StdCelltt0p8v25c
                                                          0.414720  
U321                      FA1D1BWP20P90LVT
                                          N16ADFP_StdCelltt0p8v25c
                                                          1.036800  r
U322                      FA1D1BWP20P90LVT
                                          N16ADFP_StdCelltt0p8v25c
                                                          1.036800  r
U323                      NR2D1BWP20P90LVT
                                          N16ADFP_StdCelltt0p8v25c
                                                          0.207360  
U324                      OAI33D1BWP20P90LVT
                                          N16ADFP_StdCelltt0p8v25c
                                                          0.414720  
U325                      FA1D1BWP20P90LVT
                                          N16ADFP_StdCelltt0p8v25c
                                                          1.036800  r
U326                      AOI22D1BWP20P90LVT
                                          N16ADFP_StdCelltt0p8v25c
                                                          0.311040  
U327                      AOAI211D1BWP20P90LVT
                                          N16ADFP_StdCelltt0p8v25c
                                                          0.414720  
U328                      AOI31D1BWP20P90LVT
                                          N16ADFP_StdCelltt0p8v25c
                                                          0.311040  
U329                      XNR3D2BWP20P90LVT
                                          N16ADFP_StdCelltt0p8v25c
                                                          0.984960  
U330                      FA1D1BWP20P90LVT
                                          N16ADFP_StdCelltt0p8v25c
                                                          1.036800  r
U331                      AOI22D1BWP20P90LVT
                                          N16ADFP_StdCelltt0p8v25c
                                                          0.311040  
U332                      OAI33D1BWP20P90LVT
                                          N16ADFP_StdCelltt0p8v25c
                                                          0.414720  
U333                      OAI33D1BWP20P90LVT
                                          N16ADFP_StdCelltt0p8v25c
                                                          0.414720  
U334                      AOI22D1BWP20P90LVT
                                          N16ADFP_StdCelltt0p8v25c
                                                          0.311040  
U335                      OAI33D1BWP20P90LVT
                                          N16ADFP_StdCelltt0p8v25c
                                                          0.414720  
U336                      AOI22D1BWP20P90LVT
                                          N16ADFP_StdCelltt0p8v25c
                                                          0.311040  
U337                      OAI33D1BWP20P90LVT
                                          N16ADFP_StdCelltt0p8v25c
                                                          0.414720  
U338                      ND2D1BWP20P90LVT
                                          N16ADFP_StdCelltt0p8v25c
                                                          0.207360  
U339                      FA1D1BWP20P90LVT
                                          N16ADFP_StdCelltt0p8v25c
                                                          1.036800  r
U340                      AOI22D1BWP20P90LVT
                                          N16ADFP_StdCelltt0p8v25c
                                                          0.311040  
U341                      OAI33D1BWP20P90LVT
                                          N16ADFP_StdCelltt0p8v25c
                                                          0.414720  
U342                      AOI22D1BWP20P90LVT
                                          N16ADFP_StdCelltt0p8v25c
                                                          0.311040  
U343                      OAI33D1BWP20P90LVT
                                          N16ADFP_StdCelltt0p8v25c
                                                          0.414720  
U344                      AOI22D1BWP20P90LVT
                                          N16ADFP_StdCelltt0p8v25c
                                                          0.311040  
U345                      OAI33D1BWP20P90LVT
                                          N16ADFP_StdCelltt0p8v25c
                                                          0.414720  
U346                      AOI22D1BWP20P90LVT
                                          N16ADFP_StdCelltt0p8v25c
                                                          0.311040  
U347                      OAI33D1BWP20P90LVT
                                          N16ADFP_StdCelltt0p8v25c
                                                          0.414720  
U348                      ND2D1BWP20P90LVT
                                          N16ADFP_StdCelltt0p8v25c
                                                          0.207360  
U349                      FA1D1BWP20P90LVT
                                          N16ADFP_StdCelltt0p8v25c
                                                          1.036800  r
U350                      OAI33D1BWP20P90LVT
                                          N16ADFP_StdCelltt0p8v25c
                                                          0.414720  
U351                      AOI22D1BWP20P90LVT
                                          N16ADFP_StdCelltt0p8v25c
                                                          0.311040  
U352                      OAI33D1BWP20P90LVT
                                          N16ADFP_StdCelltt0p8v25c
                                                          0.414720  
U353                      AOI22D1BWP20P90LVT
                                          N16ADFP_StdCelltt0p8v25c
                                                          0.311040  
U354                      OAI33D1BWP20P90LVT
                                          N16ADFP_StdCelltt0p8v25c
                                                          0.414720  
U355                      AOI22D1BWP20P90LVT
                                          N16ADFP_StdCelltt0p8v25c
                                                          0.311040  
U356                      OAI33D1BWP20P90LVT
                                          N16ADFP_StdCelltt0p8v25c
                                                          0.414720  
U357                      AOI22D1BWP20P90LVT
                                          N16ADFP_StdCelltt0p8v25c
                                                          0.311040  
U358                      OAI33D1BWP20P90LVT
                                          N16ADFP_StdCelltt0p8v25c
                                                          0.414720  
U359                      AOI22D1BWP20P90LVT
                                          N16ADFP_StdCelltt0p8v25c
                                                          0.311040  
U360                      OAI33D1BWP20P90LVT
                                          N16ADFP_StdCelltt0p8v25c
                                                          0.414720  
U361                      AOI22D1BWP20P90LVT
                                          N16ADFP_StdCelltt0p8v25c
                                                          0.311040  
U362                      OAI33D1BWP20P90LVT
                                          N16ADFP_StdCelltt0p8v25c
                                                          0.414720  
U363                      ND2D1BWP20P90LVT
                                          N16ADFP_StdCelltt0p8v25c
                                                          0.207360  
U364                      AOI22D1BWP20P90LVT
                                          N16ADFP_StdCelltt0p8v25c
                                                          0.311040  
U365                      OAI33D1BWP20P90LVT
                                          N16ADFP_StdCelltt0p8v25c
                                                          0.414720  
U366                      ND2D1BWP20P90LVT
                                          N16ADFP_StdCelltt0p8v25c
                                                          0.207360  
U367                      FA1D1BWP20P90LVT
                                          N16ADFP_StdCelltt0p8v25c
                                                          1.036800  r
U368                      FA1D1BWP20P90LVT
                                          N16ADFP_StdCelltt0p8v25c
                                                          1.036800  r
U369                      INVD1BWP20P90LVT
                                          N16ADFP_StdCelltt0p8v25c
                                                          0.155520  
U370                      OAI33D1BWP20P90LVT
                                          N16ADFP_StdCelltt0p8v25c
                                                          0.414720  
U371                      AOI22D1BWP20P90LVT
                                          N16ADFP_StdCelltt0p8v25c
                                                          0.311040  
U372                      OAI33D1BWP20P90LVT
                                          N16ADFP_StdCelltt0p8v25c
                                                          0.414720  
U373                      FA1D1BWP20P90LVT
                                          N16ADFP_StdCelltt0p8v25c
                                                          1.036800  r
U374                      AOI22D1BWP20P90LVT
                                          N16ADFP_StdCelltt0p8v25c
                                                          0.311040  
U375                      OAI33D1BWP20P90LVT
                                          N16ADFP_StdCelltt0p8v25c
                                                          0.414720  
U376                      AOI22D1BWP20P90LVT
                                          N16ADFP_StdCelltt0p8v25c
                                                          0.311040  
U377                      OAI33D1BWP20P90LVT
                                          N16ADFP_StdCelltt0p8v25c
                                                          0.414720  
U378                      AOI22D1BWP20P90LVT
                                          N16ADFP_StdCelltt0p8v25c
                                                          0.311040  
U379                      OAI33D1BWP20P90LVT
                                          N16ADFP_StdCelltt0p8v25c
                                                          0.414720  
U380                      AOI22D1BWP20P90LVT
                                          N16ADFP_StdCelltt0p8v25c
                                                          0.311040  
U381                      OAI33D1BWP20P90LVT
                                          N16ADFP_StdCelltt0p8v25c
                                                          0.414720  
U382                      AOI22D1BWP20P90LVT
                                          N16ADFP_StdCelltt0p8v25c
                                                          0.311040  
U383                      OAI33D1BWP20P90LVT
                                          N16ADFP_StdCelltt0p8v25c
                                                          0.414720  
U384                      AOI22D1BWP20P90LVT
                                          N16ADFP_StdCelltt0p8v25c
                                                          0.311040  
U385                      OAI33D1BWP20P90LVT
                                          N16ADFP_StdCelltt0p8v25c
                                                          0.414720  
U386                      FA1D1BWP20P90LVT
                                          N16ADFP_StdCelltt0p8v25c
                                                          1.036800  r
U387                      ND2D1BWP20P90LVT
                                          N16ADFP_StdCelltt0p8v25c
                                                          0.207360  
U388                      AOI22D1BWP20P90LVT
                                          N16ADFP_StdCelltt0p8v25c
                                                          0.311040  
U389                      OAI33D1BWP20P90LVT
                                          N16ADFP_StdCelltt0p8v25c
                                                          0.414720  
U390                      ND2D1BWP20P90LVT
                                          N16ADFP_StdCelltt0p8v25c
                                                          0.207360  
U391                      FA1D1BWP20P90LVT
                                          N16ADFP_StdCelltt0p8v25c
                                                          1.036800  r
U392                      AOI22D1BWP20P90LVT
                                          N16ADFP_StdCelltt0p8v25c
                                                          0.311040  
U393                      OAI33D1BWP20P90LVT
                                          N16ADFP_StdCelltt0p8v25c
                                                          0.414720  
U394                      AOI22D1BWP20P90LVT
                                          N16ADFP_StdCelltt0p8v25c
                                                          0.311040  
U395                      OAI33D1BWP20P90LVT
                                          N16ADFP_StdCelltt0p8v25c
                                                          0.414720  
U396                      AOI22D1BWP20P90LVT
                                          N16ADFP_StdCelltt0p8v25c
                                                          0.311040  
U397                      OAI33D1BWP20P90LVT
                                          N16ADFP_StdCelltt0p8v25c
                                                          0.414720  
U398                      AOI22D1BWP20P90LVT
                                          N16ADFP_StdCelltt0p8v25c
                                                          0.311040  
U399                      OAI33D1BWP20P90LVT
                                          N16ADFP_StdCelltt0p8v25c
                                                          0.414720  
U400                      AOI21D1BWP20P90LVT
                                          N16ADFP_StdCelltt0p8v25c
                                                          0.259200  
U401                      INVD1BWP20P90LVT
                                          N16ADFP_StdCelltt0p8v25c
                                                          0.155520  
U402                      INVD1BWP20P90LVT
                                          N16ADFP_StdCelltt0p8v25c
                                                          0.155520  
U403                      OAI33D1BWP20P90LVT
                                          N16ADFP_StdCelltt0p8v25c
                                                          0.414720  
U404                      AOI22D1BWP20P90LVT
                                          N16ADFP_StdCelltt0p8v25c
                                                          0.311040  
U405                      OAI33D1BWP20P90LVT
                                          N16ADFP_StdCelltt0p8v25c
                                                          0.414720  
U406                      FA1D1BWP20P90LVT
                                          N16ADFP_StdCelltt0p8v25c
                                                          1.036800  r
U407                      FA1D1BWP20P90LVT
                                          N16ADFP_StdCelltt0p8v25c
                                                          1.036800  r
U408                      AOI22D1BWP20P90LVT
                                          N16ADFP_StdCelltt0p8v25c
                                                          0.311040  
U409                      OAI33D1BWP20P90LVT
                                          N16ADFP_StdCelltt0p8v25c
                                                          0.414720  
U410                      AOI22D1BWP20P90LVT
                                          N16ADFP_StdCelltt0p8v25c
                                                          0.311040  
U411                      OAI33D1BWP20P90LVT
                                          N16ADFP_StdCelltt0p8v25c
                                                          0.414720  
U412                      AN2D1BWP20P90LVT
                                          N16ADFP_StdCelltt0p8v25c
                                                          0.259200  
U413                      AOI22D1BWP20P90LVT
                                          N16ADFP_StdCelltt0p8v25c
                                                          0.311040  
U414                      OAI33D1BWP20P90LVT
                                          N16ADFP_StdCelltt0p8v25c
                                                          0.414720  
U415                      FA1D1BWP20P90LVT
                                          N16ADFP_StdCelltt0p8v25c
                                                          1.036800  r
U416                      FA1D1BWP20P90LVT
                                          N16ADFP_StdCelltt0p8v25c
                                                          1.036800  r
U417                      FA1D1BWP20P90LVT
                                          N16ADFP_StdCelltt0p8v25c
                                                          1.036800  r
U418                      OAI33D1BWP20P90LVT
                                          N16ADFP_StdCelltt0p8v25c
                                                          0.414720  
U419                      ND2D1BWP20P90LVT
                                          N16ADFP_StdCelltt0p8v25c
                                                          0.207360  
U420                      AOI22D1BWP20P90LVT
                                          N16ADFP_StdCelltt0p8v25c
                                                          0.311040  
U421                      OAI33D1BWP20P90LVT
                                          N16ADFP_StdCelltt0p8v25c
                                                          0.414720  
U422                      AOI22D1BWP20P90LVT
                                          N16ADFP_StdCelltt0p8v25c
                                                          0.311040  
U423                      OAI33D1BWP20P90LVT
                                          N16ADFP_StdCelltt0p8v25c
                                                          0.414720  
U424                      FA1D1BWP20P90LVT
                                          N16ADFP_StdCelltt0p8v25c
                                                          1.036800  r
U425                      FA1D1BWP20P90LVT
                                          N16ADFP_StdCelltt0p8v25c
                                                          1.036800  r
U426                      AOI22D1BWP20P90LVT
                                          N16ADFP_StdCelltt0p8v25c
                                                          0.311040  
U427                      OAI33D1BWP20P90LVT
                                          N16ADFP_StdCelltt0p8v25c
                                                          0.414720  
U428                      FA1D1BWP20P90LVT
                                          N16ADFP_StdCelltt0p8v25c
                                                          1.036800  r
U429                      FA1D1BWP20P90LVT
                                          N16ADFP_StdCelltt0p8v25c
                                                          1.036800  r
U430                      AOI22D1BWP20P90LVT
                                          N16ADFP_StdCelltt0p8v25c
                                                          0.311040  
U431                      OAI33D1BWP20P90LVT
                                          N16ADFP_StdCelltt0p8v25c
                                                          0.414720  
U432                      AOI22D1BWP20P90LVT
                                          N16ADFP_StdCelltt0p8v25c
                                                          0.311040  
U433                      OAI33D1BWP20P90LVT
                                          N16ADFP_StdCelltt0p8v25c
                                                          0.414720  
U434                      AOI22D1BWP20P90LVT
                                          N16ADFP_StdCelltt0p8v25c
                                                          0.311040  
U435                      OAI33D1BWP20P90LVT
                                          N16ADFP_StdCelltt0p8v25c
                                                          0.414720  
U436                      FA1D1BWP20P90LVT
                                          N16ADFP_StdCelltt0p8v25c
                                                          1.036800  r
U437                      FA1D1BWP20P90LVT
                                          N16ADFP_StdCelltt0p8v25c
                                                          1.036800  r
U438                      AOI22D1BWP20P90LVT
                                          N16ADFP_StdCelltt0p8v25c
                                                          0.311040  
U439                      OAI33D1BWP20P90LVT
                                          N16ADFP_StdCelltt0p8v25c
                                                          0.414720  
U440                      OAI33D1BWP20P90LVT
                                          N16ADFP_StdCelltt0p8v25c
                                                          0.414720  
U441                      AOI22D1BWP20P90LVT
                                          N16ADFP_StdCelltt0p8v25c
                                                          0.311040  
U442                      AOI21D1BWP20P90LVT
                                          N16ADFP_StdCelltt0p8v25c
                                                          0.259200  
U443                      AOI22D1BWP20P90LVT
                                          N16ADFP_StdCelltt0p8v25c
                                                          0.311040  
U444                      OAI33D1BWP20P90LVT
                                          N16ADFP_StdCelltt0p8v25c
                                                          0.414720  
U445                      FA1D1BWP20P90LVT
                                          N16ADFP_StdCelltt0p8v25c
                                                          1.036800  r
U446                      AOI22D1BWP20P90LVT
                                          N16ADFP_StdCelltt0p8v25c
                                                          0.311040  
U447                      OAI33D1BWP20P90LVT
                                          N16ADFP_StdCelltt0p8v25c
                                                          0.414720  
U448                      AOI22D1BWP20P90LVT
                                          N16ADFP_StdCelltt0p8v25c
                                                          0.311040  
U449                      OAI33D1BWP20P90LVT
                                          N16ADFP_StdCelltt0p8v25c
                                                          0.414720  
U450                      AOI22D1BWP20P90LVT
                                          N16ADFP_StdCelltt0p8v25c
                                                          0.311040  
U451                      OAI33D1BWP20P90LVT
                                          N16ADFP_StdCelltt0p8v25c
                                                          0.414720  
U452                      ND2D1BWP20P90LVT
                                          N16ADFP_StdCelltt0p8v25c
                                                          0.207360  
U453                      OAI22D1BWP20P90LVT
                                          N16ADFP_StdCelltt0p8v25c
                                                          0.311040  
U454                      AOI21D1BWP20P90LVT
                                          N16ADFP_StdCelltt0p8v25c
                                                          0.259200  
U455                      AOI22D1BWP20P90LVT
                                          N16ADFP_StdCelltt0p8v25c
                                                          0.311040  
U456                      OAI33D1BWP20P90LVT
                                          N16ADFP_StdCelltt0p8v25c
                                                          0.414720  
U457                      OAI21D1BWP20P90LVT
                                          N16ADFP_StdCelltt0p8v25c
                                                          0.259200  
U458                      AOI22D1BWP20P90LVT
                                          N16ADFP_StdCelltt0p8v25c
                                                          0.311040  
U459                      OAI33D1BWP20P90LVT
                                          N16ADFP_StdCelltt0p8v25c
                                                          0.414720  
U460                      FA1D1BWP20P90LVT
                                          N16ADFP_StdCelltt0p8v25c
                                                          1.036800  r
U461                      FA1D1BWP20P90LVT
                                          N16ADFP_StdCelltt0p8v25c
                                                          1.036800  r
U462                      AOI22D1BWP20P90LVT
                                          N16ADFP_StdCelltt0p8v25c
                                                          0.311040  
U463                      OAI33D1BWP20P90LVT
                                          N16ADFP_StdCelltt0p8v25c
                                                          0.414720  
U464                      AOI22D1BWP20P90LVT
                                          N16ADFP_StdCelltt0p8v25c
                                                          0.311040  
U465                      OAI33D1BWP20P90LVT
                                          N16ADFP_StdCelltt0p8v25c
                                                          0.414720  
U466                      AOI22D1BWP20P90LVT
                                          N16ADFP_StdCelltt0p8v25c
                                                          0.311040  
U467                      OAI33D1BWP20P90LVT
                                          N16ADFP_StdCelltt0p8v25c
                                                          0.414720  
U468                      AOI22D1BWP20P90LVT
                                          N16ADFP_StdCelltt0p8v25c
                                                          0.311040  
U469                      OAI33D1BWP20P90LVT
                                          N16ADFP_StdCelltt0p8v25c
                                                          0.414720  
U470                      AOI22D1BWP20P90LVT
                                          N16ADFP_StdCelltt0p8v25c
                                                          0.311040  
U471                      OAI33D1BWP20P90LVT
                                          N16ADFP_StdCelltt0p8v25c
                                                          0.414720  
U472                      AOI22D1BWP20P90LVT
                                          N16ADFP_StdCelltt0p8v25c
                                                          0.311040  
U473                      OAI33D1BWP20P90LVT
                                          N16ADFP_StdCelltt0p8v25c
                                                          0.414720  
U474                      FA1D1BWP20P90LVT
                                          N16ADFP_StdCelltt0p8v25c
                                                          1.036800  r
U475                      AOI22D1BWP20P90LVT
                                          N16ADFP_StdCelltt0p8v25c
                                                          0.311040  
U476                      OAI33D1BWP20P90LVT
                                          N16ADFP_StdCelltt0p8v25c
                                                          0.414720  
U477                      AOI22D1BWP20P90LVT
                                          N16ADFP_StdCelltt0p8v25c
                                                          0.311040  
U478                      OAI33D1BWP20P90LVT
                                          N16ADFP_StdCelltt0p8v25c
                                                          0.414720  
U479                      AOI22D1BWP20P90LVT
                                          N16ADFP_StdCelltt0p8v25c
                                                          0.311040  
U480                      OAI33D1BWP20P90LVT
                                          N16ADFP_StdCelltt0p8v25c
                                                          0.414720  
U481                      FA1D1BWP20P90LVT
                                          N16ADFP_StdCelltt0p8v25c
                                                          1.036800  r
U482                      AOI22D1BWP20P90LVT
                                          N16ADFP_StdCelltt0p8v25c
                                                          0.311040  
U483                      OAI33D1BWP20P90LVT
                                          N16ADFP_StdCelltt0p8v25c
                                                          0.414720  
U484                      AOI22D1BWP20P90LVT
                                          N16ADFP_StdCelltt0p8v25c
                                                          0.311040  
U485                      OAI33D1BWP20P90LVT
                                          N16ADFP_StdCelltt0p8v25c
                                                          0.414720  
U486                      AOI22D1BWP20P90LVT
                                          N16ADFP_StdCelltt0p8v25c
                                                          0.311040  
U487                      OAI33D1BWP20P90LVT
                                          N16ADFP_StdCelltt0p8v25c
                                                          0.414720  
U488                      AOI22D1BWP20P90LVT
                                          N16ADFP_StdCelltt0p8v25c
                                                          0.311040  
U489                      OAI33D1BWP20P90LVT
                                          N16ADFP_StdCelltt0p8v25c
                                                          0.414720  
U490                      AOI22D1BWP20P90LVT
                                          N16ADFP_StdCelltt0p8v25c
                                                          0.311040  
U491                      OAI33D1BWP20P90LVT
                                          N16ADFP_StdCelltt0p8v25c
                                                          0.414720  
U492                      AOI22D1BWP20P90LVT
                                          N16ADFP_StdCelltt0p8v25c
                                                          0.311040  
U493                      OAI33D1BWP20P90LVT
                                          N16ADFP_StdCelltt0p8v25c
                                                          0.414720  
U494                      AOI22D1BWP20P90LVT
                                          N16ADFP_StdCelltt0p8v25c
                                                          0.311040  
U495                      OAI33D1BWP20P90LVT
                                          N16ADFP_StdCelltt0p8v25c
                                                          0.414720  
U496                      AOI22D1BWP20P90LVT
                                          N16ADFP_StdCelltt0p8v25c
                                                          0.311040  
U497                      OAI33D1BWP20P90LVT
                                          N16ADFP_StdCelltt0p8v25c
                                                          0.414720  
U498                      AOI22D1BWP20P90LVT
                                          N16ADFP_StdCelltt0p8v25c
                                                          0.311040  
U499                      OAI33D1BWP20P90LVT
                                          N16ADFP_StdCelltt0p8v25c
                                                          0.414720  
U500                      FA1D1BWP20P90LVT
                                          N16ADFP_StdCelltt0p8v25c
                                                          1.036800  r
U501                      AOI22D1BWP20P90LVT
                                          N16ADFP_StdCelltt0p8v25c
                                                          0.311040  
U502                      OAI33D1BWP20P90LVT
                                          N16ADFP_StdCelltt0p8v25c
                                                          0.414720  
U503                      AOI22D1BWP20P90LVT
                                          N16ADFP_StdCelltt0p8v25c
                                                          0.311040  
U504                      OAI33D1BWP20P90LVT
                                          N16ADFP_StdCelltt0p8v25c
                                                          0.414720  
U505                      AOI22D1BWP20P90LVT
                                          N16ADFP_StdCelltt0p8v25c
                                                          0.311040  
U506                      OAI33D1BWP20P90LVT
                                          N16ADFP_StdCelltt0p8v25c
                                                          0.414720  
U507                      AOI22D1BWP20P90LVT
                                          N16ADFP_StdCelltt0p8v25c
                                                          0.311040  
U508                      OAI33D1BWP20P90LVT
                                          N16ADFP_StdCelltt0p8v25c
                                                          0.414720  
U509                      AOI22D1BWP20P90LVT
                                          N16ADFP_StdCelltt0p8v25c
                                                          0.311040  
U510                      OAI33D1BWP20P90LVT
                                          N16ADFP_StdCelltt0p8v25c
                                                          0.414720  
U511                      AOI22D1BWP20P90LVT
                                          N16ADFP_StdCelltt0p8v25c
                                                          0.311040  
U512                      OAI33D1BWP20P90LVT
                                          N16ADFP_StdCelltt0p8v25c
                                                          0.414720  
U513                      AOI22D1BWP20P90LVT
                                          N16ADFP_StdCelltt0p8v25c
                                                          0.311040  
U514                      OAI33D1BWP20P90LVT
                                          N16ADFP_StdCelltt0p8v25c
                                                          0.414720  
U515                      AOI22D1BWP20P90LVT
                                          N16ADFP_StdCelltt0p8v25c
                                                          0.311040  
U516                      OAI33D1BWP20P90LVT
                                          N16ADFP_StdCelltt0p8v25c
                                                          0.414720  
U517                      AOI22D1BWP20P90LVT
                                          N16ADFP_StdCelltt0p8v25c
                                                          0.311040  
U518                      OAI33D1BWP20P90LVT
                                          N16ADFP_StdCelltt0p8v25c
                                                          0.414720  
U519                      AOI22D1BWP20P90LVT
                                          N16ADFP_StdCelltt0p8v25c
                                                          0.311040  
U520                      OAI21D1BWP20P90LVT
                                          N16ADFP_StdCelltt0p8v25c
                                                          0.259200  
U521                      AO21D1BWP20P90LVT
                                          N16ADFP_StdCelltt0p8v25c
                                                          0.311040  
U522                      ND2D1BWP20P90LVT
                                          N16ADFP_StdCelltt0p8v25c
                                                          0.207360  
U523                      FA1D1BWP20P90LVT
                                          N16ADFP_StdCelltt0p8v25c
                                                          1.036800  r
U524                      FA1D1BWP20P90LVT
                                          N16ADFP_StdCelltt0p8v25c
                                                          1.036800  r
U525                      OAI21D1BWP20P90LVT
                                          N16ADFP_StdCelltt0p8v25c
                                                          0.259200  
U526                      AOI22D1BWP20P90LVT
                                          N16ADFP_StdCelltt0p8v25c
                                                          0.311040  
U527                      OAI33D1BWP20P90LVT
                                          N16ADFP_StdCelltt0p8v25c
                                                          0.414720  
U528                      AOI22D1BWP20P90LVT
                                          N16ADFP_StdCelltt0p8v25c
                                                          0.311040  
U529                      OAI33D1BWP20P90LVT
                                          N16ADFP_StdCelltt0p8v25c
                                                          0.414720  
U530                      FA1D1BWP20P90LVT
                                          N16ADFP_StdCelltt0p8v25c
                                                          1.036800  r
U531                      OA21D1BWP20P90LVT
                                          N16ADFP_StdCelltt0p8v25c
                                                          0.311040  
intadd_0/U2               FA1D1BWP20P90LVT
                                          N16ADFP_StdCelltt0p8v25c
                                                          1.036800  mo, r
intadd_0/U3               FA1D1BWP20P90LVT
                                          N16ADFP_StdCelltt0p8v25c
                                                          1.036800  mo, r
intadd_0/U4               FA1D1BWP20P90LVT
                                          N16ADFP_StdCelltt0p8v25c
                                                          1.036800  mo, r
intadd_0/U5               FA1D1BWP20P90LVT
                                          N16ADFP_StdCelltt0p8v25c
                                                          1.036800  mo, r
intadd_0/U6               FA1D1BWP20P90LVT
                                          N16ADFP_StdCelltt0p8v25c
                                                          1.036800  mo, r
intadd_0/U7               FA1D1BWP20P90LVT
                                          N16ADFP_StdCelltt0p8v25c
                                                          1.036800  mo, r
intadd_0/U8               FA1D1BWP20P90LVT
                                          N16ADFP_StdCelltt0p8v25c
                                                          1.036800  mo, r
intadd_0/U9               FA1D1BWP20P90LVT
                                          N16ADFP_StdCelltt0p8v25c
                                                          1.036800  mo, r
intadd_0/U10              FA1D1BWP20P90LVT
                                          N16ADFP_StdCelltt0p8v25c
                                                          1.036800  mo, r
intadd_0/U11              FA1D1BWP20P90LVT
                                          N16ADFP_StdCelltt0p8v25c
                                                          1.036800  mo, r
intadd_0/U12              FA1D1BWP20P90LVT
                                          N16ADFP_StdCelltt0p8v25c
                                                          1.036800  mo, r
intadd_0/U13              FA1D1BWP20P90LVT
                                          N16ADFP_StdCelltt0p8v25c
                                                          1.036800  mo, r
intadd_0/U14              FA1D1BWP20P90LVT
                                          N16ADFP_StdCelltt0p8v25c
                                                          1.036800  mo, r
intadd_0/U15              FA1D1BWP20P90LVT
                                          N16ADFP_StdCelltt0p8v25c
                                                          1.036800  mo, r
intadd_0/U16              FA1D1BWP20P90LVT
                                          N16ADFP_StdCelltt0p8v25c
                                                          1.036800  mo, r
intadd_0/U17              FA1D1BWP20P90LVT
                                          N16ADFP_StdCelltt0p8v25c
                                                          1.036800  mo, r
intadd_0/U18              FA1D1BWP20P90LVT
                                          N16ADFP_StdCelltt0p8v25c
                                                          1.036800  mo, r
intadd_0/U19              FA1D1BWP20P90LVT
                                          N16ADFP_StdCelltt0p8v25c
                                                          1.036800  mo, r
intadd_0/U20              FA1D1BWP20P90LVT
                                          N16ADFP_StdCelltt0p8v25c
                                                          1.036800  mo, r
intadd_0/U21              FA1D1BWP20P90LVT
                                          N16ADFP_StdCelltt0p8v25c
                                                          1.036800  mo, r
intadd_0/U22              FA1D1BWP20P90LVT
                                          N16ADFP_StdCelltt0p8v25c
                                                          1.036800  mo, r
intadd_0/U23              FA1D1BWP20P90LVT
                                          N16ADFP_StdCelltt0p8v25c
                                                          1.036800  mo, r
intadd_0/U24              FA1D1BWP20P90LVT
                                          N16ADFP_StdCelltt0p8v25c
                                                          1.036800  mo, r
intadd_0/U25              FA1D1BWP20P90LVT
                                          N16ADFP_StdCelltt0p8v25c
                                                          1.036800  mo, r
intadd_0/U26              FA1D1BWP20P90LVT
                                          N16ADFP_StdCelltt0p8v25c
                                                          1.036800  mo, r
intadd_0/U27              FA1D1BWP20P90LVT
                                          N16ADFP_StdCelltt0p8v25c
                                                          1.036800  mo, r
intadd_0/U28              FA1D1BWP20P90LVT
                                          N16ADFP_StdCelltt0p8v25c
                                                          1.036800  mo, r
intadd_0/U29              FA1D1BWP20P90LVT
                                          N16ADFP_StdCelltt0p8v25c
                                                          1.036800  mo, r
intadd_1/U2               FA1D1BWP20P90LVT
                                          N16ADFP_StdCelltt0p8v25c
                                                          1.036800  mo, r
intadd_1/U3               FA1D1BWP20P90LVT
                                          N16ADFP_StdCelltt0p8v25c
                                                          1.036800  mo, r
intadd_1/U4               FA1D1BWP20P90LVT
                                          N16ADFP_StdCelltt0p8v25c
                                                          1.036800  mo, r
intadd_1/U5               FA1D1BWP20P90LVT
                                          N16ADFP_StdCelltt0p8v25c
                                                          1.036800  mo, r
intadd_2/U2               FA1D1BWP20P90LVT
                                          N16ADFP_StdCelltt0p8v25c
                                                          1.036800  mo, r
intadd_2/U3               FA1D1BWP20P90LVT
                                          N16ADFP_StdCelltt0p8v25c
                                                          1.036800  mo, r
intadd_2/U4               FA1D1BWP20P90LVT
                                          N16ADFP_StdCelltt0p8v25c
                                                          1.036800  mo, r
intadd_2/U5               FA1D1BWP20P90LVT
                                          N16ADFP_StdCelltt0p8v25c
                                                          1.036800  mo, r
intadd_3/U2               FA1D1BWP20P90LVT
                                          N16ADFP_StdCelltt0p8v25c
                                                          1.036800  mo, r
intadd_3/U3               FA1D1BWP20P90LVT
                                          N16ADFP_StdCelltt0p8v25c
                                                          1.036800  mo, r
intadd_3/U4               FA1D1BWP20P90LVT
                                          N16ADFP_StdCelltt0p8v25c
                                                          1.036800  mo, r
intadd_3/U5               FA1D1BWP20P90LVT
                                          N16ADFP_StdCelltt0p8v25c
                                                          1.036800  mo, r
intadd_4/U2               FA1D1BWP20P90LVT
                                          N16ADFP_StdCelltt0p8v25c
                                                          1.036800  mo, r
intadd_4/U3               FA1D1BWP20P90LVT
                                          N16ADFP_StdCelltt0p8v25c
                                                          1.036800  mo, r
intadd_4/U4               FA1D1BWP20P90LVT
                                          N16ADFP_StdCelltt0p8v25c
                                                          1.036800  mo, r
intadd_4/U5               FA1D1BWP20P90LVT
                                          N16ADFP_StdCelltt0p8v25c
                                                          1.036800  mo, r
intadd_5/U2               FA1D1BWP20P90LVT
                                          N16ADFP_StdCelltt0p8v25c
                                                          1.036800  mo, r
intadd_5/U3               FA1D1BWP20P90LVT
                                          N16ADFP_StdCelltt0p8v25c
                                                          1.036800  mo, r
intadd_5/U4               FA1D1BWP20P90LVT
                                          N16ADFP_StdCelltt0p8v25c
                                                          1.036800  mo, r
intadd_5/U5               FA1D1BWP20P90LVT
                                          N16ADFP_StdCelltt0p8v25c
                                                          1.036800  mo, r
intadd_6/U2               FA1D1BWP20P90LVT
                                          N16ADFP_StdCelltt0p8v25c
                                                          1.036800  mo, r
intadd_6/U3               FA1D1BWP20P90LVT
                                          N16ADFP_StdCelltt0p8v25c
                                                          1.036800  mo, r
intadd_6/U4               FA1D1BWP20P90LVT
                                          N16ADFP_StdCelltt0p8v25c
                                                          1.036800  mo, r
intadd_6/U5               FA1D1BWP20P90LVT
                                          N16ADFP_StdCelltt0p8v25c
                                                          1.036800  mo, r
intadd_7/U2               FA1D1BWP20P90LVT
                                          N16ADFP_StdCelltt0p8v25c
                                                          1.036800  mo, r
intadd_7/U3               FA1D1BWP20P90LVT
                                          N16ADFP_StdCelltt0p8v25c
                                                          1.036800  mo, r
intadd_7/U4               FA1D1BWP20P90LVT
                                          N16ADFP_StdCelltt0p8v25c
                                                          1.036800  mo, r
intadd_7/U5               FA1D1BWP20P90LVT
                                          N16ADFP_StdCelltt0p8v25c
                                                          1.036800  mo, r
intadd_8/U2               FA1D1BWP20P90LVT
                                          N16ADFP_StdCelltt0p8v25c
                                                          1.036800  mo, r
intadd_8/U3               FA1D1BWP20P90LVT
                                          N16ADFP_StdCelltt0p8v25c
                                                          1.036800  mo, r
intadd_8/U4               FA1D1BWP20P90LVT
                                          N16ADFP_StdCelltt0p8v25c
                                                          1.036800  mo, r
intadd_8/U5               FA1D1BWP20P90LVT
                                          N16ADFP_StdCelltt0p8v25c
                                                          1.036800  mo, r
intadd_9/U2               FA1D1BWP20P90LVT
                                          N16ADFP_StdCelltt0p8v25c
                                                          1.036800  mo, r
intadd_9/U3               FA1D1BWP20P90LVT
                                          N16ADFP_StdCelltt0p8v25c
                                                          1.036800  mo, r
intadd_9/U4               FA1D1BWP20P90LVT
                                          N16ADFP_StdCelltt0p8v25c
                                                          1.036800  mo, r
intadd_9/U5               FA1D1BWP20P90LVT
                                          N16ADFP_StdCelltt0p8v25c
                                                          1.036800  mo, r
intadd_10/U2              FA1D1BWP20P90LVT
                                          N16ADFP_StdCelltt0p8v25c
                                                          1.036800  mo, r
intadd_10/U3              FA1D1BWP20P90LVT
                                          N16ADFP_StdCelltt0p8v25c
                                                          1.036800  mo, r
intadd_10/U4              FA1D1BWP20P90LVT
                                          N16ADFP_StdCelltt0p8v25c
                                                          1.036800  mo, r
intadd_10/U5              FA1D1BWP20P90LVT
                                          N16ADFP_StdCelltt0p8v25c
                                                          1.036800  mo, r
intadd_11/U2              FA1D1BWP20P90LVT
                                          N16ADFP_StdCelltt0p8v25c
                                                          1.036800  mo, r
intadd_11/U3              FA1D1BWP20P90LVT
                                          N16ADFP_StdCelltt0p8v25c
                                                          1.036800  mo, r
intadd_11/U4              FA1D1BWP20P90LVT
                                          N16ADFP_StdCelltt0p8v25c
                                                          1.036800  mo, r
intadd_11/U5              FA1D1BWP20P90LVT
                                          N16ADFP_StdCelltt0p8v25c
                                                          1.036800  mo, r
intadd_12/U2              FA1D1BWP20P90LVT
                                          N16ADFP_StdCelltt0p8v25c
                                                          1.036800  mo, r
intadd_12/U3              FA1D1BWP20P90LVT
                                          N16ADFP_StdCelltt0p8v25c
                                                          1.036800  mo, r
intadd_12/U4              FA1D1BWP20P90LVT
                                          N16ADFP_StdCelltt0p8v25c
                                                          1.036800  mo, r
intadd_12/U5              FA1D1BWP20P90LVT
                                          N16ADFP_StdCelltt0p8v25c
                                                          1.036800  mo, r
intadd_13/U2              FA1D1BWP20P90LVT
                                          N16ADFP_StdCelltt0p8v25c
                                                          1.036800  mo, r
intadd_13/U3              FA1D1BWP20P90LVT
                                          N16ADFP_StdCelltt0p8v25c
                                                          1.036800  mo, r
intadd_13/U4              FA1D1BWP20P90LVT
                                          N16ADFP_StdCelltt0p8v25c
                                                          1.036800  mo, r
intadd_14/U2              FA1D1BWP20P90LVT
                                          N16ADFP_StdCelltt0p8v25c
                                                          1.036800  mo, r
intadd_14/U3              FA1D1BWP20P90LVT
                                          N16ADFP_StdCelltt0p8v25c
                                                          1.036800  mo, r
intadd_14/U4              FA1D1BWP20P90LVT
                                          N16ADFP_StdCelltt0p8v25c
                                                          1.036800  mo, r
intadd_15/U2              FA1D1BWP20P90LVT
                                          N16ADFP_StdCelltt0p8v25c
                                                          1.036800  mo, r
intadd_15/U3              FA1D1BWP20P90LVT
                                          N16ADFP_StdCelltt0p8v25c
                                                          1.036800  mo, r
intadd_15/U4              FA1D1BWP20P90LVT
                                          N16ADFP_StdCelltt0p8v25c
                                                          1.036800  mo, r
intadd_16/U2              FA1D1BWP20P90LVT
                                          N16ADFP_StdCelltt0p8v25c
                                                          1.036800  mo, r
intadd_16/U3              FA1D1BWP20P90LVT
                                          N16ADFP_StdCelltt0p8v25c
                                                          1.036800  mo, r
intadd_16/U4              FA1D1BWP20P90LVT
                                          N16ADFP_StdCelltt0p8v25c
                                                          1.036800  mo, r
intadd_17/U2              FA1D1BWP20P90LVT
                                          N16ADFP_StdCelltt0p8v25c
                                                          1.036800  mo, r
intadd_17/U3              FA1D1BWP20P90LVT
                                          N16ADFP_StdCelltt0p8v25c
                                                          1.036800  mo, r
intadd_17/U4              FA1D1BWP20P90LVT
                                          N16ADFP_StdCelltt0p8v25c
                                                          1.036800  mo, r
intadd_18/U2              FA1D1BWP20P90LVT
                                          N16ADFP_StdCelltt0p8v25c
                                                          1.036800  mo, r
intadd_18/U3              FA1D1BWP20P90LVT
                                          N16ADFP_StdCelltt0p8v25c
                                                          1.036800  mo, r
intadd_18/U4              FA1D1BWP20P90LVT
                                          N16ADFP_StdCelltt0p8v25c
                                                          1.036800  mo, r
intadd_19/U2              FA1D1BWP20P90LVT
                                          N16ADFP_StdCelltt0p8v25c
                                                          1.036800  mo, r
intadd_19/U3              FA1D1BWP20P90LVT
                                          N16ADFP_StdCelltt0p8v25c
                                                          1.036800  mo, r
intadd_19/U4              FA1D1BWP20P90LVT
                                          N16ADFP_StdCelltt0p8v25c
                                                          1.036800  mo, r
prod_reg[0]               DFCNQD1BWP20P90LVT
                                          N16ADFP_StdCelltt0p8v25c
                                                          1.140480  n
prod_reg[1]               DFCNQD2BWP20P90LVT
                                          N16ADFP_StdCelltt0p8v25c
                                                          1.140480  n
prod_reg[2]               DFCNQD1BWP20P90LVT
                                          N16ADFP_StdCelltt0p8v25c
                                                          1.140480  n
prod_reg[3]               DFCNQD2BWP20P90LVT
                                          N16ADFP_StdCelltt0p8v25c
                                                          1.140480  n
prod_reg[4]               DFCNQD2BWP20P90LVT
                                          N16ADFP_StdCelltt0p8v25c
                                                          1.140480  n
prod_reg[5]               DFCNQD2BWP20P90LVT
                                          N16ADFP_StdCelltt0p8v25c
                                                          1.140480  n
prod_reg[6]               DFCNQD2BWP20P90LVT
                                          N16ADFP_StdCelltt0p8v25c
                                                          1.140480  n
prod_reg[7]               DFCNQD2BWP20P90LVT
                                          N16ADFP_StdCelltt0p8v25c
                                                          1.140480  n
prod_reg[8]               DFCNQD2BWP20P90LVT
                                          N16ADFP_StdCelltt0p8v25c
                                                          1.140480  n
prod_reg[9]               DFCNQD2BWP20P90LVT
                                          N16ADFP_StdCelltt0p8v25c
                                                          1.140480  n
prod_reg[10]              DFCNQD2BWP20P90LVT
                                          N16ADFP_StdCelltt0p8v25c
                                                          1.140480  n
prod_reg[11]              DFCNQD2BWP20P90LVT
                                          N16ADFP_StdCelltt0p8v25c
                                                          1.140480  n
prod_reg[12]              DFCNQD2BWP20P90LVT
                                          N16ADFP_StdCelltt0p8v25c
                                                          1.140480  n
prod_reg[13]              DFCNQD2BWP20P90LVT
                                          N16ADFP_StdCelltt0p8v25c
                                                          1.140480  n
prod_reg[14]              DFCNQD2BWP20P90LVT
                                          N16ADFP_StdCelltt0p8v25c
                                                          1.140480  n
prod_reg[15]              DFCNQD2BWP20P90LVT
                                          N16ADFP_StdCelltt0p8v25c
                                                          1.140480  n
prod_reg[16]              DFCNQD2BWP20P90LVT
                                          N16ADFP_StdCelltt0p8v25c
                                                          1.140480  n
prod_reg[17]              DFCNQD1BWP20P90LVT
                                          N16ADFP_StdCelltt0p8v25c
                                                          1.140480  n
prod_reg[18]              DFCNQD2BWP20P90LVT
                                          N16ADFP_StdCelltt0p8v25c
                                                          1.140480  n
prod_reg[19]              DFCNQD2BWP20P90LVT
                                          N16ADFP_StdCelltt0p8v25c
                                                          1.140480  n
prod_reg[20]              DFCNQD2BWP20P90LVT
                                          N16ADFP_StdCelltt0p8v25c
                                                          1.140480  n
prod_reg[21]              DFCNQD2BWP20P90LVT
                                          N16ADFP_StdCelltt0p8v25c
                                                          1.140480  n
prod_reg[22]              DFCNQD2BWP20P90LVT
                                          N16ADFP_StdCelltt0p8v25c
                                                          1.140480  n
prod_reg[23]              DFCNQD2BWP20P90LVT
                                          N16ADFP_StdCelltt0p8v25c
                                                          1.140480  n
prod_reg[24]              DFCNQD2BWP20P90LVT
                                          N16ADFP_StdCelltt0p8v25c
                                                          1.140480  n
prod_reg[25]              DFCNQD2BWP20P90LVT
                                          N16ADFP_StdCelltt0p8v25c
                                                          1.140480  n
prod_reg[26]              DFCNQD2BWP20P90LVT
                                          N16ADFP_StdCelltt0p8v25c
                                                          1.140480  n
prod_reg[27]              DFCNQD2BWP20P90LVT
                                          N16ADFP_StdCelltt0p8v25c
                                                          1.140480  n
prod_reg[28]              DFCNQD2BWP20P90LVT
                                          N16ADFP_StdCelltt0p8v25c
                                                          1.140480  n
prod_reg[29]              DFCNQD2BWP20P90LVT
                                          N16ADFP_StdCelltt0p8v25c
                                                          1.140480  n
prod_reg[30]              DFCNQD2BWP20P90LVT
                                          N16ADFP_StdCelltt0p8v25c
                                                          1.140480  n
prod_reg[31]              DFCNQD2BWP20P90LVT
                                          N16ADFP_StdCelltt0p8v25c
                                                          1.140480  n
--------------------------------------------------------------------------------
Total 626 cells                                           310.469768
1
 
****************************************
Report : port
        -verbose
Design : mult
Version: V-2023.12-SP5
Date   : Tue Sep 22 19:32:59 2026
****************************************



Attributes:
    d - dont_touch_network

                       Pin      Wire     Max     Max     Connection
Port           Dir     Load     Load     Trans   Cap     Class      Attrs
--------------------------------------------------------------------------------
clk            in      0.0000   0.0000    0.40    0.07   --         d
inp_a[0]       in      0.0000   0.0000    0.40    0.07   --         
inp_a[1]       in      0.0000   0.0000    0.40    0.07   --         
inp_a[2]       in      0.0000   0.0000    0.40    0.07   --         
inp_a[3]       in      0.0000   0.0000    0.40    0.07   --         
inp_a[4]       in      0.0000   0.0000    0.40    0.07   --         
inp_a[5]       in      0.0000   0.0000    0.40    0.07   --         
inp_a[6]       in      0.0000   0.0000    0.40    0.07   --         
inp_a[7]       in      0.0000   0.0000    0.40    0.07   --         
inp_a[8]       in      0.0000   0.0000    0.40    0.07   --         
inp_a[9]       in      0.0000   0.0000    0.40    0.07   --         
inp_a[10]      in      0.0000   0.0000    0.40    0.07   --         
inp_a[11]      in      0.0000   0.0000    0.40    0.07   --         
inp_a[12]      in      0.0000   0.0000    0.40    0.07   --         
inp_a[13]      in      0.0000   0.0000    0.40    0.07   --         
inp_a[14]      in      0.0000   0.0000    0.40    0.07   --         
inp_a[15]      in      0.0000   0.0000    0.40    0.07   --         
inp_b[0]       in      0.0000   0.0000    0.40    0.07   --         
inp_b[1]       in      0.0000   0.0000    0.40    0.07   --         
inp_b[2]       in      0.0000   0.0000    0.40    0.07   --         
inp_b[3]       in      0.0000   0.0000    0.40    0.07   --         
inp_b[4]       in      0.0000   0.0000    0.40    0.07   --         
inp_b[5]       in      0.0000   0.0000    0.40    0.07   --         
inp_b[6]       in      0.0000   0.0000    0.40    0.07   --         
inp_b[7]       in      0.0000   0.0000    0.40    0.07   --         
inp_b[8]       in      0.0000   0.0000    0.40    0.07   --         
inp_b[9]       in      0.0000   0.0000    0.40    0.07   --         
inp_b[10]      in      0.0000   0.0000    0.40    0.07   --         
inp_b[11]      in      0.0000   0.0000    0.40    0.07   --         
inp_b[12]      in      0.0000   0.0000    0.40    0.07   --         
inp_b[13]      in      0.0000   0.0000    0.40    0.07   --         
inp_b[14]      in      0.0000   0.0000    0.40    0.07   --         
inp_b[15]      in      0.0000   0.0000    0.40    0.07   --         
rst            in      0.0000   0.0000    0.40    0.07   --         
prod[0]        out     0.0100   0.0000   --      --      --         
prod[1]        out     0.0100   0.0000   --      --      --         
prod[2]        out     0.0100   0.0000   --      --      --         
prod[3]        out     0.0100   0.0000   --      --      --         
prod[4]        out     0.0100   0.0000   --      --      --         
prod[5]        out     0.0100   0.0000   --      --      --         
prod[6]        out     0.0100   0.0000   --      --      --         
prod[7]        out     0.0100   0.0000   --      --      --         
prod[8]        out     0.0100   0.0000   --      --      --         
prod[9]        out     0.0100   0.0000   --      --      --         
prod[10]       out     0.0100   0.0000   --      --      --         
prod[11]       out     0.0100   0.0000   --      --      --         
prod[12]       out     0.0100   0.0000   --      --      --         
prod[13]       out     0.0100   0.0000   --      --      --         
prod[14]       out     0.0100   0.0000   --      --      --         
prod[15]       out     0.0100   0.0000   --      --      --         
prod[16]       out     0.0100   0.0000   --      --      --         
prod[17]       out     0.0100   0.0000   --      --      --         
prod[18]       out     0.0100   0.0000   --      --      --         
prod[19]       out     0.0100   0.0000   --      --      --         
prod[20]       out     0.0100   0.0000   --      --      --         
prod[21]       out     0.0100   0.0000   --      --      --         
prod[22]       out     0.0100   0.0000   --      --      --         
prod[23]       out     0.0100   0.0000   --      --      --         
prod[24]       out     0.0100   0.0000   --      --      --         
prod[25]       out     0.0100   0.0000   --      --      --         
prod[26]       out     0.0100   0.0000   --      --      --         
prod[27]       out     0.0100   0.0000   --      --      --         
prod[28]       out     0.0100   0.0000   --      --      --         
prod[29]       out     0.0100   0.0000   --      --      --         
prod[30]       out     0.0100   0.0000   --      --      --         
prod[31]       out     0.0100   0.0000   --      --      --         


              External  Max             Min                Min       Min
              Number    Wireload        Wireload           Pin       Wire
Port          Points    Model           Model              Load      Load
--------------------------------------------------------------------------------
clk                1      --              --              --        -- 
inp_a[0]           1      --              --              --        -- 
inp_a[1]           1      --              --              --        -- 
inp_a[2]           1      --              --              --        -- 
inp_a[3]           1      --              --              --        -- 
inp_a[4]           1      --              --              --        -- 
inp_a[5]           1      --              --              --        -- 
inp_a[6]           1      --              --              --        -- 
inp_a[7]           1      --              --              --        -- 
inp_a[8]           1      --              --              --        -- 
inp_a[9]           1      --              --              --        -- 
inp_a[10]          1      --              --              --        -- 
inp_a[11]          1      --              --              --        -- 
inp_a[12]          1      --              --              --        -- 
inp_a[13]          1      --              --              --        -- 
inp_a[14]          1      --              --              --        -- 
inp_a[15]          1      --              --              --        -- 
inp_b[0]           1      --              --              --        -- 
inp_b[1]           1      --              --              --        -- 
inp_b[2]           1      --              --              --        -- 
inp_b[3]           1      --              --              --        -- 
inp_b[4]           1      --              --              --        -- 
inp_b[5]           1      --              --              --        -- 
inp_b[6]           1      --              --              --        -- 
inp_b[7]           1      --              --              --        -- 
inp_b[8]           1      --              --              --        -- 
inp_b[9]           1      --              --              --        -- 
inp_b[10]          1      --              --              --        -- 
inp_b[11]          1      --              --              --        -- 
inp_b[12]          1      --              --              --        -- 
inp_b[13]          1      --              --              --        -- 
inp_b[14]          1      --              --              --        -- 
inp_b[15]          1      --              --              --        -- 
rst                1      --              --              --        -- 
prod[0]            1      --              --              --        -- 
prod[1]            1      --              --              --        -- 
prod[2]            1      --              --              --        -- 
prod[3]            1      --              --              --        -- 
prod[4]            1      --              --              --        -- 
prod[5]            1      --              --              --        -- 
prod[6]            1      --              --              --        -- 
prod[7]            1      --              --              --        -- 
prod[8]            1      --              --              --        -- 
prod[9]            1      --              --              --        -- 
prod[10]           1      --              --              --        -- 
prod[11]           1      --              --              --        -- 
prod[12]           1      --              --              --        -- 
prod[13]           1      --              --              --        -- 
prod[14]           1      --              --              --        -- 
prod[15]           1      --              --              --        -- 
prod[16]           1      --              --              --        -- 
prod[17]           1      --              --              --        -- 
prod[18]           1      --              --              --        -- 
prod[19]           1      --              --              --        -- 
prod[20]           1      --              --              --        -- 
prod[21]           1      --              --              --        -- 
prod[22]           1      --              --              --        -- 
prod[23]           1      --              --              --        -- 
prod[24]           1      --              --              --        -- 
prod[25]           1      --              --              --        -- 
prod[26]           1      --              --              --        -- 
prod[27]           1      --              --              --        -- 
prod[28]           1      --              --              --        -- 
prod[29]           1      --              --              --        -- 
prod[30]           1      --              --              --        -- 
prod[31]           1      --              --              --        -- 

                    Input Delay
                  Min             Max       Related   Max
Input Port    Rise    Fall    Rise    Fall   Clock  Fanout
--------------------------------------------------------------------------------
clk           --      --      --      --      --      -- 
inp_a[0]      0.01    0.01    0.01    0.01  clk       --    
inp_a[1]      0.01    0.01    0.01    0.01  clk       --    
inp_a[2]      0.01    0.01    0.01    0.01  clk       --    
inp_a[3]      0.01    0.01    0.01    0.01  clk       --    
inp_a[4]      0.01    0.01    0.01    0.01  clk       --    
inp_a[5]      0.01    0.01    0.01    0.01  clk       --    
inp_a[6]      0.01    0.01    0.01    0.01  clk       --    
inp_a[7]      0.01    0.01    0.01    0.01  clk       --    
inp_a[8]      0.01    0.01    0.01    0.01  clk       --    
inp_a[9]      0.01    0.01    0.01    0.01  clk       --    
inp_a[10]     0.01    0.01    0.01    0.01  clk       --    
inp_a[11]     0.01    0.01    0.01    0.01  clk       --    
inp_a[12]     0.01    0.01    0.01    0.01  clk       --    
inp_a[13]     0.01    0.01    0.01    0.01  clk       --    
inp_a[14]     0.01    0.01    0.01    0.01  clk       --    
inp_a[15]     0.01    0.01    0.01    0.01  clk       --    
inp_b[0]      0.01    0.01    0.01    0.01  clk       --    
inp_b[1]      0.01    0.01    0.01    0.01  clk       --    
inp_b[2]      0.01    0.01    0.01    0.01  clk       --    
inp_b[3]      0.01    0.01    0.01    0.01  clk       --    
inp_b[4]      0.01    0.01    0.01    0.01  clk       --    
inp_b[5]      0.01    0.01    0.01    0.01  clk       --    
inp_b[6]      0.01    0.01    0.01    0.01  clk       --    
inp_b[7]      0.01    0.01    0.01    0.01  clk       --    
inp_b[8]      0.01    0.01    0.01    0.01  clk       --    
inp_b[9]      0.01    0.01    0.01    0.01  clk       --    
inp_b[10]     0.01    0.01    0.01    0.01  clk       --    
inp_b[11]     0.01    0.01    0.01    0.01  clk       --    
inp_b[12]     0.01    0.01    0.01    0.01  clk       --    
inp_b[13]     0.01    0.01    0.01    0.01  clk       --    
inp_b[14]     0.01    0.01    0.01    0.01  clk       --    
inp_b[15]     0.01    0.01    0.01    0.01  clk       --    
rst           0.01    0.01    0.01    0.01  clk       --    


                    Driving Cell
Input Port   Rise(min/max)      Fall(min/max)      Mult(min/max)  Attrs(min/max)
--------------------------------------------------------------------------------
clk          INVD1BWP20P90      INVD1BWP20P90        -- /  --     
inp_a[0]     INVD1BWP20P90      INVD1BWP20P90        -- /  --     
inp_a[1]     INVD1BWP20P90      INVD1BWP20P90        -- /  --     
inp_a[2]     INVD1BWP20P90      INVD1BWP20P90        -- /  --     
inp_a[3]     INVD1BWP20P90      INVD1BWP20P90        -- /  --     
inp_a[4]     INVD1BWP20P90      INVD1BWP20P90        -- /  --     
inp_a[5]     INVD1BWP20P90      INVD1BWP20P90        -- /  --     
inp_a[6]     INVD1BWP20P90      INVD1BWP20P90        -- /  --     
inp_a[7]     INVD1BWP20P90      INVD1BWP20P90        -- /  --     
inp_a[8]     INVD1BWP20P90      INVD1BWP20P90        -- /  --     
inp_a[9]     INVD1BWP20P90      INVD1BWP20P90        -- /  --     
inp_a[10]    INVD1BWP20P90      INVD1BWP20P90        -- /  --     
inp_a[11]    INVD1BWP20P90      INVD1BWP20P90        -- /  --     
inp_a[12]    INVD1BWP20P90      INVD1BWP20P90        -- /  --     
inp_a[13]    INVD1BWP20P90      INVD1BWP20P90        -- /  --     
inp_a[14]    INVD1BWP20P90      INVD1BWP20P90        -- /  --     
inp_a[15]    INVD1BWP20P90      INVD1BWP20P90        -- /  --     
inp_b[0]     INVD1BWP20P90      INVD1BWP20P90        -- /  --     
inp_b[1]     INVD1BWP20P90      INVD1BWP20P90        -- /  --     
inp_b[2]     INVD1BWP20P90      INVD1BWP20P90        -- /  --     
inp_b[3]     INVD1BWP20P90      INVD1BWP20P90        -- /  --     
inp_b[4]     INVD1BWP20P90      INVD1BWP20P90        -- /  --     
inp_b[5]     INVD1BWP20P90      INVD1BWP20P90        -- /  --     
inp_b[6]     INVD1BWP20P90      INVD1BWP20P90        -- /  --     
inp_b[7]     INVD1BWP20P90      INVD1BWP20P90        -- /  --     
inp_b[8]     INVD1BWP20P90      INVD1BWP20P90        -- /  --     
inp_b[9]     INVD1BWP20P90      INVD1BWP20P90        -- /  --     
inp_b[10]    INVD1BWP20P90      INVD1BWP20P90        -- /  --     
inp_b[11]    INVD1BWP20P90      INVD1BWP20P90        -- /  --     
inp_b[12]    INVD1BWP20P90      INVD1BWP20P90        -- /  --     
inp_b[13]    INVD1BWP20P90      INVD1BWP20P90        -- /  --     
inp_b[14]    INVD1BWP20P90      INVD1BWP20P90        -- /  --     
inp_b[15]    INVD1BWP20P90      INVD1BWP20P90        -- /  --     
rst          INVD1BWP20P90      INVD1BWP20P90        -- /  --     


               Max Drive      Min Drive      Resistance    Min    Min       Cell
Input Port    Rise    Fall   Rise    Fall   Max     Min    Cap    Fanout    Deg
--------------------------------------------------------------------------------
clk           --      --     --      --     --      --     --     --        -- 
inp_a[0]      --      --     --      --     --      --     --     --        -- 
inp_a[1]      --      --     --      --     --      --     --     --        -- 
inp_a[2]      --      --     --      --     --      --     --     --        -- 
inp_a[3]      --      --     --      --     --      --     --     --        -- 
inp_a[4]      --      --     --      --     --      --     --     --        -- 
inp_a[5]      --      --     --      --     --      --     --     --        -- 
inp_a[6]      --      --     --      --     --      --     --     --        -- 
inp_a[7]      --      --     --      --     --      --     --     --        -- 
inp_a[8]      --      --     --      --     --      --     --     --        -- 
inp_a[9]      --      --     --      --     --      --     --     --        -- 
inp_a[10]     --      --     --      --     --      --     --     --        -- 
inp_a[11]     --      --     --      --     --      --     --     --        -- 
inp_a[12]     --      --     --      --     --      --     --     --        -- 
inp_a[13]     --      --     --      --     --      --     --     --        -- 
inp_a[14]     --      --     --      --     --      --     --     --        -- 
inp_a[15]     --      --     --      --     --      --     --     --        -- 
inp_b[0]      --      --     --      --     --      --     --     --        -- 
inp_b[1]      --      --     --      --     --      --     --     --        -- 
inp_b[2]      --      --     --      --     --      --     --     --        -- 
inp_b[3]      --      --     --      --     --      --     --     --        -- 
inp_b[4]      --      --     --      --     --      --     --     --        -- 
inp_b[5]      --      --     --      --     --      --     --     --        -- 
inp_b[6]      --      --     --      --     --      --     --     --        -- 
inp_b[7]      --      --     --      --     --      --     --     --        -- 
inp_b[8]      --      --     --      --     --      --     --     --        -- 
inp_b[9]      --      --     --      --     --      --     --     --        -- 
inp_b[10]     --      --     --      --     --      --     --     --        -- 
inp_b[11]     --      --     --      --     --      --     --     --        -- 
inp_b[12]     --      --     --      --     --      --     --     --        -- 
inp_b[13]     --      --     --      --     --      --     --     --        -- 
inp_b[14]     --      --     --      --     --      --     --     --        -- 
inp_b[15]     --      --     --      --     --      --     --     --        -- 
rst           --      --     --      --     --      --     --     --        -- 


               Max Tran        Min Tran
Input Port    Rise    Fall    Rise    Fall
--------------------------------------------------------------------------------
clk           --      --      --      -- 
inp_a[0]      --      --      --      -- 
inp_a[1]      --      --      --      -- 
inp_a[2]      --      --      --      -- 
inp_a[3]      --      --      --      -- 
inp_a[4]      --      --      --      -- 
inp_a[5]      --      --      --      -- 
inp_a[6]      --      --      --      -- 
inp_a[7]      --      --      --      -- 
inp_a[8]      --      --      --      -- 
inp_a[9]      --      --      --      -- 
inp_a[10]     --      --      --      -- 
inp_a[11]     --      --      --      -- 
inp_a[12]     --      --      --      -- 
inp_a[13]     --      --      --      -- 
inp_a[14]     --      --      --      -- 
inp_a[15]     --      --      --      -- 
inp_b[0]      --      --      --      -- 
inp_b[1]      --      --      --      -- 
inp_b[2]      --      --      --      -- 
inp_b[3]      --      --      --      -- 
inp_b[4]      --      --      --      -- 
inp_b[5]      --      --      --      -- 
inp_b[6]      --      --      --      -- 
inp_b[7]      --      --      --      -- 
inp_b[8]      --      --      --      -- 
inp_b[9]      --      --      --      -- 
inp_b[10]     --      --      --      -- 
inp_b[11]     --      --      --      -- 
inp_b[12]     --      --      --      -- 
inp_b[13]     --      --      --      -- 
inp_b[14]     --      --      --      -- 
inp_b[15]     --      --      --      -- 
rst           --      --      --      -- 


                    Output Delay
                  Min             Max      Related  Fanout
Output Port   Rise    Fall    Rise    Fall  Clock     Load
--------------------------------------------------------------------------------
prod[0]       0.01    0.01    0.01    0.01  clk       0.00  
prod[1]       0.01    0.01    0.01    0.01  clk       0.00  
prod[2]       0.01    0.01    0.01    0.01  clk       0.00  
prod[3]       0.01    0.01    0.01    0.01  clk       0.00  
prod[4]       0.01    0.01    0.01    0.01  clk       0.00  
prod[5]       0.01    0.01    0.01    0.01  clk       0.00  
prod[6]       0.01    0.01    0.01    0.01  clk       0.00  
prod[7]       0.01    0.01    0.01    0.01  clk       0.00  
prod[8]       0.01    0.01    0.01    0.01  clk       0.00  
prod[9]       0.01    0.01    0.01    0.01  clk       0.00  
prod[10]      0.01    0.01    0.01    0.01  clk       0.00  
prod[11]      0.01    0.01    0.01    0.01  clk       0.00  
prod[12]      0.01    0.01    0.01    0.01  clk       0.00  
prod[13]      0.01    0.01    0.01    0.01  clk       0.00  
prod[14]      0.01    0.01    0.01    0.01  clk       0.00  
prod[15]      0.01    0.01    0.01    0.01  clk       0.00  
prod[16]      0.01    0.01    0.01    0.01  clk       0.00  
prod[17]      0.01    0.01    0.01    0.01  clk       0.00  
prod[18]      0.01    0.01    0.01    0.01  clk       0.00  
prod[19]      0.01    0.01    0.01    0.01  clk       0.00  
prod[20]      0.01    0.01    0.01    0.01  clk       0.00  
prod[21]      0.01    0.01    0.01    0.01  clk       0.00  
prod[22]      0.01    0.01    0.01    0.01  clk       0.00  
prod[23]      0.01    0.01    0.01    0.01  clk       0.00  
prod[24]      0.01    0.01    0.01    0.01  clk       0.00  
prod[25]      0.01    0.01    0.01    0.01  clk       0.00  
prod[26]      0.01    0.01    0.01    0.01  clk       0.00  
prod[27]      0.01    0.01    0.01    0.01  clk       0.00  
prod[28]      0.01    0.01    0.01    0.01  clk       0.00  
prod[29]      0.01    0.01    0.01    0.01  clk       0.00  
prod[30]      0.01    0.01    0.01    0.01  clk       0.00  
prod[31]      0.01    0.01    0.01    0.01  clk       0.00  

1
 
****************************************
Report : compile_options
Design : mult
Version: V-2023.12-SP5
Date   : Tue Sep 22 19:32:59 2026
****************************************

Design                                   Compile Option         Value
--------------------------------------------------------------------------------
mult                                     flatten                false
                                         structure              true
                                         structure_boolean      false
                                         structure_timing       true
                                         isolate_port           disabled
                                         multibit_options
                                           optimization_mode    non_timing_driven
                                           minimum_width        2
                                           exclude_registers_with_timing_exceptions false
--------------------------------------------------------------------------------
1
