1
 
****************************************
Report : design
Design : mult
Version: V-2023.12-SP5
Date   : Wed Sep 23 13:13:15 2026
****************************************

Design allows ideal nets on clock nets.

Library(s) Used:

    N16ADFP_StdCelltt0p8v25c (File: /classes/ece5746/tsmcN16/Executable_Package/Collaterals/IP/stdcell/N16ADFP_StdCell/NLDM/N16ADFP_StdCelltt0p8v25c.db)

Local Link Library:

    {N16ADFP_StdCelltt0p8v25c.db}

Flip-Flop Types:

    No flip-flop types specified.

Latch Types:

    No latch types specified.

Operating Conditions:


    Operating Condition Name : tt0p8v25c
    Library : N16ADFP_StdCelltt0p8v25c
    Process :   1.00
    Temperature :  25.00
    Voltage :   0.80
    Interconnect Model : balanced_tree

Wire Loading Model:

    Selected automatically from the total cell area.

Name           :   ZeroWireload
Location       :   N16ADFP_StdCelltt0p8v25c
Resistance     :   1e-05
Capacitance    :   1
Area           :   0
Slope          :   0
Fanout   Length   Points Average Cap Std Deviation
--------------------------------------------------------------
     1     0.00
     2     0.00
     3     0.00
     4     0.00
     5     0.00
     6     0.00
     7     0.00
     8     0.00
     9     0.00
    10     0.00
    11     0.00
    12     0.00
    13     0.00
    14     0.00
    15     0.00
    16     0.00
    17     0.00
    18     0.00
    19     0.00
    20     0.00



Wire Loading Model Mode: segmented.

Timing Ranges:

    No timing ranges specified.

Pin Input Delays:

    None specified.

Pin Output Delays:

    None specified.

Disabled Timing Arcs:

    No arcs disabled.

Required Licenses:

    DesignWare

Design Parameters:

    None specified.
1
 
****************************************
Report : cell
Design : mult
Version: V-2023.12-SP5
Date   : Wed Sep 23 13:13:15 2026
****************************************

Attributes:
    b - black box (unknown)
    h - hierarchical
    n - noncombinational
    r - removable
    u - contains unmapped logic

Cell                      Reference       Library             Area  Attributes
--------------------------------------------------------------------------------
U35                       INVD1BWP16P90LVT
                                          N16ADFP_StdCelltt0p8v25c
                                                          0.155520  
U36                       NR2D1BWP16P90LVT
                                          N16ADFP_StdCelltt0p8v25c
                                                          0.207360  
U37                       CKNR2D1BWP16P90LVT
                                          N16ADFP_StdCelltt0p8v25c
                                                          0.259200  
U38                       INVD1BWP16P90LVT
                                          N16ADFP_StdCelltt0p8v25c
                                                          0.155520  
U39                       ND2D2BWP16P90LVT
                                          N16ADFP_StdCelltt0p8v25c
                                                          0.311040  
U40                       NR2D2BWP16P90LVT
                                          N16ADFP_StdCelltt0p8v25c
                                                          0.311040  
U41                       CKNR2D1BWP16P90LVT
                                          N16ADFP_StdCelltt0p8v25c
                                                          0.259200  
U42                       NR2D1BWP16P90LVT
                                          N16ADFP_StdCelltt0p8v25c
                                                          0.207360  
U43                       ND2D1BWP16P90LVT
                                          N16ADFP_StdCelltt0p8v25c
                                                          0.207360  
U44                       IND2D1BWP16P90LVT
                                          N16ADFP_StdCelltt0p8v25c
                                                          0.259200  
U45                       INVD1BWP16P90LVT
                                          N16ADFP_StdCelltt0p8v25c
                                                          0.155520  
U46                       INVD1BWP16P90LVT
                                          N16ADFP_StdCelltt0p8v25c
                                                          0.155520  
U47                       ND2D1BWP16P90LVT
                                          N16ADFP_StdCelltt0p8v25c
                                                          0.207360  
U48                       OAI21D1BWP16P90LVT
                                          N16ADFP_StdCelltt0p8v25c
                                                          0.259200  
U49                       OAI21D1BWP16P90LVT
                                          N16ADFP_StdCelltt0p8v25c
                                                          0.259200  
U50                       MOAI22D1BWP16P90LVT
                                          N16ADFP_StdCelltt0p8v25c
                                                          0.466560  
U51                       IND2D1BWP16P90LVT
                                          N16ADFP_StdCelltt0p8v25c
                                                          0.259200  
U52                       FA1D1BWP16P90LVT
                                          N16ADFP_StdCelltt0p8v25c
                                                          1.036800  r
U53                       XNR2D1BWP16P90LVT
                                          N16ADFP_StdCelltt0p8v25c
                                                          0.518400  
U54                       INVD1BWP16P90LVT
                                          N16ADFP_StdCelltt0p8v25c
                                                          0.155520  
U55                       INVD1BWP16P90LVT
                                          N16ADFP_StdCelltt0p8v25c
                                                          0.155520  
U56                       XOR2D1BWP16P90LVT
                                          N16ADFP_StdCelltt0p8v25c
                                                          0.518400  
U57                       ND2D1BWP16P90LVT
                                          N16ADFP_StdCelltt0p8v25c
                                                          0.207360  
U58                       ND2D1BWP16P90LVT
                                          N16ADFP_StdCelltt0p8v25c
                                                          0.207360  
U59                       INR2D1BWP16P90LVT
                                          N16ADFP_StdCelltt0p8v25c
                                                          0.259200  
U60                       IOAI21D1BWP16P90LVT
                                          N16ADFP_StdCelltt0p8v25c
                                                          0.414720  
U61                       OAI21D1BWP16P90LVT
                                          N16ADFP_StdCelltt0p8v25c
                                                          0.259200  
U62                       XOR3D1BWP16P90LVT
                                          N16ADFP_StdCelltt0p8v25c
                                                          0.984960  
U63                       XNR3D2BWP16P90LVT
                                          N16ADFP_StdCelltt0p8v25c
                                                          0.984960  
U64                       OAI21D1BWP16P90LVT
                                          N16ADFP_StdCelltt0p8v25c
                                                          0.259200  
U65                       CKND2D1BWP16P90LVT
                                          N16ADFP_StdCelltt0p8v25c
                                                          0.259200  
U66                       OAI21D1BWP16P90LVT
                                          N16ADFP_StdCelltt0p8v25c
                                                          0.259200  
U67                       OAI22D2BWP16P90LVT
                                          N16ADFP_StdCelltt0p8v25c
                                                          0.518400  
U68                       XOR2D1BWP16P90LVT
                                          N16ADFP_StdCelltt0p8v25c
                                                          0.518400  
U69                       XOR2D1BWP16P90LVT
                                          N16ADFP_StdCelltt0p8v25c
                                                          0.518400  
U70                       INVD1BWP16P90LVT
                                          N16ADFP_StdCelltt0p8v25c
                                                          0.155520  
U71                       XNR2D1BWP16P90LVT
                                          N16ADFP_StdCelltt0p8v25c
                                                          0.518400  
U72                       ND2D1BWP16P90LVT
                                          N16ADFP_StdCelltt0p8v25c
                                                          0.207360  
U73                       MOAI22D1BWP16P90LVT
                                          N16ADFP_StdCelltt0p8v25c
                                                          0.466560  
U74                       ND2D1BWP16P90LVT
                                          N16ADFP_StdCelltt0p8v25c
                                                          0.207360  
U75                       OAI21D1BWP16P90LVT
                                          N16ADFP_StdCelltt0p8v25c
                                                          0.259200  
U76                       XNR3D2BWP16P90LVT
                                          N16ADFP_StdCelltt0p8v25c
                                                          0.984960  
U77                       OAI21D1BWP16P90LVT
                                          N16ADFP_StdCelltt0p8v25c
                                                          0.259200  
U78                       XOR3D2BWP16P90LVT
                                          N16ADFP_StdCelltt0p8v25c
                                                          0.984960  
U79                       OAI21D2BWP16P90LVT
                                          N16ADFP_StdCelltt0p8v25c
                                                          0.414720  
U80                       XNR3D2BWP16P90LVT
                                          N16ADFP_StdCelltt0p8v25c
                                                          0.984960  
U81                       OAI22D1BWP16P90LVT
                                          N16ADFP_StdCelltt0p8v25c
                                                          0.311040  
U82                       XOR2D1BWP16P90LVT
                                          N16ADFP_StdCelltt0p8v25c
                                                          0.518400  
U83                       XNR3D2BWP16P90LVT
                                          N16ADFP_StdCelltt0p8v25c
                                                          0.984960  
U84                       XOR3D2BWP16P90LVT
                                          N16ADFP_StdCelltt0p8v25c
                                                          0.984960  
U85                       ND3D1BWP16P90LVT
                                          N16ADFP_StdCelltt0p8v25c
                                                          0.259200  
U86                       FA1D1BWP16P90LVT
                                          N16ADFP_StdCelltt0p8v25c
                                                          1.036800  r
U87                       FA1D1BWP16P90LVT
                                          N16ADFP_StdCelltt0p8v25c
                                                          1.036800  r
U88                       XNR2D1BWP16P90LVT
                                          N16ADFP_StdCelltt0p8v25c
                                                          0.518400  
U89                       XOR2D1BWP16P90LVT
                                          N16ADFP_StdCelltt0p8v25c
                                                          0.518400  
U90                       INVD1BWP16P90LVT
                                          N16ADFP_StdCelltt0p8v25c
                                                          0.155520  
U91                       INVD1BWP16P90LVT
                                          N16ADFP_StdCelltt0p8v25c
                                                          0.155520  
U92                       ND2D1BWP16P90LVT
                                          N16ADFP_StdCelltt0p8v25c
                                                          0.207360  
U93                       INR2D1BWP16P90LVT
                                          N16ADFP_StdCelltt0p8v25c
                                                          0.259200  
U94                       MOAI22D1BWP16P90LVT
                                          N16ADFP_StdCelltt0p8v25c
                                                          0.466560  
U95                       NR2D1BWP16P90LVT
                                          N16ADFP_StdCelltt0p8v25c
                                                          0.207360  
U96                       OAI21D1BWP16P90LVT
                                          N16ADFP_StdCelltt0p8v25c
                                                          0.259200  
U97                       XOR3D2BWP16P90LVT
                                          N16ADFP_StdCelltt0p8v25c
                                                          0.984960  
U98                       NR2D1BWP16P90LVT
                                          N16ADFP_StdCelltt0p8v25c
                                                          0.207360  
U99                       XNR3D2BWP16P90LVT
                                          N16ADFP_StdCelltt0p8v25c
                                                          0.984960  
U100                      XOR2D1BWP16P90LVT
                                          N16ADFP_StdCelltt0p8v25c
                                                          0.518400  
U101                      XNR3D1BWP16P90LVT
                                          N16ADFP_StdCelltt0p8v25c
                                                          0.984960  
U102                      XOR3D2BWP16P90LVT
                                          N16ADFP_StdCelltt0p8v25c
                                                          0.984960  
U103                      XNR2D1BWP16P90LVT
                                          N16ADFP_StdCelltt0p8v25c
                                                          0.518400  
U104                      XNR2D1BWP16P90LVT
                                          N16ADFP_StdCelltt0p8v25c
                                                          0.518400  
U105                      XNR2D1BWP16P90LVT
                                          N16ADFP_StdCelltt0p8v25c
                                                          0.518400  
U106                      IND2D1BWP16P90LVT
                                          N16ADFP_StdCelltt0p8v25c
                                                          0.259200  
U107                      INVD1BWP16P90LVT
                                          N16ADFP_StdCelltt0p8v25c
                                                          0.155520  
U108                      OAI22D1BWP16P90LVT
                                          N16ADFP_StdCelltt0p8v25c
                                                          0.311040  
U109                      OAI22D1BWP16P90LVT
                                          N16ADFP_StdCelltt0p8v25c
                                                          0.311040  
U110                      OAI22D1BWP16P90LVT
                                          N16ADFP_StdCelltt0p8v25c
                                                          0.311040  
U111                      OAI21D1BWP16P90LVT
                                          N16ADFP_StdCelltt0p8v25c
                                                          0.259200  
U112                      OAI22D2BWP16P90LVT
                                          N16ADFP_StdCelltt0p8v25c
                                                          0.518400  
U113                      NR2D1BWP16P90LVT
                                          N16ADFP_StdCelltt0p8v25c
                                                          0.207360  
U114                      OAI22D1BWP16P90LVT
                                          N16ADFP_StdCelltt0p8v25c
                                                          0.311040  
U115                      XOR2D1BWP16P90LVT
                                          N16ADFP_StdCelltt0p8v25c
                                                          0.518400  
U116                      XNR2D1BWP16P90LVT
                                          N16ADFP_StdCelltt0p8v25c
                                                          0.518400  
U117                      XNR2D1BWP16P90LVT
                                          N16ADFP_StdCelltt0p8v25c
                                                          0.518400  
U118                      INVD1BWP16P90LVT
                                          N16ADFP_StdCelltt0p8v25c
                                                          0.155520  
U119                      INVD1BWP16P90LVT
                                          N16ADFP_StdCelltt0p8v25c
                                                          0.155520  
U120                      XNR2D1BWP16P90LVT
                                          N16ADFP_StdCelltt0p8v25c
                                                          0.518400  
U121                      CKBD1BWP16P90LVT
                                          N16ADFP_StdCelltt0p8v25c
                                                          0.207360  
U122                      XOR2D1BWP16P90LVT
                                          N16ADFP_StdCelltt0p8v25c
                                                          0.518400  
U123                      INVD1BWP16P90LVT
                                          N16ADFP_StdCelltt0p8v25c
                                                          0.155520  
U124                      ND2D4BWP16P90LVT
                                          N16ADFP_StdCelltt0p8v25c
                                                          0.518400  
U125                      INR2D2BWP16P90LVT
                                          N16ADFP_StdCelltt0p8v25c
                                                          0.362880  
U126                      INVD1BWP16P90LVT
                                          N16ADFP_StdCelltt0p8v25c
                                                          0.155520  
U127                      INVD4BWP16P90LVT
                                          N16ADFP_StdCelltt0p8v25c
                                                          0.311040  
U128                      INVD1BWP16P90LVT
                                          N16ADFP_StdCelltt0p8v25c
                                                          0.155520  
U129                      CKNR2D2BWP16P90LVT
                                          N16ADFP_StdCelltt0p8v25c
                                                          0.311040  
U130                      XOR2D2BWP16P90LVT
                                          N16ADFP_StdCelltt0p8v25c
                                                          0.570240  
U131                      NR2D1BWP16P90LVT
                                          N16ADFP_StdCelltt0p8v25c
                                                          0.207360  
U132                      OAI22D1BWP16P90LVT
                                          N16ADFP_StdCelltt0p8v25c
                                                          0.311040  
U133                      OAI21D1BWP16P90LVT
                                          N16ADFP_StdCelltt0p8v25c
                                                          0.259200  
U134                      IND2D1BWP16P90LVT
                                          N16ADFP_StdCelltt0p8v25c
                                                          0.259200  
U135                      INVD1BWP16P90LVT
                                          N16ADFP_StdCelltt0p8v25c
                                                          0.155520  
U136                      INVD1BWP16P90LVT
                                          N16ADFP_StdCelltt0p8v25c
                                                          0.155520  
U137                      OAI22D1BWP16P90LVT
                                          N16ADFP_StdCelltt0p8v25c
                                                          0.311040  
U138                      ND2D1BWP16P90LVT
                                          N16ADFP_StdCelltt0p8v25c
                                                          0.207360  
U139                      AO21D1BWP16P90LVT
                                          N16ADFP_StdCelltt0p8v25c
                                                          0.311040  
U140                      INVD1BWP16P90LVT
                                          N16ADFP_StdCelltt0p8v25c
                                                          0.155520  
U141                      OAI22D1BWP16P90LVT
                                          N16ADFP_StdCelltt0p8v25c
                                                          0.311040  
U142                      OAI21D1BWP16P90LVT
                                          N16ADFP_StdCelltt0p8v25c
                                                          0.259200  
U143                      XOR2D1BWP16P90LVT
                                          N16ADFP_StdCelltt0p8v25c
                                                          0.518400  
U144                      OAI21D1BWP16P90LVT
                                          N16ADFP_StdCelltt0p8v25c
                                                          0.259200  
U145                      CKBD1BWP16P90LVT
                                          N16ADFP_StdCelltt0p8v25c
                                                          0.207360  
U146                      XOR2D1BWP16P90LVT
                                          N16ADFP_StdCelltt0p8v25c
                                                          0.518400  
U147                      ND2D1BWP16P90LVT
                                          N16ADFP_StdCelltt0p8v25c
                                                          0.207360  
U148                      MOAI22D1BWP16P90LVT
                                          N16ADFP_StdCelltt0p8v25c
                                                          0.466560  
U149                      OAI22D1BWP16P90LVT
                                          N16ADFP_StdCelltt0p8v25c
                                                          0.311040  
U150                      ND2D1BWP16P90LVT
                                          N16ADFP_StdCelltt0p8v25c
                                                          0.207360  
U151                      IOAI21D1BWP16P90LVT
                                          N16ADFP_StdCelltt0p8v25c
                                                          0.414720  
U152                      INVD1BWP16P90LVT
                                          N16ADFP_StdCelltt0p8v25c
                                                          0.155520  
U153                      XOR2D1BWP16P90LVT
                                          N16ADFP_StdCelltt0p8v25c
                                                          0.518400  
U154                      XOR2D1BWP16P90LVT
                                          N16ADFP_StdCelltt0p8v25c
                                                          0.518400  
U155                      XOR2D1BWP16P90LVT
                                          N16ADFP_StdCelltt0p8v25c
                                                          0.518400  
U156                      XOR2D1BWP16P90LVT
                                          N16ADFP_StdCelltt0p8v25c
                                                          0.518400  
U157                      ND2D1BWP16P90LVT
                                          N16ADFP_StdCelltt0p8v25c
                                                          0.207360  
U158                      NR2D1BWP16P90LVT
                                          N16ADFP_StdCelltt0p8v25c
                                                          0.207360  
U159                      ND2D1BWP16P90LVT
                                          N16ADFP_StdCelltt0p8v25c
                                                          0.207360  
U160                      AOI21D1BWP16P90LVT
                                          N16ADFP_StdCelltt0p8v25c
                                                          0.259200  
U161                      INVD1BWP16P90LVT
                                          N16ADFP_StdCelltt0p8v25c
                                                          0.155520  
U162                      AN2D1BWP16P90LVT
                                          N16ADFP_StdCelltt0p8v25c
                                                          0.259200  
U163                      AOI21D1BWP16P90LVT
                                          N16ADFP_StdCelltt0p8v25c
                                                          0.259200  
U164                      OAI21D4BWP16P90LVT
                                          N16ADFP_StdCelltt0p8v25c
                                                          0.725760  
U165                      INVD1BWP16P90LVT
                                          N16ADFP_StdCelltt0p8v25c
                                                          0.155520  
U166                      INVD1BWP16P90LVT
                                          N16ADFP_StdCelltt0p8v25c
                                                          0.155520  
U167                      NR2D1BWP16P90LVT
                                          N16ADFP_StdCelltt0p8v25c
                                                          0.207360  
U168                      ND2D1BWP16P90LVT
                                          N16ADFP_StdCelltt0p8v25c
                                                          0.207360  
U169                      OAI21D2BWP16P90LVT
                                          N16ADFP_StdCelltt0p8v25c
                                                          0.414720  
U170                      XOR2D1BWP16P90LVT
                                          N16ADFP_StdCelltt0p8v25c
                                                          0.518400  
U171                      AO21D1BWP16P90LVT
                                          N16ADFP_StdCelltt0p8v25c
                                                          0.311040  
U172                      XNR2D1BWP16P90LVT
                                          N16ADFP_StdCelltt0p8v25c
                                                          0.518400  
U173                      INVD1BWP16P90LVT
                                          N16ADFP_StdCelltt0p8v25c
                                                          0.155520  
U174                      INVD1BWP16P90LVT
                                          N16ADFP_StdCelltt0p8v25c
                                                          0.155520  
U175                      HA1D1BWP16P90LVT
                                          N16ADFP_StdCelltt0p8v25c
                                                          0.881280  r
U176                      OAI22D1BWP16P90LVT
                                          N16ADFP_StdCelltt0p8v25c
                                                          0.311040  
U177                      XNR2D1BWP16P90LVT
                                          N16ADFP_StdCelltt0p8v25c
                                                          0.518400  
U178                      XNR2D1BWP16P90LVT
                                          N16ADFP_StdCelltt0p8v25c
                                                          0.518400  
U179                      CKND8BWP16P90LVT
                                          N16ADFP_StdCelltt0p8v25c
                                                          0.518400  
U180                      INVD4BWP16P90LVT
                                          N16ADFP_StdCelltt0p8v25c
                                                          0.311040  
U181                      INR2D2BWP16P90LVT
                                          N16ADFP_StdCelltt0p8v25c
                                                          0.362880  
U182                      NR2D2BWP16P90LVT
                                          N16ADFP_StdCelltt0p8v25c
                                                          0.311040  
U183                      INR2D1BWP16P90LVT
                                          N16ADFP_StdCelltt0p8v25c
                                                          0.259200  
U184                      INVD1BWP16P90LVT
                                          N16ADFP_StdCelltt0p8v25c
                                                          0.155520  
U185                      CKNR2D2BWP16P90LVT
                                          N16ADFP_StdCelltt0p8v25c
                                                          0.311040  
U186                      XNR3D2BWP16P90LVT
                                          N16ADFP_StdCelltt0p8v25c
                                                          0.984960  
U187                      XOR2D1BWP16P90LVT
                                          N16ADFP_StdCelltt0p8v25c
                                                          0.518400  
U188                      NR2D1BWP16P90LVT
                                          N16ADFP_StdCelltt0p8v25c
                                                          0.207360  
U189                      ND2D1BWP16P90LVT
                                          N16ADFP_StdCelltt0p8v25c
                                                          0.207360  
U190                      XOR2D1BWP16P90LVT
                                          N16ADFP_StdCelltt0p8v25c
                                                          0.518400  
U191                      NR2D1BWP16P90LVT
                                          N16ADFP_StdCelltt0p8v25c
                                                          0.207360  
U192                      XNR2D1BWP16P90LVT
                                          N16ADFP_StdCelltt0p8v25c
                                                          0.518400  
U193                      INVD1BWP16P90LVT
                                          N16ADFP_StdCelltt0p8v25c
                                                          0.155520  
U194                      XNR2D1BWP16P90LVT
                                          N16ADFP_StdCelltt0p8v25c
                                                          0.518400  
U195                      INVD1BWP16P90LVT
                                          N16ADFP_StdCelltt0p8v25c
                                                          0.155520  
U196                      INVD1BWP16P90LVT
                                          N16ADFP_StdCelltt0p8v25c
                                                          0.155520  
U197                      NR2D1BWP16P90LVT
                                          N16ADFP_StdCelltt0p8v25c
                                                          0.207360  
U198                      XNR2D1BWP16P90LVT
                                          N16ADFP_StdCelltt0p8v25c
                                                          0.518400  
U199                      AO21D1BWP16P90LVT
                                          N16ADFP_StdCelltt0p8v25c
                                                          0.311040  
U200                      XNR2D1BWP16P90LVT
                                          N16ADFP_StdCelltt0p8v25c
                                                          0.518400  
U201                      ND2D2BWP16P90LVT
                                          N16ADFP_StdCelltt0p8v25c
                                                          0.311040  
U202                      XNR2D1BWP16P90LVT
                                          N16ADFP_StdCelltt0p8v25c
                                                          0.518400  
U203                      XNR2D1BWP16P90LVT
                                          N16ADFP_StdCelltt0p8v25c
                                                          0.518400  
U204                      XNR2D1BWP16P90LVT
                                          N16ADFP_StdCelltt0p8v25c
                                                          0.518400  
U205                      XNR2D1BWP16P90LVT
                                          N16ADFP_StdCelltt0p8v25c
                                                          0.518400  
U206                      XNR2D1BWP16P90LVT
                                          N16ADFP_StdCelltt0p8v25c
                                                          0.518400  
U207                      XNR2D1BWP16P90LVT
                                          N16ADFP_StdCelltt0p8v25c
                                                          0.518400  
U208                      XNR2D1BWP16P90LVT
                                          N16ADFP_StdCelltt0p8v25c
                                                          0.518400  
U209                      INVD4BWP16P90LVT
                                          N16ADFP_StdCelltt0p8v25c
                                                          0.311040  
U210                      XNR2D1BWP16P90LVT
                                          N16ADFP_StdCelltt0p8v25c
                                                          0.518400  
U211                      XNR2D1BWP16P90LVT
                                          N16ADFP_StdCelltt0p8v25c
                                                          0.518400  
U212                      XNR2D1BWP16P90LVT
                                          N16ADFP_StdCelltt0p8v25c
                                                          0.518400  
U213                      XNR2D1BWP16P90LVT
                                          N16ADFP_StdCelltt0p8v25c
                                                          0.518400  
U214                      XNR2D1BWP16P90LVT
                                          N16ADFP_StdCelltt0p8v25c
                                                          0.518400  
U215                      XNR2D1BWP16P90LVT
                                          N16ADFP_StdCelltt0p8v25c
                                                          0.518400  
U216                      INVD4BWP16P90LVT
                                          N16ADFP_StdCelltt0p8v25c
                                                          0.311040  
U217                      XNR2D1BWP16P90LVT
                                          N16ADFP_StdCelltt0p8v25c
                                                          0.518400  
U218                      INVD4BWP16P90LVT
                                          N16ADFP_StdCelltt0p8v25c
                                                          0.311040  
U219                      XNR2D1BWP16P90LVT
                                          N16ADFP_StdCelltt0p8v25c
                                                          0.518400  
U220                      XOR2D2BWP16P90LVT
                                          N16ADFP_StdCelltt0p8v25c
                                                          0.570240  
U221                      AN2D1BWP16P90LVT
                                          N16ADFP_StdCelltt0p8v25c
                                                          0.259200  
U222                      XNR2D1BWP16P90LVT
                                          N16ADFP_StdCelltt0p8v25c
                                                          0.518400  
U223                      ND2D1BWP16P90LVT
                                          N16ADFP_StdCelltt0p8v25c
                                                          0.207360  
U224                      INVD1BWP16P90LVT
                                          N16ADFP_StdCelltt0p8v25c
                                                          0.155520  
U225                      AN2D1BWP16P90LVT
                                          N16ADFP_StdCelltt0p8v25c
                                                          0.259200  
U226                      NR3D2BWP16P90LVT
                                          N16ADFP_StdCelltt0p8v25c
                                                          0.414720  
U227                      INVD1BWP16P90LVT
                                          N16ADFP_StdCelltt0p8v25c
                                                          0.155520  
U228                      AO21D1BWP16P90LVT
                                          N16ADFP_StdCelltt0p8v25c
                                                          0.311040  
U229                      NR2D2BWP16P90LVT
                                          N16ADFP_StdCelltt0p8v25c
                                                          0.311040  
U230                      INVD1BWP16P90LVT
                                          N16ADFP_StdCelltt0p8v25c
                                                          0.155520  
U231                      NR2D2BWP16P90LVT
                                          N16ADFP_StdCelltt0p8v25c
                                                          0.311040  
U232                      OR2D2BWP16P90LVT
                                          N16ADFP_StdCelltt0p8v25c
                                                          0.311040  
U233                      NR2D2BWP16P90LVT
                                          N16ADFP_StdCelltt0p8v25c
                                                          0.311040  
U234                      OR2D1BWP16P90LVT
                                          N16ADFP_StdCelltt0p8v25c
                                                          0.259200  
U235                      INVD1BWP16P90LVT
                                          N16ADFP_StdCelltt0p8v25c
                                                          0.155520  
U236                      IND2D2BWP16P90LVT
                                          N16ADFP_StdCelltt0p8v25c
                                                          0.362880  
U237                      OAI21D2BWP16P90LVT
                                          N16ADFP_StdCelltt0p8v25c
                                                          0.414720  
U238                      INVD1BWP16P90LVT
                                          N16ADFP_StdCelltt0p8v25c
                                                          0.155520  
U239                      INVD1BWP16P90LVT
                                          N16ADFP_StdCelltt0p8v25c
                                                          0.155520  
U240                      ND2D1BWP16P90LVT
                                          N16ADFP_StdCelltt0p8v25c
                                                          0.207360  
U241                      MAOI222D1BWP16P90LVT
                                          N16ADFP_StdCelltt0p8v25c
                                                          0.362880  
U242                      INVD1BWP16P90LVT
                                          N16ADFP_StdCelltt0p8v25c
                                                          0.155520  
U243                      INVD1BWP16P90LVT
                                          N16ADFP_StdCelltt0p8v25c
                                                          0.155520  
U244                      ND2D1BWP16P90LVT
                                          N16ADFP_StdCelltt0p8v25c
                                                          0.207360  
U245                      INR2D1BWP16P90LVT
                                          N16ADFP_StdCelltt0p8v25c
                                                          0.259200  
U246                      NR2D1BWP16P90LVT
                                          N16ADFP_StdCelltt0p8v25c
                                                          0.207360  
U247                      INVD1BWP16P90LVT
                                          N16ADFP_StdCelltt0p8v25c
                                                          0.155520  
U248                      INVD1BWP16P90LVT
                                          N16ADFP_StdCelltt0p8v25c
                                                          0.155520  
U249                      ND2D1BWP16P90LVT
                                          N16ADFP_StdCelltt0p8v25c
                                                          0.207360  
U250                      XOR2D1BWP16P90LVT
                                          N16ADFP_StdCelltt0p8v25c
                                                          0.518400  
U251                      XOR2D1BWP16P90LVT
                                          N16ADFP_StdCelltt0p8v25c
                                                          0.518400  
U252                      HA1D1BWP16P90LVT
                                          N16ADFP_StdCelltt0p8v25c
                                                          0.881280  r
U253                      ND2D1BWP16P90LVT
                                          N16ADFP_StdCelltt0p8v25c
                                                          0.207360  
U254                      INVD1BWP16P90LVT
                                          N16ADFP_StdCelltt0p8v25c
                                                          0.155520  
U255                      HA1D1BWP16P90LVT
                                          N16ADFP_StdCelltt0p8v25c
                                                          0.881280  r
U256                      ND2D1BWP16P90LVT
                                          N16ADFP_StdCelltt0p8v25c
                                                          0.207360  
U257                      NR2D1BWP16P90LVT
                                          N16ADFP_StdCelltt0p8v25c
                                                          0.207360  
U258                      HA1D1BWP16P90LVT
                                          N16ADFP_StdCelltt0p8v25c
                                                          0.881280  r
U259                      ND2D1BWP16P90LVT
                                          N16ADFP_StdCelltt0p8v25c
                                                          0.207360  
U260                      INVD1BWP16P90LVT
                                          N16ADFP_StdCelltt0p8v25c
                                                          0.155520  
U261                      HA1D1BWP16P90LVT
                                          N16ADFP_StdCelltt0p8v25c
                                                          0.881280  r
U262                      XOR3D1BWP16P90LVT
                                          N16ADFP_StdCelltt0p8v25c
                                                          0.984960  
U263                      AO21D1BWP16P90LVT
                                          N16ADFP_StdCelltt0p8v25c
                                                          0.311040  
U264                      XNR2D1BWP16P90LVT
                                          N16ADFP_StdCelltt0p8v25c
                                                          0.518400  
U265                      XNR2D1BWP16P90LVT
                                          N16ADFP_StdCelltt0p8v25c
                                                          0.518400  
U266                      XNR2D1BWP16P90LVT
                                          N16ADFP_StdCelltt0p8v25c
                                                          0.518400  
U267                      XNR2D1BWP16P90LVT
                                          N16ADFP_StdCelltt0p8v25c
                                                          0.518400  
U268                      OAI21D2BWP16P90LVT
                                          N16ADFP_StdCelltt0p8v25c
                                                          0.414720  
U269                      XNR2D1BWP16P90LVT
                                          N16ADFP_StdCelltt0p8v25c
                                                          0.518400  
U270                      AO21D1BWP16P90LVT
                                          N16ADFP_StdCelltt0p8v25c
                                                          0.311040  
U271                      XOR2D1BWP16P90LVT
                                          N16ADFP_StdCelltt0p8v25c
                                                          0.518400  
U272                      OAI22D1BWP16P90LVT
                                          N16ADFP_StdCelltt0p8v25c
                                                          0.311040  
U273                      INVD4BWP16P90LVT
                                          N16ADFP_StdCelltt0p8v25c
                                                          0.311040  
U274                      XNR2D1BWP16P90LVT
                                          N16ADFP_StdCelltt0p8v25c
                                                          0.518400  
U275                      XNR2D4BWP16P90LVT
                                          N16ADFP_StdCelltt0p8v25c
                                                          0.881280  
U276                      INVD1BWP16P90LVT
                                          N16ADFP_StdCelltt0p8v25c
                                                          0.155520  
U277                      XNR2D1BWP16P90LVT
                                          N16ADFP_StdCelltt0p8v25c
                                                          0.518400  
U278                      IND2D4BWP16P90LVT
                                          N16ADFP_StdCelltt0p8v25c
                                                          0.622080  
U279                      ND2D4BWP16P90LVT
                                          N16ADFP_StdCelltt0p8v25c
                                                          0.518400  
U280                      IND2D1BWP16P90LVT
                                          N16ADFP_StdCelltt0p8v25c
                                                          0.259200  
U281                      CKBD1BWP16P90LVT
                                          N16ADFP_StdCelltt0p8v25c
                                                          0.207360  
U282                      OAI22D1BWP16P90LVT
                                          N16ADFP_StdCelltt0p8v25c
                                                          0.311040  
U283                      OAI22D2BWP16P90LVT
                                          N16ADFP_StdCelltt0p8v25c
                                                          0.518400  
U284                      CKND2BWP16P90LVT
                                          N16ADFP_StdCelltt0p8v25c
                                                          0.207360  
U285                      CKND2BWP16P90LVT
                                          N16ADFP_StdCelltt0p8v25c
                                                          0.207360  
U286                      CKND2BWP16P90LVT
                                          N16ADFP_StdCelltt0p8v25c
                                                          0.207360  
U287                      INVD4BWP16P90LVT
                                          N16ADFP_StdCelltt0p8v25c
                                                          0.311040  
U288                      CKND2BWP16P90LVT
                                          N16ADFP_StdCelltt0p8v25c
                                                          0.207360  
U289                      CKND2BWP16P90LVT
                                          N16ADFP_StdCelltt0p8v25c
                                                          0.207360  
U290                      CKBD1BWP16P90LVT
                                          N16ADFP_StdCelltt0p8v25c
                                                          0.207360  
U291                      OAI22D1BWP16P90LVT
                                          N16ADFP_StdCelltt0p8v25c
                                                          0.311040  
U292                      OAI22D1BWP16P90LVT
                                          N16ADFP_StdCelltt0p8v25c
                                                          0.311040  
U293                      OAI22D1BWP16P90LVT
                                          N16ADFP_StdCelltt0p8v25c
                                                          0.311040  
U294                      OAI22D1BWP16P90LVT
                                          N16ADFP_StdCelltt0p8v25c
                                                          0.311040  
U295                      OAI22D1BWP16P90LVT
                                          N16ADFP_StdCelltt0p8v25c
                                                          0.311040  
U296                      OAI22D2BWP16P90LVT
                                          N16ADFP_StdCelltt0p8v25c
                                                          0.518400  
U297                      ND2D4BWP16P90LVT
                                          N16ADFP_StdCelltt0p8v25c
                                                          0.518400  
U298                      ND2D1BWP16P90LVT
                                          N16ADFP_StdCelltt0p8v25c
                                                          0.207360  
U299                      CKBD1BWP16P90LVT
                                          N16ADFP_StdCelltt0p8v25c
                                                          0.207360  
U300                      CKND2D8BWP16P90LVT
                                          N16ADFP_StdCelltt0p8v25c
                                                          0.933120  
U301                      ND2D2BWP16P90LVT
                                          N16ADFP_StdCelltt0p8v25c
                                                          0.311040  
U302                      ND2D1BWP16P90LVT
                                          N16ADFP_StdCelltt0p8v25c
                                                          0.207360  
U303                      CKBD1BWP16P90LVT
                                          N16ADFP_StdCelltt0p8v25c
                                                          0.207360  
U304                      OAI22D1BWP16P90LVT
                                          N16ADFP_StdCelltt0p8v25c
                                                          0.311040  
U305                      AOI21D1BWP16P90LVT
                                          N16ADFP_StdCelltt0p8v25c
                                                          0.259200  
U306                      IND2D4BWP16P90LVT
                                          N16ADFP_StdCelltt0p8v25c
                                                          0.622080  
U307                      CKND2BWP16P90LVT
                                          N16ADFP_StdCelltt0p8v25c
                                                          0.207360  
U308                      BUFFD8BWP16P90LVT
                                          N16ADFP_StdCelltt0p8v25c
                                                          0.673920  
U309                      BUFFD2BWP16P90LVT
                                          N16ADFP_StdCelltt0p8v25c
                                                          0.259200  
U310                      IND2D1BWP16P90LVT
                                          N16ADFP_StdCelltt0p8v25c
                                                          0.259200  
U311                      XNR2D1BWP16P90LVT
                                          N16ADFP_StdCelltt0p8v25c
                                                          0.518400  
U312                      XNR2D1BWP16P90LVT
                                          N16ADFP_StdCelltt0p8v25c
                                                          0.518400  
U313                      XNR2D1BWP16P90LVT
                                          N16ADFP_StdCelltt0p8v25c
                                                          0.518400  
U314                      XNR2D1BWP16P90LVT
                                          N16ADFP_StdCelltt0p8v25c
                                                          0.518400  
U315                      XNR2D1BWP16P90LVT
                                          N16ADFP_StdCelltt0p8v25c
                                                          0.518400  
U316                      XNR2D1BWP16P90LVT
                                          N16ADFP_StdCelltt0p8v25c
                                                          0.518400  
U317                      XNR2D1BWP16P90LVT
                                          N16ADFP_StdCelltt0p8v25c
                                                          0.518400  
U318                      XNR2D1BWP16P90LVT
                                          N16ADFP_StdCelltt0p8v25c
                                                          0.518400  
U319                      XNR2D1BWP16P90LVT
                                          N16ADFP_StdCelltt0p8v25c
                                                          0.518400  
U320                      XNR2D1BWP16P90LVT
                                          N16ADFP_StdCelltt0p8v25c
                                                          0.518400  
U321                      XNR2D1BWP16P90LVT
                                          N16ADFP_StdCelltt0p8v25c
                                                          0.518400  
U322                      XNR2D1BWP16P90LVT
                                          N16ADFP_StdCelltt0p8v25c
                                                          0.518400  
U323                      XNR2D1BWP16P90LVT
                                          N16ADFP_StdCelltt0p8v25c
                                                          0.518400  
U324                      XNR2D1BWP16P90LVT
                                          N16ADFP_StdCelltt0p8v25c
                                                          0.518400  
U325                      XNR2D1BWP16P90LVT
                                          N16ADFP_StdCelltt0p8v25c
                                                          0.518400  
U326                      XNR2D1BWP16P90LVT
                                          N16ADFP_StdCelltt0p8v25c
                                                          0.518400  
U327                      CKBD1BWP16P90LVT
                                          N16ADFP_StdCelltt0p8v25c
                                                          0.207360  
U328                      INVD1BWP16P90LVT
                                          N16ADFP_StdCelltt0p8v25c
                                                          0.155520  
U329                      CKND2BWP16P90LVT
                                          N16ADFP_StdCelltt0p8v25c
                                                          0.207360  
U330                      INVD4BWP16P90LVT
                                          N16ADFP_StdCelltt0p8v25c
                                                          0.311040  
U331                      CKND2BWP16P90LVT
                                          N16ADFP_StdCelltt0p8v25c
                                                          0.207360  
U332                      XNR2D1BWP16P90LVT
                                          N16ADFP_StdCelltt0p8v25c
                                                          0.518400  
U333                      XNR2D1BWP16P90LVT
                                          N16ADFP_StdCelltt0p8v25c
                                                          0.518400  
U334                      CKND2BWP16P90LVT
                                          N16ADFP_StdCelltt0p8v25c
                                                          0.207360  
U335                      CKND2BWP16P90LVT
                                          N16ADFP_StdCelltt0p8v25c
                                                          0.207360  
U336                      CKND2BWP16P90LVT
                                          N16ADFP_StdCelltt0p8v25c
                                                          0.207360  
U337                      INVD1BWP16P90LVT
                                          N16ADFP_StdCelltt0p8v25c
                                                          0.155520  
U338                      XNR2D1BWP16P90LVT
                                          N16ADFP_StdCelltt0p8v25c
                                                          0.518400  
U339                      XNR2D1BWP16P90LVT
                                          N16ADFP_StdCelltt0p8v25c
                                                          0.518400  
U340                      XNR2D1BWP16P90LVT
                                          N16ADFP_StdCelltt0p8v25c
                                                          0.518400  
U341                      XNR2D1BWP16P90LVT
                                          N16ADFP_StdCelltt0p8v25c
                                                          0.518400  
U342                      IND2D2BWP16P90LVT
                                          N16ADFP_StdCelltt0p8v25c
                                                          0.362880  
U343                      OAI22D1BWP16P90LVT
                                          N16ADFP_StdCelltt0p8v25c
                                                          0.311040  
U344                      OAI22D1BWP16P90LVT
                                          N16ADFP_StdCelltt0p8v25c
                                                          0.311040  
U345                      OAI22D1BWP16P90LVT
                                          N16ADFP_StdCelltt0p8v25c
                                                          0.311040  
U346                      OAI22D1BWP16P90LVT
                                          N16ADFP_StdCelltt0p8v25c
                                                          0.311040  
U347                      OAI22D1BWP16P90LVT
                                          N16ADFP_StdCelltt0p8v25c
                                                          0.311040  
U348                      IND2D1BWP16P90LVT
                                          N16ADFP_StdCelltt0p8v25c
                                                          0.259200  
U349                      CKND8BWP16P90LVT
                                          N16ADFP_StdCelltt0p8v25c
                                                          0.518400  
U350                      CKND2BWP16P90LVT
                                          N16ADFP_StdCelltt0p8v25c
                                                          0.207360  
U351                      CKND2BWP16P90LVT
                                          N16ADFP_StdCelltt0p8v25c
                                                          0.207360  
U352                      CKND2BWP16P90LVT
                                          N16ADFP_StdCelltt0p8v25c
                                                          0.207360  
U353                      CKND2BWP16P90LVT
                                          N16ADFP_StdCelltt0p8v25c
                                                          0.207360  
U354                      CKND2BWP16P90LVT
                                          N16ADFP_StdCelltt0p8v25c
                                                          0.207360  
U355                      XOR2D2BWP16P90LVT
                                          N16ADFP_StdCelltt0p8v25c
                                                          0.570240  
U356                      CKBD1BWP16P90LVT
                                          N16ADFP_StdCelltt0p8v25c
                                                          0.207360  
U357                      CKND2BWP16P90LVT
                                          N16ADFP_StdCelltt0p8v25c
                                                          0.207360  
U358                      CKND2BWP16P90LVT
                                          N16ADFP_StdCelltt0p8v25c
                                                          0.207360  
U359                      BUFFD2BWP16P90LVT
                                          N16ADFP_StdCelltt0p8v25c
                                                          0.259200  
U360                      BUFFD2BWP16P90LVT
                                          N16ADFP_StdCelltt0p8v25c
                                                          0.259200  
U361                      CKBD1BWP16P90LVT
                                          N16ADFP_StdCelltt0p8v25c
                                                          0.207360  
U362                      OAI22D1BWP16P90LVT
                                          N16ADFP_StdCelltt0p8v25c
                                                          0.311040  
U363                      CKNR2D2BWP16P90LVT
                                          N16ADFP_StdCelltt0p8v25c
                                                          0.311040  
U364                      CKND2BWP16P90LVT
                                          N16ADFP_StdCelltt0p8v25c
                                                          0.207360  
U365                      CKBD1BWP16P90LVT
                                          N16ADFP_StdCelltt0p8v25c
                                                          0.207360  
U366                      OAI21D8BWP16P90LVT
                                          N16ADFP_StdCelltt0p8v25c
                                                          1.347840  
U367                      OAI21D2BWP16P90LVT
                                          N16ADFP_StdCelltt0p8v25c
                                                          0.414720  
U368                      AOI21D4BWP16P90LVT
                                          N16ADFP_StdCelltt0p8v25c
                                                          0.725760  
U369                      IND2D2BWP16P90LVT
                                          N16ADFP_StdCelltt0p8v25c
                                                          0.362880  
U370                      ND2D2BWP16P90LVT
                                          N16ADFP_StdCelltt0p8v25c
                                                          0.311040  
U371                      ND2D2BWP16P90LVT
                                          N16ADFP_StdCelltt0p8v25c
                                                          0.311040  
U372                      INVD1BWP16P90LVT
                                          N16ADFP_StdCelltt0p8v25c
                                                          0.155520  
U373                      AOI21D1BWP16P90LVT
                                          N16ADFP_StdCelltt0p8v25c
                                                          0.259200  
U374                      OAI21D1BWP16P90LVT
                                          N16ADFP_StdCelltt0p8v25c
                                                          0.259200  
U375                      OAI21D2BWP16P90LVT
                                          N16ADFP_StdCelltt0p8v25c
                                                          0.414720  
U376                      IOAI21D2BWP16P90LVT
                                          N16ADFP_StdCelltt0p8v25c
                                                          0.570240  
U377                      INVD1BWP16P90LVT
                                          N16ADFP_StdCelltt0p8v25c
                                                          0.155520  
U378                      XOR3D4BWP16P90LVT
                                          N16ADFP_StdCelltt0p8v25c
                                                          1.503360  
U379                      ND2D4BWP16P90LVT
                                          N16ADFP_StdCelltt0p8v25c
                                                          0.518400  
U380                      NR2D2BWP16P90LVT
                                          N16ADFP_StdCelltt0p8v25c
                                                          0.311040  
U381                      NR2D4BWP16P90LVT
                                          N16ADFP_StdCelltt0p8v25c
                                                          0.518400  
U382                      AO21D1BWP16P90LVT
                                          N16ADFP_StdCelltt0p8v25c
                                                          0.311040  
U383                      AN2D1BWP16P90LVT
                                          N16ADFP_StdCelltt0p8v25c
                                                          0.259200  
U384                      OR2D1BWP16P90LVT
                                          N16ADFP_StdCelltt0p8v25c
                                                          0.259200  
U385                      XOR3D4BWP16P90LVT
                                          N16ADFP_StdCelltt0p8v25c
                                                          1.503360  
U386                      NR2D2BWP16P90LVT
                                          N16ADFP_StdCelltt0p8v25c
                                                          0.311040  
U387                      OAI21D1BWP16P90LVT
                                          N16ADFP_StdCelltt0p8v25c
                                                          0.259200  
U388                      AOI21D4BWP16P90LVT
                                          N16ADFP_StdCelltt0p8v25c
                                                          0.725760  
U389                      ND2D4BWP16P90LVT
                                          N16ADFP_StdCelltt0p8v25c
                                                          0.518400  
U390                      ND3D4BWP16P90LVT
                                          N16ADFP_StdCelltt0p8v25c
                                                          0.725760  
U391                      CKND2BWP16P90LVT
                                          N16ADFP_StdCelltt0p8v25c
                                                          0.207360  
U392                      ND2D2BWP16P90LVT
                                          N16ADFP_StdCelltt0p8v25c
                                                          0.311040  
U393                      AOI21D4BWP16P90LVT
                                          N16ADFP_StdCelltt0p8v25c
                                                          0.725760  
U394                      OAI21D4BWP16P90LVT
                                          N16ADFP_StdCelltt0p8v25c
                                                          0.725760  
U395                      CKBD1BWP16P90LVT
                                          N16ADFP_StdCelltt0p8v25c
                                                          0.207360  
U396                      OAI22D2BWP16P90LVT
                                          N16ADFP_StdCelltt0p8v25c
                                                          0.518400  
U397                      NR2D4BWP16P90LVT
                                          N16ADFP_StdCelltt0p8v25c
                                                          0.518400  
U398                      BUFFD4BWP16P90LVT
                                          N16ADFP_StdCelltt0p8v25c
                                                          0.414720  
U399                      CKNR2D4BWP16P90LVT
                                          N16ADFP_StdCelltt0p8v25c
                                                          0.518400  
U400                      CKNR2D4BWP16P90LVT
                                          N16ADFP_StdCelltt0p8v25c
                                                          0.518400  
U401                      XOR2D4BWP16P90LVT
                                          N16ADFP_StdCelltt0p8v25c
                                                          0.881280  
U402                      XNR3D4BWP16P90LVT
                                          N16ADFP_StdCelltt0p8v25c
                                                          1.503360  
U403                      INVD1BWP16P90LVT
                                          N16ADFP_StdCelltt0p8v25c
                                                          0.155520  
U404                      XNR3D4BWP16P90LVT
                                          N16ADFP_StdCelltt0p8v25c
                                                          1.503360  
U405                      XOR2D2BWP16P90LVT
                                          N16ADFP_StdCelltt0p8v25c
                                                          0.570240  
U406                      INVD1BWP16P90LVT
                                          N16ADFP_StdCelltt0p8v25c
                                                          0.155520  
U407                      XNR3D4BWP16P90LVT
                                          N16ADFP_StdCelltt0p8v25c
                                                          1.503360  
U408                      XNR3D4BWP16P90LVT
                                          N16ADFP_StdCelltt0p8v25c
                                                          1.503360  
U409                      XOR2D4BWP16P90LVT
                                          N16ADFP_StdCelltt0p8v25c
                                                          0.881280  
U410                      CKND2BWP16P90LVT
                                          N16ADFP_StdCelltt0p8v25c
                                                          0.207360  
U411                      ND2D1BWP16P90LVT
                                          N16ADFP_StdCelltt0p8v25c
                                                          0.207360  
U412                      INVD1BWP16P90LVT
                                          N16ADFP_StdCelltt0p8v25c
                                                          0.155520  
U413                      NR2D1BWP16P90LVT
                                          N16ADFP_StdCelltt0p8v25c
                                                          0.207360  
U414                      OAI21D2BWP16P90LVT
                                          N16ADFP_StdCelltt0p8v25c
                                                          0.414720  
U415                      ND2D2BWP16P90LVT
                                          N16ADFP_StdCelltt0p8v25c
                                                          0.311040  
U416                      NR2D4BWP16P90LVT
                                          N16ADFP_StdCelltt0p8v25c
                                                          0.518400  
U417                      XNR2D4BWP16P90LVT
                                          N16ADFP_StdCelltt0p8v25c
                                                          0.881280  
U418                      INVD1BWP16P90LVT
                                          N16ADFP_StdCelltt0p8v25c
                                                          0.155520  
U419                      XOR3D4BWP16P90LVT
                                          N16ADFP_StdCelltt0p8v25c
                                                          1.503360  
U420                      ND2D2BWP16P90LVT
                                          N16ADFP_StdCelltt0p8v25c
                                                          0.311040  
U421                      XOR3D4BWP16P90LVT
                                          N16ADFP_StdCelltt0p8v25c
                                                          1.503360  
U422                      ND2D1BWP16P90LVT
                                          N16ADFP_StdCelltt0p8v25c
                                                          0.207360  
U423                      INVD1BWP16P90LVT
                                          N16ADFP_StdCelltt0p8v25c
                                                          0.155520  
U424                      INVD1BWP16P90LVT
                                          N16ADFP_StdCelltt0p8v25c
                                                          0.155520  
U425                      XNR2D1BWP16P90LVT
                                          N16ADFP_StdCelltt0p8v25c
                                                          0.518400  
U426                      OR2D1BWP16P90LVT
                                          N16ADFP_StdCelltt0p8v25c
                                                          0.259200  
U427                      INVD1BWP16P90LVT
                                          N16ADFP_StdCelltt0p8v25c
                                                          0.155520  
U428                      INVD1BWP16P90LVT
                                          N16ADFP_StdCelltt0p8v25c
                                                          0.155520  
U429                      OAI22D1BWP16P90LVT
                                          N16ADFP_StdCelltt0p8v25c
                                                          0.311040  
U430                      ND2D2BWP16P90LVT
                                          N16ADFP_StdCelltt0p8v25c
                                                          0.311040  
U431                      INVD1BWP16P90LVT
                                          N16ADFP_StdCelltt0p8v25c
                                                          0.155520  
U432                      INVD1BWP16P90LVT
                                          N16ADFP_StdCelltt0p8v25c
                                                          0.155520  
U433                      IND2D4BWP16P90LVT
                                          N16ADFP_StdCelltt0p8v25c
                                                          0.622080  
U434                      OAI21D4BWP16P90LVT
                                          N16ADFP_StdCelltt0p8v25c
                                                          0.725760  
U435                      ND2D2BWP16P90LVT
                                          N16ADFP_StdCelltt0p8v25c
                                                          0.311040  
U436                      OAI22D4BWP16P90LVT
                                          N16ADFP_StdCelltt0p8v25c
                                                          0.933120  
U437                      IND2D4BWP16P90LVT
                                          N16ADFP_StdCelltt0p8v25c
                                                          0.622080  
U438                      XNR3D4BWP16P90LVT
                                          N16ADFP_StdCelltt0p8v25c
                                                          1.503360  
U439                      ND2D1BWP16P90LVT
                                          N16ADFP_StdCelltt0p8v25c
                                                          0.207360  
U440                      OAI21D4BWP16P90LVT
                                          N16ADFP_StdCelltt0p8v25c
                                                          0.725760  
U441                      CKND2BWP16P90LVT
                                          N16ADFP_StdCelltt0p8v25c
                                                          0.207360  
U442                      OAI21D2BWP16P90LVT
                                          N16ADFP_StdCelltt0p8v25c
                                                          0.414720  
U443                      OAI21D4BWP16P90LVT
                                          N16ADFP_StdCelltt0p8v25c
                                                          0.725760  
U444                      OAI22D2BWP16P90LVT
                                          N16ADFP_StdCelltt0p8v25c
                                                          0.518400  
U445                      CKNR2D4BWP16P90LVT
                                          N16ADFP_StdCelltt0p8v25c
                                                          0.518400  
U446                      XNR3D4BWP16P90LVT
                                          N16ADFP_StdCelltt0p8v25c
                                                          1.503360  
U447                      CKND2BWP16P90LVT
                                          N16ADFP_StdCelltt0p8v25c
                                                          0.207360  
U448                      IND2D1BWP16P90LVT
                                          N16ADFP_StdCelltt0p8v25c
                                                          0.259200  
U449                      OAI22D1BWP16P90LVT
                                          N16ADFP_StdCelltt0p8v25c
                                                          0.311040  
U450                      OAI22D1BWP16P90LVT
                                          N16ADFP_StdCelltt0p8v25c
                                                          0.311040  
U451                      OAI22D1BWP16P90LVT
                                          N16ADFP_StdCelltt0p8v25c
                                                          0.311040  
U452                      OAI22D1BWP16P90LVT
                                          N16ADFP_StdCelltt0p8v25c
                                                          0.311040  
U453                      OAI22D1BWP16P90LVT
                                          N16ADFP_StdCelltt0p8v25c
                                                          0.311040  
U454                      OAI22D1BWP16P90LVT
                                          N16ADFP_StdCelltt0p8v25c
                                                          0.311040  
U455                      OAI22D1BWP16P90LVT
                                          N16ADFP_StdCelltt0p8v25c
                                                          0.311040  
U456                      OAI22D1BWP16P90LVT
                                          N16ADFP_StdCelltt0p8v25c
                                                          0.311040  
U457                      OAI22D1BWP16P90LVT
                                          N16ADFP_StdCelltt0p8v25c
                                                          0.311040  
U458                      OAI22D1BWP16P90LVT
                                          N16ADFP_StdCelltt0p8v25c
                                                          0.311040  
U459                      OAI22D1BWP16P90LVT
                                          N16ADFP_StdCelltt0p8v25c
                                                          0.311040  
U460                      OAI22D1BWP16P90LVT
                                          N16ADFP_StdCelltt0p8v25c
                                                          0.311040  
U461                      OAI22D1BWP16P90LVT
                                          N16ADFP_StdCelltt0p8v25c
                                                          0.311040  
U462                      OAI22D1BWP16P90LVT
                                          N16ADFP_StdCelltt0p8v25c
                                                          0.311040  
U463                      OAI22D1BWP16P90LVT
                                          N16ADFP_StdCelltt0p8v25c
                                                          0.311040  
U464                      INVD1BWP16P90LVT
                                          N16ADFP_StdCelltt0p8v25c
                                                          0.155520  
U465                      CKND2BWP16P90LVT
                                          N16ADFP_StdCelltt0p8v25c
                                                          0.207360  
U466                      CKND2BWP16P90LVT
                                          N16ADFP_StdCelltt0p8v25c
                                                          0.207360  
U467                      CKBD1BWP16P90LVT
                                          N16ADFP_StdCelltt0p8v25c
                                                          0.207360  
U468                      INVD1BWP16P90LVT
                                          N16ADFP_StdCelltt0p8v25c
                                                          0.155520  
U469                      NR2D1BWP16P90LVT
                                          N16ADFP_StdCelltt0p8v25c
                                                          0.207360  
U470                      INVD1BWP16P90LVT
                                          N16ADFP_StdCelltt0p8v25c
                                                          0.155520  
U471                      OAI21D1BWP16P90LVT
                                          N16ADFP_StdCelltt0p8v25c
                                                          0.259200  
U472                      INVD1BWP16P90LVT
                                          N16ADFP_StdCelltt0p8v25c
                                                          0.155520  
U473                      IAOI21D1BWP16P90LVT
                                          N16ADFP_StdCelltt0p8v25c
                                                          0.414720  
U474                      XNR2D2BWP16P90LVT
                                          N16ADFP_StdCelltt0p8v25c
                                                          0.570240  
U475                      IND2D1BWP16P90LVT
                                          N16ADFP_StdCelltt0p8v25c
                                                          0.259200  
U476                      INR2D1BWP16P90LVT
                                          N16ADFP_StdCelltt0p8v25c
                                                          0.259200  
U477                      NR2D2BWP16P90LVT
                                          N16ADFP_StdCelltt0p8v25c
                                                          0.311040  
U478                      ND2D4BWP16P90LVT
                                          N16ADFP_StdCelltt0p8v25c
                                                          0.518400  
U479                      OAI22D1BWP16P90LVT
                                          N16ADFP_StdCelltt0p8v25c
                                                          0.311040  
U480                      OAI21D1BWP16P90LVT
                                          N16ADFP_StdCelltt0p8v25c
                                                          0.259200  
U481                      ND2D1BWP16P90LVT
                                          N16ADFP_StdCelltt0p8v25c
                                                          0.207360  
U482                      AOI21D1BWP16P90LVT
                                          N16ADFP_StdCelltt0p8v25c
                                                          0.259200  
U483                      AOI21D1BWP16P90LVT
                                          N16ADFP_StdCelltt0p8v25c
                                                          0.259200  
U484                      AOI21D1BWP16P90LVT
                                          N16ADFP_StdCelltt0p8v25c
                                                          0.259200  
U485                      AOI21D1BWP16P90LVT
                                          N16ADFP_StdCelltt0p8v25c
                                                          0.259200  
U486                      ND2D2BWP16P90LVT
                                          N16ADFP_StdCelltt0p8v25c
                                                          0.311040  
U487                      FA1D2BWP16P90LVT
                                          N16ADFP_StdCelltt0p8v25c
                                                          1.088640  r
U488                      OR2D1BWP16P90LVT
                                          N16ADFP_StdCelltt0p8v25c
                                                          0.259200  
U489                      AN2D1BWP16P90LVT
                                          N16ADFP_StdCelltt0p8v25c
                                                          0.259200  
U490                      OR2D1BWP16P90LVT
                                          N16ADFP_StdCelltt0p8v25c
                                                          0.259200  
U491                      AN2D1BWP16P90LVT
                                          N16ADFP_StdCelltt0p8v25c
                                                          0.259200  
U492                      ND2D1BWP16P90LVT
                                          N16ADFP_StdCelltt0p8v25c
                                                          0.207360  
U493                      OAI22D1BWP16P90LVT
                                          N16ADFP_StdCelltt0p8v25c
                                                          0.311040  
U494                      INVD1BWP16P90LVT
                                          N16ADFP_StdCelltt0p8v25c
                                                          0.155520  
U495                      INR2D1BWP16P90LVT
                                          N16ADFP_StdCelltt0p8v25c
                                                          0.259200  
U496                      INVD1BWP16P90LVT
                                          N16ADFP_StdCelltt0p8v25c
                                                          0.155520  
U497                      OAI22D1BWP16P90LVT
                                          N16ADFP_StdCelltt0p8v25c
                                                          0.311040  
U498                      XNR2D1BWP16P90LVT
                                          N16ADFP_StdCelltt0p8v25c
                                                          0.518400  
U499                      ND2D1BWP16P90LVT
                                          N16ADFP_StdCelltt0p8v25c
                                                          0.207360  
U500                      ND2D1BWP16P90LVT
                                          N16ADFP_StdCelltt0p8v25c
                                                          0.207360  
U501                      ND2D1BWP16P90LVT
                                          N16ADFP_StdCelltt0p8v25c
                                                          0.207360  
U502                      INVD1BWP16P90LVT
                                          N16ADFP_StdCelltt0p8v25c
                                                          0.155520  
U503                      INVD1BWP16P90LVT
                                          N16ADFP_StdCelltt0p8v25c
                                                          0.155520  
U504                      IND2D1BWP16P90LVT
                                          N16ADFP_StdCelltt0p8v25c
                                                          0.259200  
U505                      INVD1BWP16P90LVT
                                          N16ADFP_StdCelltt0p8v25c
                                                          0.155520  
U506                      AOI21D1BWP16P90LVT
                                          N16ADFP_StdCelltt0p8v25c
                                                          0.259200  
U507                      AOI21D1BWP16P90LVT
                                          N16ADFP_StdCelltt0p8v25c
                                                          0.259200  
U508                      XNR2D1BWP16P90LVT
                                          N16ADFP_StdCelltt0p8v25c
                                                          0.518400  
U509                      XNR2D1BWP16P90LVT
                                          N16ADFP_StdCelltt0p8v25c
                                                          0.518400  
U510                      OAI22D1BWP16P90LVT
                                          N16ADFP_StdCelltt0p8v25c
                                                          0.311040  
U511                      OAI22D1BWP16P90LVT
                                          N16ADFP_StdCelltt0p8v25c
                                                          0.311040  
U512                      OAI22D1BWP16P90LVT
                                          N16ADFP_StdCelltt0p8v25c
                                                          0.311040  
U513                      BUFFD2BWP16P90LVT
                                          N16ADFP_StdCelltt0p8v25c
                                                          0.259200  
U514                      OAI22D1BWP16P90LVT
                                          N16ADFP_StdCelltt0p8v25c
                                                          0.311040  
U515                      BUFFD4BWP16P90LVT
                                          N16ADFP_StdCelltt0p8v25c
                                                          0.414720  
U516                      XNR2D1BWP16P90LVT
                                          N16ADFP_StdCelltt0p8v25c
                                                          0.518400  
U517                      XNR2D1BWP16P90LVT
                                          N16ADFP_StdCelltt0p8v25c
                                                          0.518400  
U518                      OAI22D1BWP16P90LVT
                                          N16ADFP_StdCelltt0p8v25c
                                                          0.311040  
U519                      XNR2D1BWP16P90LVT
                                          N16ADFP_StdCelltt0p8v25c
                                                          0.518400  
U520                      XNR2D1BWP16P90LVT
                                          N16ADFP_StdCelltt0p8v25c
                                                          0.518400  
U521                      OAI22D1BWP16P90LVT
                                          N16ADFP_StdCelltt0p8v25c
                                                          0.311040  
U522                      XNR2D1BWP16P90LVT
                                          N16ADFP_StdCelltt0p8v25c
                                                          0.518400  
U523                      OAI22D1BWP16P90LVT
                                          N16ADFP_StdCelltt0p8v25c
                                                          0.311040  
U524                      OAI22D1BWP16P90LVT
                                          N16ADFP_StdCelltt0p8v25c
                                                          0.311040  
U525                      XNR2D1BWP16P90LVT
                                          N16ADFP_StdCelltt0p8v25c
                                                          0.518400  
U526                      XNR2D1BWP16P90LVT
                                          N16ADFP_StdCelltt0p8v25c
                                                          0.518400  
U527                      INR2D1BWP16P90LVT
                                          N16ADFP_StdCelltt0p8v25c
                                                          0.259200  
U528                      XNR2D1BWP16P90LVT
                                          N16ADFP_StdCelltt0p8v25c
                                                          0.518400  
U529                      OAI22D1BWP16P90LVT
                                          N16ADFP_StdCelltt0p8v25c
                                                          0.311040  
U530                      OAI22D1BWP16P90LVT
                                          N16ADFP_StdCelltt0p8v25c
                                                          0.311040  
U531                      XNR2D1BWP16P90LVT
                                          N16ADFP_StdCelltt0p8v25c
                                                          0.518400  
U532                      OAI22D1BWP16P90LVT
                                          N16ADFP_StdCelltt0p8v25c
                                                          0.311040  
U533                      FA1D1BWP16P90LVT
                                          N16ADFP_StdCelltt0p8v25c
                                                          1.036800  r
U534                      INR2D1BWP16P90LVT
                                          N16ADFP_StdCelltt0p8v25c
                                                          0.259200  
U535                      OAI22D1BWP16P90LVT
                                          N16ADFP_StdCelltt0p8v25c
                                                          0.311040  
U536                      XOR2D1BWP16P90LVT
                                          N16ADFP_StdCelltt0p8v25c
                                                          0.518400  
U537                      XNR2D1BWP16P90LVT
                                          N16ADFP_StdCelltt0p8v25c
                                                          0.518400  
U538                      XNR2D1BWP16P90LVT
                                          N16ADFP_StdCelltt0p8v25c
                                                          0.518400  
U539                      OAI22D1BWP16P90LVT
                                          N16ADFP_StdCelltt0p8v25c
                                                          0.311040  
U540                      XNR2D1BWP16P90LVT
                                          N16ADFP_StdCelltt0p8v25c
                                                          0.518400  
U541                      XNR2D1BWP16P90LVT
                                          N16ADFP_StdCelltt0p8v25c
                                                          0.518400  
U542                      OAI22D1BWP16P90LVT
                                          N16ADFP_StdCelltt0p8v25c
                                                          0.311040  
U543                      XOR2D2BWP16P90LVT
                                          N16ADFP_StdCelltt0p8v25c
                                                          0.570240  
U544                      XNR2D1BWP16P90LVT
                                          N16ADFP_StdCelltt0p8v25c
                                                          0.518400  
U545                      XNR2D1BWP16P90LVT
                                          N16ADFP_StdCelltt0p8v25c
                                                          0.518400  
U546                      XNR2D1BWP16P90LVT
                                          N16ADFP_StdCelltt0p8v25c
                                                          0.518400  
U547                      FA1D1BWP16P90LVT
                                          N16ADFP_StdCelltt0p8v25c
                                                          1.036800  r
U548                      IND2D1BWP16P90LVT
                                          N16ADFP_StdCelltt0p8v25c
                                                          0.259200  
U549                      OAI22D1BWP16P90LVT
                                          N16ADFP_StdCelltt0p8v25c
                                                          0.311040  
U550                      ND2D1BWP16P90LVT
                                          N16ADFP_StdCelltt0p8v25c
                                                          0.207360  
U551                      ND2D1BWP16P90LVT
                                          N16ADFP_StdCelltt0p8v25c
                                                          0.207360  
U552                      ND3D1BWP16P90LVT
                                          N16ADFP_StdCelltt0p8v25c
                                                          0.259200  
U553                      XNR2D1BWP16P90LVT
                                          N16ADFP_StdCelltt0p8v25c
                                                          0.518400  
U554                      OAI22D1BWP16P90LVT
                                          N16ADFP_StdCelltt0p8v25c
                                                          0.311040  
U555                      XNR2D1BWP16P90LVT
                                          N16ADFP_StdCelltt0p8v25c
                                                          0.518400  
U556                      XNR2D1BWP16P90LVT
                                          N16ADFP_StdCelltt0p8v25c
                                                          0.518400  
U557                      INVD1BWP16P90LVT
                                          N16ADFP_StdCelltt0p8v25c
                                                          0.155520  
U558                      FA1D1BWP16P90LVT
                                          N16ADFP_StdCelltt0p8v25c
                                                          1.036800  r
U559                      OAI22D1BWP16P90LVT
                                          N16ADFP_StdCelltt0p8v25c
                                                          0.311040  
U560                      OAI22D1BWP16P90LVT
                                          N16ADFP_StdCelltt0p8v25c
                                                          0.311040  
U561                      AN2D1BWP16P90LVT
                                          N16ADFP_StdCelltt0p8v25c
                                                          0.259200  
U562                      OR2D1BWP16P90LVT
                                          N16ADFP_StdCelltt0p8v25c
                                                          0.259200  
U563                      FA1D1BWP16P90LVT
                                          N16ADFP_StdCelltt0p8v25c
                                                          1.036800  r
U564                      INR2D1BWP16P90LVT
                                          N16ADFP_StdCelltt0p8v25c
                                                          0.259200  
U565                      OAI22D1BWP16P90LVT
                                          N16ADFP_StdCelltt0p8v25c
                                                          0.311040  
U566                      XNR2D1BWP16P90LVT
                                          N16ADFP_StdCelltt0p8v25c
                                                          0.518400  
U567                      XNR2D1BWP16P90LVT
                                          N16ADFP_StdCelltt0p8v25c
                                                          0.518400  
U568                      XNR2D1BWP16P90LVT
                                          N16ADFP_StdCelltt0p8v25c
                                                          0.518400  
U569                      OAI22D1BWP16P90LVT
                                          N16ADFP_StdCelltt0p8v25c
                                                          0.311040  
U570                      FA1D1BWP16P90LVT
                                          N16ADFP_StdCelltt0p8v25c
                                                          1.036800  r
U571                      INVD1BWP16P90LVT
                                          N16ADFP_StdCelltt0p8v25c
                                                          0.155520  
U572                      OR2D1BWP16P90LVT
                                          N16ADFP_StdCelltt0p8v25c
                                                          0.259200  
U573                      AN2D1BWP16P90LVT
                                          N16ADFP_StdCelltt0p8v25c
                                                          0.259200  
U574                      INVD1BWP16P90LVT
                                          N16ADFP_StdCelltt0p8v25c
                                                          0.155520  
U575                      XNR2D1BWP16P90LVT
                                          N16ADFP_StdCelltt0p8v25c
                                                          0.518400  
U576                      OAI22D1BWP16P90LVT
                                          N16ADFP_StdCelltt0p8v25c
                                                          0.311040  
U577                      XNR2D1BWP16P90LVT
                                          N16ADFP_StdCelltt0p8v25c
                                                          0.518400  
U578                      XNR2D1BWP16P90LVT
                                          N16ADFP_StdCelltt0p8v25c
                                                          0.518400  
U579                      XNR2D1BWP16P90LVT
                                          N16ADFP_StdCelltt0p8v25c
                                                          0.518400  
U580                      OAI22D1BWP16P90LVT
                                          N16ADFP_StdCelltt0p8v25c
                                                          0.311040  
U581                      XNR2D1BWP16P90LVT
                                          N16ADFP_StdCelltt0p8v25c
                                                          0.518400  
U582                      OAI22D1BWP16P90LVT
                                          N16ADFP_StdCelltt0p8v25c
                                                          0.311040  
U583                      ND2D1BWP16P90LVT
                                          N16ADFP_StdCelltt0p8v25c
                                                          0.207360  
U584                      FA1D1BWP16P90LVT
                                          N16ADFP_StdCelltt0p8v25c
                                                          1.036800  r
U585                      FA1D2BWP16P90LVT
                                          N16ADFP_StdCelltt0p8v25c
                                                          1.088640  r
U586                      ND2D1BWP16P90LVT
                                          N16ADFP_StdCelltt0p8v25c
                                                          0.207360  
U587                      ND2D1BWP16P90LVT
                                          N16ADFP_StdCelltt0p8v25c
                                                          0.207360  
U588                      ND2D1BWP16P90LVT
                                          N16ADFP_StdCelltt0p8v25c
                                                          0.207360  
U589                      ND3D1BWP16P90LVT
                                          N16ADFP_StdCelltt0p8v25c
                                                          0.259200  
U590                      FA1D2BWP16P90LVT
                                          N16ADFP_StdCelltt0p8v25c
                                                          1.088640  r
U591                      INVD1BWP16P90LVT
                                          N16ADFP_StdCelltt0p8v25c
                                                          0.155520  
U592                      CKNR2D2BWP16P90LVT
                                          N16ADFP_StdCelltt0p8v25c
                                                          0.311040  
U593                      INVD1BWP16P90LVT
                                          N16ADFP_StdCelltt0p8v25c
                                                          0.155520  
U594                      CKND2BWP16P90LVT
                                          N16ADFP_StdCelltt0p8v25c
                                                          0.207360  
U595                      INVD1BWP16P90LVT
                                          N16ADFP_StdCelltt0p8v25c
                                                          0.155520  
U596                      INVD1BWP16P90LVT
                                          N16ADFP_StdCelltt0p8v25c
                                                          0.155520  
U597                      NR2D1BWP16P90LVT
                                          N16ADFP_StdCelltt0p8v25c
                                                          0.207360  
U598                      XNR2D1BWP16P90LVT
                                          N16ADFP_StdCelltt0p8v25c
                                                          0.518400  
U599                      OAI22D1BWP16P90LVT
                                          N16ADFP_StdCelltt0p8v25c
                                                          0.311040  
U600                      XNR2D1BWP16P90LVT
                                          N16ADFP_StdCelltt0p8v25c
                                                          0.518400  
U601                      XNR2D1BWP16P90LVT
                                          N16ADFP_StdCelltt0p8v25c
                                                          0.518400  
U602                      OAI22D1BWP16P90LVT
                                          N16ADFP_StdCelltt0p8v25c
                                                          0.311040  
U603                      OAI22D1BWP16P90LVT
                                          N16ADFP_StdCelltt0p8v25c
                                                          0.311040  
U604                      XNR2D1BWP16P90LVT
                                          N16ADFP_StdCelltt0p8v25c
                                                          0.518400  
U605                      OAI22D1BWP16P90LVT
                                          N16ADFP_StdCelltt0p8v25c
                                                          0.311040  
U606                      ND2D1BWP16P90LVT
                                          N16ADFP_StdCelltt0p8v25c
                                                          0.207360  
U607                      ND2D1BWP16P90LVT
                                          N16ADFP_StdCelltt0p8v25c
                                                          0.207360  
U608                      ND2D1BWP16P90LVT
                                          N16ADFP_StdCelltt0p8v25c
                                                          0.207360  
U609                      ND3D1BWP16P90LVT
                                          N16ADFP_StdCelltt0p8v25c
                                                          0.259200  
U610                      FA1D1BWP16P90LVT
                                          N16ADFP_StdCelltt0p8v25c
                                                          1.036800  r
U611                      FA1D1BWP16P90LVT
                                          N16ADFP_StdCelltt0p8v25c
                                                          1.036800  r
U612                      INVD1BWP16P90LVT
                                          N16ADFP_StdCelltt0p8v25c
                                                          0.155520  
U613                      OR2D1BWP16P90LVT
                                          N16ADFP_StdCelltt0p8v25c
                                                          0.259200  
U614                      NR2D1BWP16P90LVT
                                          N16ADFP_StdCelltt0p8v25c
                                                          0.207360  
U615                      XNR2D1BWP16P90LVT
                                          N16ADFP_StdCelltt0p8v25c
                                                          0.518400  
U616                      OAI22D1BWP16P90LVT
                                          N16ADFP_StdCelltt0p8v25c
                                                          0.311040  
U617                      OAI22D1BWP16P90LVT
                                          N16ADFP_StdCelltt0p8v25c
                                                          0.311040  
U618                      XNR2D1BWP16P90LVT
                                          N16ADFP_StdCelltt0p8v25c
                                                          0.518400  
U619                      OAI22D1BWP16P90LVT
                                          N16ADFP_StdCelltt0p8v25c
                                                          0.311040  
U620                      OAI22D1BWP16P90LVT
                                          N16ADFP_StdCelltt0p8v25c
                                                          0.311040  
U621                      INVD1BWP16P90LVT
                                          N16ADFP_StdCelltt0p8v25c
                                                          0.155520  
U622                      XNR2D1BWP16P90LVT
                                          N16ADFP_StdCelltt0p8v25c
                                                          0.518400  
U623                      XNR2D1BWP16P90LVT
                                          N16ADFP_StdCelltt0p8v25c
                                                          0.518400  
U624                      OAI22D1BWP16P90LVT
                                          N16ADFP_StdCelltt0p8v25c
                                                          0.311040  
U625                      OAI22D1BWP16P90LVT
                                          N16ADFP_StdCelltt0p8v25c
                                                          0.311040  
U626                      XNR2D1BWP16P90LVT
                                          N16ADFP_StdCelltt0p8v25c
                                                          0.518400  
U627                      XNR2D1BWP16P90LVT
                                          N16ADFP_StdCelltt0p8v25c
                                                          0.518400  
U628                      XNR2D1BWP16P90LVT
                                          N16ADFP_StdCelltt0p8v25c
                                                          0.518400  
U629                      XNR2D1BWP16P90LVT
                                          N16ADFP_StdCelltt0p8v25c
                                                          0.518400  
U630                      OAI22D1BWP16P90LVT
                                          N16ADFP_StdCelltt0p8v25c
                                                          0.311040  
U631                      IOAI21D1BWP16P90LVT
                                          N16ADFP_StdCelltt0p8v25c
                                                          0.414720  
U632                      OAI22D1BWP16P90LVT
                                          N16ADFP_StdCelltt0p8v25c
                                                          0.311040  
U633                      OAI22D1BWP16P90LVT
                                          N16ADFP_StdCelltt0p8v25c
                                                          0.311040  
U634                      XNR2D1BWP16P90LVT
                                          N16ADFP_StdCelltt0p8v25c
                                                          0.518400  
U635                      OAI22D1BWP16P90LVT
                                          N16ADFP_StdCelltt0p8v25c
                                                          0.311040  
U636                      OAI22D1BWP16P90LVT
                                          N16ADFP_StdCelltt0p8v25c
                                                          0.311040  
U637                      IND2D1BWP16P90LVT
                                          N16ADFP_StdCelltt0p8v25c
                                                          0.259200  
U638                      XNR2D1BWP16P90LVT
                                          N16ADFP_StdCelltt0p8v25c
                                                          0.518400  
U639                      XOR3D4BWP16P90LVT
                                          N16ADFP_StdCelltt0p8v25c
                                                          1.503360  
U640                      FA1D1BWP16P90LVT
                                          N16ADFP_StdCelltt0p8v25c
                                                          1.036800  r
U641                      XNR2D1BWP16P90LVT
                                          N16ADFP_StdCelltt0p8v25c
                                                          0.518400  
U642                      OAI22D1BWP16P90LVT
                                          N16ADFP_StdCelltt0p8v25c
                                                          0.311040  
U643                      INR2D1BWP16P90LVT
                                          N16ADFP_StdCelltt0p8v25c
                                                          0.259200  
U644                      OAI22D1BWP16P90LVT
                                          N16ADFP_StdCelltt0p8v25c
                                                          0.311040  
U645                      XNR2D1BWP16P90LVT
                                          N16ADFP_StdCelltt0p8v25c
                                                          0.518400  
U646                      OAI22D1BWP16P90LVT
                                          N16ADFP_StdCelltt0p8v25c
                                                          0.311040  
U647                      NR2D2BWP16P90LVT
                                          N16ADFP_StdCelltt0p8v25c
                                                          0.311040  
U648                      FA1D1BWP16P90LVT
                                          N16ADFP_StdCelltt0p8v25c
                                                          1.036800  r
U649                      XNR2D1BWP16P90LVT
                                          N16ADFP_StdCelltt0p8v25c
                                                          0.518400  
U650                      OAI22D1BWP16P90LVT
                                          N16ADFP_StdCelltt0p8v25c
                                                          0.311040  
U651                      OAI22D1BWP16P90LVT
                                          N16ADFP_StdCelltt0p8v25c
                                                          0.311040  
U652                      OAI22D1BWP16P90LVT
                                          N16ADFP_StdCelltt0p8v25c
                                                          0.311040  
U653                      XNR2D1BWP16P90LVT
                                          N16ADFP_StdCelltt0p8v25c
                                                          0.518400  
U654                      OAI22D1BWP16P90LVT
                                          N16ADFP_StdCelltt0p8v25c
                                                          0.311040  
U655                      FA1D1BWP16P90LVT
                                          N16ADFP_StdCelltt0p8v25c
                                                          1.036800  r
U656                      NR2D1BWP16P90LVT
                                          N16ADFP_StdCelltt0p8v25c
                                                          0.207360  
U657                      XNR2D1BWP16P90LVT
                                          N16ADFP_StdCelltt0p8v25c
                                                          0.518400  
U658                      XNR2D1BWP16P90LVT
                                          N16ADFP_StdCelltt0p8v25c
                                                          0.518400  
U659                      OAI22D1BWP16P90LVT
                                          N16ADFP_StdCelltt0p8v25c
                                                          0.311040  
U660                      IND2D1BWP16P90LVT
                                          N16ADFP_StdCelltt0p8v25c
                                                          0.259200  
U661                      OAI22D1BWP16P90LVT
                                          N16ADFP_StdCelltt0p8v25c
                                                          0.311040  
U662                      OAI22D1BWP16P90LVT
                                          N16ADFP_StdCelltt0p8v25c
                                                          0.311040  
U663                      XNR2D1BWP16P90LVT
                                          N16ADFP_StdCelltt0p8v25c
                                                          0.518400  
U664                      XNR2D1BWP16P90LVT
                                          N16ADFP_StdCelltt0p8v25c
                                                          0.518400  
U665                      OAI22D1BWP16P90LVT
                                          N16ADFP_StdCelltt0p8v25c
                                                          0.311040  
U666                      INVD1BWP16P90LVT
                                          N16ADFP_StdCelltt0p8v25c
                                                          0.155520  
U667                      OAI22D1BWP16P90LVT
                                          N16ADFP_StdCelltt0p8v25c
                                                          0.311040  
U668                      XNR2D1BWP16P90LVT
                                          N16ADFP_StdCelltt0p8v25c
                                                          0.518400  
U669                      OAI22D1BWP16P90LVT
                                          N16ADFP_StdCelltt0p8v25c
                                                          0.311040  
U670                      XNR2D1BWP16P90LVT
                                          N16ADFP_StdCelltt0p8v25c
                                                          0.518400  
U671                      OAI22D1BWP16P90LVT
                                          N16ADFP_StdCelltt0p8v25c
                                                          0.311040  
U672                      FA1D1BWP16P90LVT
                                          N16ADFP_StdCelltt0p8v25c
                                                          1.036800  r
U673                      INR2D1BWP16P90LVT
                                          N16ADFP_StdCelltt0p8v25c
                                                          0.259200  
U674                      OAI22D1BWP16P90LVT
                                          N16ADFP_StdCelltt0p8v25c
                                                          0.311040  
U675                      XNR2D1BWP16P90LVT
                                          N16ADFP_StdCelltt0p8v25c
                                                          0.518400  
U676                      OAI22D1BWP16P90LVT
                                          N16ADFP_StdCelltt0p8v25c
                                                          0.311040  
U677                      NR2D1BWP16P90LVT
                                          N16ADFP_StdCelltt0p8v25c
                                                          0.207360  
U678                      FA1D1BWP16P90LVT
                                          N16ADFP_StdCelltt0p8v25c
                                                          1.036800  r
U679                      OAI22D1BWP16P90LVT
                                          N16ADFP_StdCelltt0p8v25c
                                                          0.311040  
U680                      IND2D1BWP16P90LVT
                                          N16ADFP_StdCelltt0p8v25c
                                                          0.259200  
U681                      OAI22D1BWP16P90LVT
                                          N16ADFP_StdCelltt0p8v25c
                                                          0.311040  
U682                      NR2D1BWP16P90LVT
                                          N16ADFP_StdCelltt0p8v25c
                                                          0.207360  
U683                      XNR2D1BWP16P90LVT
                                          N16ADFP_StdCelltt0p8v25c
                                                          0.518400  
U684                      OAI22D1BWP16P90LVT
                                          N16ADFP_StdCelltt0p8v25c
                                                          0.311040  
U685                      OR2D1BWP16P90LVT
                                          N16ADFP_StdCelltt0p8v25c
                                                          0.259200  
U686                      OAI22D1BWP16P90LVT
                                          N16ADFP_StdCelltt0p8v25c
                                                          0.311040  
U687                      INR2D1BWP16P90LVT
                                          N16ADFP_StdCelltt0p8v25c
                                                          0.259200  
U688                      OAI22D1BWP16P90LVT
                                          N16ADFP_StdCelltt0p8v25c
                                                          0.311040  
U689                      ND2D1BWP16P90LVT
                                          N16ADFP_StdCelltt0p8v25c
                                                          0.207360  
U690                      ND2D1BWP16P90LVT
                                          N16ADFP_StdCelltt0p8v25c
                                                          0.207360  
U691                      INVD1BWP16P90LVT
                                          N16ADFP_StdCelltt0p8v25c
                                                          0.155520  
U692                      ND2D1BWP16P90LVT
                                          N16ADFP_StdCelltt0p8v25c
                                                          0.207360  
U693                      INVD1BWP16P90LVT
                                          N16ADFP_StdCelltt0p8v25c
                                                          0.155520  
U694                      AO21D1BWP16P90LVT
                                          N16ADFP_StdCelltt0p8v25c
                                                          0.311040  
U695                      ND2D1BWP16P90LVT
                                          N16ADFP_StdCelltt0p8v25c
                                                          0.207360  
U696                      INVD1BWP16P90LVT
                                          N16ADFP_StdCelltt0p8v25c
                                                          0.155520  
U697                      AOI21D1BWP16P90LVT
                                          N16ADFP_StdCelltt0p8v25c
                                                          0.259200  
U698                      ND2D1BWP16P90LVT
                                          N16ADFP_StdCelltt0p8v25c
                                                          0.207360  
U699                      OA21D1BWP16P90LVT
                                          N16ADFP_StdCelltt0p8v25c
                                                          0.311040  
U700                      ND2D1BWP16P90LVT
                                          N16ADFP_StdCelltt0p8v25c
                                                          0.207360  
U701                      ND2D1BWP16P90LVT
                                          N16ADFP_StdCelltt0p8v25c
                                                          0.207360  
U702                      INVD1BWP16P90LVT
                                          N16ADFP_StdCelltt0p8v25c
                                                          0.155520  
U703                      FA1D1BWP16P90LVT
                                          N16ADFP_StdCelltt0p8v25c
                                                          1.036800  r
U704                      OAI22D1BWP16P90LVT
                                          N16ADFP_StdCelltt0p8v25c
                                                          0.311040  
U705                      IND2D1BWP16P90LVT
                                          N16ADFP_StdCelltt0p8v25c
                                                          0.259200  
U706                      OAI22D1BWP16P90LVT
                                          N16ADFP_StdCelltt0p8v25c
                                                          0.311040  
U707                      OAI22D1BWP16P90LVT
                                          N16ADFP_StdCelltt0p8v25c
                                                          0.311040  
U708                      OR2D1BWP16P90LVT
                                          N16ADFP_StdCelltt0p8v25c
                                                          0.259200  
U709                      AO21D1BWP16P90LVT
                                          N16ADFP_StdCelltt0p8v25c
                                                          0.311040  
U710                      ND2D1BWP16P90LVT
                                          N16ADFP_StdCelltt0p8v25c
                                                          0.207360  
U711                      FA1D1BWP16P90LVT
                                          N16ADFP_StdCelltt0p8v25c
                                                          1.036800  r
U712                      FA1D1BWP16P90LVT
                                          N16ADFP_StdCelltt0p8v25c
                                                          1.036800  r
U713                      FA1D1BWP16P90LVT
                                          N16ADFP_StdCelltt0p8v25c
                                                          1.036800  r
U714                      FA1D1BWP16P90LVT
                                          N16ADFP_StdCelltt0p8v25c
                                                          1.036800  r
U715                      FA1D1BWP16P90LVT
                                          N16ADFP_StdCelltt0p8v25c
                                                          1.036800  r
U716                      ND2D1BWP16P90LVT
                                          N16ADFP_StdCelltt0p8v25c
                                                          0.207360  
U717                      ND2D1BWP16P90LVT
                                          N16ADFP_StdCelltt0p8v25c
                                                          0.207360  
U718                      FA1D1BWP16P90LVT
                                          N16ADFP_StdCelltt0p8v25c
                                                          1.036800  r
U719                      FA1D1BWP16P90LVT
                                          N16ADFP_StdCelltt0p8v25c
                                                          1.036800  r
U720                      OAI22D1BWP16P90LVT
                                          N16ADFP_StdCelltt0p8v25c
                                                          0.311040  
U721                      FA1D1BWP16P90LVT
                                          N16ADFP_StdCelltt0p8v25c
                                                          1.036800  r
U722                      INVD1BWP16P90LVT
                                          N16ADFP_StdCelltt0p8v25c
                                                          0.155520  
U723                      OR2D1BWP16P90LVT
                                          N16ADFP_StdCelltt0p8v25c
                                                          0.259200  
U724                      INVD1BWP16P90LVT
                                          N16ADFP_StdCelltt0p8v25c
                                                          0.155520  
U725                      FA1D1BWP16P90LVT
                                          N16ADFP_StdCelltt0p8v25c
                                                          1.036800  r
U726                      OR2D1BWP16P90LVT
                                          N16ADFP_StdCelltt0p8v25c
                                                          0.259200  
U727                      FA1D1BWP16P90LVT
                                          N16ADFP_StdCelltt0p8v25c
                                                          1.036800  r
U728                      ND2D1BWP16P90LVT
                                          N16ADFP_StdCelltt0p8v25c
                                                          0.207360  
U729                      INVD1BWP16P90LVT
                                          N16ADFP_StdCelltt0p8v25c
                                                          0.155520  
U730                      ND2D1BWP16P90LVT
                                          N16ADFP_StdCelltt0p8v25c
                                                          0.207360  
U731                      INVD1BWP16P90LVT
                                          N16ADFP_StdCelltt0p8v25c
                                                          0.155520  
U732                      AOI21D2BWP16P90LVT
                                          N16ADFP_StdCelltt0p8v25c
                                                          0.414720  
U733                      OAI21D4BWP16P90LVT
                                          N16ADFP_StdCelltt0p8v25c
                                                          0.725760  
U734                      XOR3D4BWP16P90LVT
                                          N16ADFP_StdCelltt0p8v25c
                                                          1.503360  
U735                      FA1D1BWP16P90LVT
                                          N16ADFP_StdCelltt0p8v25c
                                                          1.036800  r
U736                      FA1D1BWP16P90LVT
                                          N16ADFP_StdCelltt0p8v25c
                                                          1.036800  r
U737                      FA1D1BWP16P90LVT
                                          N16ADFP_StdCelltt0p8v25c
                                                          1.036800  r
U738                      INVD1BWP16P90LVT
                                          N16ADFP_StdCelltt0p8v25c
                                                          0.155520  
U739                      OR2D1BWP16P90LVT
                                          N16ADFP_StdCelltt0p8v25c
                                                          0.259200  
U740                      ND2D1BWP16P90LVT
                                          N16ADFP_StdCelltt0p8v25c
                                                          0.207360  
U741                      ND2D1BWP16P90LVT
                                          N16ADFP_StdCelltt0p8v25c
                                                          0.207360  
U742                      AOI21D4BWP16P90LVT
                                          N16ADFP_StdCelltt0p8v25c
                                                          0.725760  
U743                      INVD1BWP16P90LVT
                                          N16ADFP_StdCelltt0p8v25c
                                                          0.155520  
U744                      OAI21D1BWP16P90LVT
                                          N16ADFP_StdCelltt0p8v25c
                                                          0.259200  
U745                      AOI21D2BWP16P90LVT
                                          N16ADFP_StdCelltt0p8v25c
                                                          0.414720  
U746                      INVD1BWP16P90LVT
                                          N16ADFP_StdCelltt0p8v25c
                                                          0.155520  
U747                      NR2D1BWP16P90LVT
                                          N16ADFP_StdCelltt0p8v25c
                                                          0.207360  
U748                      XNR2D1BWP16P90LVT
                                          N16ADFP_StdCelltt0p8v25c
                                                          0.518400  
U749                      OAI22D1BWP16P90LVT
                                          N16ADFP_StdCelltt0p8v25c
                                                          0.311040  
U750                      XNR2D1BWP16P90LVT
                                          N16ADFP_StdCelltt0p8v25c
                                                          0.518400  
U751                      XNR2D1BWP16P90LVT
                                          N16ADFP_StdCelltt0p8v25c
                                                          0.518400  
U752                      OAI22D1BWP16P90LVT
                                          N16ADFP_StdCelltt0p8v25c
                                                          0.311040  
U753                      XNR2D1BWP16P90LVT
                                          N16ADFP_StdCelltt0p8v25c
                                                          0.518400  
U754                      OAI22D1BWP16P90LVT
                                          N16ADFP_StdCelltt0p8v25c
                                                          0.311040  
U755                      FA1D1BWP16P90LVT
                                          N16ADFP_StdCelltt0p8v25c
                                                          1.036800  r
U756                      FA1D1BWP16P90LVT
                                          N16ADFP_StdCelltt0p8v25c
                                                          1.036800  r
U757                      FA1D1BWP16P90LVT
                                          N16ADFP_StdCelltt0p8v25c
                                                          1.036800  r
U758                      FA1D1BWP16P90LVT
                                          N16ADFP_StdCelltt0p8v25c
                                                          1.036800  r
U759                      INVD1BWP16P90LVT
                                          N16ADFP_StdCelltt0p8v25c
                                                          0.155520  
U760                      XOR2D1BWP16P90LVT
                                          N16ADFP_StdCelltt0p8v25c
                                                          0.518400  
U761                      AOI21D1BWP16P90LVT
                                          N16ADFP_StdCelltt0p8v25c
                                                          0.259200  
U762                      INVD1BWP16P90LVT
                                          N16ADFP_StdCelltt0p8v25c
                                                          0.155520  
U763                      ND2D1BWP16P90LVT
                                          N16ADFP_StdCelltt0p8v25c
                                                          0.207360  
U764                      XOR2D1BWP16P90LVT
                                          N16ADFP_StdCelltt0p8v25c
                                                          0.518400  
U765                      INVD1BWP16P90LVT
                                          N16ADFP_StdCelltt0p8v25c
                                                          0.155520  
U766                      INVD1BWP16P90LVT
                                          N16ADFP_StdCelltt0p8v25c
                                                          0.155520  
U767                      AOI21D1BWP16P90LVT
                                          N16ADFP_StdCelltt0p8v25c
                                                          0.259200  
U768                      INVD1BWP16P90LVT
                                          N16ADFP_StdCelltt0p8v25c
                                                          0.155520  
U769                      ND2D1BWP16P90LVT
                                          N16ADFP_StdCelltt0p8v25c
                                                          0.207360  
U770                      XOR2D1BWP16P90LVT
                                          N16ADFP_StdCelltt0p8v25c
                                                          0.518400  
U771                      ND2D1BWP16P90LVT
                                          N16ADFP_StdCelltt0p8v25c
                                                          0.207360  
U772                      XNR2D1BWP16P90LVT
                                          N16ADFP_StdCelltt0p8v25c
                                                          0.518400  
U773                      INVD1BWP16P90LVT
                                          N16ADFP_StdCelltt0p8v25c
                                                          0.155520  
U774                      ND2D1BWP16P90LVT
                                          N16ADFP_StdCelltt0p8v25c
                                                          0.207360  
U775                      XNR2D1BWP16P90LVT
                                          N16ADFP_StdCelltt0p8v25c
                                                          0.518400  
U776                      INVD1BWP16P90LVT
                                          N16ADFP_StdCelltt0p8v25c
                                                          0.155520  
U777                      ND2D1BWP16P90LVT
                                          N16ADFP_StdCelltt0p8v25c
                                                          0.207360  
U778                      XOR2D1BWP16P90LVT
                                          N16ADFP_StdCelltt0p8v25c
                                                          0.518400  
U779                      AOI21D1BWP16P90LVT
                                          N16ADFP_StdCelltt0p8v25c
                                                          0.259200  
U780                      ND2D1BWP16P90LVT
                                          N16ADFP_StdCelltt0p8v25c
                                                          0.207360  
U781                      XOR2D1BWP16P90LVT
                                          N16ADFP_StdCelltt0p8v25c
                                                          0.518400  
U782                      INR2D1BWP16P90LVT
                                          N16ADFP_StdCelltt0p8v25c
                                                          0.259200  
U783                      FA1D1BWP16P90LVT
                                          N16ADFP_StdCelltt0p8v25c
                                                          1.036800  r
U784                      INVD1BWP16P90LVT
                                          N16ADFP_StdCelltt0p8v25c
                                                          0.155520  
U785                      NR2D1BWP16P90LVT
                                          N16ADFP_StdCelltt0p8v25c
                                                          0.207360  
U786                      INVD1BWP16P90LVT
                                          N16ADFP_StdCelltt0p8v25c
                                                          0.155520  
U787                      XNR2D1BWP16P90LVT
                                          N16ADFP_StdCelltt0p8v25c
                                                          0.518400  
U788                      OAI22D1BWP16P90LVT
                                          N16ADFP_StdCelltt0p8v25c
                                                          0.311040  
U789                      XNR2D1BWP16P90LVT
                                          N16ADFP_StdCelltt0p8v25c
                                                          0.518400  
U790                      OAI22D1BWP16P90LVT
                                          N16ADFP_StdCelltt0p8v25c
                                                          0.311040  
U791                      ND2D1BWP16P90LVT
                                          N16ADFP_StdCelltt0p8v25c
                                                          0.207360  
U792                      ND2D1BWP16P90LVT
                                          N16ADFP_StdCelltt0p8v25c
                                                          0.207360  
U793                      ND2D1BWP16P90LVT
                                          N16ADFP_StdCelltt0p8v25c
                                                          0.207360  
U794                      FA1D1BWP16P90LVT
                                          N16ADFP_StdCelltt0p8v25c
                                                          1.036800  r
U795                      FA1D1BWP16P90LVT
                                          N16ADFP_StdCelltt0p8v25c
                                                          1.036800  r
U796                      FA1D1BWP16P90LVT
                                          N16ADFP_StdCelltt0p8v25c
                                                          1.036800  r
U797                      FA1D1BWP16P90LVT
                                          N16ADFP_StdCelltt0p8v25c
                                                          1.036800  r
U798                      XNR3D4BWP16P90LVT
                                          N16ADFP_StdCelltt0p8v25c
                                                          1.503360  
U799                      ND2D1BWP16P90LVT
                                          N16ADFP_StdCelltt0p8v25c
                                                          0.207360  
U800                      ND2D1BWP16P90LVT
                                          N16ADFP_StdCelltt0p8v25c
                                                          0.207360  
U801                      ND2D1BWP16P90LVT
                                          N16ADFP_StdCelltt0p8v25c
                                                          0.207360  
U802                      ND3D1BWP16P90LVT
                                          N16ADFP_StdCelltt0p8v25c
                                                          0.259200  
U803                      NR2D1BWP16P90LVT
                                          N16ADFP_StdCelltt0p8v25c
                                                          0.207360  
U804                      FA1D1BWP16P90LVT
                                          N16ADFP_StdCelltt0p8v25c
                                                          1.036800  r
U805                      INVD1BWP16P90LVT
                                          N16ADFP_StdCelltt0p8v25c
                                                          0.155520  
U806                      NR2D1BWP16P90LVT
                                          N16ADFP_StdCelltt0p8v25c
                                                          0.207360  
U807                      XNR2D1BWP16P90LVT
                                          N16ADFP_StdCelltt0p8v25c
                                                          0.518400  
U808                      OAI22D1BWP16P90LVT
                                          N16ADFP_StdCelltt0p8v25c
                                                          0.311040  
U809                      OAI22D1BWP16P90LVT
                                          N16ADFP_StdCelltt0p8v25c
                                                          0.311040  
U810                      OAI22D1BWP16P90LVT
                                          N16ADFP_StdCelltt0p8v25c
                                                          0.311040  
U811                      OAI22D1BWP16P90LVT
                                          N16ADFP_StdCelltt0p8v25c
                                                          0.311040  
U812                      FA1D1BWP16P90LVT
                                          N16ADFP_StdCelltt0p8v25c
                                                          1.036800  r
U813                      FA1D1BWP16P90LVT
                                          N16ADFP_StdCelltt0p8v25c
                                                          1.036800  r
U814                      XNR2D1BWP16P90LVT
                                          N16ADFP_StdCelltt0p8v25c
                                                          0.518400  
U815                      AO21D1BWP16P90LVT
                                          N16ADFP_StdCelltt0p8v25c
                                                          0.311040  
U816                      INVD1BWP16P90LVT
                                          N16ADFP_StdCelltt0p8v25c
                                                          0.155520  
U817                      AN2D1BWP16P90LVT
                                          N16ADFP_StdCelltt0p8v25c
                                                          0.259200  
U818                      OR2D1BWP16P90LVT
                                          N16ADFP_StdCelltt0p8v25c
                                                          0.259200  
U819                      ND2D1BWP16P90LVT
                                          N16ADFP_StdCelltt0p8v25c
                                                          0.207360  
U820                      OAI21D2BWP16P90LVT
                                          N16ADFP_StdCelltt0p8v25c
                                                          0.414720  
U821                      INVD1BWP16P90LVT
                                          N16ADFP_StdCelltt0p8v25c
                                                          0.155520  
U822                      INVD1BWP16P90LVT
                                          N16ADFP_StdCelltt0p8v25c
                                                          0.155520  
U823                      AOI21D1BWP16P90LVT
                                          N16ADFP_StdCelltt0p8v25c
                                                          0.259200  
U824                      FA1D1BWP16P90LVT
                                          N16ADFP_StdCelltt0p8v25c
                                                          1.036800  r
U825                      FA1D1BWP16P90LVT
                                          N16ADFP_StdCelltt0p8v25c
                                                          1.036800  r
U826                      INVD1BWP16P90LVT
                                          N16ADFP_StdCelltt0p8v25c
                                                          0.155520  
U827                      NR2D1BWP16P90LVT
                                          N16ADFP_StdCelltt0p8v25c
                                                          0.207360  
U828                      INVD1BWP16P90LVT
                                          N16ADFP_StdCelltt0p8v25c
                                                          0.155520  
U829                      XNR2D1BWP16P90LVT
                                          N16ADFP_StdCelltt0p8v25c
                                                          0.518400  
U830                      OAI22D1BWP16P90LVT
                                          N16ADFP_StdCelltt0p8v25c
                                                          0.311040  
U831                      FA1D1BWP16P90LVT
                                          N16ADFP_StdCelltt0p8v25c
                                                          1.036800  r
U832                      FA1D1BWP16P90LVT
                                          N16ADFP_StdCelltt0p8v25c
                                                          1.036800  r
U833                      OAI22D1BWP16P90LVT
                                          N16ADFP_StdCelltt0p8v25c
                                                          0.311040  
U834                      XNR2D2BWP16P90LVT
                                          N16ADFP_StdCelltt0p8v25c
                                                          0.570240  
U835                      INVD1BWP16P90LVT
                                          N16ADFP_StdCelltt0p8v25c
                                                          0.155520  
U836                      AN2D1BWP16P90LVT
                                          N16ADFP_StdCelltt0p8v25c
                                                          0.259200  
U837                      XNR2D1BWP16P90LVT
                                          N16ADFP_StdCelltt0p8v25c
                                                          0.518400  
U838                      OR2D1BWP16P90LVT
                                          N16ADFP_StdCelltt0p8v25c
                                                          0.259200  
U839                      AN2D1BWP16P90LVT
                                          N16ADFP_StdCelltt0p8v25c
                                                          0.259200  
U840                      FA1D1BWP16P90LVT
                                          N16ADFP_StdCelltt0p8v25c
                                                          1.036800  r
U841                      FA1D1BWP16P90LVT
                                          N16ADFP_StdCelltt0p8v25c
                                                          1.036800  r
U842                      INVD1BWP16P90LVT
                                          N16ADFP_StdCelltt0p8v25c
                                                          0.155520  
U843                      NR2D1BWP16P90LVT
                                          N16ADFP_StdCelltt0p8v25c
                                                          0.207360  
U844                      XNR2D1BWP16P90LVT
                                          N16ADFP_StdCelltt0p8v25c
                                                          0.518400  
U845                      OAI22D1BWP16P90LVT
                                          N16ADFP_StdCelltt0p8v25c
                                                          0.311040  
U846                      XNR2D1BWP16P90LVT
                                          N16ADFP_StdCelltt0p8v25c
                                                          0.518400  
U847                      OAI22D1BWP16P90LVT
                                          N16ADFP_StdCelltt0p8v25c
                                                          0.311040  
U848                      OAI22D1BWP16P90LVT
                                          N16ADFP_StdCelltt0p8v25c
                                                          0.311040  
U849                      FA1D1BWP16P90LVT
                                          N16ADFP_StdCelltt0p8v25c
                                                          1.036800  r
U850                      INVD1BWP16P90LVT
                                          N16ADFP_StdCelltt0p8v25c
                                                          0.155520  
U851                      ND2D1BWP16P90LVT
                                          N16ADFP_StdCelltt0p8v25c
                                                          0.207360  
U852                      OAI21D1BWP16P90LVT
                                          N16ADFP_StdCelltt0p8v25c
                                                          0.259200  
U853                      AOI21D4BWP16P90LVT
                                          N16ADFP_StdCelltt0p8v25c
                                                          0.725760  
U854                      INVD1BWP16P90LVT
                                          N16ADFP_StdCelltt0p8v25c
                                                          0.155520  
U855                      AOI21D1BWP16P90LVT
                                          N16ADFP_StdCelltt0p8v25c
                                                          0.259200  
U856                      OAI22D1BWP16P90LVT
                                          N16ADFP_StdCelltt0p8v25c
                                                          0.311040  
U857                      FA1D1BWP16P90LVT
                                          N16ADFP_StdCelltt0p8v25c
                                                          1.036800  r
U858                      FA1D1BWP16P90LVT
                                          N16ADFP_StdCelltt0p8v25c
                                                          1.036800  r
U859                      FA1D1BWP16P90LVT
                                          N16ADFP_StdCelltt0p8v25c
                                                          1.036800  r
U860                      INVD1BWP16P90LVT
                                          N16ADFP_StdCelltt0p8v25c
                                                          0.155520  
U861                      NR2D1BWP16P90LVT
                                          N16ADFP_StdCelltt0p8v25c
                                                          0.207360  
U862                      INVD1BWP16P90LVT
                                          N16ADFP_StdCelltt0p8v25c
                                                          0.155520  
U863                      XNR2D1BWP16P90LVT
                                          N16ADFP_StdCelltt0p8v25c
                                                          0.518400  
U864                      OAI22D1BWP16P90LVT
                                          N16ADFP_StdCelltt0p8v25c
                                                          0.311040  
U865                      OAI22D1BWP16P90LVT
                                          N16ADFP_StdCelltt0p8v25c
                                                          0.311040  
U866                      FA1D1BWP16P90LVT
                                          N16ADFP_StdCelltt0p8v25c
                                                          1.036800  r
U867                      INVD1BWP16P90LVT
                                          N16ADFP_StdCelltt0p8v25c
                                                          0.155520  
U868                      OR2D1BWP16P90LVT
                                          N16ADFP_StdCelltt0p8v25c
                                                          0.259200  
U869                      ND2D1BWP16P90LVT
                                          N16ADFP_StdCelltt0p8v25c
                                                          0.207360  
U870                      XNR2D1BWP16P90LVT
                                          N16ADFP_StdCelltt0p8v25c
                                                          0.518400  
U871                      INVD1BWP16P90LVT
                                          N16ADFP_StdCelltt0p8v25c
                                                          0.155520  
U872                      INVD1BWP16P90LVT
                                          N16ADFP_StdCelltt0p8v25c
                                                          0.155520  
U873                      AOI21D1BWP16P90LVT
                                          N16ADFP_StdCelltt0p8v25c
                                                          0.259200  
U874                      INVD1BWP16P90LVT
                                          N16ADFP_StdCelltt0p8v25c
                                                          0.155520  
U875                      AN2D1BWP16P90LVT
                                          N16ADFP_StdCelltt0p8v25c
                                                          0.259200  
U876                      XNR2D1BWP16P90LVT
                                          N16ADFP_StdCelltt0p8v25c
                                                          0.518400  
U877                      FA1D1BWP16P90LVT
                                          N16ADFP_StdCelltt0p8v25c
                                                          1.036800  r
U878                      FA1D1BWP16P90LVT
                                          N16ADFP_StdCelltt0p8v25c
                                                          1.036800  r
U879                      INVD1BWP16P90LVT
                                          N16ADFP_StdCelltt0p8v25c
                                                          0.155520  
U880                      NR2D1BWP16P90LVT
                                          N16ADFP_StdCelltt0p8v25c
                                                          0.207360  
U881                      OAI22D1BWP16P90LVT
                                          N16ADFP_StdCelltt0p8v25c
                                                          0.311040  
U882                      FA1D1BWP16P90LVT
                                          N16ADFP_StdCelltt0p8v25c
                                                          1.036800  r
U883                      NR2D1BWP16P90LVT
                                          N16ADFP_StdCelltt0p8v25c
                                                          0.207360  
U884                      FA1D1BWP16P90LVT
                                          N16ADFP_StdCelltt0p8v25c
                                                          1.036800  r
U885                      INVD1BWP16P90LVT
                                          N16ADFP_StdCelltt0p8v25c
                                                          0.155520  
U886                      NR2D1BWP16P90LVT
                                          N16ADFP_StdCelltt0p8v25c
                                                          0.207360  
U887                      INVD1BWP16P90LVT
                                          N16ADFP_StdCelltt0p8v25c
                                                          0.155520  
U888                      OAI22D1BWP16P90LVT
                                          N16ADFP_StdCelltt0p8v25c
                                                          0.311040  
U889                      FA1D1BWP16P90LVT
                                          N16ADFP_StdCelltt0p8v25c
                                                          1.036800  r
U890                      OAI22D1BWP16P90LVT
                                          N16ADFP_StdCelltt0p8v25c
                                                          0.311040  
U891                      FA1D1BWP16P90LVT
                                          N16ADFP_StdCelltt0p8v25c
                                                          1.036800  r
U892                      FA1D1BWP16P90LVT
                                          N16ADFP_StdCelltt0p8v25c
                                                          1.036800  r
U893                      INVD1BWP16P90LVT
                                          N16ADFP_StdCelltt0p8v25c
                                                          0.155520  
U894                      NR2D1BWP16P90LVT
                                          N16ADFP_StdCelltt0p8v25c
                                                          0.207360  
U895                      XNR2D1BWP16P90LVT
                                          N16ADFP_StdCelltt0p8v25c
                                                          0.518400  
U896                      OAI22D1BWP16P90LVT
                                          N16ADFP_StdCelltt0p8v25c
                                                          0.311040  
U897                      FA1D1BWP16P90LVT
                                          N16ADFP_StdCelltt0p8v25c
                                                          1.036800  r
U898                      OAI22D1BWP16P90LVT
                                          N16ADFP_StdCelltt0p8v25c
                                                          0.311040  
U899                      FA1D1BWP16P90LVT
                                          N16ADFP_StdCelltt0p8v25c
                                                          1.036800  r
U900                      NR2D1BWP16P90LVT
                                          N16ADFP_StdCelltt0p8v25c
                                                          0.207360  
U901                      ND2D1BWP16P90LVT
                                          N16ADFP_StdCelltt0p8v25c
                                                          0.207360  
U902                      ND2D1BWP16P90LVT
                                          N16ADFP_StdCelltt0p8v25c
                                                          0.207360  
U903                      ND2D1BWP16P90LVT
                                          N16ADFP_StdCelltt0p8v25c
                                                          0.207360  
U904                      INVD1BWP16P90LVT
                                          N16ADFP_StdCelltt0p8v25c
                                                          0.155520  
U905                      FA1D1BWP16P90LVT
                                          N16ADFP_StdCelltt0p8v25c
                                                          1.036800  r
U906                      INVD1BWP16P90LVT
                                          N16ADFP_StdCelltt0p8v25c
                                                          0.155520  
U907                      NR2D1BWP16P90LVT
                                          N16ADFP_StdCelltt0p8v25c
                                                          0.207360  
U908                      INVD1BWP16P90LVT
                                          N16ADFP_StdCelltt0p8v25c
                                                          0.155520  
U909                      XNR2D1BWP16P90LVT
                                          N16ADFP_StdCelltt0p8v25c
                                                          0.518400  
U910                      OAI22D1BWP16P90LVT
                                          N16ADFP_StdCelltt0p8v25c
                                                          0.311040  
U911                      OAI22D1BWP16P90LVT
                                          N16ADFP_StdCelltt0p8v25c
                                                          0.311040  
U912                      FA1D1BWP16P90LVT
                                          N16ADFP_StdCelltt0p8v25c
                                                          1.036800  r
U913                      NR2D1BWP16P90LVT
                                          N16ADFP_StdCelltt0p8v25c
                                                          0.207360  
U914                      INVD1BWP16P90LVT
                                          N16ADFP_StdCelltt0p8v25c
                                                          0.155520  
U915                      ND2D1BWP16P90LVT
                                          N16ADFP_StdCelltt0p8v25c
                                                          0.207360  
U916                      AN2D1BWP16P90LVT
                                          N16ADFP_StdCelltt0p8v25c
                                                          0.259200  
U917                      XNR2D1BWP16P90LVT
                                          N16ADFP_StdCelltt0p8v25c
                                                          0.518400  
U918                      NR2D1BWP16P90LVT
                                          N16ADFP_StdCelltt0p8v25c
                                                          0.207360  
U919                      OAI21D1BWP16P90LVT
                                          N16ADFP_StdCelltt0p8v25c
                                                          0.259200  
U920                      INVD1BWP16P90LVT
                                          N16ADFP_StdCelltt0p8v25c
                                                          0.155520  
U921                      AN2D1BWP16P90LVT
                                          N16ADFP_StdCelltt0p8v25c
                                                          0.259200  
U922                      XNR2D1BWP16P90LVT
                                          N16ADFP_StdCelltt0p8v25c
                                                          0.518400  
U923                      FA1D1BWP16P90LVT
                                          N16ADFP_StdCelltt0p8v25c
                                                          1.036800  r
U924                      AO21D1BWP16P90LVT
                                          N16ADFP_StdCelltt0p8v25c
                                                          0.311040  
U925                      FA1D1BWP16P90LVT
                                          N16ADFP_StdCelltt0p8v25c
                                                          1.036800  r
U926                      INVD1BWP16P90LVT
                                          N16ADFP_StdCelltt0p8v25c
                                                          0.155520  
U927                      NR2D1BWP16P90LVT
                                          N16ADFP_StdCelltt0p8v25c
                                                          0.207360  
U928                      XNR2D1BWP16P90LVT
                                          N16ADFP_StdCelltt0p8v25c
                                                          0.518400  
U929                      OAI22D1BWP16P90LVT
                                          N16ADFP_StdCelltt0p8v25c
                                                          0.311040  
U930                      NR2D1BWP16P90LVT
                                          N16ADFP_StdCelltt0p8v25c
                                                          0.207360  
U931                      NR2D1BWP16P90LVT
                                          N16ADFP_StdCelltt0p8v25c
                                                          0.207360  
U932                      ND2D1BWP16P90LVT
                                          N16ADFP_StdCelltt0p8v25c
                                                          0.207360  
U933                      NR2D1BWP16P90LVT
                                          N16ADFP_StdCelltt0p8v25c
                                                          0.207360  
U934                      ND2D1BWP16P90LVT
                                          N16ADFP_StdCelltt0p8v25c
                                                          0.207360  
U935                      OAI21D1BWP16P90LVT
                                          N16ADFP_StdCelltt0p8v25c
                                                          0.259200  
U936                      AOI21D1BWP16P90LVT
                                          N16ADFP_StdCelltt0p8v25c
                                                          0.259200  
U937                      OAI21D1BWP16P90LVT
                                          N16ADFP_StdCelltt0p8v25c
                                                          0.259200  
U938                      INVD1BWP16P90LVT
                                          N16ADFP_StdCelltt0p8v25c
                                                          0.155520  
U939                      NR2D1BWP16P90LVT
                                          N16ADFP_StdCelltt0p8v25c
                                                          0.207360  
U940                      INVD1BWP16P90LVT
                                          N16ADFP_StdCelltt0p8v25c
                                                          0.155520  
U941                      OAI22D1BWP16P90LVT
                                          N16ADFP_StdCelltt0p8v25c
                                                          0.311040  
U942                      FA1D1BWP16P90LVT
                                          N16ADFP_StdCelltt0p8v25c
                                                          1.036800  r
U943                      FA1D1BWP16P90LVT
                                          N16ADFP_StdCelltt0p8v25c
                                                          1.036800  r
U944                      OR2D1BWP16P90LVT
                                          N16ADFP_StdCelltt0p8v25c
                                                          0.259200  
U945                      ND2D1BWP16P90LVT
                                          N16ADFP_StdCelltt0p8v25c
                                                          0.207360  
U946                      AN2D1BWP16P90LVT
                                          N16ADFP_StdCelltt0p8v25c
                                                          0.259200  
U947                      XNR2D1BWP16P90LVT
                                          N16ADFP_StdCelltt0p8v25c
                                                          0.518400  
U948                      NR2D1BWP16P90LVT
                                          N16ADFP_StdCelltt0p8v25c
                                                          0.207360  
U949                      ND2D1BWP16P90LVT
                                          N16ADFP_StdCelltt0p8v25c
                                                          0.207360  
U950                      NR2D1BWP16P90LVT
                                          N16ADFP_StdCelltt0p8v25c
                                                          0.207360  
U951                      OAI21D1BWP16P90LVT
                                          N16ADFP_StdCelltt0p8v25c
                                                          0.259200  
U952                      AOI21D1BWP16P90LVT
                                          N16ADFP_StdCelltt0p8v25c
                                                          0.259200  
U953                      OAI21D1BWP16P90LVT
                                          N16ADFP_StdCelltt0p8v25c
                                                          0.259200  
U954                      AN2D1BWP16P90LVT
                                          N16ADFP_StdCelltt0p8v25c
                                                          0.259200  
U955                      XNR2D1BWP16P90LVT
                                          N16ADFP_StdCelltt0p8v25c
                                                          0.518400  
U956                      INVD1BWP16P90LVT
                                          N16ADFP_StdCelltt0p8v25c
                                                          0.155520  
U957                      NR2D1BWP16P90LVT
                                          N16ADFP_StdCelltt0p8v25c
                                                          0.207360  
U958                      OAI21D1BWP16P90LVT
                                          N16ADFP_StdCelltt0p8v25c
                                                          0.259200  
U959                      AOI21D1BWP16P90LVT
                                          N16ADFP_StdCelltt0p8v25c
                                                          0.259200  
U960                      INVD1BWP16P90LVT
                                          N16ADFP_StdCelltt0p8v25c
                                                          0.155520  
U961                      AN2D1BWP16P90LVT
                                          N16ADFP_StdCelltt0p8v25c
                                                          0.259200  
U962                      XNR2D1BWP16P90LVT
                                          N16ADFP_StdCelltt0p8v25c
                                                          0.518400  
U963                      INVD1BWP16P90LVT
                                          N16ADFP_StdCelltt0p8v25c
                                                          0.155520  
U964                      NR2D1BWP16P90LVT
                                          N16ADFP_StdCelltt0p8v25c
                                                          0.207360  
U965                      INVD1BWP16P90LVT
                                          N16ADFP_StdCelltt0p8v25c
                                                          0.155520  
U966                      OAI21D1BWP16P90LVT
                                          N16ADFP_StdCelltt0p8v25c
                                                          0.259200  
U967                      AN2D1BWP16P90LVT
                                          N16ADFP_StdCelltt0p8v25c
                                                          0.259200  
U968                      XNR2D1BWP16P90LVT
                                          N16ADFP_StdCelltt0p8v25c
                                                          0.518400  
U969                      ND2D1BWP16P90LVT
                                          N16ADFP_StdCelltt0p8v25c
                                                          0.207360  
U970                      NR2D1BWP16P90LVT
                                          N16ADFP_StdCelltt0p8v25c
                                                          0.207360  
U971                      INVD1BWP16P90LVT
                                          N16ADFP_StdCelltt0p8v25c
                                                          0.155520  
U972                      AOI21D1BWP16P90LVT
                                          N16ADFP_StdCelltt0p8v25c
                                                          0.259200  
U973                      OAI21D1BWP16P90LVT
                                          N16ADFP_StdCelltt0p8v25c
                                                          0.259200  
U974                      INVD1BWP16P90LVT
                                          N16ADFP_StdCelltt0p8v25c
                                                          0.155520  
U975                      AN2D1BWP16P90LVT
                                          N16ADFP_StdCelltt0p8v25c
                                                          0.259200  
U976                      XNR2D1BWP16P90LVT
                                          N16ADFP_StdCelltt0p8v25c
                                                          0.518400  
U977                      ND2D1BWP16P90LVT
                                          N16ADFP_StdCelltt0p8v25c
                                                          0.207360  
U978                      OR2D1BWP16P90LVT
                                          N16ADFP_StdCelltt0p8v25c
                                                          0.259200  
U979                      INVD1BWP16P90LVT
                                          N16ADFP_StdCelltt0p8v25c
                                                          0.155520  
U980                      FA1D1BWP16P90LVT
                                          N16ADFP_StdCelltt0p8v25c
                                                          1.036800  r
U981                      INVD1BWP16P90LVT
                                          N16ADFP_StdCelltt0p8v25c
                                                          0.155520  
U982                      NR2D1BWP16P90LVT
                                          N16ADFP_StdCelltt0p8v25c
                                                          0.207360  
U983                      OR2D1BWP16P90LVT
                                          N16ADFP_StdCelltt0p8v25c
                                                          0.259200  
U984                      ND2D1BWP16P90LVT
                                          N16ADFP_StdCelltt0p8v25c
                                                          0.207360  
U985                      AN2D1BWP16P90LVT
                                          N16ADFP_StdCelltt0p8v25c
                                                          0.259200  
U986                      XNR2D1BWP16P90LVT
                                          N16ADFP_StdCelltt0p8v25c
                                                          0.518400  
U987                      ND2D1BWP16P90LVT
                                          N16ADFP_StdCelltt0p8v25c
                                                          0.207360  
U988                      XNR2D1BWP16P90LVT
                                          N16ADFP_StdCelltt0p8v25c
                                                          0.518400  
U989                      ND2D1BWP16P90LVT
                                          N16ADFP_StdCelltt0p8v25c
                                                          0.207360  
U990                      XNR2D1BWP16P90LVT
                                          N16ADFP_StdCelltt0p8v25c
                                                          0.518400  
U991                      OAI21D1BWP16P90LVT
                                          N16ADFP_StdCelltt0p8v25c
                                                          0.259200  
U992                      INVD1BWP16P90LVT
                                          N16ADFP_StdCelltt0p8v25c
                                                          0.155520  
U993                      ND2D1BWP16P90LVT
                                          N16ADFP_StdCelltt0p8v25c
                                                          0.207360  
U994                      XNR2D1BWP16P90LVT
                                          N16ADFP_StdCelltt0p8v25c
                                                          0.518400  
U995                      INVD1BWP16P90LVT
                                          N16ADFP_StdCelltt0p8v25c
                                                          0.155520  
U996                      ND2D1BWP16P90LVT
                                          N16ADFP_StdCelltt0p8v25c
                                                          0.207360  
U997                      XOR2D1BWP16P90LVT
                                          N16ADFP_StdCelltt0p8v25c
                                                          0.518400  
U998                      INVD1BWP16P90LVT
                                          N16ADFP_StdCelltt0p8v25c
                                                          0.155520  
U999                      ND2D1BWP16P90LVT
                                          N16ADFP_StdCelltt0p8v25c
                                                          0.207360  
U1000                     XOR2D1BWP16P90LVT
                                          N16ADFP_StdCelltt0p8v25c
                                                          0.518400  
U1001                     ND2D1BWP16P90LVT
                                          N16ADFP_StdCelltt0p8v25c
                                                          0.207360  
U1002                     XNR2D1BWP16P90LVT
                                          N16ADFP_StdCelltt0p8v25c
                                                          0.518400  
U1003                     INVD1BWP16P90LVT
                                          N16ADFP_StdCelltt0p8v25c
                                                          0.155520  
U1004                     ND2D1BWP16P90LVT
                                          N16ADFP_StdCelltt0p8v25c
                                                          0.207360  
U1005                     XOR2D1BWP16P90LVT
                                          N16ADFP_StdCelltt0p8v25c
                                                          0.518400  
U1006                     ND2D1BWP16P90LVT
                                          N16ADFP_StdCelltt0p8v25c
                                                          0.207360  
U1007                     XNR2D1BWP16P90LVT
                                          N16ADFP_StdCelltt0p8v25c
                                                          0.518400  
U1008                     INVD1BWP16P90LVT
                                          N16ADFP_StdCelltt0p8v25c
                                                          0.155520  
U1009                     ND2D1BWP16P90LVT
                                          N16ADFP_StdCelltt0p8v25c
                                                          0.207360  
U1010                     XOR2D1BWP16P90LVT
                                          N16ADFP_StdCelltt0p8v25c
                                                          0.518400  
U1011                     INVD1BWP16P90LVT
                                          N16ADFP_StdCelltt0p8v25c
                                                          0.155520  
U1012                     ND2D1BWP16P90LVT
                                          N16ADFP_StdCelltt0p8v25c
                                                          0.207360  
U1013                     XOR2D1BWP16P90LVT
                                          N16ADFP_StdCelltt0p8v25c
                                                          0.518400  
U1014                     ND2D1BWP16P90LVT
                                          N16ADFP_StdCelltt0p8v25c
                                                          0.207360  
U1015                     XNR2D1BWP16P90LVT
                                          N16ADFP_StdCelltt0p8v25c
                                                          0.518400  
U1016                     ND2D1BWP16P90LVT
                                          N16ADFP_StdCelltt0p8v25c
                                                          0.207360  
U1017                     XNR2D1BWP16P90LVT
                                          N16ADFP_StdCelltt0p8v25c
                                                          0.518400  
U1018                     INVD1BWP16P90LVT
                                          N16ADFP_StdCelltt0p8v25c
                                                          0.155520  
U1019                     CKBD1BWP16P90LVT
                                          N16ADFP_StdCelltt0p8v25c
                                                          0.207360  
U1020                     CKBD1BWP16P90LVT
                                          N16ADFP_StdCelltt0p8v25c
                                                          0.207360  
prod_reg[0]               DFCNQD2BWP16P90LVT
                                          N16ADFP_StdCelltt0p8v25c
                                                          1.140480  n
prod_reg[1]               DFCNQD2BWP16P90LVT
                                          N16ADFP_StdCelltt0p8v25c
                                                          1.140480  n
prod_reg[2]               DFCNQD2BWP16P90LVT
                                          N16ADFP_StdCelltt0p8v25c
                                                          1.140480  n
prod_reg[3]               DFCNQD2BWP16P90LVT
                                          N16ADFP_StdCelltt0p8v25c
                                                          1.140480  n
prod_reg[4]               DFCNQD2BWP16P90LVT
                                          N16ADFP_StdCelltt0p8v25c
                                                          1.140480  n
prod_reg[5]               DFCNQD2BWP16P90LVT
                                          N16ADFP_StdCelltt0p8v25c
                                                          1.140480  n
prod_reg[6]               DFCNQD1BWP16P90LVT
                                          N16ADFP_StdCelltt0p8v25c
                                                          1.140480  n
prod_reg[7]               DFCNQD2BWP16P90LVT
                                          N16ADFP_StdCelltt0p8v25c
                                                          1.140480  n
prod_reg[8]               DFCNQD2BWP16P90LVT
                                          N16ADFP_StdCelltt0p8v25c
                                                          1.140480  n
prod_reg[9]               DFCNQD2BWP16P90LVT
                                          N16ADFP_StdCelltt0p8v25c
                                                          1.140480  n
prod_reg[10]              DFCNQD2BWP16P90LVT
                                          N16ADFP_StdCelltt0p8v25c
                                                          1.140480  n
prod_reg[11]              DFCNQD2BWP16P90LVT
                                          N16ADFP_StdCelltt0p8v25c
                                                          1.140480  n
prod_reg[12]              DFCNQD2BWP16P90LVT
                                          N16ADFP_StdCelltt0p8v25c
                                                          1.140480  n
prod_reg[13]              DFCNQD2BWP16P90LVT
                                          N16ADFP_StdCelltt0p8v25c
                                                          1.140480  n
prod_reg[14]              DFCNQD2BWP16P90LVT
                                          N16ADFP_StdCelltt0p8v25c
                                                          1.140480  n
prod_reg[15]              DFCNQD2BWP16P90LVT
                                          N16ADFP_StdCelltt0p8v25c
                                                          1.140480  n
prod_reg[16]              DFCNQD2BWP16P90LVT
                                          N16ADFP_StdCelltt0p8v25c
                                                          1.140480  n
prod_reg[17]              DFCNQD2BWP16P90LVT
                                          N16ADFP_StdCelltt0p8v25c
                                                          1.140480  n
prod_reg[18]              DFCNQD2BWP16P90LVT
                                          N16ADFP_StdCelltt0p8v25c
                                                          1.140480  n
prod_reg[19]              DFCNQD2BWP16P90LVT
                                          N16ADFP_StdCelltt0p8v25c
                                                          1.140480  n
prod_reg[20]              DFCNQD2BWP16P90LVT
                                          N16ADFP_StdCelltt0p8v25c
                                                          1.140480  n
prod_reg[21]              DFCNQD1BWP16P90LVT
                                          N16ADFP_StdCelltt0p8v25c
                                                          1.140480  n
prod_reg[22]              DFCNQD2BWP16P90LVT
                                          N16ADFP_StdCelltt0p8v25c
                                                          1.140480  n
prod_reg[23]              DFCNQD1BWP16P90LVT
                                          N16ADFP_StdCelltt0p8v25c
                                                          1.140480  n
prod_reg[24]              DFCNQD2BWP16P90LVT
                                          N16ADFP_StdCelltt0p8v25c
                                                          1.140480  n
prod_reg[25]              DFCNQD2BWP16P90LVT
                                          N16ADFP_StdCelltt0p8v25c
                                                          1.140480  n
prod_reg[26]              DFCNQD2BWP16P90LVT
                                          N16ADFP_StdCelltt0p8v25c
                                                          1.140480  n
prod_reg[27]              DFCNQD2BWP16P90LVT
                                          N16ADFP_StdCelltt0p8v25c
                                                          1.140480  n
prod_reg[28]              DFCNQD2BWP16P90LVT
                                          N16ADFP_StdCelltt0p8v25c
                                                          1.140480  n
prod_reg[29]              DFCNQD2BWP16P90LVT
                                          N16ADFP_StdCelltt0p8v25c
                                                          1.140480  n
prod_reg[30]              DFCNQD2BWP16P90LVT
                                          N16ADFP_StdCelltt0p8v25c
                                                          1.140480  n
prod_reg[31]              DFCNQD2BWP16P90LVT
                                          N16ADFP_StdCelltt0p8v25c
                                                          1.140480  n
--------------------------------------------------------------------------------
Total 1018 cells                                          434.678411
1
 
****************************************
Report : port
        -verbose
Design : mult
Version: V-2023.12-SP5
Date   : Wed Sep 23 13:13:15 2026
****************************************



Attributes:
    d - dont_touch_network

                       Pin      Wire     Max     Max     Connection
Port           Dir     Load     Load     Trans   Cap     Class      Attrs
--------------------------------------------------------------------------------
clk            in      0.0000   0.0000    0.40    0.07   --         d
inp_a[0]       in      0.0000   0.0000    0.40    0.07   --         
inp_a[1]       in      0.0000   0.0000    0.40    0.07   --         
inp_a[2]       in      0.0000   0.0000    0.40    0.07   --         
inp_a[3]       in      0.0000   0.0000    0.40    0.07   --         
inp_a[4]       in      0.0000   0.0000    0.40    0.07   --         
inp_a[5]       in      0.0000   0.0000    0.40    0.07   --         
inp_a[6]       in      0.0000   0.0000    0.40    0.07   --         
inp_a[7]       in      0.0000   0.0000    0.40    0.07   --         
inp_a[8]       in      0.0000   0.0000    0.40    0.07   --         
inp_a[9]       in      0.0000   0.0000    0.40    0.07   --         
inp_a[10]      in      0.0000   0.0000    0.40    0.07   --         
inp_a[11]      in      0.0000   0.0000    0.40    0.07   --         
inp_a[12]      in      0.0000   0.0000    0.40    0.07   --         
inp_a[13]      in      0.0000   0.0000    0.40    0.07   --         
inp_a[14]      in      0.0000   0.0000    0.40    0.07   --         
inp_a[15]      in      0.0000   0.0000    0.40    0.07   --         
inp_b[0]       in      0.0000   0.0000    0.40    0.07   --         
inp_b[1]       in      0.0000   0.0000    0.40    0.07   --         
inp_b[2]       in      0.0000   0.0000    0.40    0.07   --         
inp_b[3]       in      0.0000   0.0000    0.40    0.07   --         
inp_b[4]       in      0.0000   0.0000    0.40    0.07   --         
inp_b[5]       in      0.0000   0.0000    0.40    0.07   --         
inp_b[6]       in      0.0000   0.0000    0.40    0.07   --         
inp_b[7]       in      0.0000   0.0000    0.40    0.07   --         
inp_b[8]       in      0.0000   0.0000    0.40    0.07   --         
inp_b[9]       in      0.0000   0.0000    0.40    0.07   --         
inp_b[10]      in      0.0000   0.0000    0.40    0.07   --         
inp_b[11]      in      0.0000   0.0000    0.40    0.07   --         
inp_b[12]      in      0.0000   0.0000    0.40    0.07   --         
inp_b[13]      in      0.0000   0.0000    0.40    0.07   --         
inp_b[14]      in      0.0000   0.0000    0.40    0.07   --         
inp_b[15]      in      0.0000   0.0000    0.40    0.07   --         
rst            in      0.0000   0.0000    0.40    0.07   --         
prod[0]        out     0.0100   0.0000   --      --      --         
prod[1]        out     0.0100   0.0000   --      --      --         
prod[2]        out     0.0100   0.0000   --      --      --         
prod[3]        out     0.0100   0.0000   --      --      --         
prod[4]        out     0.0100   0.0000   --      --      --         
prod[5]        out     0.0100   0.0000   --      --      --         
prod[6]        out     0.0100   0.0000   --      --      --         
prod[7]        out     0.0100   0.0000   --      --      --         
prod[8]        out     0.0100   0.0000   --      --      --         
prod[9]        out     0.0100   0.0000   --      --      --         
prod[10]       out     0.0100   0.0000   --      --      --         
prod[11]       out     0.0100   0.0000   --      --      --         
prod[12]       out     0.0100   0.0000   --      --      --         
prod[13]       out     0.0100   0.0000   --      --      --         
prod[14]       out     0.0100   0.0000   --      --      --         
prod[15]       out     0.0100   0.0000   --      --      --         
prod[16]       out     0.0100   0.0000   --      --      --         
prod[17]       out     0.0100   0.0000   --      --      --         
prod[18]       out     0.0100   0.0000   --      --      --         
prod[19]       out     0.0100   0.0000   --      --      --         
prod[20]       out     0.0100   0.0000   --      --      --         
prod[21]       out     0.0100   0.0000   --      --      --         
prod[22]       out     0.0100   0.0000   --      --      --         
prod[23]       out     0.0100   0.0000   --      --      --         
prod[24]       out     0.0100   0.0000   --      --      --         
prod[25]       out     0.0100   0.0000   --      --      --         
prod[26]       out     0.0100   0.0000   --      --      --         
prod[27]       out     0.0100   0.0000   --      --      --         
prod[28]       out     0.0100   0.0000   --      --      --         
prod[29]       out     0.0100   0.0000   --      --      --         
prod[30]       out     0.0100   0.0000   --      --      --         
prod[31]       out     0.0100   0.0000   --      --      --         


              External  Max             Min                Min       Min
              Number    Wireload        Wireload           Pin       Wire
Port          Points    Model           Model              Load      Load
--------------------------------------------------------------------------------
clk                1      --              --              --        -- 
inp_a[0]           1      --              --              --        -- 
inp_a[1]           1      --              --              --        -- 
inp_a[2]           1      --              --              --        -- 
inp_a[3]           1      --              --              --        -- 
inp_a[4]           1      --              --              --        -- 
inp_a[5]           1      --              --              --        -- 
inp_a[6]           1      --              --              --        -- 
inp_a[7]           1      --              --              --        -- 
inp_a[8]           1      --              --              --        -- 
inp_a[9]           1      --              --              --        -- 
inp_a[10]          1      --              --              --        -- 
inp_a[11]          1      --              --              --        -- 
inp_a[12]          1      --              --              --        -- 
inp_a[13]          1      --              --              --        -- 
inp_a[14]          1      --              --              --        -- 
inp_a[15]          1      --              --              --        -- 
inp_b[0]           1      --              --              --        -- 
inp_b[1]           1      --              --              --        -- 
inp_b[2]           1      --              --              --        -- 
inp_b[3]           1      --              --              --        -- 
inp_b[4]           1      --              --              --        -- 
inp_b[5]           1      --              --              --        -- 
inp_b[6]           1      --              --              --        -- 
inp_b[7]           1      --              --              --        -- 
inp_b[8]           1      --              --              --        -- 
inp_b[9]           1      --              --              --        -- 
inp_b[10]          1      --              --              --        -- 
inp_b[11]          1      --              --              --        -- 
inp_b[12]          1      --              --              --        -- 
inp_b[13]          1      --              --              --        -- 
inp_b[14]          1      --              --              --        -- 
inp_b[15]          1      --              --              --        -- 
rst                1      --              --              --        -- 
prod[0]            1      --              --              --        -- 
prod[1]            1      --              --              --        -- 
prod[2]            1      --              --              --        -- 
prod[3]            1      --              --              --        -- 
prod[4]            1      --              --              --        -- 
prod[5]            1      --              --              --        -- 
prod[6]            1      --              --              --        -- 
prod[7]            1      --              --              --        -- 
prod[8]            1      --              --              --        -- 
prod[9]            1      --              --              --        -- 
prod[10]           1      --              --              --        -- 
prod[11]           1      --              --              --        -- 
prod[12]           1      --              --              --        -- 
prod[13]           1      --              --              --        -- 
prod[14]           1      --              --              --        -- 
prod[15]           1      --              --              --        -- 
prod[16]           1      --              --              --        -- 
prod[17]           1      --              --              --        -- 
prod[18]           1      --              --              --        -- 
prod[19]           1      --              --              --        -- 
prod[20]           1      --              --              --        -- 
prod[21]           1      --              --              --        -- 
prod[22]           1      --              --              --        -- 
prod[23]           1      --              --              --        -- 
prod[24]           1      --              --              --        -- 
prod[25]           1      --              --              --        -- 
prod[26]           1      --              --              --        -- 
prod[27]           1      --              --              --        -- 
prod[28]           1      --              --              --        -- 
prod[29]           1      --              --              --        -- 
prod[30]           1      --              --              --        -- 
prod[31]           1      --              --              --        -- 

                    Input Delay
                  Min             Max       Related   Max
Input Port    Rise    Fall    Rise    Fall   Clock  Fanout
--------------------------------------------------------------------------------
clk           --      --      --      --      --      -- 
inp_a[0]      0.01    0.01    0.01    0.01  clk       --    
inp_a[1]      0.01    0.01    0.01    0.01  clk       --    
inp_a[2]      0.01    0.01    0.01    0.01  clk       --    
inp_a[3]      0.01    0.01    0.01    0.01  clk       --    
inp_a[4]      0.01    0.01    0.01    0.01  clk       --    
inp_a[5]      0.01    0.01    0.01    0.01  clk       --    
inp_a[6]      0.01    0.01    0.01    0.01  clk       --    
inp_a[7]      0.01    0.01    0.01    0.01  clk       --    
inp_a[8]      0.01    0.01    0.01    0.01  clk       --    
inp_a[9]      0.01    0.01    0.01    0.01  clk       --    
inp_a[10]     0.01    0.01    0.01    0.01  clk       --    
inp_a[11]     0.01    0.01    0.01    0.01  clk       --    
inp_a[12]     0.01    0.01    0.01    0.01  clk       --    
inp_a[13]     0.01    0.01    0.01    0.01  clk       --    
inp_a[14]     0.01    0.01    0.01    0.01  clk       --    
inp_a[15]     0.01    0.01    0.01    0.01  clk       --    
inp_b[0]      0.01    0.01    0.01    0.01  clk       --    
inp_b[1]      0.01    0.01    0.01    0.01  clk       --    
inp_b[2]      0.01    0.01    0.01    0.01  clk       --    
inp_b[3]      0.01    0.01    0.01    0.01  clk       --    
inp_b[4]      0.01    0.01    0.01    0.01  clk       --    
inp_b[5]      0.01    0.01    0.01    0.01  clk       --    
inp_b[6]      0.01    0.01    0.01    0.01  clk       --    
inp_b[7]      0.01    0.01    0.01    0.01  clk       --    
inp_b[8]      0.01    0.01    0.01    0.01  clk       --    
inp_b[9]      0.01    0.01    0.01    0.01  clk       --    
inp_b[10]     0.01    0.01    0.01    0.01  clk       --    
inp_b[11]     0.01    0.01    0.01    0.01  clk       --    
inp_b[12]     0.01    0.01    0.01    0.01  clk       --    
inp_b[13]     0.01    0.01    0.01    0.01  clk       --    
inp_b[14]     0.01    0.01    0.01    0.01  clk       --    
inp_b[15]     0.01    0.01    0.01    0.01  clk       --    
rst           0.01    0.01    0.01    0.01  clk       --    


                    Driving Cell
Input Port   Rise(min/max)      Fall(min/max)      Mult(min/max)  Attrs(min/max)
--------------------------------------------------------------------------------
clk          INVD1BWP20P90      INVD1BWP20P90        -- /  --     
inp_a[0]     INVD1BWP20P90      INVD1BWP20P90        -- /  --     
inp_a[1]     INVD1BWP20P90      INVD1BWP20P90        -- /  --     
inp_a[2]     INVD1BWP20P90      INVD1BWP20P90        -- /  --     
inp_a[3]     INVD1BWP20P90      INVD1BWP20P90        -- /  --     
inp_a[4]     INVD1BWP20P90      INVD1BWP20P90        -- /  --     
inp_a[5]     INVD1BWP20P90      INVD1BWP20P90        -- /  --     
inp_a[6]     INVD1BWP20P90      INVD1BWP20P90        -- /  --     
inp_a[7]     INVD1BWP20P90      INVD1BWP20P90        -- /  --     
inp_a[8]     INVD1BWP20P90      INVD1BWP20P90        -- /  --     
inp_a[9]     INVD1BWP20P90      INVD1BWP20P90        -- /  --     
inp_a[10]    INVD1BWP20P90      INVD1BWP20P90        -- /  --     
inp_a[11]    INVD1BWP20P90      INVD1BWP20P90        -- /  --     
inp_a[12]    INVD1BWP20P90      INVD1BWP20P90        -- /  --     
inp_a[13]    INVD1BWP20P90      INVD1BWP20P90        -- /  --     
inp_a[14]    INVD1BWP20P90      INVD1BWP20P90        -- /  --     
inp_a[15]    INVD1BWP20P90      INVD1BWP20P90        -- /  --     
inp_b[0]     INVD1BWP20P90      INVD1BWP20P90        -- /  --     
inp_b[1]     INVD1BWP20P90      INVD1BWP20P90        -- /  --     
inp_b[2]     INVD1BWP20P90      INVD1BWP20P90        -- /  --     
inp_b[3]     INVD1BWP20P90      INVD1BWP20P90        -- /  --     
inp_b[4]     INVD1BWP20P90      INVD1BWP20P90        -- /  --     
inp_b[5]     INVD1BWP20P90      INVD1BWP20P90        -- /  --     
inp_b[6]     INVD1BWP20P90      INVD1BWP20P90        -- /  --     
inp_b[7]     INVD1BWP20P90      INVD1BWP20P90        -- /  --     
inp_b[8]     INVD1BWP20P90      INVD1BWP20P90        -- /  --     
inp_b[9]     INVD1BWP20P90      INVD1BWP20P90        -- /  --     
inp_b[10]    INVD1BWP20P90      INVD1BWP20P90        -- /  --     
inp_b[11]    INVD1BWP20P90      INVD1BWP20P90        -- /  --     
inp_b[12]    INVD1BWP20P90      INVD1BWP20P90        -- /  --     
inp_b[13]    INVD1BWP20P90      INVD1BWP20P90        -- /  --     
inp_b[14]    INVD1BWP20P90      INVD1BWP20P90        -- /  --     
inp_b[15]    INVD1BWP20P90      INVD1BWP20P90        -- /  --     
rst          INVD1BWP20P90      INVD1BWP20P90        -- /  --     


               Max Drive      Min Drive      Resistance    Min    Min       Cell
Input Port    Rise    Fall   Rise    Fall   Max     Min    Cap    Fanout    Deg
--------------------------------------------------------------------------------
clk           --      --     --      --     --      --     --     --        -- 
inp_a[0]      --      --     --      --     --      --     --     --        -- 
inp_a[1]      --      --     --      --     --      --     --     --        -- 
inp_a[2]      --      --     --      --     --      --     --     --        -- 
inp_a[3]      --      --     --      --     --      --     --     --        -- 
inp_a[4]      --      --     --      --     --      --     --     --        -- 
inp_a[5]      --      --     --      --     --      --     --     --        -- 
inp_a[6]      --      --     --      --     --      --     --     --        -- 
inp_a[7]      --      --     --      --     --      --     --     --        -- 
inp_a[8]      --      --     --      --     --      --     --     --        -- 
inp_a[9]      --      --     --      --     --      --     --     --        -- 
inp_a[10]     --      --     --      --     --      --     --     --        -- 
inp_a[11]     --      --     --      --     --      --     --     --        -- 
inp_a[12]     --      --     --      --     --      --     --     --        -- 
inp_a[13]     --      --     --      --     --      --     --     --        -- 
inp_a[14]     --      --     --      --     --      --     --     --        -- 
inp_a[15]     --      --     --      --     --      --     --     --        -- 
inp_b[0]      --      --     --      --     --      --     --     --        -- 
inp_b[1]      --      --     --      --     --      --     --     --        -- 
inp_b[2]      --      --     --      --     --      --     --     --        -- 
inp_b[3]      --      --     --      --     --      --     --     --        -- 
inp_b[4]      --      --     --      --     --      --     --     --        -- 
inp_b[5]      --      --     --      --     --      --     --     --        -- 
inp_b[6]      --      --     --      --     --      --     --     --        -- 
inp_b[7]      --      --     --      --     --      --     --     --        -- 
inp_b[8]      --      --     --      --     --      --     --     --        -- 
inp_b[9]      --      --     --      --     --      --     --     --        -- 
inp_b[10]     --      --     --      --     --      --     --     --        -- 
inp_b[11]     --      --     --      --     --      --     --     --        -- 
inp_b[12]     --      --     --      --     --      --     --     --        -- 
inp_b[13]     --      --     --      --     --      --     --     --        -- 
inp_b[14]     --      --     --      --     --      --     --     --        -- 
inp_b[15]     --      --     --      --     --      --     --     --        -- 
rst           --      --     --      --     --      --     --     --        -- 


               Max Tran        Min Tran
Input Port    Rise    Fall    Rise    Fall
--------------------------------------------------------------------------------
clk           --      --      --      -- 
inp_a[0]      --      --      --      -- 
inp_a[1]      --      --      --      -- 
inp_a[2]      --      --      --      -- 
inp_a[3]      --      --      --      -- 
inp_a[4]      --      --      --      -- 
inp_a[5]      --      --      --      -- 
inp_a[6]      --      --      --      -- 
inp_a[7]      --      --      --      -- 
inp_a[8]      --      --      --      -- 
inp_a[9]      --      --      --      -- 
inp_a[10]     --      --      --      -- 
inp_a[11]     --      --      --      -- 
inp_a[12]     --      --      --      -- 
inp_a[13]     --      --      --      -- 
inp_a[14]     --      --      --      -- 
inp_a[15]     --      --      --      -- 
inp_b[0]      --      --      --      -- 
inp_b[1]      --      --      --      -- 
inp_b[2]      --      --      --      -- 
inp_b[3]      --      --      --      -- 
inp_b[4]      --      --      --      -- 
inp_b[5]      --      --      --      -- 
inp_b[6]      --      --      --      -- 
inp_b[7]      --      --      --      -- 
inp_b[8]      --      --      --      -- 
inp_b[9]      --      --      --      -- 
inp_b[10]     --      --      --      -- 
inp_b[11]     --      --      --      -- 
inp_b[12]     --      --      --      -- 
inp_b[13]     --      --      --      -- 
inp_b[14]     --      --      --      -- 
inp_b[15]     --      --      --      -- 
rst           --      --      --      -- 


                    Output Delay
                  Min             Max      Related  Fanout
Output Port   Rise    Fall    Rise    Fall  Clock     Load
--------------------------------------------------------------------------------
prod[0]       0.01    0.01    0.01    0.01  clk       0.00  
prod[1]       0.01    0.01    0.01    0.01  clk       0.00  
prod[2]       0.01    0.01    0.01    0.01  clk       0.00  
prod[3]       0.01    0.01    0.01    0.01  clk       0.00  
prod[4]       0.01    0.01    0.01    0.01  clk       0.00  
prod[5]       0.01    0.01    0.01    0.01  clk       0.00  
prod[6]       0.01    0.01    0.01    0.01  clk       0.00  
prod[7]       0.01    0.01    0.01    0.01  clk       0.00  
prod[8]       0.01    0.01    0.01    0.01  clk       0.00  
prod[9]       0.01    0.01    0.01    0.01  clk       0.00  
prod[10]      0.01    0.01    0.01    0.01  clk       0.00  
prod[11]      0.01    0.01    0.01    0.01  clk       0.00  
prod[12]      0.01    0.01    0.01    0.01  clk       0.00  
prod[13]      0.01    0.01    0.01    0.01  clk       0.00  
prod[14]      0.01    0.01    0.01    0.01  clk       0.00  
prod[15]      0.01    0.01    0.01    0.01  clk       0.00  
prod[16]      0.01    0.01    0.01    0.01  clk       0.00  
prod[17]      0.01    0.01    0.01    0.01  clk       0.00  
prod[18]      0.01    0.01    0.01    0.01  clk       0.00  
prod[19]      0.01    0.01    0.01    0.01  clk       0.00  
prod[20]      0.01    0.01    0.01    0.01  clk       0.00  
prod[21]      0.01    0.01    0.01    0.01  clk       0.00  
prod[22]      0.01    0.01    0.01    0.01  clk       0.00  
prod[23]      0.01    0.01    0.01    0.01  clk       0.00  
prod[24]      0.01    0.01    0.01    0.01  clk       0.00  
prod[25]      0.01    0.01    0.01    0.01  clk       0.00  
prod[26]      0.01    0.01    0.01    0.01  clk       0.00  
prod[27]      0.01    0.01    0.01    0.01  clk       0.00  
prod[28]      0.01    0.01    0.01    0.01  clk       0.00  
prod[29]      0.01    0.01    0.01    0.01  clk       0.00  
prod[30]      0.01    0.01    0.01    0.01  clk       0.00  
prod[31]      0.01    0.01    0.01    0.01  clk       0.00  

1
 
****************************************
Report : compile_options
Design : mult
Version: V-2023.12-SP5
Date   : Wed Sep 23 13:13:15 2026
****************************************

Design                                   Compile Option         Value
--------------------------------------------------------------------------------
mult                                     flatten                false
                                         structure              true
                                         structure_boolean      false
                                         structure_timing       true
                                         isolate_port           disabled
                                         multibit_options
                                           optimization_mode    non_timing_driven
                                           minimum_width        2
                                           exclude_registers_with_timing_exceptions false
--------------------------------------------------------------------------------
1
