1
 
****************************************
Report : design
Design : mult
Version: V-2023.12-SP5
Date   : Wed Sep 23 13:15:45 2026
****************************************

Design allows ideal nets on clock nets.

Library(s) Used:

    N16ADFP_StdCelltt0p8v25c (File: /classes/ece5746/tsmcN16/Executable_Package/Collaterals/IP/stdcell/N16ADFP_StdCell/NLDM/N16ADFP_StdCelltt0p8v25c.db)

Local Link Library:

    {N16ADFP_StdCelltt0p8v25c.db}

Flip-Flop Types:

    No flip-flop types specified.

Latch Types:

    No latch types specified.

Operating Conditions:


    Operating Condition Name : tt0p8v25c
    Library : N16ADFP_StdCelltt0p8v25c
    Process :   1.00
    Temperature :  25.00
    Voltage :   0.80
    Interconnect Model : balanced_tree

Wire Loading Model:

    Selected automatically from the total cell area.

Name           :   ZeroWireload
Location       :   N16ADFP_StdCelltt0p8v25c
Resistance     :   1e-05
Capacitance    :   1
Area           :   0
Slope          :   0
Fanout   Length   Points Average Cap Std Deviation
--------------------------------------------------------------
     1     0.00
     2     0.00
     3     0.00
     4     0.00
     5     0.00
     6     0.00
     7     0.00
     8     0.00
     9     0.00
    10     0.00
    11     0.00
    12     0.00
    13     0.00
    14     0.00
    15     0.00
    16     0.00
    17     0.00
    18     0.00
    19     0.00
    20     0.00



Wire Loading Model Mode: segmented.

Timing Ranges:

    No timing ranges specified.

Pin Input Delays:

    None specified.

Pin Output Delays:

    None specified.

Disabled Timing Arcs:

    No arcs disabled.

Required Licenses:

    DesignWare

Design Parameters:

    None specified.
1
 
****************************************
Report : cell
Design : mult
Version: V-2023.12-SP5
Date   : Wed Sep 23 13:15:45 2026
****************************************

Attributes:
    b - black box (unknown)
    h - hierarchical
    n - noncombinational
    r - removable
    u - contains unmapped logic

Cell                      Reference       Library             Area  Attributes
--------------------------------------------------------------------------------
U35                       INVD1BWP16P90LVT
                                          N16ADFP_StdCelltt0p8v25c
                                                          0.155520  
U36                       INVD1BWP16P90LVT
                                          N16ADFP_StdCelltt0p8v25c
                                                          0.155520  
U37                       INVD1BWP16P90LVT
                                          N16ADFP_StdCelltt0p8v25c
                                                          0.155520  
U38                       INVD1BWP16P90LVT
                                          N16ADFP_StdCelltt0p8v25c
                                                          0.155520  
U39                       XOR2D1BWP16P90LVT
                                          N16ADFP_StdCelltt0p8v25c
                                                          0.518400  
U40                       INVD1BWP16P90LVT
                                          N16ADFP_StdCelltt0p8v25c
                                                          0.155520  
U41                       XNR2D2BWP16P90LVT
                                          N16ADFP_StdCelltt0p8v25c
                                                          0.570240  
U42                       XOR2D1BWP16P90LVT
                                          N16ADFP_StdCelltt0p8v25c
                                                          0.518400  
U43                       INVD1BWP16P90LVT
                                          N16ADFP_StdCelltt0p8v25c
                                                          0.155520  
U44                       INVD1BWP16P90LVT
                                          N16ADFP_StdCelltt0p8v25c
                                                          0.155520  
U45                       AOI21D1BWP16P90LVT
                                          N16ADFP_StdCelltt0p8v25c
                                                          0.259200  
U46                       OAI21D1BWP16P90LVT
                                          N16ADFP_StdCelltt0p8v25c
                                                          0.259200  
U47                       INVD1BWP16P90LVT
                                          N16ADFP_StdCelltt0p8v25c
                                                          0.155520  
U48                       INVD1BWP16P90LVT
                                          N16ADFP_StdCelltt0p8v25c
                                                          0.155520  
U49                       INVD1BWP16P90LVT
                                          N16ADFP_StdCelltt0p8v25c
                                                          0.155520  
U50                       INVD1BWP16P90LVT
                                          N16ADFP_StdCelltt0p8v25c
                                                          0.155520  
U51                       AN2D1BWP16P90LVT
                                          N16ADFP_StdCelltt0p8v25c
                                                          0.259200  
U52                       AN2D1BWP16P90LVT
                                          N16ADFP_StdCelltt0p8v25c
                                                          0.259200  
U53                       INVD1BWP16P90LVT
                                          N16ADFP_StdCelltt0p8v25c
                                                          0.155520  
U54                       INVD1BWP16P90LVT
                                          N16ADFP_StdCelltt0p8v25c
                                                          0.155520  
U55                       AN2D1BWP16P90LVT
                                          N16ADFP_StdCelltt0p8v25c
                                                          0.259200  
U56                       INVD1BWP16P90LVT
                                          N16ADFP_StdCelltt0p8v25c
                                                          0.155520  
U57                       INVD1BWP16P90LVT
                                          N16ADFP_StdCelltt0p8v25c
                                                          0.155520  
U58                       AOI21D1BWP16P90LVT
                                          N16ADFP_StdCelltt0p8v25c
                                                          0.259200  
U59                       NR2D1BWP16P90LVT
                                          N16ADFP_StdCelltt0p8v25c
                                                          0.207360  
U60                       ND2D1BWP16P90LVT
                                          N16ADFP_StdCelltt0p8v25c
                                                          0.207360  
U61                       NR2D1BWP16P90LVT
                                          N16ADFP_StdCelltt0p8v25c
                                                          0.207360  
U62                       NR2D1BWP16P90LVT
                                          N16ADFP_StdCelltt0p8v25c
                                                          0.207360  
U63                       ND2D1BWP16P90LVT
                                          N16ADFP_StdCelltt0p8v25c
                                                          0.207360  
U64                       OR2D1BWP16P90LVT
                                          N16ADFP_StdCelltt0p8v25c
                                                          0.259200  
U65                       AN2D1BWP16P90LVT
                                          N16ADFP_StdCelltt0p8v25c
                                                          0.259200  
U66                       AN2D1BWP16P90LVT
                                          N16ADFP_StdCelltt0p8v25c
                                                          0.259200  
U67                       XOR2D1BWP16P90LVT
                                          N16ADFP_StdCelltt0p8v25c
                                                          0.518400  
U68                       XNR2D1BWP16P90LVT
                                          N16ADFP_StdCelltt0p8v25c
                                                          0.518400  
U69                       AOI21D1BWP16P90LVT
                                          N16ADFP_StdCelltt0p8v25c
                                                          0.259200  
U70                       XOR2D1BWP16P90LVT
                                          N16ADFP_StdCelltt0p8v25c
                                                          0.518400  
U71                       XOR2D1BWP16P90LVT
                                          N16ADFP_StdCelltt0p8v25c
                                                          0.518400  
U72                       XOR2D1BWP16P90LVT
                                          N16ADFP_StdCelltt0p8v25c
                                                          0.518400  
U73                       XOR2D1BWP16P90LVT
                                          N16ADFP_StdCelltt0p8v25c
                                                          0.518400  
U74                       XOR2D1BWP16P90LVT
                                          N16ADFP_StdCelltt0p8v25c
                                                          0.518400  
U75                       XOR2D1BWP16P90LVT
                                          N16ADFP_StdCelltt0p8v25c
                                                          0.518400  
U76                       INVD1BWP16P90LVT
                                          N16ADFP_StdCelltt0p8v25c
                                                          0.155520  
U77                       OAI21D2BWP16P90LVT
                                          N16ADFP_StdCelltt0p8v25c
                                                          0.414720  
U78                       OAI21D1BWP16P90LVT
                                          N16ADFP_StdCelltt0p8v25c
                                                          0.259200  
U79                       INVD1BWP16P90LVT
                                          N16ADFP_StdCelltt0p8v25c
                                                          0.155520  
U80                       INVD1BWP16P90LVT
                                          N16ADFP_StdCelltt0p8v25c
                                                          0.155520  
U81                       ND2D1BWP16P90LVT
                                          N16ADFP_StdCelltt0p8v25c
                                                          0.207360  
U82                       ND2D1BWP16P90LVT
                                          N16ADFP_StdCelltt0p8v25c
                                                          0.207360  
U83                       ND2D1BWP16P90LVT
                                          N16ADFP_StdCelltt0p8v25c
                                                          0.207360  
U84                       NR2D1BWP16P90LVT
                                          N16ADFP_StdCelltt0p8v25c
                                                          0.207360  
U85                       ND2D1BWP16P90LVT
                                          N16ADFP_StdCelltt0p8v25c
                                                          0.207360  
U86                       ND2D1BWP16P90LVT
                                          N16ADFP_StdCelltt0p8v25c
                                                          0.207360  
U87                       ND2D1BWP16P90LVT
                                          N16ADFP_StdCelltt0p8v25c
                                                          0.207360  
U88                       ND2D1BWP16P90LVT
                                          N16ADFP_StdCelltt0p8v25c
                                                          0.207360  
U89                       OR2D1BWP16P90LVT
                                          N16ADFP_StdCelltt0p8v25c
                                                          0.259200  
U90                       ND2D1BWP16P90LVT
                                          N16ADFP_StdCelltt0p8v25c
                                                          0.207360  
U91                       NR2D1BWP16P90LVT
                                          N16ADFP_StdCelltt0p8v25c
                                                          0.207360  
U92                       NR2D1BWP16P90LVT
                                          N16ADFP_StdCelltt0p8v25c
                                                          0.207360  
U93                       ND2D1BWP16P90LVT
                                          N16ADFP_StdCelltt0p8v25c
                                                          0.207360  
U94                       ND2D1BWP16P90LVT
                                          N16ADFP_StdCelltt0p8v25c
                                                          0.207360  
U95                       ND2D1BWP16P90LVT
                                          N16ADFP_StdCelltt0p8v25c
                                                          0.207360  
U96                       NR2D1BWP16P90LVT
                                          N16ADFP_StdCelltt0p8v25c
                                                          0.207360  
U97                       ND2D1BWP16P90LVT
                                          N16ADFP_StdCelltt0p8v25c
                                                          0.207360  
U98                       NR2D1BWP16P90LVT
                                          N16ADFP_StdCelltt0p8v25c
                                                          0.207360  
U99                       NR2D1BWP16P90LVT
                                          N16ADFP_StdCelltt0p8v25c
                                                          0.207360  
U100                      ND2D1BWP16P90LVT
                                          N16ADFP_StdCelltt0p8v25c
                                                          0.207360  
U101                      ND2D1BWP16P90LVT
                                          N16ADFP_StdCelltt0p8v25c
                                                          0.207360  
U102                      ND2D1BWP16P90LVT
                                          N16ADFP_StdCelltt0p8v25c
                                                          0.207360  
U103                      ND2D1BWP16P90LVT
                                          N16ADFP_StdCelltt0p8v25c
                                                          0.207360  
U104                      NR2D1BWP16P90LVT
                                          N16ADFP_StdCelltt0p8v25c
                                                          0.207360  
U105                      ND2D1BWP16P90LVT
                                          N16ADFP_StdCelltt0p8v25c
                                                          0.207360  
U106                      ND2D1BWP16P90LVT
                                          N16ADFP_StdCelltt0p8v25c
                                                          0.207360  
U107                      FA1D1BWP16P90LVT
                                          N16ADFP_StdCelltt0p8v25c
                                                          1.036800  r
U108                      NR2D1BWP16P90LVT
                                          N16ADFP_StdCelltt0p8v25c
                                                          0.207360  
U109                      ND2D1BWP16P90LVT
                                          N16ADFP_StdCelltt0p8v25c
                                                          0.207360  
U110                      ND2D1BWP16P90LVT
                                          N16ADFP_StdCelltt0p8v25c
                                                          0.207360  
U111                      FA1D1BWP16P90LVT
                                          N16ADFP_StdCelltt0p8v25c
                                                          1.036800  r
U112                      ND2D1BWP16P90LVT
                                          N16ADFP_StdCelltt0p8v25c
                                                          0.207360  
U113                      ND2D1BWP16P90LVT
                                          N16ADFP_StdCelltt0p8v25c
                                                          0.207360  
U114                      OR2D1BWP16P90LVT
                                          N16ADFP_StdCelltt0p8v25c
                                                          0.259200  
U115                      OAI21D1BWP16P90LVT
                                          N16ADFP_StdCelltt0p8v25c
                                                          0.259200  
U116                      XOR2D1BWP16P90LVT
                                          N16ADFP_StdCelltt0p8v25c
                                                          0.518400  
U117                      AO21D1BWP16P90LVT
                                          N16ADFP_StdCelltt0p8v25c
                                                          0.311040  
U118                      AN2D1BWP16P90LVT
                                          N16ADFP_StdCelltt0p8v25c
                                                          0.259200  
U119                      XNR2D1BWP16P90LVT
                                          N16ADFP_StdCelltt0p8v25c
                                                          0.518400  
U120                      XNR2D1BWP16P90LVT
                                          N16ADFP_StdCelltt0p8v25c
                                                          0.518400  
U121                      XOR2D1BWP16P90LVT
                                          N16ADFP_StdCelltt0p8v25c
                                                          0.518400  
U122                      XNR2D1BWP16P90LVT
                                          N16ADFP_StdCelltt0p8v25c
                                                          0.518400  
U123                      XNR2D1BWP16P90LVT
                                          N16ADFP_StdCelltt0p8v25c
                                                          0.518400  
U124                      XNR2D1BWP16P90LVT
                                          N16ADFP_StdCelltt0p8v25c
                                                          0.518400  
U125                      XNR2D1BWP16P90LVT
                                          N16ADFP_StdCelltt0p8v25c
                                                          0.518400  
U126                      XNR2D1BWP16P90LVT
                                          N16ADFP_StdCelltt0p8v25c
                                                          0.518400  
U127                      XNR2D1BWP16P90LVT
                                          N16ADFP_StdCelltt0p8v25c
                                                          0.518400  
U128                      XNR2D1BWP16P90LVT
                                          N16ADFP_StdCelltt0p8v25c
                                                          0.518400  
U129                      XNR2D1BWP16P90LVT
                                          N16ADFP_StdCelltt0p8v25c
                                                          0.518400  
U130                      XNR2D1BWP16P90LVT
                                          N16ADFP_StdCelltt0p8v25c
                                                          0.518400  
U131                      XNR2D1BWP16P90LVT
                                          N16ADFP_StdCelltt0p8v25c
                                                          0.518400  
U132                      XNR2D1BWP16P90LVT
                                          N16ADFP_StdCelltt0p8v25c
                                                          0.518400  
U133                      XNR2D1BWP16P90LVT
                                          N16ADFP_StdCelltt0p8v25c
                                                          0.518400  
U134                      XNR2D1BWP16P90LVT
                                          N16ADFP_StdCelltt0p8v25c
                                                          0.518400  
U135                      XNR2D1BWP16P90LVT
                                          N16ADFP_StdCelltt0p8v25c
                                                          0.518400  
U136                      XNR2D1BWP16P90LVT
                                          N16ADFP_StdCelltt0p8v25c
                                                          0.518400  
U137                      XNR2D1BWP16P90LVT
                                          N16ADFP_StdCelltt0p8v25c
                                                          0.518400  
U138                      XNR2D1BWP16P90LVT
                                          N16ADFP_StdCelltt0p8v25c
                                                          0.518400  
U139                      XNR2D1BWP16P90LVT
                                          N16ADFP_StdCelltt0p8v25c
                                                          0.518400  
U140                      XNR2D1BWP16P90LVT
                                          N16ADFP_StdCelltt0p8v25c
                                                          0.518400  
U141                      XNR2D1BWP16P90LVT
                                          N16ADFP_StdCelltt0p8v25c
                                                          0.518400  
U142                      XNR2D1BWP16P90LVT
                                          N16ADFP_StdCelltt0p8v25c
                                                          0.518400  
U143                      XNR2D1BWP16P90LVT
                                          N16ADFP_StdCelltt0p8v25c
                                                          0.518400  
U144                      XNR2D1BWP16P90LVT
                                          N16ADFP_StdCelltt0p8v25c
                                                          0.518400  
U145                      XNR2D1BWP16P90LVT
                                          N16ADFP_StdCelltt0p8v25c
                                                          0.518400  
U146                      XNR2D1BWP16P90LVT
                                          N16ADFP_StdCelltt0p8v25c
                                                          0.518400  
U147                      XNR2D1BWP16P90LVT
                                          N16ADFP_StdCelltt0p8v25c
                                                          0.518400  
U148                      CKND2BWP16P90LVT
                                          N16ADFP_StdCelltt0p8v25c
                                                          0.207360  
U149                      CKND2BWP16P90LVT
                                          N16ADFP_StdCelltt0p8v25c
                                                          0.207360  
U150                      XOR2D1BWP16P90LVT
                                          N16ADFP_StdCelltt0p8v25c
                                                          0.518400  
U151                      XNR2D1BWP16P90LVT
                                          N16ADFP_StdCelltt0p8v25c
                                                          0.518400  
U152                      XNR2D1BWP16P90LVT
                                          N16ADFP_StdCelltt0p8v25c
                                                          0.518400  
U153                      XOR2D1BWP16P90LVT
                                          N16ADFP_StdCelltt0p8v25c
                                                          0.518400  
U154                      XOR2D1BWP16P90LVT
                                          N16ADFP_StdCelltt0p8v25c
                                                          0.518400  
U155                      XNR2D1BWP16P90LVT
                                          N16ADFP_StdCelltt0p8v25c
                                                          0.518400  
U156                      XNR2D1BWP16P90LVT
                                          N16ADFP_StdCelltt0p8v25c
                                                          0.518400  
U157                      INVD1BWP16P90LVT
                                          N16ADFP_StdCelltt0p8v25c
                                                          0.155520  
U158                      INVD1BWP16P90LVT
                                          N16ADFP_StdCelltt0p8v25c
                                                          0.155520  
U159                      XOR2D1BWP16P90LVT
                                          N16ADFP_StdCelltt0p8v25c
                                                          0.518400  
U160                      ND2D1BWP16P90LVT
                                          N16ADFP_StdCelltt0p8v25c
                                                          0.207360  
U161                      ND2D1BWP16P90LVT
                                          N16ADFP_StdCelltt0p8v25c
                                                          0.207360  
U162                      ND2D1BWP16P90LVT
                                          N16ADFP_StdCelltt0p8v25c
                                                          0.207360  
U163                      ND2D1BWP16P90LVT
                                          N16ADFP_StdCelltt0p8v25c
                                                          0.207360  
U164                      AOI21D1BWP16P90LVT
                                          N16ADFP_StdCelltt0p8v25c
                                                          0.259200  
U165                      ND2D1BWP16P90LVT
                                          N16ADFP_StdCelltt0p8v25c
                                                          0.207360  
U166                      ND2D1BWP16P90LVT
                                          N16ADFP_StdCelltt0p8v25c
                                                          0.207360  
U167                      ND2D1BWP16P90LVT
                                          N16ADFP_StdCelltt0p8v25c
                                                          0.207360  
U168                      ND2D1BWP16P90LVT
                                          N16ADFP_StdCelltt0p8v25c
                                                          0.207360  
U169                      ND2D1BWP16P90LVT
                                          N16ADFP_StdCelltt0p8v25c
                                                          0.207360  
U170                      INVD1BWP16P90LVT
                                          N16ADFP_StdCelltt0p8v25c
                                                          0.155520  
U171                      ND2D1BWP16P90LVT
                                          N16ADFP_StdCelltt0p8v25c
                                                          0.207360  
U172                      ND2D1BWP16P90LVT
                                          N16ADFP_StdCelltt0p8v25c
                                                          0.207360  
U173                      ND2D1BWP16P90LVT
                                          N16ADFP_StdCelltt0p8v25c
                                                          0.207360  
U174                      INVD1BWP16P90LVT
                                          N16ADFP_StdCelltt0p8v25c
                                                          0.155520  
U175                      INVD1BWP16P90LVT
                                          N16ADFP_StdCelltt0p8v25c
                                                          0.155520  
U176                      ND2D1BWP16P90LVT
                                          N16ADFP_StdCelltt0p8v25c
                                                          0.207360  
U177                      INVD1BWP16P90LVT
                                          N16ADFP_StdCelltt0p8v25c
                                                          0.155520  
U178                      INVD1BWP16P90LVT
                                          N16ADFP_StdCelltt0p8v25c
                                                          0.155520  
U179                      INVD1BWP16P90LVT
                                          N16ADFP_StdCelltt0p8v25c
                                                          0.155520  
U180                      INVD1BWP16P90LVT
                                          N16ADFP_StdCelltt0p8v25c
                                                          0.155520  
U181                      INVD1BWP16P90LVT
                                          N16ADFP_StdCelltt0p8v25c
                                                          0.155520  
U182                      ND2D1BWP16P90LVT
                                          N16ADFP_StdCelltt0p8v25c
                                                          0.207360  
U183                      INVD1BWP16P90LVT
                                          N16ADFP_StdCelltt0p8v25c
                                                          0.155520  
U184                      ND2D1BWP16P90LVT
                                          N16ADFP_StdCelltt0p8v25c
                                                          0.207360  
U185                      INVD1BWP16P90LVT
                                          N16ADFP_StdCelltt0p8v25c
                                                          0.155520  
U186                      ND2D1BWP16P90LVT
                                          N16ADFP_StdCelltt0p8v25c
                                                          0.207360  
U187                      ND2D1BWP16P90LVT
                                          N16ADFP_StdCelltt0p8v25c
                                                          0.207360  
U188                      INVD1BWP16P90LVT
                                          N16ADFP_StdCelltt0p8v25c
                                                          0.155520  
U189                      INVD1BWP16P90LVT
                                          N16ADFP_StdCelltt0p8v25c
                                                          0.155520  
U190                      INVD1BWP16P90LVT
                                          N16ADFP_StdCelltt0p8v25c
                                                          0.155520  
U191                      ND2D1BWP16P90LVT
                                          N16ADFP_StdCelltt0p8v25c
                                                          0.207360  
U192                      OR2D1BWP16P90LVT
                                          N16ADFP_StdCelltt0p8v25c
                                                          0.259200  
U193                      INVD1BWP16P90LVT
                                          N16ADFP_StdCelltt0p8v25c
                                                          0.155520  
U194                      INVD1BWP16P90LVT
                                          N16ADFP_StdCelltt0p8v25c
                                                          0.155520  
U195                      ND2D1BWP16P90LVT
                                          N16ADFP_StdCelltt0p8v25c
                                                          0.207360  
U196                      ND2D1BWP16P90LVT
                                          N16ADFP_StdCelltt0p8v25c
                                                          0.207360  
U197                      NR2D1BWP16P90LVT
                                          N16ADFP_StdCelltt0p8v25c
                                                          0.207360  
U198                      OR2D1BWP16P90LVT
                                          N16ADFP_StdCelltt0p8v25c
                                                          0.259200  
U199                      ND2D1BWP16P90LVT
                                          N16ADFP_StdCelltt0p8v25c
                                                          0.207360  
U200                      INVD1BWP16P90LVT
                                          N16ADFP_StdCelltt0p8v25c
                                                          0.155520  
U201                      ND2D1BWP16P90LVT
                                          N16ADFP_StdCelltt0p8v25c
                                                          0.207360  
U202                      INVD1BWP16P90LVT
                                          N16ADFP_StdCelltt0p8v25c
                                                          0.155520  
U203                      INVD1BWP16P90LVT
                                          N16ADFP_StdCelltt0p8v25c
                                                          0.155520  
U204                      NR2D1BWP16P90LVT
                                          N16ADFP_StdCelltt0p8v25c
                                                          0.207360  
U205                      ND2D1BWP16P90LVT
                                          N16ADFP_StdCelltt0p8v25c
                                                          0.207360  
U206                      INVD1BWP16P90LVT
                                          N16ADFP_StdCelltt0p8v25c
                                                          0.155520  
U207                      ND2D1BWP16P90LVT
                                          N16ADFP_StdCelltt0p8v25c
                                                          0.207360  
U208                      XOR2D1BWP16P90LVT
                                          N16ADFP_StdCelltt0p8v25c
                                                          0.518400  
U209                      ND2D1BWP16P90LVT
                                          N16ADFP_StdCelltt0p8v25c
                                                          0.207360  
U210                      NR2D1BWP16P90LVT
                                          N16ADFP_StdCelltt0p8v25c
                                                          0.207360  
U211                      HA1D1BWP16P90LVT
                                          N16ADFP_StdCelltt0p8v25c
                                                          0.881280  r
U212                      XOR3D1BWP16P90LVT
                                          N16ADFP_StdCelltt0p8v25c
                                                          0.984960  
U213                      HA1D1BWP16P90LVT
                                          N16ADFP_StdCelltt0p8v25c
                                                          0.881280  r
U214                      ND2D1BWP16P90LVT
                                          N16ADFP_StdCelltt0p8v25c
                                                          0.207360  
U215                      OR2D1BWP16P90LVT
                                          N16ADFP_StdCelltt0p8v25c
                                                          0.259200  
U216                      XOR2D1BWP16P90LVT
                                          N16ADFP_StdCelltt0p8v25c
                                                          0.518400  
U217                      HA1D1BWP16P90LVT
                                          N16ADFP_StdCelltt0p8v25c
                                                          0.881280  r
U218                      HA1D1BWP16P90LVT
                                          N16ADFP_StdCelltt0p8v25c
                                                          0.881280  r
U219                      HA1D1BWP16P90LVT
                                          N16ADFP_StdCelltt0p8v25c
                                                          0.881280  r
U220                      HA1D1BWP16P90LVT
                                          N16ADFP_StdCelltt0p8v25c
                                                          0.881280  r
U221                      AO21D1BWP16P90LVT
                                          N16ADFP_StdCelltt0p8v25c
                                                          0.311040  
U222                      HA1D1BWP16P90LVT
                                          N16ADFP_StdCelltt0p8v25c
                                                          0.881280  r
U223                      INVD1BWP16P90LVT
                                          N16ADFP_StdCelltt0p8v25c
                                                          0.155520  
U224                      AO21D1BWP16P90LVT
                                          N16ADFP_StdCelltt0p8v25c
                                                          0.311040  
U225                      INVD1BWP16P90LVT
                                          N16ADFP_StdCelltt0p8v25c
                                                          0.155520  
U226                      INVD1BWP16P90LVT
                                          N16ADFP_StdCelltt0p8v25c
                                                          0.155520  
U227                      XNR2D1BWP16P90LVT
                                          N16ADFP_StdCelltt0p8v25c
                                                          0.518400  
U228                      XNR2D1BWP16P90LVT
                                          N16ADFP_StdCelltt0p8v25c
                                                          0.518400  
U229                      XNR2D1BWP16P90LVT
                                          N16ADFP_StdCelltt0p8v25c
                                                          0.518400  
U230                      XNR2D1BWP16P90LVT
                                          N16ADFP_StdCelltt0p8v25c
                                                          0.518400  
U231                      XNR2D1BWP16P90LVT
                                          N16ADFP_StdCelltt0p8v25c
                                                          0.518400  
U232                      XNR2D1BWP16P90LVT
                                          N16ADFP_StdCelltt0p8v25c
                                                          0.518400  
U233                      XNR2D1BWP16P90LVT
                                          N16ADFP_StdCelltt0p8v25c
                                                          0.518400  
U234                      XNR2D1BWP16P90LVT
                                          N16ADFP_StdCelltt0p8v25c
                                                          0.518400  
U235                      XNR2D1BWP16P90LVT
                                          N16ADFP_StdCelltt0p8v25c
                                                          0.518400  
U236                      XNR2D1BWP16P90LVT
                                          N16ADFP_StdCelltt0p8v25c
                                                          0.518400  
U237                      XOR2D1BWP16P90LVT
                                          N16ADFP_StdCelltt0p8v25c
                                                          0.518400  
U238                      AN2D1BWP16P90LVT
                                          N16ADFP_StdCelltt0p8v25c
                                                          0.259200  
U239                      XNR2D1BWP16P90LVT
                                          N16ADFP_StdCelltt0p8v25c
                                                          0.518400  
U240                      XNR2D1BWP16P90LVT
                                          N16ADFP_StdCelltt0p8v25c
                                                          0.518400  
U241                      XNR2D1BWP16P90LVT
                                          N16ADFP_StdCelltt0p8v25c
                                                          0.518400  
U242                      XNR2D1BWP16P90LVT
                                          N16ADFP_StdCelltt0p8v25c
                                                          0.518400  
U243                      XNR2D1BWP16P90LVT
                                          N16ADFP_StdCelltt0p8v25c
                                                          0.518400  
U244                      XNR2D1BWP16P90LVT
                                          N16ADFP_StdCelltt0p8v25c
                                                          0.518400  
U245                      XNR2D1BWP16P90LVT
                                          N16ADFP_StdCelltt0p8v25c
                                                          0.518400  
U246                      XNR2D1BWP16P90LVT
                                          N16ADFP_StdCelltt0p8v25c
                                                          0.518400  
U247                      XNR2D1BWP16P90LVT
                                          N16ADFP_StdCelltt0p8v25c
                                                          0.518400  
U248                      XNR2D1BWP16P90LVT
                                          N16ADFP_StdCelltt0p8v25c
                                                          0.518400  
U249                      XNR2D1BWP16P90LVT
                                          N16ADFP_StdCelltt0p8v25c
                                                          0.518400  
U250                      XNR2D1BWP16P90LVT
                                          N16ADFP_StdCelltt0p8v25c
                                                          0.518400  
U251                      XNR2D1BWP16P90LVT
                                          N16ADFP_StdCelltt0p8v25c
                                                          0.518400  
U252                      XNR2D1BWP16P90LVT
                                          N16ADFP_StdCelltt0p8v25c
                                                          0.518400  
U253                      XNR2D1BWP16P90LVT
                                          N16ADFP_StdCelltt0p8v25c
                                                          0.518400  
U254                      XNR2D1BWP16P90LVT
                                          N16ADFP_StdCelltt0p8v25c
                                                          0.518400  
U255                      XNR2D1BWP16P90LVT
                                          N16ADFP_StdCelltt0p8v25c
                                                          0.518400  
U256                      XNR2D1BWP16P90LVT
                                          N16ADFP_StdCelltt0p8v25c
                                                          0.518400  
U257                      XNR2D1BWP16P90LVT
                                          N16ADFP_StdCelltt0p8v25c
                                                          0.518400  
U258                      XNR2D1BWP16P90LVT
                                          N16ADFP_StdCelltt0p8v25c
                                                          0.518400  
U259                      XNR2D1BWP16P90LVT
                                          N16ADFP_StdCelltt0p8v25c
                                                          0.518400  
U260                      XNR2D1BWP16P90LVT
                                          N16ADFP_StdCelltt0p8v25c
                                                          0.518400  
U261                      XNR2D1BWP16P90LVT
                                          N16ADFP_StdCelltt0p8v25c
                                                          0.518400  
U262                      XNR2D1BWP16P90LVT
                                          N16ADFP_StdCelltt0p8v25c
                                                          0.518400  
U263                      XNR2D1BWP16P90LVT
                                          N16ADFP_StdCelltt0p8v25c
                                                          0.518400  
U264                      XNR2D1BWP16P90LVT
                                          N16ADFP_StdCelltt0p8v25c
                                                          0.518400  
U265                      XNR2D1BWP16P90LVT
                                          N16ADFP_StdCelltt0p8v25c
                                                          0.518400  
U266                      XNR2D1BWP16P90LVT
                                          N16ADFP_StdCelltt0p8v25c
                                                          0.518400  
U267                      XNR2D1BWP16P90LVT
                                          N16ADFP_StdCelltt0p8v25c
                                                          0.518400  
U268                      XNR2D1BWP16P90LVT
                                          N16ADFP_StdCelltt0p8v25c
                                                          0.518400  
U269                      XNR2D1BWP16P90LVT
                                          N16ADFP_StdCelltt0p8v25c
                                                          0.518400  
U270                      XNR2D1BWP16P90LVT
                                          N16ADFP_StdCelltt0p8v25c
                                                          0.518400  
U271                      XNR2D1BWP16P90LVT
                                          N16ADFP_StdCelltt0p8v25c
                                                          0.518400  
U272                      XNR2D1BWP16P90LVT
                                          N16ADFP_StdCelltt0p8v25c
                                                          0.518400  
U273                      XNR2D1BWP16P90LVT
                                          N16ADFP_StdCelltt0p8v25c
                                                          0.518400  
U274                      XNR2D1BWP16P90LVT
                                          N16ADFP_StdCelltt0p8v25c
                                                          0.518400  
U275                      XNR2D1BWP16P90LVT
                                          N16ADFP_StdCelltt0p8v25c
                                                          0.518400  
U276                      XNR2D1BWP16P90LVT
                                          N16ADFP_StdCelltt0p8v25c
                                                          0.518400  
U277                      XNR2D1BWP16P90LVT
                                          N16ADFP_StdCelltt0p8v25c
                                                          0.518400  
U278                      XNR2D1BWP16P90LVT
                                          N16ADFP_StdCelltt0p8v25c
                                                          0.518400  
U279                      XNR2D1BWP16P90LVT
                                          N16ADFP_StdCelltt0p8v25c
                                                          0.518400  
U280                      XNR2D1BWP16P90LVT
                                          N16ADFP_StdCelltt0p8v25c
                                                          0.518400  
U281                      XNR2D1BWP16P90LVT
                                          N16ADFP_StdCelltt0p8v25c
                                                          0.518400  
U282                      XNR2D1BWP16P90LVT
                                          N16ADFP_StdCelltt0p8v25c
                                                          0.518400  
U283                      XNR2D1BWP16P90LVT
                                          N16ADFP_StdCelltt0p8v25c
                                                          0.518400  
U284                      XNR2D1BWP16P90LVT
                                          N16ADFP_StdCelltt0p8v25c
                                                          0.518400  
U285                      XNR2D1BWP16P90LVT
                                          N16ADFP_StdCelltt0p8v25c
                                                          0.518400  
U286                      XNR2D1BWP16P90LVT
                                          N16ADFP_StdCelltt0p8v25c
                                                          0.518400  
U287                      XOR2D1BWP16P90LVT
                                          N16ADFP_StdCelltt0p8v25c
                                                          0.518400  
U288                      XNR2D1BWP16P90LVT
                                          N16ADFP_StdCelltt0p8v25c
                                                          0.518400  
U289                      XNR2D1BWP16P90LVT
                                          N16ADFP_StdCelltt0p8v25c
                                                          0.518400  
U290                      XNR2D1BWP16P90LVT
                                          N16ADFP_StdCelltt0p8v25c
                                                          0.518400  
U291                      XOR2D1BWP16P90LVT
                                          N16ADFP_StdCelltt0p8v25c
                                                          0.518400  
U292                      XOR2D1BWP16P90LVT
                                          N16ADFP_StdCelltt0p8v25c
                                                          0.518400  
U293                      XNR2D1BWP16P90LVT
                                          N16ADFP_StdCelltt0p8v25c
                                                          0.518400  
U294                      XNR2D1BWP16P90LVT
                                          N16ADFP_StdCelltt0p8v25c
                                                          0.518400  
U295                      XNR2D1BWP16P90LVT
                                          N16ADFP_StdCelltt0p8v25c
                                                          0.518400  
U296                      XNR2D1BWP16P90LVT
                                          N16ADFP_StdCelltt0p8v25c
                                                          0.518400  
U297                      XNR2D1BWP16P90LVT
                                          N16ADFP_StdCelltt0p8v25c
                                                          0.518400  
U298                      XNR2D1BWP16P90LVT
                                          N16ADFP_StdCelltt0p8v25c
                                                          0.518400  
U299                      XNR2D1BWP16P90LVT
                                          N16ADFP_StdCelltt0p8v25c
                                                          0.518400  
U300                      XNR2D1BWP16P90LVT
                                          N16ADFP_StdCelltt0p8v25c
                                                          0.518400  
U301                      XNR2D1BWP16P90LVT
                                          N16ADFP_StdCelltt0p8v25c
                                                          0.518400  
U302                      XNR2D1BWP16P90LVT
                                          N16ADFP_StdCelltt0p8v25c
                                                          0.518400  
U303                      XNR2D1BWP16P90LVT
                                          N16ADFP_StdCelltt0p8v25c
                                                          0.518400  
U304                      XNR2D1BWP16P90LVT
                                          N16ADFP_StdCelltt0p8v25c
                                                          0.518400  
U305                      XNR2D1BWP16P90LVT
                                          N16ADFP_StdCelltt0p8v25c
                                                          0.518400  
U306                      XNR2D1BWP16P90LVT
                                          N16ADFP_StdCelltt0p8v25c
                                                          0.518400  
U307                      XNR2D1BWP16P90LVT
                                          N16ADFP_StdCelltt0p8v25c
                                                          0.518400  
U308                      XNR2D1BWP16P90LVT
                                          N16ADFP_StdCelltt0p8v25c
                                                          0.518400  
U309                      XNR2D1BWP16P90LVT
                                          N16ADFP_StdCelltt0p8v25c
                                                          0.518400  
U310                      XNR2D1BWP16P90LVT
                                          N16ADFP_StdCelltt0p8v25c
                                                          0.518400  
U311                      XNR2D1BWP16P90LVT
                                          N16ADFP_StdCelltt0p8v25c
                                                          0.518400  
U312                      XNR2D1BWP16P90LVT
                                          N16ADFP_StdCelltt0p8v25c
                                                          0.518400  
U313                      XNR2D1BWP16P90LVT
                                          N16ADFP_StdCelltt0p8v25c
                                                          0.518400  
U314                      XNR2D1BWP16P90LVT
                                          N16ADFP_StdCelltt0p8v25c
                                                          0.518400  
U315                      XNR2D1BWP16P90LVT
                                          N16ADFP_StdCelltt0p8v25c
                                                          0.518400  
U316                      XNR2D1BWP16P90LVT
                                          N16ADFP_StdCelltt0p8v25c
                                                          0.518400  
U317                      XNR2D1BWP16P90LVT
                                          N16ADFP_StdCelltt0p8v25c
                                                          0.518400  
U318                      INVD1BWP16P90LVT
                                          N16ADFP_StdCelltt0p8v25c
                                                          0.155520  
U319                      INVD1BWP16P90LVT
                                          N16ADFP_StdCelltt0p8v25c
                                                          0.155520  
U320                      INVD1BWP16P90LVT
                                          N16ADFP_StdCelltt0p8v25c
                                                          0.155520  
U321                      INVD1BWP16P90LVT
                                          N16ADFP_StdCelltt0p8v25c
                                                          0.155520  
U322                      INVD1BWP16P90LVT
                                          N16ADFP_StdCelltt0p8v25c
                                                          0.155520  
U323                      INVD1BWP16P90LVT
                                          N16ADFP_StdCelltt0p8v25c
                                                          0.155520  
U324                      INVD1BWP16P90LVT
                                          N16ADFP_StdCelltt0p8v25c
                                                          0.155520  
U325                      INVD1BWP16P90LVT
                                          N16ADFP_StdCelltt0p8v25c
                                                          0.155520  
U326                      INVD1BWP16P90LVT
                                          N16ADFP_StdCelltt0p8v25c
                                                          0.155520  
U327                      INVD1BWP16P90LVT
                                          N16ADFP_StdCelltt0p8v25c
                                                          0.155520  
U328                      INVD1BWP16P90LVT
                                          N16ADFP_StdCelltt0p8v25c
                                                          0.155520  
U329                      INVD1BWP16P90LVT
                                          N16ADFP_StdCelltt0p8v25c
                                                          0.155520  
U330                      INVD1BWP16P90LVT
                                          N16ADFP_StdCelltt0p8v25c
                                                          0.155520  
U331                      INVD1BWP16P90LVT
                                          N16ADFP_StdCelltt0p8v25c
                                                          0.155520  
U332                      INVD1BWP16P90LVT
                                          N16ADFP_StdCelltt0p8v25c
                                                          0.155520  
U333                      INVD1BWP16P90LVT
                                          N16ADFP_StdCelltt0p8v25c
                                                          0.155520  
U334                      INVD1BWP16P90LVT
                                          N16ADFP_StdCelltt0p8v25c
                                                          0.155520  
U335                      INVD1BWP16P90LVT
                                          N16ADFP_StdCelltt0p8v25c
                                                          0.155520  
U336                      INVD1BWP16P90LVT
                                          N16ADFP_StdCelltt0p8v25c
                                                          0.155520  
U337                      INVD1BWP16P90LVT
                                          N16ADFP_StdCelltt0p8v25c
                                                          0.155520  
U338                      INVD1BWP16P90LVT
                                          N16ADFP_StdCelltt0p8v25c
                                                          0.155520  
U339                      INVD1BWP16P90LVT
                                          N16ADFP_StdCelltt0p8v25c
                                                          0.155520  
U340                      INVD1BWP16P90LVT
                                          N16ADFP_StdCelltt0p8v25c
                                                          0.155520  
U341                      INVD1BWP16P90LVT
                                          N16ADFP_StdCelltt0p8v25c
                                                          0.155520  
U342                      INVD1BWP16P90LVT
                                          N16ADFP_StdCelltt0p8v25c
                                                          0.155520  
U343                      INVD1BWP16P90LVT
                                          N16ADFP_StdCelltt0p8v25c
                                                          0.155520  
U344                      INVD1BWP16P90LVT
                                          N16ADFP_StdCelltt0p8v25c
                                                          0.155520  
U345                      INVD1BWP16P90LVT
                                          N16ADFP_StdCelltt0p8v25c
                                                          0.155520  
U346                      INVD1BWP16P90LVT
                                          N16ADFP_StdCelltt0p8v25c
                                                          0.155520  
U347                      INVD1BWP16P90LVT
                                          N16ADFP_StdCelltt0p8v25c
                                                          0.155520  
U348                      INVD1BWP16P90LVT
                                          N16ADFP_StdCelltt0p8v25c
                                                          0.155520  
U349                      INVD1BWP16P90LVT
                                          N16ADFP_StdCelltt0p8v25c
                                                          0.155520  
U350                      INVD1BWP16P90LVT
                                          N16ADFP_StdCelltt0p8v25c
                                                          0.155520  
U351                      INVD1BWP16P90LVT
                                          N16ADFP_StdCelltt0p8v25c
                                                          0.155520  
U352                      INVD1BWP16P90LVT
                                          N16ADFP_StdCelltt0p8v25c
                                                          0.155520  
U353                      INVD1BWP16P90LVT
                                          N16ADFP_StdCelltt0p8v25c
                                                          0.155520  
U354                      INVD1BWP16P90LVT
                                          N16ADFP_StdCelltt0p8v25c
                                                          0.155520  
U355                      CKBD1BWP16P90LVT
                                          N16ADFP_StdCelltt0p8v25c
                                                          0.207360  
U356                      CKBD1BWP16P90LVT
                                          N16ADFP_StdCelltt0p8v25c
                                                          0.207360  
U357                      XOR2D1BWP16P90LVT
                                          N16ADFP_StdCelltt0p8v25c
                                                          0.518400  
U358                      CKND2BWP16P90LVT
                                          N16ADFP_StdCelltt0p8v25c
                                                          0.207360  
U359                      INVD1BWP16P90LVT
                                          N16ADFP_StdCelltt0p8v25c
                                                          0.155520  
U360                      CKBD1BWP16P90LVT
                                          N16ADFP_StdCelltt0p8v25c
                                                          0.207360  
U361                      CKBD1BWP16P90LVT
                                          N16ADFP_StdCelltt0p8v25c
                                                          0.207360  
U362                      CKBD1BWP16P90LVT
                                          N16ADFP_StdCelltt0p8v25c
                                                          0.207360  
U363                      ND2D1BWP16P90LVT
                                          N16ADFP_StdCelltt0p8v25c
                                                          0.207360  
U364                      ND2D1BWP16P90LVT
                                          N16ADFP_StdCelltt0p8v25c
                                                          0.207360  
U365                      XNR2D1BWP16P90LVT
                                          N16ADFP_StdCelltt0p8v25c
                                                          0.518400  
U366                      XNR2D1BWP16P90LVT
                                          N16ADFP_StdCelltt0p8v25c
                                                          0.518400  
U367                      XNR2D1BWP16P90LVT
                                          N16ADFP_StdCelltt0p8v25c
                                                          0.518400  
U368                      XNR2D1BWP16P90LVT
                                          N16ADFP_StdCelltt0p8v25c
                                                          0.518400  
U369                      XNR2D1BWP16P90LVT
                                          N16ADFP_StdCelltt0p8v25c
                                                          0.518400  
U370                      OAI21D4BWP16P90LVT
                                          N16ADFP_StdCelltt0p8v25c
                                                          0.725760  
U371                      AOI21D4BWP16P90LVT
                                          N16ADFP_StdCelltt0p8v25c
                                                          0.725760  
U372                      AOI21D4BWP16P90LVT
                                          N16ADFP_StdCelltt0p8v25c
                                                          0.725760  
U373                      OAI21D4BWP16P90LVT
                                          N16ADFP_StdCelltt0p8v25c
                                                          0.725760  
U374                      AOI21D4BWP16P90LVT
                                          N16ADFP_StdCelltt0p8v25c
                                                          0.725760  
U375                      OAI21D4BWP16P90LVT
                                          N16ADFP_StdCelltt0p8v25c
                                                          0.725760  
U376                      NR2D1BWP16P90LVT
                                          N16ADFP_StdCelltt0p8v25c
                                                          0.207360  
U377                      NR2D1BWP16P90LVT
                                          N16ADFP_StdCelltt0p8v25c
                                                          0.207360  
U378                      NR2D1BWP16P90LVT
                                          N16ADFP_StdCelltt0p8v25c
                                                          0.207360  
U379                      NR2D1BWP16P90LVT
                                          N16ADFP_StdCelltt0p8v25c
                                                          0.207360  
U380                      NR2D1BWP16P90LVT
                                          N16ADFP_StdCelltt0p8v25c
                                                          0.207360  
U381                      NR2D1BWP16P90LVT
                                          N16ADFP_StdCelltt0p8v25c
                                                          0.207360  
U382                      NR2D1BWP16P90LVT
                                          N16ADFP_StdCelltt0p8v25c
                                                          0.207360  
U383                      NR2D1BWP16P90LVT
                                          N16ADFP_StdCelltt0p8v25c
                                                          0.207360  
U384                      NR2D1BWP16P90LVT
                                          N16ADFP_StdCelltt0p8v25c
                                                          0.207360  
U385                      NR2D1BWP16P90LVT
                                          N16ADFP_StdCelltt0p8v25c
                                                          0.207360  
U386                      NR2D1BWP16P90LVT
                                          N16ADFP_StdCelltt0p8v25c
                                                          0.207360  
U387                      NR2D1BWP16P90LVT
                                          N16ADFP_StdCelltt0p8v25c
                                                          0.207360  
U388                      NR2D1BWP16P90LVT
                                          N16ADFP_StdCelltt0p8v25c
                                                          0.207360  
U389                      NR2D1BWP16P90LVT
                                          N16ADFP_StdCelltt0p8v25c
                                                          0.207360  
U390                      NR2D1BWP16P90LVT
                                          N16ADFP_StdCelltt0p8v25c
                                                          0.207360  
U391                      XNR2D4BWP16P90LVT
                                          N16ADFP_StdCelltt0p8v25c
                                                          0.881280  
U392                      XNR2D4BWP16P90LVT
                                          N16ADFP_StdCelltt0p8v25c
                                                          0.881280  
U393                      XNR2D4BWP16P90LVT
                                          N16ADFP_StdCelltt0p8v25c
                                                          0.881280  
U394                      XNR2D1BWP16P90LVT
                                          N16ADFP_StdCelltt0p8v25c
                                                          0.518400  
U395                      XNR2D1BWP16P90LVT
                                          N16ADFP_StdCelltt0p8v25c
                                                          0.518400  
U396                      OR2D1BWP16P90LVT
                                          N16ADFP_StdCelltt0p8v25c
                                                          0.259200  
U397                      OR2D1BWP16P90LVT
                                          N16ADFP_StdCelltt0p8v25c
                                                          0.259200  
U398                      OR2D1BWP16P90LVT
                                          N16ADFP_StdCelltt0p8v25c
                                                          0.259200  
U399                      OR2D1BWP16P90LVT
                                          N16ADFP_StdCelltt0p8v25c
                                                          0.259200  
U400                      OR2D1BWP16P90LVT
                                          N16ADFP_StdCelltt0p8v25c
                                                          0.259200  
U401                      AN2D1BWP16P90LVT
                                          N16ADFP_StdCelltt0p8v25c
                                                          0.259200  
U402                      OR2D1BWP16P90LVT
                                          N16ADFP_StdCelltt0p8v25c
                                                          0.259200  
U403                      OR2D1BWP16P90LVT
                                          N16ADFP_StdCelltt0p8v25c
                                                          0.259200  
U404                      OA21D1BWP16P90LVT
                                          N16ADFP_StdCelltt0p8v25c
                                                          0.311040  
U405                      INVD1BWP16P90LVT
                                          N16ADFP_StdCelltt0p8v25c
                                                          0.155520  
U406                      INVD1BWP16P90LVT
                                          N16ADFP_StdCelltt0p8v25c
                                                          0.155520  
U407                      INVD1BWP16P90LVT
                                          N16ADFP_StdCelltt0p8v25c
                                                          0.155520  
U408                      INVD1BWP16P90LVT
                                          N16ADFP_StdCelltt0p8v25c
                                                          0.155520  
U409                      INVD1BWP16P90LVT
                                          N16ADFP_StdCelltt0p8v25c
                                                          0.155520  
U410                      ND2D1BWP16P90LVT
                                          N16ADFP_StdCelltt0p8v25c
                                                          0.207360  
U411                      INVD1BWP16P90LVT
                                          N16ADFP_StdCelltt0p8v25c
                                                          0.155520  
U412                      INVD1BWP16P90LVT
                                          N16ADFP_StdCelltt0p8v25c
                                                          0.155520  
U413                      INVD1BWP16P90LVT
                                          N16ADFP_StdCelltt0p8v25c
                                                          0.155520  
U414                      NR2D1BWP16P90LVT
                                          N16ADFP_StdCelltt0p8v25c
                                                          0.207360  
U415                      NR2D1BWP16P90LVT
                                          N16ADFP_StdCelltt0p8v25c
                                                          0.207360  
U416                      INVD1BWP16P90LVT
                                          N16ADFP_StdCelltt0p8v25c
                                                          0.155520  
U417                      INVD1BWP16P90LVT
                                          N16ADFP_StdCelltt0p8v25c
                                                          0.155520  
U418                      ND2D1BWP16P90LVT
                                          N16ADFP_StdCelltt0p8v25c
                                                          0.207360  
U419                      ND2D1BWP16P90LVT
                                          N16ADFP_StdCelltt0p8v25c
                                                          0.207360  
U420                      INVD1BWP16P90LVT
                                          N16ADFP_StdCelltt0p8v25c
                                                          0.155520  
U421                      ND2D1BWP16P90LVT
                                          N16ADFP_StdCelltt0p8v25c
                                                          0.207360  
U422                      INVD1BWP16P90LVT
                                          N16ADFP_StdCelltt0p8v25c
                                                          0.155520  
U423                      ND2D1BWP16P90LVT
                                          N16ADFP_StdCelltt0p8v25c
                                                          0.207360  
U424                      XNR2D1BWP16P90LVT
                                          N16ADFP_StdCelltt0p8v25c
                                                          0.518400  
U425                      ND2D2BWP16P90LVT
                                          N16ADFP_StdCelltt0p8v25c
                                                          0.311040  
U426                      OAI22D1BWP16P90LVT
                                          N16ADFP_StdCelltt0p8v25c
                                                          0.311040  
U427                      OAI22D1BWP16P90LVT
                                          N16ADFP_StdCelltt0p8v25c
                                                          0.311040  
U428                      OAI22D1BWP16P90LVT
                                          N16ADFP_StdCelltt0p8v25c
                                                          0.311040  
U429                      OAI22D1BWP16P90LVT
                                          N16ADFP_StdCelltt0p8v25c
                                                          0.311040  
U430                      XNR2D4BWP16P90LVT
                                          N16ADFP_StdCelltt0p8v25c
                                                          0.881280  
U431                      OAI22D1BWP16P90LVT
                                          N16ADFP_StdCelltt0p8v25c
                                                          0.311040  
U432                      OAI22D1BWP16P90LVT
                                          N16ADFP_StdCelltt0p8v25c
                                                          0.311040  
U433                      OAI22D1BWP16P90LVT
                                          N16ADFP_StdCelltt0p8v25c
                                                          0.311040  
U434                      OAI22D1BWP16P90LVT
                                          N16ADFP_StdCelltt0p8v25c
                                                          0.311040  
U435                      OAI22D1BWP16P90LVT
                                          N16ADFP_StdCelltt0p8v25c
                                                          0.311040  
U436                      FA1D1BWP16P90LVT
                                          N16ADFP_StdCelltt0p8v25c
                                                          1.036800  r
U437                      OAI22D1BWP16P90LVT
                                          N16ADFP_StdCelltt0p8v25c
                                                          0.311040  
U438                      IND2D1BWP16P90LVT
                                          N16ADFP_StdCelltt0p8v25c
                                                          0.259200  
U439                      OAI22D1BWP16P90LVT
                                          N16ADFP_StdCelltt0p8v25c
                                                          0.311040  
U440                      INR2D1BWP16P90LVT
                                          N16ADFP_StdCelltt0p8v25c
                                                          0.259200  
U441                      OAI22D1BWP16P90LVT
                                          N16ADFP_StdCelltt0p8v25c
                                                          0.311040  
U442                      OAI22D1BWP16P90LVT
                                          N16ADFP_StdCelltt0p8v25c
                                                          0.311040  
U443                      OAI22D1BWP16P90LVT
                                          N16ADFP_StdCelltt0p8v25c
                                                          0.311040  
U444                      OAI22D1BWP16P90LVT
                                          N16ADFP_StdCelltt0p8v25c
                                                          0.311040  
U445                      OAI22D1BWP16P90LVT
                                          N16ADFP_StdCelltt0p8v25c
                                                          0.311040  
U446                      OAI22D1BWP16P90LVT
                                          N16ADFP_StdCelltt0p8v25c
                                                          0.311040  
U447                      OAI22D1BWP16P90LVT
                                          N16ADFP_StdCelltt0p8v25c
                                                          0.311040  
U448                      FA1D1BWP16P90LVT
                                          N16ADFP_StdCelltt0p8v25c
                                                          1.036800  r
U449                      OAI22D1BWP16P90LVT
                                          N16ADFP_StdCelltt0p8v25c
                                                          0.311040  
U450                      OAI22D1BWP16P90LVT
                                          N16ADFP_StdCelltt0p8v25c
                                                          0.311040  
U451                      OAI22D1BWP16P90LVT
                                          N16ADFP_StdCelltt0p8v25c
                                                          0.311040  
U452                      OAI22D1BWP16P90LVT
                                          N16ADFP_StdCelltt0p8v25c
                                                          0.311040  
U453                      OAI22D1BWP16P90LVT
                                          N16ADFP_StdCelltt0p8v25c
                                                          0.311040  
U454                      OAI22D1BWP16P90LVT
                                          N16ADFP_StdCelltt0p8v25c
                                                          0.311040  
U455                      INR2D1BWP16P90LVT
                                          N16ADFP_StdCelltt0p8v25c
                                                          0.259200  
U456                      OAI22D1BWP16P90LVT
                                          N16ADFP_StdCelltt0p8v25c
                                                          0.311040  
U457                      OAI22D1BWP16P90LVT
                                          N16ADFP_StdCelltt0p8v25c
                                                          0.311040  
U458                      XNR2D1BWP16P90LVT
                                          N16ADFP_StdCelltt0p8v25c
                                                          0.518400  
U459                      OAI22D1BWP16P90LVT
                                          N16ADFP_StdCelltt0p8v25c
                                                          0.311040  
U460                      OAI22D1BWP16P90LVT
                                          N16ADFP_StdCelltt0p8v25c
                                                          0.311040  
U461                      IND2D1BWP16P90LVT
                                          N16ADFP_StdCelltt0p8v25c
                                                          0.259200  
U462                      OAI22D1BWP16P90LVT
                                          N16ADFP_StdCelltt0p8v25c
                                                          0.311040  
U463                      FA1D1BWP16P90LVT
                                          N16ADFP_StdCelltt0p8v25c
                                                          1.036800  r
U464                      FA1D1BWP16P90LVT
                                          N16ADFP_StdCelltt0p8v25c
                                                          1.036800  r
U465                      FA1D1BWP16P90LVT
                                          N16ADFP_StdCelltt0p8v25c
                                                          1.036800  r
U466                      FA1D1BWP16P90LVT
                                          N16ADFP_StdCelltt0p8v25c
                                                          1.036800  r
U467                      OAI22D1BWP16P90LVT
                                          N16ADFP_StdCelltt0p8v25c
                                                          0.311040  
U468                      OAI22D1BWP16P90LVT
                                          N16ADFP_StdCelltt0p8v25c
                                                          0.311040  
U469                      IND2D1BWP16P90LVT
                                          N16ADFP_StdCelltt0p8v25c
                                                          0.259200  
U470                      OAI22D1BWP16P90LVT
                                          N16ADFP_StdCelltt0p8v25c
                                                          0.311040  
U471                      OAI22D1BWP16P90LVT
                                          N16ADFP_StdCelltt0p8v25c
                                                          0.311040  
U472                      OAI22D1BWP16P90LVT
                                          N16ADFP_StdCelltt0p8v25c
                                                          0.311040  
U473                      OAI22D1BWP16P90LVT
                                          N16ADFP_StdCelltt0p8v25c
                                                          0.311040  
U474                      FA1D1BWP16P90LVT
                                          N16ADFP_StdCelltt0p8v25c
                                                          1.036800  r
U475                      FA1D1BWP16P90LVT
                                          N16ADFP_StdCelltt0p8v25c
                                                          1.036800  r
U476                      FA1D1BWP16P90LVT
                                          N16ADFP_StdCelltt0p8v25c
                                                          1.036800  r
U477                      FA1D1BWP16P90LVT
                                          N16ADFP_StdCelltt0p8v25c
                                                          1.036800  r
U478                      FA1D1BWP16P90LVT
                                          N16ADFP_StdCelltt0p8v25c
                                                          1.036800  r
U479                      OAI22D1BWP16P90LVT
                                          N16ADFP_StdCelltt0p8v25c
                                                          0.311040  
U480                      XNR2D1BWP16P90LVT
                                          N16ADFP_StdCelltt0p8v25c
                                                          0.518400  
U481                      OAI22D1BWP16P90LVT
                                          N16ADFP_StdCelltt0p8v25c
                                                          0.311040  
U482                      FA1D1BWP16P90LVT
                                          N16ADFP_StdCelltt0p8v25c
                                                          1.036800  r
U483                      FA1D1BWP16P90LVT
                                          N16ADFP_StdCelltt0p8v25c
                                                          1.036800  r
U484                      OAI22D1BWP16P90LVT
                                          N16ADFP_StdCelltt0p8v25c
                                                          0.311040  
U485                      IND2D1BWP16P90LVT
                                          N16ADFP_StdCelltt0p8v25c
                                                          0.259200  
U486                      OAI22D1BWP16P90LVT
                                          N16ADFP_StdCelltt0p8v25c
                                                          0.311040  
U487                      OAI22D1BWP16P90LVT
                                          N16ADFP_StdCelltt0p8v25c
                                                          0.311040  
U488                      OAI22D1BWP16P90LVT
                                          N16ADFP_StdCelltt0p8v25c
                                                          0.311040  
U489                      OAI22D1BWP16P90LVT
                                          N16ADFP_StdCelltt0p8v25c
                                                          0.311040  
U490                      INR2D1BWP16P90LVT
                                          N16ADFP_StdCelltt0p8v25c
                                                          0.259200  
U491                      OAI22D1BWP16P90LVT
                                          N16ADFP_StdCelltt0p8v25c
                                                          0.311040  
U492                      OAI22D1BWP16P90LVT
                                          N16ADFP_StdCelltt0p8v25c
                                                          0.311040  
U493                      FA1D1BWP16P90LVT
                                          N16ADFP_StdCelltt0p8v25c
                                                          1.036800  r
U494                      OAI22D1BWP16P90LVT
                                          N16ADFP_StdCelltt0p8v25c
                                                          0.311040  
U495                      OAI22D1BWP16P90LVT
                                          N16ADFP_StdCelltt0p8v25c
                                                          0.311040  
U496                      OAI22D1BWP16P90LVT
                                          N16ADFP_StdCelltt0p8v25c
                                                          0.311040  
U497                      FA1D1BWP16P90LVT
                                          N16ADFP_StdCelltt0p8v25c
                                                          1.036800  r
U498                      FA1D1BWP16P90LVT
                                          N16ADFP_StdCelltt0p8v25c
                                                          1.036800  r
U499                      XNR2D1BWP16P90LVT
                                          N16ADFP_StdCelltt0p8v25c
                                                          0.518400  
U500                      OAI22D1BWP16P90LVT
                                          N16ADFP_StdCelltt0p8v25c
                                                          0.311040  
U501                      INR2D1BWP16P90LVT
                                          N16ADFP_StdCelltt0p8v25c
                                                          0.259200  
U502                      OAI22D1BWP16P90LVT
                                          N16ADFP_StdCelltt0p8v25c
                                                          0.311040  
U503                      OAI22D1BWP16P90LVT
                                          N16ADFP_StdCelltt0p8v25c
                                                          0.311040  
U504                      FA1D1BWP16P90LVT
                                          N16ADFP_StdCelltt0p8v25c
                                                          1.036800  r
U505                      FA1D1BWP16P90LVT
                                          N16ADFP_StdCelltt0p8v25c
                                                          1.036800  r
U506                      OAI22D1BWP16P90LVT
                                          N16ADFP_StdCelltt0p8v25c
                                                          0.311040  
U507                      INVD1BWP16P90LVT
                                          N16ADFP_StdCelltt0p8v25c
                                                          0.155520  
U508                      OAI22D1BWP16P90LVT
                                          N16ADFP_StdCelltt0p8v25c
                                                          0.311040  
U509                      INVD1BWP16P90LVT
                                          N16ADFP_StdCelltt0p8v25c
                                                          0.155520  
U510                      OAI22D1BWP16P90LVT
                                          N16ADFP_StdCelltt0p8v25c
                                                          0.311040  
U511                      IND2D1BWP16P90LVT
                                          N16ADFP_StdCelltt0p8v25c
                                                          0.259200  
U512                      OAI22D1BWP16P90LVT
                                          N16ADFP_StdCelltt0p8v25c
                                                          0.311040  
U513                      OR2D1BWP16P90LVT
                                          N16ADFP_StdCelltt0p8v25c
                                                          0.259200  
U514                      FA1D1BWP16P90LVT
                                          N16ADFP_StdCelltt0p8v25c
                                                          1.036800  r
U515                      XNR2D1BWP16P90LVT
                                          N16ADFP_StdCelltt0p8v25c
                                                          0.518400  
U516                      OAI22D1BWP16P90LVT
                                          N16ADFP_StdCelltt0p8v25c
                                                          0.311040  
U517                      OAI22D1BWP16P90LVT
                                          N16ADFP_StdCelltt0p8v25c
                                                          0.311040  
U518                      IND2D1BWP16P90LVT
                                          N16ADFP_StdCelltt0p8v25c
                                                          0.259200  
U519                      OAI22D1BWP16P90LVT
                                          N16ADFP_StdCelltt0p8v25c
                                                          0.311040  
U520                      INR2D1BWP16P90LVT
                                          N16ADFP_StdCelltt0p8v25c
                                                          0.259200  
U521                      OAI22D1BWP16P90LVT
                                          N16ADFP_StdCelltt0p8v25c
                                                          0.311040  
U522                      OAI22D1BWP16P90LVT
                                          N16ADFP_StdCelltt0p8v25c
                                                          0.311040  
U523                      XNR2D1BWP16P90LVT
                                          N16ADFP_StdCelltt0p8v25c
                                                          0.518400  
U524                      OAI22D1BWP16P90LVT
                                          N16ADFP_StdCelltt0p8v25c
                                                          0.311040  
U525                      XNR2D1BWP16P90LVT
                                          N16ADFP_StdCelltt0p8v25c
                                                          0.518400  
U526                      OAI22D1BWP16P90LVT
                                          N16ADFP_StdCelltt0p8v25c
                                                          0.311040  
U527                      FA1D1BWP16P90LVT
                                          N16ADFP_StdCelltt0p8v25c
                                                          1.036800  r
U528                      INR2D1BWP16P90LVT
                                          N16ADFP_StdCelltt0p8v25c
                                                          0.259200  
U529                      XNR2D1BWP16P90LVT
                                          N16ADFP_StdCelltt0p8v25c
                                                          0.518400  
U530                      OAI22D1BWP16P90LVT
                                          N16ADFP_StdCelltt0p8v25c
                                                          0.311040  
U531                      XNR2D1BWP16P90LVT
                                          N16ADFP_StdCelltt0p8v25c
                                                          0.518400  
U532                      OAI22D1BWP16P90LVT
                                          N16ADFP_StdCelltt0p8v25c
                                                          0.311040  
U533                      NR2D1BWP16P90LVT
                                          N16ADFP_StdCelltt0p8v25c
                                                          0.207360  
U534                      FA1D1BWP16P90LVT
                                          N16ADFP_StdCelltt0p8v25c
                                                          1.036800  r
U535                      XNR2D1BWP16P90LVT
                                          N16ADFP_StdCelltt0p8v25c
                                                          0.518400  
U536                      OAI22D1BWP16P90LVT
                                          N16ADFP_StdCelltt0p8v25c
                                                          0.311040  
U537                      IND2D1BWP16P90LVT
                                          N16ADFP_StdCelltt0p8v25c
                                                          0.259200  
U538                      OAI22D1BWP16P90LVT
                                          N16ADFP_StdCelltt0p8v25c
                                                          0.311040  
U539                      NR2D1BWP16P90LVT
                                          N16ADFP_StdCelltt0p8v25c
                                                          0.207360  
U540                      XNR2D1BWP16P90LVT
                                          N16ADFP_StdCelltt0p8v25c
                                                          0.518400  
U541                      OAI22D1BWP16P90LVT
                                          N16ADFP_StdCelltt0p8v25c
                                                          0.311040  
U542                      XNR2D1BWP16P90LVT
                                          N16ADFP_StdCelltt0p8v25c
                                                          0.518400  
U543                      OAI22D1BWP16P90LVT
                                          N16ADFP_StdCelltt0p8v25c
                                                          0.311040  
U544                      IND2D1BWP16P90LVT
                                          N16ADFP_StdCelltt0p8v25c
                                                          0.259200  
U545                      ND2D1BWP16P90LVT
                                          N16ADFP_StdCelltt0p8v25c
                                                          0.207360  
U546                      ND2D1BWP16P90LVT
                                          N16ADFP_StdCelltt0p8v25c
                                                          0.207360  
U547                      OAI22D1BWP16P90LVT
                                          N16ADFP_StdCelltt0p8v25c
                                                          0.311040  
U548                      INR2D1BWP16P90LVT
                                          N16ADFP_StdCelltt0p8v25c
                                                          0.259200  
U549                      NR2D1BWP16P90LVT
                                          N16ADFP_StdCelltt0p8v25c
                                                          0.207360  
U550                      ND2D1BWP16P90LVT
                                          N16ADFP_StdCelltt0p8v25c
                                                          0.207360  
U551                      OAI21D1BWP16P90LVT
                                          N16ADFP_StdCelltt0p8v25c
                                                          0.259200  
U552                      ND2D1BWP16P90LVT
                                          N16ADFP_StdCelltt0p8v25c
                                                          0.207360  
U553                      INVD1BWP16P90LVT
                                          N16ADFP_StdCelltt0p8v25c
                                                          0.155520  
U554                      AOI21D1BWP16P90LVT
                                          N16ADFP_StdCelltt0p8v25c
                                                          0.259200  
U555                      OAI21D1BWP16P90LVT
                                          N16ADFP_StdCelltt0p8v25c
                                                          0.259200  
U556                      INVD1BWP16P90LVT
                                          N16ADFP_StdCelltt0p8v25c
                                                          0.155520  
U557                      AOI21D1BWP16P90LVT
                                          N16ADFP_StdCelltt0p8v25c
                                                          0.259200  
U558                      FA1D1BWP16P90LVT
                                          N16ADFP_StdCelltt0p8v25c
                                                          1.036800  r
U559                      OAI22D1BWP16P90LVT
                                          N16ADFP_StdCelltt0p8v25c
                                                          0.311040  
U560                      OAI22D1BWP16P90LVT
                                          N16ADFP_StdCelltt0p8v25c
                                                          0.311040  
U561                      OAI22D1BWP16P90LVT
                                          N16ADFP_StdCelltt0p8v25c
                                                          0.311040  
U562                      FA1D1BWP16P90LVT
                                          N16ADFP_StdCelltt0p8v25c
                                                          1.036800  r
U563                      OAI21D1BWP16P90LVT
                                          N16ADFP_StdCelltt0p8v25c
                                                          0.259200  
U564                      FA1D1BWP16P90LVT
                                          N16ADFP_StdCelltt0p8v25c
                                                          1.036800  r
U565                      FA1D1BWP16P90LVT
                                          N16ADFP_StdCelltt0p8v25c
                                                          1.036800  r
U566                      FA1D1BWP16P90LVT
                                          N16ADFP_StdCelltt0p8v25c
                                                          1.036800  r
U567                      INVD1BWP16P90LVT
                                          N16ADFP_StdCelltt0p8v25c
                                                          0.155520  
U568                      AOI21D1BWP16P90LVT
                                          N16ADFP_StdCelltt0p8v25c
                                                          0.259200  
U569                      FA1D1BWP16P90LVT
                                          N16ADFP_StdCelltt0p8v25c
                                                          1.036800  r
U570                      FA1D1BWP16P90LVT
                                          N16ADFP_StdCelltt0p8v25c
                                                          1.036800  r
U571                      OAI21D1BWP16P90LVT
                                          N16ADFP_StdCelltt0p8v25c
                                                          0.259200  
U572                      FA1D1BWP16P90LVT
                                          N16ADFP_StdCelltt0p8v25c
                                                          1.036800  r
U573                      FA1D1BWP16P90LVT
                                          N16ADFP_StdCelltt0p8v25c
                                                          1.036800  r
U574                      FA1D1BWP16P90LVT
                                          N16ADFP_StdCelltt0p8v25c
                                                          1.036800  r
U575                      FA1D1BWP16P90LVT
                                          N16ADFP_StdCelltt0p8v25c
                                                          1.036800  r
U576                      FA1D1BWP16P90LVT
                                          N16ADFP_StdCelltt0p8v25c
                                                          1.036800  r
U577                      FA1D1BWP16P90LVT
                                          N16ADFP_StdCelltt0p8v25c
                                                          1.036800  r
U578                      OAI21D1BWP16P90LVT
                                          N16ADFP_StdCelltt0p8v25c
                                                          0.259200  
U579                      INR2D1BWP16P90LVT
                                          N16ADFP_StdCelltt0p8v25c
                                                          0.259200  
U580                      OAI22D1BWP16P90LVT
                                          N16ADFP_StdCelltt0p8v25c
                                                          0.311040  
U581                      OAI22D1BWP16P90LVT
                                          N16ADFP_StdCelltt0p8v25c
                                                          0.311040  
U582                      OAI22D1BWP16P90LVT
                                          N16ADFP_StdCelltt0p8v25c
                                                          0.311040  
U583                      OAI22D1BWP16P90LVT
                                          N16ADFP_StdCelltt0p8v25c
                                                          0.311040  
U584                      OAI22D1BWP16P90LVT
                                          N16ADFP_StdCelltt0p8v25c
                                                          0.311040  
U585                      OAI22D1BWP16P90LVT
                                          N16ADFP_StdCelltt0p8v25c
                                                          0.311040  
U586                      OAI22D1BWP16P90LVT
                                          N16ADFP_StdCelltt0p8v25c
                                                          0.311040  
U587                      OAI22D1BWP16P90LVT
                                          N16ADFP_StdCelltt0p8v25c
                                                          0.311040  
U588                      FA1D1BWP16P90LVT
                                          N16ADFP_StdCelltt0p8v25c
                                                          1.036800  r
U589                      FA1D1BWP16P90LVT
                                          N16ADFP_StdCelltt0p8v25c
                                                          1.036800  r
U590                      FA1D1BWP16P90LVT
                                          N16ADFP_StdCelltt0p8v25c
                                                          1.036800  r
U591                      FA1D1BWP16P90LVT
                                          N16ADFP_StdCelltt0p8v25c
                                                          1.036800  r
U592                      FA1D1BWP16P90LVT
                                          N16ADFP_StdCelltt0p8v25c
                                                          1.036800  r
U593                      OAI22D1BWP16P90LVT
                                          N16ADFP_StdCelltt0p8v25c
                                                          0.311040  
U594                      OAI22D1BWP16P90LVT
                                          N16ADFP_StdCelltt0p8v25c
                                                          0.311040  
U595                      OAI22D1BWP16P90LVT
                                          N16ADFP_StdCelltt0p8v25c
                                                          0.311040  
U596                      OAI22D1BWP16P90LVT
                                          N16ADFP_StdCelltt0p8v25c
                                                          0.311040  
U597                      OAI22D1BWP16P90LVT
                                          N16ADFP_StdCelltt0p8v25c
                                                          0.311040  
U598                      OAI22D1BWP16P90LVT
                                          N16ADFP_StdCelltt0p8v25c
                                                          0.311040  
U599                      OAI22D1BWP16P90LVT
                                          N16ADFP_StdCelltt0p8v25c
                                                          0.311040  
U600                      FA1D1BWP16P90LVT
                                          N16ADFP_StdCelltt0p8v25c
                                                          1.036800  r
U601                      FA1D1BWP16P90LVT
                                          N16ADFP_StdCelltt0p8v25c
                                                          1.036800  r
U602                      FA1D1BWP16P90LVT
                                          N16ADFP_StdCelltt0p8v25c
                                                          1.036800  r
U603                      FA1D1BWP16P90LVT
                                          N16ADFP_StdCelltt0p8v25c
                                                          1.036800  r
U604                      FA1D1BWP16P90LVT
                                          N16ADFP_StdCelltt0p8v25c
                                                          1.036800  r
U605                      FA1D1BWP16P90LVT
                                          N16ADFP_StdCelltt0p8v25c
                                                          1.036800  r
U606                      FA1D1BWP16P90LVT
                                          N16ADFP_StdCelltt0p8v25c
                                                          1.036800  r
U607                      AOI21D1BWP16P90LVT
                                          N16ADFP_StdCelltt0p8v25c
                                                          0.259200  
U608                      OAI22D1BWP16P90LVT
                                          N16ADFP_StdCelltt0p8v25c
                                                          0.311040  
U609                      OAI22D1BWP16P90LVT
                                          N16ADFP_StdCelltt0p8v25c
                                                          0.311040  
U610                      OAI22D1BWP16P90LVT
                                          N16ADFP_StdCelltt0p8v25c
                                                          0.311040  
U611                      OAI22D1BWP16P90LVT
                                          N16ADFP_StdCelltt0p8v25c
                                                          0.311040  
U612                      OAI22D1BWP16P90LVT
                                          N16ADFP_StdCelltt0p8v25c
                                                          0.311040  
U613                      OAI22D1BWP16P90LVT
                                          N16ADFP_StdCelltt0p8v25c
                                                          0.311040  
U614                      OAI22D1BWP16P90LVT
                                          N16ADFP_StdCelltt0p8v25c
                                                          0.311040  
U615                      FA1D1BWP16P90LVT
                                          N16ADFP_StdCelltt0p8v25c
                                                          1.036800  r
U616                      FA1D1BWP16P90LVT
                                          N16ADFP_StdCelltt0p8v25c
                                                          1.036800  r
U617                      FA1D1BWP16P90LVT
                                          N16ADFP_StdCelltt0p8v25c
                                                          1.036800  r
U618                      FA1D1BWP16P90LVT
                                          N16ADFP_StdCelltt0p8v25c
                                                          1.036800  r
U619                      FA1D1BWP16P90LVT
                                          N16ADFP_StdCelltt0p8v25c
                                                          1.036800  r
U620                      FA1D1BWP16P90LVT
                                          N16ADFP_StdCelltt0p8v25c
                                                          1.036800  r
U621                      FA1D1BWP16P90LVT
                                          N16ADFP_StdCelltt0p8v25c
                                                          1.036800  r
U622                      AOI21D2BWP16P90LVT
                                          N16ADFP_StdCelltt0p8v25c
                                                          0.414720  
U623                      INVD1BWP16P90LVT
                                          N16ADFP_StdCelltt0p8v25c
                                                          0.155520  
U624                      OAI22D1BWP16P90LVT
                                          N16ADFP_StdCelltt0p8v25c
                                                          0.311040  
U625                      OAI22D1BWP16P90LVT
                                          N16ADFP_StdCelltt0p8v25c
                                                          0.311040  
U626                      OAI22D1BWP16P90LVT
                                          N16ADFP_StdCelltt0p8v25c
                                                          0.311040  
U627                      OAI22D1BWP16P90LVT
                                          N16ADFP_StdCelltt0p8v25c
                                                          0.311040  
U628                      OAI22D1BWP16P90LVT
                                          N16ADFP_StdCelltt0p8v25c
                                                          0.311040  
U629                      OAI22D1BWP16P90LVT
                                          N16ADFP_StdCelltt0p8v25c
                                                          0.311040  
U630                      FA1D1BWP16P90LVT
                                          N16ADFP_StdCelltt0p8v25c
                                                          1.036800  r
U631                      FA1D1BWP16P90LVT
                                          N16ADFP_StdCelltt0p8v25c
                                                          1.036800  r
U632                      FA1D1BWP16P90LVT
                                          N16ADFP_StdCelltt0p8v25c
                                                          1.036800  r
U633                      FA1D1BWP16P90LVT
                                          N16ADFP_StdCelltt0p8v25c
                                                          1.036800  r
U634                      FA1D1BWP16P90LVT
                                          N16ADFP_StdCelltt0p8v25c
                                                          1.036800  r
U635                      FA1D1BWP16P90LVT
                                          N16ADFP_StdCelltt0p8v25c
                                                          1.036800  r
U636                      FA1D1BWP16P90LVT
                                          N16ADFP_StdCelltt0p8v25c
                                                          1.036800  r
U637                      OAI21D4BWP16P90LVT
                                          N16ADFP_StdCelltt0p8v25c
                                                          0.725760  
U638                      FA1D1BWP16P90LVT
                                          N16ADFP_StdCelltt0p8v25c
                                                          1.036800  r
U639                      OAI22D1BWP16P90LVT
                                          N16ADFP_StdCelltt0p8v25c
                                                          0.311040  
U640                      OAI22D1BWP16P90LVT
                                          N16ADFP_StdCelltt0p8v25c
                                                          0.311040  
U641                      OAI22D1BWP16P90LVT
                                          N16ADFP_StdCelltt0p8v25c
                                                          0.311040  
U642                      OAI22D1BWP16P90LVT
                                          N16ADFP_StdCelltt0p8v25c
                                                          0.311040  
U643                      OAI22D1BWP16P90LVT
                                          N16ADFP_StdCelltt0p8v25c
                                                          0.311040  
U644                      FA1D1BWP16P90LVT
                                          N16ADFP_StdCelltt0p8v25c
                                                          1.036800  r
U645                      FA1D1BWP16P90LVT
                                          N16ADFP_StdCelltt0p8v25c
                                                          1.036800  r
U646                      OAI22D1BWP16P90LVT
                                          N16ADFP_StdCelltt0p8v25c
                                                          0.311040  
U647                      FA1D1BWP16P90LVT
                                          N16ADFP_StdCelltt0p8v25c
                                                          1.036800  r
U648                      FA1D1BWP16P90LVT
                                          N16ADFP_StdCelltt0p8v25c
                                                          1.036800  r
U649                      FA1D1BWP16P90LVT
                                          N16ADFP_StdCelltt0p8v25c
                                                          1.036800  r
U650                      FA1D1BWP16P90LVT
                                          N16ADFP_StdCelltt0p8v25c
                                                          1.036800  r
U651                      AOI21D4BWP16P90LVT
                                          N16ADFP_StdCelltt0p8v25c
                                                          0.725760  
U652                      FA1D1BWP16P90LVT
                                          N16ADFP_StdCelltt0p8v25c
                                                          1.036800  r
U653                      OAI22D1BWP16P90LVT
                                          N16ADFP_StdCelltt0p8v25c
                                                          0.311040  
U654                      OAI22D1BWP16P90LVT
                                          N16ADFP_StdCelltt0p8v25c
                                                          0.311040  
U655                      OAI22D1BWP16P90LVT
                                          N16ADFP_StdCelltt0p8v25c
                                                          0.311040  
U656                      AO21D1BWP16P90LVT
                                          N16ADFP_StdCelltt0p8v25c
                                                          0.311040  
U657                      FA1D1BWP16P90LVT
                                          N16ADFP_StdCelltt0p8v25c
                                                          1.036800  r
U658                      FA1D1BWP16P90LVT
                                          N16ADFP_StdCelltt0p8v25c
                                                          1.036800  r
U659                      OAI22D1BWP16P90LVT
                                          N16ADFP_StdCelltt0p8v25c
                                                          0.311040  
U660                      OAI22D1BWP16P90LVT
                                          N16ADFP_StdCelltt0p8v25c
                                                          0.311040  
U661                      FA1D1BWP16P90LVT
                                          N16ADFP_StdCelltt0p8v25c
                                                          1.036800  r
U662                      FA1D1BWP16P90LVT
                                          N16ADFP_StdCelltt0p8v25c
                                                          1.036800  r
U663                      FA1D1BWP16P90LVT
                                          N16ADFP_StdCelltt0p8v25c
                                                          1.036800  r
U664                      FA1D1BWP16P90LVT
                                          N16ADFP_StdCelltt0p8v25c
                                                          1.036800  r
U665                      FA1D1BWP16P90LVT
                                          N16ADFP_StdCelltt0p8v25c
                                                          1.036800  r
U666                      OAI22D1BWP16P90LVT
                                          N16ADFP_StdCelltt0p8v25c
                                                          0.311040  
U667                      OAI22D1BWP16P90LVT
                                          N16ADFP_StdCelltt0p8v25c
                                                          0.311040  
U668                      FA1D1BWP16P90LVT
                                          N16ADFP_StdCelltt0p8v25c
                                                          1.036800  r
U669                      OAI22D1BWP16P90LVT
                                          N16ADFP_StdCelltt0p8v25c
                                                          0.311040  
U670                      OAI22D1BWP16P90LVT
                                          N16ADFP_StdCelltt0p8v25c
                                                          0.311040  
U671                      OAI22D1BWP16P90LVT
                                          N16ADFP_StdCelltt0p8v25c
                                                          0.311040  
U672                      FA1D1BWP16P90LVT
                                          N16ADFP_StdCelltt0p8v25c
                                                          1.036800  r
U673                      FA1D1BWP16P90LVT
                                          N16ADFP_StdCelltt0p8v25c
                                                          1.036800  r
U674                      FA1D1BWP16P90LVT
                                          N16ADFP_StdCelltt0p8v25c
                                                          1.036800  r
U675                      OAI22D1BWP16P90LVT
                                          N16ADFP_StdCelltt0p8v25c
                                                          0.311040  
U676                      FA1D1BWP16P90LVT
                                          N16ADFP_StdCelltt0p8v25c
                                                          1.036800  r
U677                      FA1D1BWP16P90LVT
                                          N16ADFP_StdCelltt0p8v25c
                                                          1.036800  r
U678                      FA1D1BWP16P90LVT
                                          N16ADFP_StdCelltt0p8v25c
                                                          1.036800  r
U679                      OAI22D1BWP16P90LVT
                                          N16ADFP_StdCelltt0p8v25c
                                                          0.311040  
U680                      OAI22D1BWP16P90LVT
                                          N16ADFP_StdCelltt0p8v25c
                                                          0.311040  
U681                      OAI22D1BWP16P90LVT
                                          N16ADFP_StdCelltt0p8v25c
                                                          0.311040  
U682                      AO21D1BWP16P90LVT
                                          N16ADFP_StdCelltt0p8v25c
                                                          0.311040  
U683                      FA1D1BWP16P90LVT
                                          N16ADFP_StdCelltt0p8v25c
                                                          1.036800  r
U684                      FA1D1BWP16P90LVT
                                          N16ADFP_StdCelltt0p8v25c
                                                          1.036800  r
U685                      OAI21D2BWP16P90LVT
                                          N16ADFP_StdCelltt0p8v25c
                                                          0.414720  
U686                      OAI22D1BWP16P90LVT
                                          N16ADFP_StdCelltt0p8v25c
                                                          0.311040  
U687                      OAI22D1BWP16P90LVT
                                          N16ADFP_StdCelltt0p8v25c
                                                          0.311040  
U688                      FA1D1BWP16P90LVT
                                          N16ADFP_StdCelltt0p8v25c
                                                          1.036800  r
U689                      FA1D1BWP16P90LVT
                                          N16ADFP_StdCelltt0p8v25c
                                                          1.036800  r
U690                      FA1D1BWP16P90LVT
                                          N16ADFP_StdCelltt0p8v25c
                                                          1.036800  r
U691                      OAI22D1BWP16P90LVT
                                          N16ADFP_StdCelltt0p8v25c
                                                          0.311040  
U692                      OAI22D1BWP16P90LVT
                                          N16ADFP_StdCelltt0p8v25c
                                                          0.311040  
U693                      FA1D1BWP16P90LVT
                                          N16ADFP_StdCelltt0p8v25c
                                                          1.036800  r
U694                      FA1D1BWP16P90LVT
                                          N16ADFP_StdCelltt0p8v25c
                                                          1.036800  r
U695                      AOI21D2BWP16P90LVT
                                          N16ADFP_StdCelltt0p8v25c
                                                          0.414720  
U696                      FA1D1BWP16P90LVT
                                          N16ADFP_StdCelltt0p8v25c
                                                          1.036800  r
U697                      FA1D1BWP16P90LVT
                                          N16ADFP_StdCelltt0p8v25c
                                                          1.036800  r
U698                      OAI22D1BWP16P90LVT
                                          N16ADFP_StdCelltt0p8v25c
                                                          0.311040  
U699                      OAI22D1BWP16P90LVT
                                          N16ADFP_StdCelltt0p8v25c
                                                          0.311040  
U700                      OAI22D1BWP16P90LVT
                                          N16ADFP_StdCelltt0p8v25c
                                                          0.311040  
U701                      FA1D1BWP16P90LVT
                                          N16ADFP_StdCelltt0p8v25c
                                                          1.036800  r
U702                      FA1D1BWP16P90LVT
                                          N16ADFP_StdCelltt0p8v25c
                                                          1.036800  r
U703                      FA1D1BWP16P90LVT
                                          N16ADFP_StdCelltt0p8v25c
                                                          1.036800  r
U704                      OAI22D1BWP16P90LVT
                                          N16ADFP_StdCelltt0p8v25c
                                                          0.311040  
U705                      OAI22D1BWP16P90LVT
                                          N16ADFP_StdCelltt0p8v25c
                                                          0.311040  
U706                      FA1D1BWP16P90LVT
                                          N16ADFP_StdCelltt0p8v25c
                                                          1.036800  r
U707                      OAI22D1BWP16P90LVT
                                          N16ADFP_StdCelltt0p8v25c
                                                          0.311040  
U708                      FA1D1BWP16P90LVT
                                          N16ADFP_StdCelltt0p8v25c
                                                          1.036800  r
U709                      FA1D1BWP16P90LVT
                                          N16ADFP_StdCelltt0p8v25c
                                                          1.036800  r
U710                      OAI22D1BWP16P90LVT
                                          N16ADFP_StdCelltt0p8v25c
                                                          0.311040  
U711                      FA1D1BWP16P90LVT
                                          N16ADFP_StdCelltt0p8v25c
                                                          1.036800  r
U712                      OAI22D1BWP16P90LVT
                                          N16ADFP_StdCelltt0p8v25c
                                                          0.311040  
U713                      AO21D1BWP16P90LVT
                                          N16ADFP_StdCelltt0p8v25c
                                                          0.311040  
U714                      FA1D1BWP16P90LVT
                                          N16ADFP_StdCelltt0p8v25c
                                                          1.036800  r
U715                      FA1D1BWP16P90LVT
                                          N16ADFP_StdCelltt0p8v25c
                                                          1.036800  r
U716                      OAI21D2BWP16P90LVT
                                          N16ADFP_StdCelltt0p8v25c
                                                          0.414720  
U717                      FA1D1BWP16P90LVT
                                          N16ADFP_StdCelltt0p8v25c
                                                          1.036800  r
U718                      OAI22D1BWP16P90LVT
                                          N16ADFP_StdCelltt0p8v25c
                                                          0.311040  
U719                      OAI22D1BWP16P90LVT
                                          N16ADFP_StdCelltt0p8v25c
                                                          0.311040  
U720                      FA1D1BWP16P90LVT
                                          N16ADFP_StdCelltt0p8v25c
                                                          1.036800  r
U721                      FA1D1BWP16P90LVT
                                          N16ADFP_StdCelltt0p8v25c
                                                          1.036800  r
U722                      FA1D1BWP16P90LVT
                                          N16ADFP_StdCelltt0p8v25c
                                                          1.036800  r
U723                      AO21D1BWP16P90LVT
                                          N16ADFP_StdCelltt0p8v25c
                                                          0.311040  
U724                      FA1D1BWP16P90LVT
                                          N16ADFP_StdCelltt0p8v25c
                                                          1.036800  r
U725                      INVD1BWP16P90LVT
                                          N16ADFP_StdCelltt0p8v25c
                                                          0.155520  
U726                      OAI22D1BWP16P90LVT
                                          N16ADFP_StdCelltt0p8v25c
                                                          0.311040  
U727                      INVD1BWP16P90LVT
                                          N16ADFP_StdCelltt0p8v25c
                                                          0.155520  
U728                      OAI22D1BWP16P90LVT
                                          N16ADFP_StdCelltt0p8v25c
                                                          0.311040  
U729                      FA1D1BWP16P90LVT
                                          N16ADFP_StdCelltt0p8v25c
                                                          1.036800  r
U730                      FA1D1BWP16P90LVT
                                          N16ADFP_StdCelltt0p8v25c
                                                          1.036800  r
U731                      FA1D1BWP16P90LVT
                                          N16ADFP_StdCelltt0p8v25c
                                                          1.036800  r
U732                      XNR2D1BWP16P90LVT
                                          N16ADFP_StdCelltt0p8v25c
                                                          0.518400  
U733                      AOI21D1BWP16P90LVT
                                          N16ADFP_StdCelltt0p8v25c
                                                          0.259200  
U734                      OAI21D1BWP16P90LVT
                                          N16ADFP_StdCelltt0p8v25c
                                                          0.259200  
U735                      AOI21D1BWP16P90LVT
                                          N16ADFP_StdCelltt0p8v25c
                                                          0.259200  
U736                      OAI21D1BWP16P90LVT
                                          N16ADFP_StdCelltt0p8v25c
                                                          0.259200  
U737                      INVD1BWP16P90LVT
                                          N16ADFP_StdCelltt0p8v25c
                                                          0.155520  
U738                      INVD1BWP16P90LVT
                                          N16ADFP_StdCelltt0p8v25c
                                                          0.155520  
U739                      XOR2D1BWP16P90LVT
                                          N16ADFP_StdCelltt0p8v25c
                                                          0.518400  
U740                      XNR2D1BWP16P90LVT
                                          N16ADFP_StdCelltt0p8v25c
                                                          0.518400  
U741                      XOR2D1BWP16P90LVT
                                          N16ADFP_StdCelltt0p8v25c
                                                          0.518400  
U742                      XNR2D1BWP16P90LVT
                                          N16ADFP_StdCelltt0p8v25c
                                                          0.518400  
U743                      INVD1BWP16P90LVT
                                          N16ADFP_StdCelltt0p8v25c
                                                          0.155520  
U744                      XOR2D1BWP16P90LVT
                                          N16ADFP_StdCelltt0p8v25c
                                                          0.518400  
U745                      INVD1BWP16P90LVT
                                          N16ADFP_StdCelltt0p8v25c
                                                          0.155520  
U746                      ND2D1BWP16P90LVT
                                          N16ADFP_StdCelltt0p8v25c
                                                          0.207360  
U747                      XOR2D1BWP16P90LVT
                                          N16ADFP_StdCelltt0p8v25c
                                                          0.518400  
U748                      ND2D1BWP16P90LVT
                                          N16ADFP_StdCelltt0p8v25c
                                                          0.207360  
U749                      XNR2D1BWP16P90LVT
                                          N16ADFP_StdCelltt0p8v25c
                                                          0.518400  
U750                      XOR2D1BWP16P90LVT
                                          N16ADFP_StdCelltt0p8v25c
                                                          0.518400  
U751                      INR2D1BWP16P90LVT
                                          N16ADFP_StdCelltt0p8v25c
                                                          0.259200  
U752                      INVD1BWP16P90LVT
                                          N16ADFP_StdCelltt0p8v25c
                                                          0.155520  
U753                      CKBD1BWP16P90LVT
                                          N16ADFP_StdCelltt0p8v25c
                                                          0.207360  
U754                      CKBD1BWP16P90LVT
                                          N16ADFP_StdCelltt0p8v25c
                                                          0.207360  
prod_reg[0]               DFCNQD1BWP16P90LVT
                                          N16ADFP_StdCelltt0p8v25c
                                                          1.140480  n
prod_reg[1]               DFCNQD2BWP16P90LVT
                                          N16ADFP_StdCelltt0p8v25c
                                                          1.140480  n
prod_reg[2]               DFCNQD1BWP16P90LVT
                                          N16ADFP_StdCelltt0p8v25c
                                                          1.140480  n
prod_reg[3]               DFCNQD2BWP16P90LVT
                                          N16ADFP_StdCelltt0p8v25c
                                                          1.140480  n
prod_reg[4]               DFCNQD2BWP16P90LVT
                                          N16ADFP_StdCelltt0p8v25c
                                                          1.140480  n
prod_reg[5]               DFCNQD2BWP16P90LVT
                                          N16ADFP_StdCelltt0p8v25c
                                                          1.140480  n
prod_reg[6]               DFCNQD2BWP16P90LVT
                                          N16ADFP_StdCelltt0p8v25c
                                                          1.140480  n
prod_reg[7]               DFCNQD2BWP16P90LVT
                                          N16ADFP_StdCelltt0p8v25c
                                                          1.140480  n
prod_reg[8]               DFCNQD2BWP16P90LVT
                                          N16ADFP_StdCelltt0p8v25c
                                                          1.140480  n
prod_reg[9]               DFCNQD2BWP16P90LVT
                                          N16ADFP_StdCelltt0p8v25c
                                                          1.140480  n
prod_reg[10]              DFCNQD2BWP16P90LVT
                                          N16ADFP_StdCelltt0p8v25c
                                                          1.140480  n
prod_reg[11]              DFCNQD2BWP16P90LVT
                                          N16ADFP_StdCelltt0p8v25c
                                                          1.140480  n
prod_reg[12]              DFCNQD2BWP16P90LVT
                                          N16ADFP_StdCelltt0p8v25c
                                                          1.140480  n
prod_reg[13]              DFCNQD2BWP16P90LVT
                                          N16ADFP_StdCelltt0p8v25c
                                                          1.140480  n
prod_reg[14]              DFCNQD2BWP16P90LVT
                                          N16ADFP_StdCelltt0p8v25c
                                                          1.140480  n
prod_reg[15]              DFCNQD2BWP16P90LVT
                                          N16ADFP_StdCelltt0p8v25c
                                                          1.140480  n
prod_reg[16]              DFCNQD2BWP16P90LVT
                                          N16ADFP_StdCelltt0p8v25c
                                                          1.140480  n
prod_reg[17]              DFCNQD1BWP16P90LVT
                                          N16ADFP_StdCelltt0p8v25c
                                                          1.140480  n
prod_reg[18]              DFCNQD2BWP16P90LVT
                                          N16ADFP_StdCelltt0p8v25c
                                                          1.140480  n
prod_reg[19]              DFCNQD2BWP16P90LVT
                                          N16ADFP_StdCelltt0p8v25c
                                                          1.140480  n
prod_reg[20]              DFCNQD2BWP16P90LVT
                                          N16ADFP_StdCelltt0p8v25c
                                                          1.140480  n
prod_reg[21]              DFCNQD2BWP16P90LVT
                                          N16ADFP_StdCelltt0p8v25c
                                                          1.140480  n
prod_reg[22]              DFCNQD2BWP16P90LVT
                                          N16ADFP_StdCelltt0p8v25c
                                                          1.140480  n
prod_reg[23]              DFCNQD2BWP16P90LVT
                                          N16ADFP_StdCelltt0p8v25c
                                                          1.140480  n
prod_reg[24]              DFCNQD2BWP16P90LVT
                                          N16ADFP_StdCelltt0p8v25c
                                                          1.140480  n
prod_reg[25]              DFCNQD2BWP16P90LVT
                                          N16ADFP_StdCelltt0p8v25c
                                                          1.140480  n
prod_reg[26]              DFCNQD2BWP16P90LVT
                                          N16ADFP_StdCelltt0p8v25c
                                                          1.140480  n
prod_reg[27]              DFCNQD2BWP16P90LVT
                                          N16ADFP_StdCelltt0p8v25c
                                                          1.140480  n
prod_reg[28]              DFCNQD2BWP16P90LVT
                                          N16ADFP_StdCelltt0p8v25c
                                                          1.140480  n
prod_reg[29]              DFCNQD2BWP16P90LVT
                                          N16ADFP_StdCelltt0p8v25c
                                                          1.140480  n
prod_reg[30]              DFCNQD2BWP16P90LVT
                                          N16ADFP_StdCelltt0p8v25c
                                                          1.140480  n
prod_reg[31]              DFCNQD2BWP16P90LVT
                                          N16ADFP_StdCelltt0p8v25c
                                                          1.140480  n
--------------------------------------------------------------------------------
Total 752 cells                                           355.881610
1
 
****************************************
Report : port
        -verbose
Design : mult
Version: V-2023.12-SP5
Date   : Wed Sep 23 13:15:45 2026
****************************************



Attributes:
    d - dont_touch_network

                       Pin      Wire     Max     Max     Connection
Port           Dir     Load     Load     Trans   Cap     Class      Attrs
--------------------------------------------------------------------------------
clk            in      0.0000   0.0000    0.40    0.07   --         d
inp_a[0]       in      0.0000   0.0000    0.40    0.07   --         
inp_a[1]       in      0.0000   0.0000    0.40    0.07   --         
inp_a[2]       in      0.0000   0.0000    0.40    0.07   --         
inp_a[3]       in      0.0000   0.0000    0.40    0.07   --         
inp_a[4]       in      0.0000   0.0000    0.40    0.07   --         
inp_a[5]       in      0.0000   0.0000    0.40    0.07   --         
inp_a[6]       in      0.0000   0.0000    0.40    0.07   --         
inp_a[7]       in      0.0000   0.0000    0.40    0.07   --         
inp_a[8]       in      0.0000   0.0000    0.40    0.07   --         
inp_a[9]       in      0.0000   0.0000    0.40    0.07   --         
inp_a[10]      in      0.0000   0.0000    0.40    0.07   --         
inp_a[11]      in      0.0000   0.0000    0.40    0.07   --         
inp_a[12]      in      0.0000   0.0000    0.40    0.07   --         
inp_a[13]      in      0.0000   0.0000    0.40    0.07   --         
inp_a[14]      in      0.0000   0.0000    0.40    0.07   --         
inp_a[15]      in      0.0000   0.0000    0.40    0.07   --         
inp_b[0]       in      0.0000   0.0000    0.40    0.07   --         
inp_b[1]       in      0.0000   0.0000    0.40    0.07   --         
inp_b[2]       in      0.0000   0.0000    0.40    0.07   --         
inp_b[3]       in      0.0000   0.0000    0.40    0.07   --         
inp_b[4]       in      0.0000   0.0000    0.40    0.07   --         
inp_b[5]       in      0.0000   0.0000    0.40    0.07   --         
inp_b[6]       in      0.0000   0.0000    0.40    0.07   --         
inp_b[7]       in      0.0000   0.0000    0.40    0.07   --         
inp_b[8]       in      0.0000   0.0000    0.40    0.07   --         
inp_b[9]       in      0.0000   0.0000    0.40    0.07   --         
inp_b[10]      in      0.0000   0.0000    0.40    0.07   --         
inp_b[11]      in      0.0000   0.0000    0.40    0.07   --         
inp_b[12]      in      0.0000   0.0000    0.40    0.07   --         
inp_b[13]      in      0.0000   0.0000    0.40    0.07   --         
inp_b[14]      in      0.0000   0.0000    0.40    0.07   --         
inp_b[15]      in      0.0000   0.0000    0.40    0.07   --         
rst            in      0.0000   0.0000    0.40    0.07   --         
prod[0]        out     0.0100   0.0000   --      --      --         
prod[1]        out     0.0100   0.0000   --      --      --         
prod[2]        out     0.0100   0.0000   --      --      --         
prod[3]        out     0.0100   0.0000   --      --      --         
prod[4]        out     0.0100   0.0000   --      --      --         
prod[5]        out     0.0100   0.0000   --      --      --         
prod[6]        out     0.0100   0.0000   --      --      --         
prod[7]        out     0.0100   0.0000   --      --      --         
prod[8]        out     0.0100   0.0000   --      --      --         
prod[9]        out     0.0100   0.0000   --      --      --         
prod[10]       out     0.0100   0.0000   --      --      --         
prod[11]       out     0.0100   0.0000   --      --      --         
prod[12]       out     0.0100   0.0000   --      --      --         
prod[13]       out     0.0100   0.0000   --      --      --         
prod[14]       out     0.0100   0.0000   --      --      --         
prod[15]       out     0.0100   0.0000   --      --      --         
prod[16]       out     0.0100   0.0000   --      --      --         
prod[17]       out     0.0100   0.0000   --      --      --         
prod[18]       out     0.0100   0.0000   --      --      --         
prod[19]       out     0.0100   0.0000   --      --      --         
prod[20]       out     0.0100   0.0000   --      --      --         
prod[21]       out     0.0100   0.0000   --      --      --         
prod[22]       out     0.0100   0.0000   --      --      --         
prod[23]       out     0.0100   0.0000   --      --      --         
prod[24]       out     0.0100   0.0000   --      --      --         
prod[25]       out     0.0100   0.0000   --      --      --         
prod[26]       out     0.0100   0.0000   --      --      --         
prod[27]       out     0.0100   0.0000   --      --      --         
prod[28]       out     0.0100   0.0000   --      --      --         
prod[29]       out     0.0100   0.0000   --      --      --         
prod[30]       out     0.0100   0.0000   --      --      --         
prod[31]       out     0.0100   0.0000   --      --      --         


              External  Max             Min                Min       Min
              Number    Wireload        Wireload           Pin       Wire
Port          Points    Model           Model              Load      Load
--------------------------------------------------------------------------------
clk                1      --              --              --        -- 
inp_a[0]           1      --              --              --        -- 
inp_a[1]           1      --              --              --        -- 
inp_a[2]           1      --              --              --        -- 
inp_a[3]           1      --              --              --        -- 
inp_a[4]           1      --              --              --        -- 
inp_a[5]           1      --              --              --        -- 
inp_a[6]           1      --              --              --        -- 
inp_a[7]           1      --              --              --        -- 
inp_a[8]           1      --              --              --        -- 
inp_a[9]           1      --              --              --        -- 
inp_a[10]          1      --              --              --        -- 
inp_a[11]          1      --              --              --        -- 
inp_a[12]          1      --              --              --        -- 
inp_a[13]          1      --              --              --        -- 
inp_a[14]          1      --              --              --        -- 
inp_a[15]          1      --              --              --        -- 
inp_b[0]           1      --              --              --        -- 
inp_b[1]           1      --              --              --        -- 
inp_b[2]           1      --              --              --        -- 
inp_b[3]           1      --              --              --        -- 
inp_b[4]           1      --              --              --        -- 
inp_b[5]           1      --              --              --        -- 
inp_b[6]           1      --              --              --        -- 
inp_b[7]           1      --              --              --        -- 
inp_b[8]           1      --              --              --        -- 
inp_b[9]           1      --              --              --        -- 
inp_b[10]          1      --              --              --        -- 
inp_b[11]          1      --              --              --        -- 
inp_b[12]          1      --              --              --        -- 
inp_b[13]          1      --              --              --        -- 
inp_b[14]          1      --              --              --        -- 
inp_b[15]          1      --              --              --        -- 
rst                1      --              --              --        -- 
prod[0]            1      --              --              --        -- 
prod[1]            1      --              --              --        -- 
prod[2]            1      --              --              --        -- 
prod[3]            1      --              --              --        -- 
prod[4]            1      --              --              --        -- 
prod[5]            1      --              --              --        -- 
prod[6]            1      --              --              --        -- 
prod[7]            1      --              --              --        -- 
prod[8]            1      --              --              --        -- 
prod[9]            1      --              --              --        -- 
prod[10]           1      --              --              --        -- 
prod[11]           1      --              --              --        -- 
prod[12]           1      --              --              --        -- 
prod[13]           1      --              --              --        -- 
prod[14]           1      --              --              --        -- 
prod[15]           1      --              --              --        -- 
prod[16]           1      --              --              --        -- 
prod[17]           1      --              --              --        -- 
prod[18]           1      --              --              --        -- 
prod[19]           1      --              --              --        -- 
prod[20]           1      --              --              --        -- 
prod[21]           1      --              --              --        -- 
prod[22]           1      --              --              --        -- 
prod[23]           1      --              --              --        -- 
prod[24]           1      --              --              --        -- 
prod[25]           1      --              --              --        -- 
prod[26]           1      --              --              --        -- 
prod[27]           1      --              --              --        -- 
prod[28]           1      --              --              --        -- 
prod[29]           1      --              --              --        -- 
prod[30]           1      --              --              --        -- 
prod[31]           1      --              --              --        -- 

                    Input Delay
                  Min             Max       Related   Max
Input Port    Rise    Fall    Rise    Fall   Clock  Fanout
--------------------------------------------------------------------------------
clk           --      --      --      --      --      -- 
inp_a[0]      0.01    0.01    0.01    0.01  clk       --    
inp_a[1]      0.01    0.01    0.01    0.01  clk       --    
inp_a[2]      0.01    0.01    0.01    0.01  clk       --    
inp_a[3]      0.01    0.01    0.01    0.01  clk       --    
inp_a[4]      0.01    0.01    0.01    0.01  clk       --    
inp_a[5]      0.01    0.01    0.01    0.01  clk       --    
inp_a[6]      0.01    0.01    0.01    0.01  clk       --    
inp_a[7]      0.01    0.01    0.01    0.01  clk       --    
inp_a[8]      0.01    0.01    0.01    0.01  clk       --    
inp_a[9]      0.01    0.01    0.01    0.01  clk       --    
inp_a[10]     0.01    0.01    0.01    0.01  clk       --    
inp_a[11]     0.01    0.01    0.01    0.01  clk       --    
inp_a[12]     0.01    0.01    0.01    0.01  clk       --    
inp_a[13]     0.01    0.01    0.01    0.01  clk       --    
inp_a[14]     0.01    0.01    0.01    0.01  clk       --    
inp_a[15]     0.01    0.01    0.01    0.01  clk       --    
inp_b[0]      0.01    0.01    0.01    0.01  clk       --    
inp_b[1]      0.01    0.01    0.01    0.01  clk       --    
inp_b[2]      0.01    0.01    0.01    0.01  clk       --    
inp_b[3]      0.01    0.01    0.01    0.01  clk       --    
inp_b[4]      0.01    0.01    0.01    0.01  clk       --    
inp_b[5]      0.01    0.01    0.01    0.01  clk       --    
inp_b[6]      0.01    0.01    0.01    0.01  clk       --    
inp_b[7]      0.01    0.01    0.01    0.01  clk       --    
inp_b[8]      0.01    0.01    0.01    0.01  clk       --    
inp_b[9]      0.01    0.01    0.01    0.01  clk       --    
inp_b[10]     0.01    0.01    0.01    0.01  clk       --    
inp_b[11]     0.01    0.01    0.01    0.01  clk       --    
inp_b[12]     0.01    0.01    0.01    0.01  clk       --    
inp_b[13]     0.01    0.01    0.01    0.01  clk       --    
inp_b[14]     0.01    0.01    0.01    0.01  clk       --    
inp_b[15]     0.01    0.01    0.01    0.01  clk       --    
rst           0.01    0.01    0.01    0.01  clk       --    


                    Driving Cell
Input Port   Rise(min/max)      Fall(min/max)      Mult(min/max)  Attrs(min/max)
--------------------------------------------------------------------------------
clk          INVD1BWP20P90      INVD1BWP20P90        -- /  --     
inp_a[0]     INVD1BWP20P90      INVD1BWP20P90        -- /  --     
inp_a[1]     INVD1BWP20P90      INVD1BWP20P90        -- /  --     
inp_a[2]     INVD1BWP20P90      INVD1BWP20P90        -- /  --     
inp_a[3]     INVD1BWP20P90      INVD1BWP20P90        -- /  --     
inp_a[4]     INVD1BWP20P90      INVD1BWP20P90        -- /  --     
inp_a[5]     INVD1BWP20P90      INVD1BWP20P90        -- /  --     
inp_a[6]     INVD1BWP20P90      INVD1BWP20P90        -- /  --     
inp_a[7]     INVD1BWP20P90      INVD1BWP20P90        -- /  --     
inp_a[8]     INVD1BWP20P90      INVD1BWP20P90        -- /  --     
inp_a[9]     INVD1BWP20P90      INVD1BWP20P90        -- /  --     
inp_a[10]    INVD1BWP20P90      INVD1BWP20P90        -- /  --     
inp_a[11]    INVD1BWP20P90      INVD1BWP20P90        -- /  --     
inp_a[12]    INVD1BWP20P90      INVD1BWP20P90        -- /  --     
inp_a[13]    INVD1BWP20P90      INVD1BWP20P90        -- /  --     
inp_a[14]    INVD1BWP20P90      INVD1BWP20P90        -- /  --     
inp_a[15]    INVD1BWP20P90      INVD1BWP20P90        -- /  --     
inp_b[0]     INVD1BWP20P90      INVD1BWP20P90        -- /  --     
inp_b[1]     INVD1BWP20P90      INVD1BWP20P90        -- /  --     
inp_b[2]     INVD1BWP20P90      INVD1BWP20P90        -- /  --     
inp_b[3]     INVD1BWP20P90      INVD1BWP20P90        -- /  --     
inp_b[4]     INVD1BWP20P90      INVD1BWP20P90        -- /  --     
inp_b[5]     INVD1BWP20P90      INVD1BWP20P90        -- /  --     
inp_b[6]     INVD1BWP20P90      INVD1BWP20P90        -- /  --     
inp_b[7]     INVD1BWP20P90      INVD1BWP20P90        -- /  --     
inp_b[8]     INVD1BWP20P90      INVD1BWP20P90        -- /  --     
inp_b[9]     INVD1BWP20P90      INVD1BWP20P90        -- /  --     
inp_b[10]    INVD1BWP20P90      INVD1BWP20P90        -- /  --     
inp_b[11]    INVD1BWP20P90      INVD1BWP20P90        -- /  --     
inp_b[12]    INVD1BWP20P90      INVD1BWP20P90        -- /  --     
inp_b[13]    INVD1BWP20P90      INVD1BWP20P90        -- /  --     
inp_b[14]    INVD1BWP20P90      INVD1BWP20P90        -- /  --     
inp_b[15]    INVD1BWP20P90      INVD1BWP20P90        -- /  --     
rst          INVD1BWP20P90      INVD1BWP20P90        -- /  --     


               Max Drive      Min Drive      Resistance    Min    Min       Cell
Input Port    Rise    Fall   Rise    Fall   Max     Min    Cap    Fanout    Deg
--------------------------------------------------------------------------------
clk           --      --     --      --     --      --     --     --        -- 
inp_a[0]      --      --     --      --     --      --     --     --        -- 
inp_a[1]      --      --     --      --     --      --     --     --        -- 
inp_a[2]      --      --     --      --     --      --     --     --        -- 
inp_a[3]      --      --     --      --     --      --     --     --        -- 
inp_a[4]      --      --     --      --     --      --     --     --        -- 
inp_a[5]      --      --     --      --     --      --     --     --        -- 
inp_a[6]      --      --     --      --     --      --     --     --        -- 
inp_a[7]      --      --     --      --     --      --     --     --        -- 
inp_a[8]      --      --     --      --     --      --     --     --        -- 
inp_a[9]      --      --     --      --     --      --     --     --        -- 
inp_a[10]     --      --     --      --     --      --     --     --        -- 
inp_a[11]     --      --     --      --     --      --     --     --        -- 
inp_a[12]     --      --     --      --     --      --     --     --        -- 
inp_a[13]     --      --     --      --     --      --     --     --        -- 
inp_a[14]     --      --     --      --     --      --     --     --        -- 
inp_a[15]     --      --     --      --     --      --     --     --        -- 
inp_b[0]      --      --     --      --     --      --     --     --        -- 
inp_b[1]      --      --     --      --     --      --     --     --        -- 
inp_b[2]      --      --     --      --     --      --     --     --        -- 
inp_b[3]      --      --     --      --     --      --     --     --        -- 
inp_b[4]      --      --     --      --     --      --     --     --        -- 
inp_b[5]      --      --     --      --     --      --     --     --        -- 
inp_b[6]      --      --     --      --     --      --     --     --        -- 
inp_b[7]      --      --     --      --     --      --     --     --        -- 
inp_b[8]      --      --     --      --     --      --     --     --        -- 
inp_b[9]      --      --     --      --     --      --     --     --        -- 
inp_b[10]     --      --     --      --     --      --     --     --        -- 
inp_b[11]     --      --     --      --     --      --     --     --        -- 
inp_b[12]     --      --     --      --     --      --     --     --        -- 
inp_b[13]     --      --     --      --     --      --     --     --        -- 
inp_b[14]     --      --     --      --     --      --     --     --        -- 
inp_b[15]     --      --     --      --     --      --     --     --        -- 
rst           --      --     --      --     --      --     --     --        -- 


               Max Tran        Min Tran
Input Port    Rise    Fall    Rise    Fall
--------------------------------------------------------------------------------
clk           --      --      --      -- 
inp_a[0]      --      --      --      -- 
inp_a[1]      --      --      --      -- 
inp_a[2]      --      --      --      -- 
inp_a[3]      --      --      --      -- 
inp_a[4]      --      --      --      -- 
inp_a[5]      --      --      --      -- 
inp_a[6]      --      --      --      -- 
inp_a[7]      --      --      --      -- 
inp_a[8]      --      --      --      -- 
inp_a[9]      --      --      --      -- 
inp_a[10]     --      --      --      -- 
inp_a[11]     --      --      --      -- 
inp_a[12]     --      --      --      -- 
inp_a[13]     --      --      --      -- 
inp_a[14]     --      --      --      -- 
inp_a[15]     --      --      --      -- 
inp_b[0]      --      --      --      -- 
inp_b[1]      --      --      --      -- 
inp_b[2]      --      --      --      -- 
inp_b[3]      --      --      --      -- 
inp_b[4]      --      --      --      -- 
inp_b[5]      --      --      --      -- 
inp_b[6]      --      --      --      -- 
inp_b[7]      --      --      --      -- 
inp_b[8]      --      --      --      -- 
inp_b[9]      --      --      --      -- 
inp_b[10]     --      --      --      -- 
inp_b[11]     --      --      --      -- 
inp_b[12]     --      --      --      -- 
inp_b[13]     --      --      --      -- 
inp_b[14]     --      --      --      -- 
inp_b[15]     --      --      --      -- 
rst           --      --      --      -- 


                    Output Delay
                  Min             Max      Related  Fanout
Output Port   Rise    Fall    Rise    Fall  Clock     Load
--------------------------------------------------------------------------------
prod[0]       0.01    0.01    0.01    0.01  clk       0.00  
prod[1]       0.01    0.01    0.01    0.01  clk       0.00  
prod[2]       0.01    0.01    0.01    0.01  clk       0.00  
prod[3]       0.01    0.01    0.01    0.01  clk       0.00  
prod[4]       0.01    0.01    0.01    0.01  clk       0.00  
prod[5]       0.01    0.01    0.01    0.01  clk       0.00  
prod[6]       0.01    0.01    0.01    0.01  clk       0.00  
prod[7]       0.01    0.01    0.01    0.01  clk       0.00  
prod[8]       0.01    0.01    0.01    0.01  clk       0.00  
prod[9]       0.01    0.01    0.01    0.01  clk       0.00  
prod[10]      0.01    0.01    0.01    0.01  clk       0.00  
prod[11]      0.01    0.01    0.01    0.01  clk       0.00  
prod[12]      0.01    0.01    0.01    0.01  clk       0.00  
prod[13]      0.01    0.01    0.01    0.01  clk       0.00  
prod[14]      0.01    0.01    0.01    0.01  clk       0.00  
prod[15]      0.01    0.01    0.01    0.01  clk       0.00  
prod[16]      0.01    0.01    0.01    0.01  clk       0.00  
prod[17]      0.01    0.01    0.01    0.01  clk       0.00  
prod[18]      0.01    0.01    0.01    0.01  clk       0.00  
prod[19]      0.01    0.01    0.01    0.01  clk       0.00  
prod[20]      0.01    0.01    0.01    0.01  clk       0.00  
prod[21]      0.01    0.01    0.01    0.01  clk       0.00  
prod[22]      0.01    0.01    0.01    0.01  clk       0.00  
prod[23]      0.01    0.01    0.01    0.01  clk       0.00  
prod[24]      0.01    0.01    0.01    0.01  clk       0.00  
prod[25]      0.01    0.01    0.01    0.01  clk       0.00  
prod[26]      0.01    0.01    0.01    0.01  clk       0.00  
prod[27]      0.01    0.01    0.01    0.01  clk       0.00  
prod[28]      0.01    0.01    0.01    0.01  clk       0.00  
prod[29]      0.01    0.01    0.01    0.01  clk       0.00  
prod[30]      0.01    0.01    0.01    0.01  clk       0.00  
prod[31]      0.01    0.01    0.01    0.01  clk       0.00  

1
 
****************************************
Report : compile_options
Design : mult
Version: V-2023.12-SP5
Date   : Wed Sep 23 13:15:45 2026
****************************************

Design                                   Compile Option         Value
--------------------------------------------------------------------------------
mult                                     flatten                false
                                         structure              true
                                         structure_boolean      false
                                         structure_timing       true
                                         isolate_port           disabled
                                         multibit_options
                                           optimization_mode    non_timing_driven
                                           minimum_width        2
                                           exclude_registers_with_timing_exceptions false
--------------------------------------------------------------------------------
1
