 
****************************************
Report : timing
        -path full
        -delay max
        -nworst 100
        -max_paths 100
Design : mult
Version: V-2023.12-SP5
Date   : Tue Sep 22 17:38:20 2026
****************************************

Operating Conditions: tt0p8v25c   Library: N16ADFP_StdCelltt0p8v25c
Wire Load Model Mode: segmented

  Startpoint: inp_a[13] (input port clocked by clk)
  Endpoint: prod_reg[22]
            (rising edge-triggered flip-flop clocked by clk)
  Path Group: clk
  Path Type: max

  Des/Clust/Port     Wire Load Model       Library
  ------------------------------------------------
  mult               ZeroWireload          N16ADFP_StdCelltt0p8v25c

  Point                                    Incr       Path
  -----------------------------------------------------------
  clock clk (rise edge)                    0.00       0.00
  clock network delay (ideal)              0.00       0.00
  input external delay                     0.01       0.01 f
  inp_a[13] (in)                           0.00       0.01 f
  U160/ZN (CKND2BWP20P90)                  0.01       0.02 r
  U161/ZN (INVD4BWP20P90)                  0.01       0.03 f
  U240/ZN (XNR2D8BWP20P90)                 0.02       0.05 r
  U105/ZN (INVD4BWP20P90)                  0.01       0.06 f
  U128/ZN (CKND2BWP20P90)                  0.01       0.07 r
  U326/ZN (OAI22D1BWP20P90)                0.02       0.09 f
  U357/S (FA1D1BWP20P90)                   0.05       0.15 r
  U407/S (FA1D1BWP20P90)                   0.05       0.19 f
  U573/Z (XOR2D1BWP20P90)                  0.03       0.22 r
  U574/Z (XOR2D1BWP20P90)                  0.03       0.25 f
  U79/ZN (NR2D1BWP20P90)                   0.01       0.26 r
  U589/ZN (OAI21D1BWP20P90)                0.02       0.28 f
  U111/ZN (AOI21D4BWP20P90)                0.01       0.29 r
  U594/ZN (OAI21D4BWP20P90)                0.02       0.31 f
  U854/ZN (AOI21D1BWP20P90)                0.01       0.32 r
  U857/Z (XOR2D1BWP20P90)                  0.02       0.34 r
  prod_reg[22]/D (DFCNQD2BWP20P90)         0.00       0.34 r
  data arrival time                                   0.34

  clock clk (rise edge)                    0.36       0.36
  clock network delay (ideal)              0.00       0.36
  clock uncertainty                       -0.01       0.35
  prod_reg[22]/CP (DFCNQD2BWP20P90)        0.00       0.35 r
  library setup time                      -0.01       0.34
  data required time                                  0.34
  -----------------------------------------------------------
  data required time                                  0.34
  data arrival time                                  -0.34
  -----------------------------------------------------------
  slack (MET)                                         0.00


  Startpoint: inp_a[7] (input port clocked by clk)
  Endpoint: prod_reg[28]
            (rising edge-triggered flip-flop clocked by clk)
  Path Group: clk
  Path Type: max

  Des/Clust/Port     Wire Load Model       Library
  ------------------------------------------------
  mult               ZeroWireload          N16ADFP_StdCelltt0p8v25c

  Point                                    Incr       Path
  -----------------------------------------------------------
  clock clk (rise edge)                    0.00       0.00
  clock network delay (ideal)              0.00       0.00
  input external delay                     0.01       0.01 r
  inp_a[7] (in)                            0.01       0.02 r
  U168/Z (XOR2D2BWP20P90)                  0.03       0.05 f
  U169/ZN (CKND2BWP20P90)                  0.01       0.06 r
  U116/ZN (ND2D4BWP20P90)                  0.02       0.08 f
  U628/ZN (OAI22D1BWP20P90)                0.02       0.09 r
  U660/S (FA1D1BWP20P90)                   0.05       0.14 f
  U171/Z (XOR2D1BWP20P90)                  0.02       0.16 r
  U46/Z (XOR2D2BWP20P90)                   0.03       0.19 f
  U669/S (FA1D1BWP20P90)                   0.05       0.24 r
  U655/ZN (NR2D1BWP20P90)                  0.01       0.26 f
  U656/ZN (CKND2BWP20P90)                  0.01       0.26 r
  U671/ZN (ND2D2BWP20P90)                  0.01       0.28 f
  U684/ZN (NR2D1BWP20P90)                  0.01       0.29 r
  U697/ZN (ND2D1BWP20P90)                  0.01       0.30 f
  U736/ZN (NR2D1BWP20P90)                  0.01       0.31 r
  U753/ZN (AOI21D1BWP20P90)                0.01       0.32 f
  U766/Z (XOR2D1BWP20P90)                  0.02       0.34 r
  prod_reg[28]/D (DFCNQD2BWP20P90)         0.00       0.34 r
  data arrival time                                   0.34

  clock clk (rise edge)                    0.36       0.36
  clock network delay (ideal)              0.00       0.36
  clock uncertainty                       -0.01       0.35
  prod_reg[28]/CP (DFCNQD2BWP20P90)        0.00       0.35 r
  library setup time                      -0.01       0.34
  data required time                                  0.34
  -----------------------------------------------------------
  data required time                                  0.34
  data arrival time                                  -0.34
  -----------------------------------------------------------
  slack (MET)                                         0.00


  Startpoint: inp_a[7] (input port clocked by clk)
  Endpoint: prod_reg[30]
            (rising edge-triggered flip-flop clocked by clk)
  Path Group: clk
  Path Type: max

  Des/Clust/Port     Wire Load Model       Library
  ------------------------------------------------
  mult               ZeroWireload          N16ADFP_StdCelltt0p8v25c

  Point                                    Incr       Path
  -----------------------------------------------------------
  clock clk (rise edge)                    0.00       0.00
  clock network delay (ideal)              0.00       0.00
  input external delay                     0.01       0.01 r
  inp_a[7] (in)                            0.01       0.02 r
  U168/Z (XOR2D2BWP20P90)                  0.03       0.05 f
  U169/ZN (CKND2BWP20P90)                  0.01       0.06 r
  U116/ZN (ND2D4BWP20P90)                  0.02       0.08 f
  U628/ZN (OAI22D1BWP20P90)                0.02       0.09 r
  U660/S (FA1D1BWP20P90)                   0.05       0.14 f
  U171/Z (XOR2D1BWP20P90)                  0.02       0.16 r
  U46/Z (XOR2D2BWP20P90)                   0.03       0.19 f
  U669/S (FA1D1BWP20P90)                   0.05       0.24 r
  U655/ZN (NR2D1BWP20P90)                  0.01       0.26 f
  U656/ZN (CKND2BWP20P90)                  0.01       0.26 r
  U671/ZN (ND2D2BWP20P90)                  0.01       0.28 f
  U770/ZN (NR2D1BWP20P90)                  0.01       0.29 r
  U779/ZN (ND2D1BWP20P90)                  0.01       0.30 f
  U780/ZN (NR2D1BWP20P90)                  0.01       0.31 r
  U789/ZN (AOI21D1BWP20P90)                0.01       0.32 f
  U800/Z (XOR2D1BWP20P90)                  0.02       0.34 r
  prod_reg[30]/D (DFCNQD2BWP20P90)         0.00       0.34 r
  data arrival time                                   0.34

  clock clk (rise edge)                    0.36       0.36
  clock network delay (ideal)              0.00       0.36
  clock uncertainty                       -0.01       0.35
  prod_reg[30]/CP (DFCNQD2BWP20P90)        0.00       0.35 r
  library setup time                      -0.01       0.34
  data required time                                  0.34
  -----------------------------------------------------------
  data required time                                  0.34
  data arrival time                                  -0.34
  -----------------------------------------------------------
  slack (MET)                                         0.00


  Startpoint: inp_a[13] (input port clocked by clk)
  Endpoint: prod_reg[23]
            (rising edge-triggered flip-flop clocked by clk)
  Path Group: clk
  Path Type: max

  Des/Clust/Port     Wire Load Model       Library
  ------------------------------------------------
  mult               ZeroWireload          N16ADFP_StdCelltt0p8v25c

  Point                                    Incr       Path
  -----------------------------------------------------------
  clock clk (rise edge)                    0.00       0.00
  clock network delay (ideal)              0.00       0.00
  input external delay                     0.01       0.01 f
  inp_a[13] (in)                           0.00       0.01 f
  U160/ZN (CKND2BWP20P90)                  0.01       0.02 r
  U161/ZN (INVD4BWP20P90)                  0.01       0.03 f
  U240/ZN (XNR2D8BWP20P90)                 0.02       0.05 r
  U105/ZN (INVD4BWP20P90)                  0.01       0.06 f
  U128/ZN (CKND2BWP20P90)                  0.01       0.07 r
  U326/ZN (OAI22D1BWP20P90)                0.02       0.09 f
  U357/S (FA1D1BWP20P90)                   0.05       0.15 r
  U407/S (FA1D1BWP20P90)                   0.05       0.19 f
  U573/Z (XOR2D1BWP20P90)                  0.03       0.22 r
  U574/Z (XOR2D1BWP20P90)                  0.03       0.25 f
  U79/ZN (NR2D1BWP20P90)                   0.01       0.26 r
  U589/ZN (OAI21D1BWP20P90)                0.02       0.28 f
  U111/ZN (AOI21D4BWP20P90)                0.01       0.29 r
  U594/ZN (OAI21D4BWP20P90)                0.02       0.31 f
  U867/ZN (AOI21D1BWP20P90)                0.01       0.32 r
  U870/Z (XOR2D1BWP20P90)                  0.02       0.34 r
  prod_reg[23]/D (DFCNQD2BWP20P90)         0.00       0.34 r
  data arrival time                                   0.34

  clock clk (rise edge)                    0.36       0.36
  clock network delay (ideal)              0.00       0.36
  clock uncertainty                       -0.01       0.35
  prod_reg[23]/CP (DFCNQD2BWP20P90)        0.00       0.35 r
  library setup time                      -0.01       0.34
  data required time                                  0.34
  -----------------------------------------------------------
  data required time                                  0.34
  data arrival time                                  -0.34
  -----------------------------------------------------------
  slack (MET)                                         0.00


  Startpoint: inp_a[13] (input port clocked by clk)
  Endpoint: prod_reg[25]
            (rising edge-triggered flip-flop clocked by clk)
  Path Group: clk
  Path Type: max

  Des/Clust/Port     Wire Load Model       Library
  ------------------------------------------------
  mult               ZeroWireload          N16ADFP_StdCelltt0p8v25c

  Point                                    Incr       Path
  -----------------------------------------------------------
  clock clk (rise edge)                    0.00       0.00
  clock network delay (ideal)              0.00       0.00
  input external delay                     0.01       0.01 f
  inp_a[13] (in)                           0.00       0.01 f
  U160/ZN (CKND2BWP20P90)                  0.01       0.02 r
  U161/ZN (INVD4BWP20P90)                  0.01       0.03 f
  U240/ZN (XNR2D8BWP20P90)                 0.02       0.05 r
  U105/ZN (INVD4BWP20P90)                  0.01       0.06 f
  U128/ZN (CKND2BWP20P90)                  0.01       0.07 r
  U326/ZN (OAI22D1BWP20P90)                0.02       0.09 f
  U357/S (FA1D1BWP20P90)                   0.05       0.15 r
  U407/S (FA1D1BWP20P90)                   0.05       0.19 f
  U573/Z (XOR2D1BWP20P90)                  0.03       0.22 r
  U574/Z (XOR2D1BWP20P90)                  0.03       0.25 f
  U79/ZN (NR2D1BWP20P90)                   0.01       0.26 r
  U589/ZN (OAI21D1BWP20P90)                0.02       0.28 f
  U111/ZN (AOI21D4BWP20P90)                0.01       0.29 r
  U594/ZN (OAI21D4BWP20P90)                0.02       0.31 f
  U823/ZN (AOI21D1BWP20P90)                0.01       0.32 r
  U825/Z (XOR2D1BWP20P90)                  0.02       0.34 r
  prod_reg[25]/D (DFCNQD2BWP20P90)         0.00       0.34 r
  data arrival time                                   0.34

  clock clk (rise edge)                    0.36       0.36
  clock network delay (ideal)              0.00       0.36
  clock uncertainty                       -0.01       0.35
  prod_reg[25]/CP (DFCNQD2BWP20P90)        0.00       0.35 r
  library setup time                      -0.01       0.34
  data required time                                  0.34
  -----------------------------------------------------------
  data required time                                  0.34
  data arrival time                                  -0.34
  -----------------------------------------------------------
  slack (MET)                                         0.00


  Startpoint: inp_a[13] (input port clocked by clk)
  Endpoint: prod_reg[26]
            (rising edge-triggered flip-flop clocked by clk)
  Path Group: clk
  Path Type: max

  Des/Clust/Port     Wire Load Model       Library
  ------------------------------------------------
  mult               ZeroWireload          N16ADFP_StdCelltt0p8v25c

  Point                                    Incr       Path
  -----------------------------------------------------------
  clock clk (rise edge)                    0.00       0.00
  clock network delay (ideal)              0.00       0.00
  input external delay                     0.01       0.01 f
  inp_a[13] (in)                           0.00       0.01 f
  U160/ZN (CKND2BWP20P90)                  0.01       0.02 r
  U161/ZN (INVD4BWP20P90)                  0.01       0.03 f
  U240/ZN (XNR2D8BWP20P90)                 0.02       0.05 r
  U105/ZN (INVD4BWP20P90)                  0.01       0.06 f
  U128/ZN (CKND2BWP20P90)                  0.01       0.07 r
  U326/ZN (OAI22D1BWP20P90)                0.02       0.09 f
  U357/S (FA1D1BWP20P90)                   0.05       0.15 r
  U407/S (FA1D1BWP20P90)                   0.05       0.19 f
  U573/Z (XOR2D1BWP20P90)                  0.03       0.22 r
  U574/Z (XOR2D1BWP20P90)                  0.03       0.25 f
  U79/ZN (NR2D1BWP20P90)                   0.01       0.26 r
  U589/ZN (OAI21D1BWP20P90)                0.02       0.28 f
  U111/ZN (AOI21D4BWP20P90)                0.01       0.29 r
  U594/ZN (OAI21D4BWP20P90)                0.02       0.31 f
  U810/ZN (AOI21D1BWP20P90)                0.01       0.32 r
  U813/Z (XOR2D1BWP20P90)                  0.02       0.34 r
  prod_reg[26]/D (DFCNQD2BWP20P90)         0.00       0.34 r
  data arrival time                                   0.34

  clock clk (rise edge)                    0.36       0.36
  clock network delay (ideal)              0.00       0.36
  clock uncertainty                       -0.01       0.35
  prod_reg[26]/CP (DFCNQD2BWP20P90)        0.00       0.35 r
  library setup time                      -0.01       0.34
  data required time                                  0.34
  -----------------------------------------------------------
  data required time                                  0.34
  data arrival time                                  -0.34
  -----------------------------------------------------------
  slack (MET)                                         0.00


  Startpoint: inp_a[13] (input port clocked by clk)
  Endpoint: prod_reg[28]
            (rising edge-triggered flip-flop clocked by clk)
  Path Group: clk
  Path Type: max

  Des/Clust/Port     Wire Load Model       Library
  ------------------------------------------------
  mult               ZeroWireload          N16ADFP_StdCelltt0p8v25c

  Point                                    Incr       Path
  -----------------------------------------------------------
  clock clk (rise edge)                    0.00       0.00
  clock network delay (ideal)              0.00       0.00
  input external delay                     0.01       0.01 f
  inp_a[13] (in)                           0.00       0.01 f
  U160/ZN (CKND2BWP20P90)                  0.01       0.02 r
  U161/ZN (INVD4BWP20P90)                  0.01       0.03 f
  U240/ZN (XNR2D8BWP20P90)                 0.02       0.05 r
  U105/ZN (INVD4BWP20P90)                  0.01       0.06 f
  U128/ZN (CKND2BWP20P90)                  0.01       0.07 r
  U326/ZN (OAI22D1BWP20P90)                0.02       0.09 f
  U357/S (FA1D1BWP20P90)                   0.05       0.15 r
  U407/S (FA1D1BWP20P90)                   0.05       0.19 f
  U573/Z (XOR2D1BWP20P90)                  0.03       0.22 r
  U574/Z (XOR2D1BWP20P90)                  0.03       0.25 f
  U79/ZN (NR2D1BWP20P90)                   0.01       0.26 r
  U589/ZN (OAI21D1BWP20P90)                0.02       0.28 f
  U111/ZN (AOI21D4BWP20P90)                0.01       0.29 r
  U594/ZN (OAI21D4BWP20P90)                0.02       0.31 f
  U753/ZN (AOI21D1BWP20P90)                0.01       0.32 r
  U766/Z (XOR2D1BWP20P90)                  0.02       0.34 r
  prod_reg[28]/D (DFCNQD2BWP20P90)         0.00       0.34 r
  data arrival time                                   0.34

  clock clk (rise edge)                    0.36       0.36
  clock network delay (ideal)              0.00       0.36
  clock uncertainty                       -0.01       0.35
  prod_reg[28]/CP (DFCNQD2BWP20P90)        0.00       0.35 r
  library setup time                      -0.01       0.34
  data required time                                  0.34
  -----------------------------------------------------------
  data required time                                  0.34
  data arrival time                                  -0.34
  -----------------------------------------------------------
  slack (MET)                                         0.00


  Startpoint: inp_a[13] (input port clocked by clk)
  Endpoint: prod_reg[30]
            (rising edge-triggered flip-flop clocked by clk)
  Path Group: clk
  Path Type: max

  Des/Clust/Port     Wire Load Model       Library
  ------------------------------------------------
  mult               ZeroWireload          N16ADFP_StdCelltt0p8v25c

  Point                                    Incr       Path
  -----------------------------------------------------------
  clock clk (rise edge)                    0.00       0.00
  clock network delay (ideal)              0.00       0.00
  input external delay                     0.01       0.01 f
  inp_a[13] (in)                           0.00       0.01 f
  U160/ZN (CKND2BWP20P90)                  0.01       0.02 r
  U161/ZN (INVD4BWP20P90)                  0.01       0.03 f
  U240/ZN (XNR2D8BWP20P90)                 0.02       0.05 r
  U105/ZN (INVD4BWP20P90)                  0.01       0.06 f
  U128/ZN (CKND2BWP20P90)                  0.01       0.07 r
  U326/ZN (OAI22D1BWP20P90)                0.02       0.09 f
  U357/S (FA1D1BWP20P90)                   0.05       0.15 r
  U407/S (FA1D1BWP20P90)                   0.05       0.19 f
  U573/Z (XOR2D1BWP20P90)                  0.03       0.22 r
  U574/Z (XOR2D1BWP20P90)                  0.03       0.25 f
  U79/ZN (NR2D1BWP20P90)                   0.01       0.26 r
  U589/ZN (OAI21D1BWP20P90)                0.02       0.28 f
  U111/ZN (AOI21D4BWP20P90)                0.01       0.29 r
  U594/ZN (OAI21D4BWP20P90)                0.02       0.31 f
  U789/ZN (AOI21D1BWP20P90)                0.01       0.32 r
  U800/Z (XOR2D1BWP20P90)                  0.02       0.34 r
  prod_reg[30]/D (DFCNQD2BWP20P90)         0.00       0.34 r
  data arrival time                                   0.34

  clock clk (rise edge)                    0.36       0.36
  clock network delay (ideal)              0.00       0.36
  clock uncertainty                       -0.01       0.35
  prod_reg[30]/CP (DFCNQD2BWP20P90)        0.00       0.35 r
  library setup time                      -0.01       0.34
  data required time                                  0.34
  -----------------------------------------------------------
  data required time                                  0.34
  data arrival time                                  -0.34
  -----------------------------------------------------------
  slack (MET)                                         0.00


  Startpoint: inp_a[13] (input port clocked by clk)
  Endpoint: prod_reg[29]
            (rising edge-triggered flip-flop clocked by clk)
  Path Group: clk
  Path Type: max

  Des/Clust/Port     Wire Load Model       Library
  ------------------------------------------------
  mult               ZeroWireload          N16ADFP_StdCelltt0p8v25c

  Point                                    Incr       Path
  -----------------------------------------------------------
  clock clk (rise edge)                    0.00       0.00
  clock network delay (ideal)              0.00       0.00
  input external delay                     0.01       0.01 f
  inp_a[13] (in)                           0.00       0.01 f
  U160/ZN (CKND2BWP20P90)                  0.01       0.02 r
  U161/ZN (INVD4BWP20P90)                  0.01       0.03 f
  U240/ZN (XNR2D8BWP20P90)                 0.02       0.05 r
  U105/ZN (INVD4BWP20P90)                  0.01       0.06 f
  U128/ZN (CKND2BWP20P90)                  0.01       0.07 r
  U326/ZN (OAI22D1BWP20P90)                0.02       0.09 f
  U357/S (FA1D1BWP20P90)                   0.05       0.15 r
  U407/S (FA1D1BWP20P90)                   0.05       0.19 f
  U573/Z (XOR2D1BWP20P90)                  0.03       0.22 r
  U574/Z (XOR2D1BWP20P90)                  0.03       0.25 f
  U79/ZN (NR2D1BWP20P90)                   0.01       0.26 r
  U589/ZN (OAI21D1BWP20P90)                0.02       0.28 f
  U111/ZN (AOI21D4BWP20P90)                0.01       0.29 r
  U594/ZN (OAI21D4BWP20P90)                0.02       0.31 f
  U818/ZN (AOI21D1BWP20P90)                0.01       0.32 r
  U820/Z (XOR2D1BWP20P90)                  0.02       0.34 r
  prod_reg[29]/D (DFCNQD2BWP20P90)         0.00       0.34 r
  data arrival time                                   0.34

  clock clk (rise edge)                    0.36       0.36
  clock network delay (ideal)              0.00       0.36
  clock uncertainty                       -0.01       0.35
  prod_reg[29]/CP (DFCNQD2BWP20P90)        0.00       0.35 r
  library setup time                      -0.01       0.34
  data required time                                  0.34
  -----------------------------------------------------------
  data required time                                  0.34
  data arrival time                                  -0.34
  -----------------------------------------------------------
  slack (MET)                                         0.00


  Startpoint: inp_a[13] (input port clocked by clk)
  Endpoint: prod_reg[27]
            (rising edge-triggered flip-flop clocked by clk)
  Path Group: clk
  Path Type: max

  Des/Clust/Port     Wire Load Model       Library
  ------------------------------------------------
  mult               ZeroWireload          N16ADFP_StdCelltt0p8v25c

  Point                                    Incr       Path
  -----------------------------------------------------------
  clock clk (rise edge)                    0.00       0.00
  clock network delay (ideal)              0.00       0.00
  input external delay                     0.01       0.01 f
  inp_a[13] (in)                           0.00       0.01 f
  U160/ZN (CKND2BWP20P90)                  0.01       0.02 r
  U161/ZN (INVD4BWP20P90)                  0.01       0.03 f
  U240/ZN (XNR2D8BWP20P90)                 0.02       0.05 r
  U105/ZN (INVD4BWP20P90)                  0.01       0.06 f
  U128/ZN (CKND2BWP20P90)                  0.01       0.07 r
  U326/ZN (OAI22D1BWP20P90)                0.02       0.09 f
  U357/S (FA1D1BWP20P90)                   0.05       0.15 r
  U407/S (FA1D1BWP20P90)                   0.05       0.19 f
  U573/Z (XOR2D1BWP20P90)                  0.03       0.22 r
  U574/Z (XOR2D1BWP20P90)                  0.03       0.25 f
  U79/ZN (NR2D1BWP20P90)                   0.01       0.26 r
  U589/ZN (OAI21D1BWP20P90)                0.02       0.28 f
  U111/ZN (AOI21D4BWP20P90)                0.01       0.29 r
  U594/ZN (OAI21D4BWP20P90)                0.02       0.31 f
  U805/ZN (AOI21D1BWP20P90)                0.01       0.32 r
  U807/Z (XOR2D1BWP20P90)                  0.02       0.34 r
  prod_reg[27]/D (DFCNQD2BWP20P90)         0.00       0.34 r
  data arrival time                                   0.34

  clock clk (rise edge)                    0.36       0.36
  clock network delay (ideal)              0.00       0.36
  clock uncertainty                       -0.01       0.35
  prod_reg[27]/CP (DFCNQD2BWP20P90)        0.00       0.35 r
  library setup time                      -0.01       0.34
  data required time                                  0.34
  -----------------------------------------------------------
  data required time                                  0.34
  data arrival time                                  -0.34
  -----------------------------------------------------------
  slack (MET)                                         0.00


  Startpoint: inp_a[13] (input port clocked by clk)
  Endpoint: prod_reg[31]
            (rising edge-triggered flip-flop clocked by clk)
  Path Group: clk
  Path Type: max

  Des/Clust/Port     Wire Load Model       Library
  ------------------------------------------------
  mult               ZeroWireload          N16ADFP_StdCelltt0p8v25c

  Point                                    Incr       Path
  -----------------------------------------------------------
  clock clk (rise edge)                    0.00       0.00
  clock network delay (ideal)              0.00       0.00
  input external delay                     0.01       0.01 f
  inp_a[13] (in)                           0.00       0.01 f
  U160/ZN (CKND2BWP20P90)                  0.01       0.02 r
  U161/ZN (INVD4BWP20P90)                  0.01       0.03 f
  U240/ZN (XNR2D8BWP20P90)                 0.02       0.05 r
  U105/ZN (INVD4BWP20P90)                  0.01       0.06 f
  U128/ZN (CKND2BWP20P90)                  0.01       0.07 r
  U326/ZN (OAI22D1BWP20P90)                0.02       0.09 f
  U357/S (FA1D1BWP20P90)                   0.05       0.15 r
  U407/S (FA1D1BWP20P90)                   0.05       0.19 f
  U573/Z (XOR2D1BWP20P90)                  0.03       0.22 r
  U574/Z (XOR2D1BWP20P90)                  0.03       0.25 f
  U79/ZN (NR2D1BWP20P90)                   0.01       0.26 r
  U589/ZN (OAI21D1BWP20P90)                0.02       0.28 f
  U111/ZN (AOI21D4BWP20P90)                0.01       0.29 r
  U594/ZN (OAI21D4BWP20P90)                0.02       0.31 f
  U833/ZN (AOI21D1BWP20P90)                0.01       0.32 r
  U841/Z (XOR2D1BWP20P90)                  0.02       0.34 r
  prod_reg[31]/D (DFCNQD2BWP20P90)         0.00       0.34 r
  data arrival time                                   0.34

  clock clk (rise edge)                    0.36       0.36
  clock network delay (ideal)              0.00       0.36
  clock uncertainty                       -0.01       0.35
  prod_reg[31]/CP (DFCNQD2BWP20P90)        0.00       0.35 r
  library setup time                      -0.01       0.34
  data required time                                  0.34
  -----------------------------------------------------------
  data required time                                  0.34
  data arrival time                                  -0.34
  -----------------------------------------------------------
  slack (MET)                                         0.00


  Startpoint: inp_a[15] (input port clocked by clk)
  Endpoint: prod_reg[25]
            (rising edge-triggered flip-flop clocked by clk)
  Path Group: clk
  Path Type: max

  Des/Clust/Port     Wire Load Model       Library
  ------------------------------------------------
  mult               ZeroWireload          N16ADFP_StdCelltt0p8v25c

  Point                                    Incr       Path
  -----------------------------------------------------------
  clock clk (rise edge)                    0.00       0.00
  clock network delay (ideal)              0.00       0.00
  input external delay                     0.01       0.01 r
  inp_a[15] (in)                           0.01       0.02 r
  U58/ZN (INVD1BWP20P90)                   0.03       0.05 f
  U601/ZN (NR2D1BWP20P90)                  0.03       0.08 r
  U608/ZN (INVD1BWP20P90)                  0.01       0.09 f
  U633/ZN (XNR3D1BWP20P90)                 0.05       0.14 r
  U644/ZN (MOAI22D1BWP20P90)               0.02       0.16 f
  U654/S (FA1D1BWP20P90)                   0.05       0.21 r
  U717/S (FA1D1BWP20P90)                   0.05       0.25 f
  U720/ZN (NR2D2BWP20P90)                  0.01       0.27 r
  U233/ZN (OAI21D1BWP20P90)                0.02       0.28 f
  U742/ZN (AOI21D4BWP20P90)                0.02       0.30 r
  U822/ZN (OAI21D1BWP20P90)                0.01       0.31 f
  U823/ZN (AOI21D1BWP20P90)                0.01       0.32 r
  U825/Z (XOR2D1BWP20P90)                  0.02       0.34 r
  prod_reg[25]/D (DFCNQD2BWP20P90)         0.00       0.34 r
  data arrival time                                   0.34

  clock clk (rise edge)                    0.36       0.36
  clock network delay (ideal)              0.00       0.36
  clock uncertainty                       -0.01       0.35
  prod_reg[25]/CP (DFCNQD2BWP20P90)        0.00       0.35 r
  library setup time                      -0.01       0.34
  data required time                                  0.34
  -----------------------------------------------------------
  data required time                                  0.34
  data arrival time                                  -0.34
  -----------------------------------------------------------
  slack (MET)                                         0.00


  Startpoint: inp_a[15] (input port clocked by clk)
  Endpoint: prod_reg[25]
            (rising edge-triggered flip-flop clocked by clk)
  Path Group: clk
  Path Type: max

  Des/Clust/Port     Wire Load Model       Library
  ------------------------------------------------
  mult               ZeroWireload          N16ADFP_StdCelltt0p8v25c

  Point                                    Incr       Path
  -----------------------------------------------------------
  clock clk (rise edge)                    0.00       0.00
  clock network delay (ideal)              0.00       0.00
  input external delay                     0.01       0.01 r
  inp_a[15] (in)                           0.01       0.02 r
  U58/ZN (INVD1BWP20P90)                   0.03       0.05 f
  U601/ZN (NR2D1BWP20P90)                  0.03       0.08 r
  U608/ZN (INVD1BWP20P90)                  0.01       0.09 f
  U633/ZN (XNR3D1BWP20P90)                 0.05       0.14 r
  U644/ZN (MOAI22D1BWP20P90)               0.02       0.16 f
  U654/S (FA1D1BWP20P90)                   0.05       0.21 r
  U717/S (FA1D1BWP20P90)                   0.05       0.25 f
  U720/ZN (NR2D2BWP20P90)                  0.01       0.27 r
  U233/ZN (OAI21D1BWP20P90)                0.02       0.28 f
  U742/ZN (AOI21D4BWP20P90)                0.02       0.30 r
  U822/ZN (OAI21D1BWP20P90)                0.01       0.31 f
  U823/ZN (AOI21D1BWP20P90)                0.01       0.32 r
  U825/Z (XOR2D1BWP20P90)                  0.02       0.34 r
  prod_reg[25]/D (DFCNQD2BWP20P90)         0.00       0.34 r
  data arrival time                                   0.34

  clock clk (rise edge)                    0.36       0.36
  clock network delay (ideal)              0.00       0.36
  clock uncertainty                       -0.01       0.35
  prod_reg[25]/CP (DFCNQD2BWP20P90)        0.00       0.35 r
  library setup time                      -0.01       0.34
  data required time                                  0.34
  -----------------------------------------------------------
  data required time                                  0.34
  data arrival time                                  -0.34
  -----------------------------------------------------------
  slack (MET)                                         0.00


  Startpoint: inp_a[13] (input port clocked by clk)
  Endpoint: prod_reg[21]
            (rising edge-triggered flip-flop clocked by clk)
  Path Group: clk
  Path Type: max

  Des/Clust/Port     Wire Load Model       Library
  ------------------------------------------------
  mult               ZeroWireload          N16ADFP_StdCelltt0p8v25c

  Point                                    Incr       Path
  -----------------------------------------------------------
  clock clk (rise edge)                    0.00       0.00
  clock network delay (ideal)              0.00       0.00
  input external delay                     0.01       0.01 f
  inp_a[13] (in)                           0.00       0.01 f
  U160/ZN (CKND2BWP20P90)                  0.01       0.02 r
  U161/ZN (INVD4BWP20P90)                  0.01       0.03 f
  U240/ZN (XNR2D8BWP20P90)                 0.02       0.05 r
  U105/ZN (INVD4BWP20P90)                  0.01       0.06 f
  U128/ZN (CKND2BWP20P90)                  0.01       0.07 r
  U326/ZN (OAI22D1BWP20P90)                0.02       0.09 f
  U357/S (FA1D1BWP20P90)                   0.05       0.15 r
  U407/S (FA1D1BWP20P90)                   0.05       0.19 f
  U573/Z (XOR2D1BWP20P90)                  0.03       0.22 r
  U574/Z (XOR2D1BWP20P90)                  0.03       0.25 f
  U79/ZN (NR2D1BWP20P90)                   0.01       0.26 r
  U589/ZN (OAI21D1BWP20P90)                0.02       0.28 f
  U111/ZN (AOI21D4BWP20P90)                0.01       0.29 r
  U594/ZN (OAI21D4BWP20P90)                0.02       0.31 f
  U850/ZN (IAOI21D1BWP20P90)               0.01       0.32 r
  U853/Z (XOR2D1BWP20P90)                  0.02       0.34 r
  prod_reg[21]/D (DFCNQD2BWP20P90)         0.00       0.34 r
  data arrival time                                   0.34

  clock clk (rise edge)                    0.36       0.36
  clock network delay (ideal)              0.00       0.36
  clock uncertainty                       -0.01       0.35
  prod_reg[21]/CP (DFCNQD2BWP20P90)        0.00       0.35 r
  library setup time                      -0.01       0.34
  data required time                                  0.34
  -----------------------------------------------------------
  data required time                                  0.34
  data arrival time                                  -0.34
  -----------------------------------------------------------
  slack (MET)                                         0.00


  Startpoint: inp_a[13] (input port clocked by clk)
  Endpoint: prod_reg[29]
            (rising edge-triggered flip-flop clocked by clk)
  Path Group: clk
  Path Type: max

  Des/Clust/Port     Wire Load Model       Library
  ------------------------------------------------
  mult               ZeroWireload          N16ADFP_StdCelltt0p8v25c

  Point                                    Incr       Path
  -----------------------------------------------------------
  clock clk (rise edge)                    0.00       0.00
  clock network delay (ideal)              0.00       0.00
  input external delay                     0.01       0.01 f
  inp_a[13] (in)                           0.00       0.01 f
  U160/ZN (CKND2BWP20P90)                  0.01       0.02 r
  U161/ZN (INVD4BWP20P90)                  0.01       0.03 f
  U240/ZN (XNR2D8BWP20P90)                 0.02       0.05 r
  U105/ZN (INVD4BWP20P90)                  0.01       0.06 f
  U102/ZN (CKND8BWP20P90)                  0.01       0.07 r
  U53/ZN (ND2D4BWP20P90)                   0.01       0.08 f
  U326/ZN (OAI22D1BWP20P90)                0.02       0.09 r
  U357/S (FA1D1BWP20P90)                   0.05       0.14 f
  U407/S (FA1D1BWP20P90)                   0.05       0.19 r
  U573/Z (XOR2D1BWP20P90)                  0.03       0.22 f
  U574/Z (XOR2D1BWP20P90)                  0.03       0.25 r
  U79/ZN (NR2D1BWP20P90)                   0.01       0.26 f
  U586/ZN (NR2D1BWP20P90)                  0.02       0.28 r
  U111/ZN (AOI21D4BWP20P90)                0.01       0.29 f
  U594/ZN (OAI21D4BWP20P90)                0.02       0.31 r
  U818/ZN (AOI21D1BWP20P90)                0.02       0.32 f
  U820/Z (XOR2D1BWP20P90)                  0.02       0.34 r
  prod_reg[29]/D (DFCNQD2BWP20P90)         0.00       0.34 r
  data arrival time                                   0.34

  clock clk (rise edge)                    0.36       0.36
  clock network delay (ideal)              0.00       0.36
  clock uncertainty                       -0.01       0.35
  prod_reg[29]/CP (DFCNQD2BWP20P90)        0.00       0.35 r
  library setup time                      -0.01       0.34
  data required time                                  0.34
  -----------------------------------------------------------
  data required time                                  0.34
  data arrival time                                  -0.34
  -----------------------------------------------------------
  slack (MET)                                         0.00


  Startpoint: inp_a[13] (input port clocked by clk)
  Endpoint: prod_reg[26]
            (rising edge-triggered flip-flop clocked by clk)
  Path Group: clk
  Path Type: max

  Des/Clust/Port     Wire Load Model       Library
  ------------------------------------------------
  mult               ZeroWireload          N16ADFP_StdCelltt0p8v25c

  Point                                    Incr       Path
  -----------------------------------------------------------
  clock clk (rise edge)                    0.00       0.00
  clock network delay (ideal)              0.00       0.00
  input external delay                     0.01       0.01 f
  inp_a[13] (in)                           0.00       0.01 f
  U160/ZN (CKND2BWP20P90)                  0.01       0.02 r
  U161/ZN (INVD4BWP20P90)                  0.01       0.03 f
  U240/ZN (XNR2D8BWP20P90)                 0.02       0.05 r
  U105/ZN (INVD4BWP20P90)                  0.01       0.06 f
  U102/ZN (CKND8BWP20P90)                  0.01       0.07 r
  U53/ZN (ND2D4BWP20P90)                   0.01       0.08 f
  U326/ZN (OAI22D1BWP20P90)                0.02       0.09 r
  U357/S (FA1D1BWP20P90)                   0.05       0.14 f
  U407/S (FA1D1BWP20P90)                   0.05       0.19 r
  U573/Z (XOR2D1BWP20P90)                  0.03       0.22 f
  U574/Z (XOR2D1BWP20P90)                  0.03       0.25 r
  U79/ZN (NR2D1BWP20P90)                   0.01       0.26 f
  U586/ZN (NR2D1BWP20P90)                  0.02       0.28 r
  U111/ZN (AOI21D4BWP20P90)                0.01       0.29 f
  U594/ZN (OAI21D4BWP20P90)                0.02       0.31 r
  U810/ZN (AOI21D1BWP20P90)                0.02       0.32 f
  U813/Z (XOR2D1BWP20P90)                  0.02       0.34 r
  prod_reg[26]/D (DFCNQD2BWP20P90)         0.00       0.34 r
  data arrival time                                   0.34

  clock clk (rise edge)                    0.36       0.36
  clock network delay (ideal)              0.00       0.36
  clock uncertainty                       -0.01       0.35
  prod_reg[26]/CP (DFCNQD2BWP20P90)        0.00       0.35 r
  library setup time                      -0.01       0.34
  data required time                                  0.34
  -----------------------------------------------------------
  data required time                                  0.34
  data arrival time                                  -0.34
  -----------------------------------------------------------
  slack (MET)                                         0.00


  Startpoint: inp_a[13] (input port clocked by clk)
  Endpoint: prod_reg[22]
            (rising edge-triggered flip-flop clocked by clk)
  Path Group: clk
  Path Type: max

  Des/Clust/Port     Wire Load Model       Library
  ------------------------------------------------
  mult               ZeroWireload          N16ADFP_StdCelltt0p8v25c

  Point                                    Incr       Path
  -----------------------------------------------------------
  clock clk (rise edge)                    0.00       0.00
  clock network delay (ideal)              0.00       0.00
  input external delay                     0.01       0.01 f
  inp_a[13] (in)                           0.00       0.01 f
  U160/ZN (CKND2BWP20P90)                  0.01       0.02 r
  U161/ZN (INVD4BWP20P90)                  0.01       0.03 f
  U240/ZN (XNR2D8BWP20P90)                 0.02       0.05 r
  U105/ZN (INVD4BWP20P90)                  0.01       0.06 f
  U102/ZN (CKND8BWP20P90)                  0.01       0.07 r
  U53/ZN (ND2D4BWP20P90)                   0.01       0.08 f
  U326/ZN (OAI22D1BWP20P90)                0.02       0.09 r
  U357/S (FA1D1BWP20P90)                   0.05       0.14 f
  U407/S (FA1D1BWP20P90)                   0.05       0.19 r
  U573/Z (XOR2D1BWP20P90)                  0.03       0.22 f
  U574/Z (XOR2D1BWP20P90)                  0.03       0.25 r
  U79/ZN (NR2D1BWP20P90)                   0.01       0.26 f
  U586/ZN (NR2D1BWP20P90)                  0.02       0.28 r
  U111/ZN (AOI21D4BWP20P90)                0.01       0.29 f
  U594/ZN (OAI21D4BWP20P90)                0.02       0.31 r
  U854/ZN (AOI21D1BWP20P90)                0.02       0.32 f
  U857/Z (XOR2D1BWP20P90)                  0.02       0.34 r
  prod_reg[22]/D (DFCNQD2BWP20P90)         0.00       0.34 r
  data arrival time                                   0.34

  clock clk (rise edge)                    0.36       0.36
  clock network delay (ideal)              0.00       0.36
  clock uncertainty                       -0.01       0.35
  prod_reg[22]/CP (DFCNQD2BWP20P90)        0.00       0.35 r
  library setup time                      -0.01       0.34
  data required time                                  0.34
  -----------------------------------------------------------
  data required time                                  0.34
  data arrival time                                  -0.34
  -----------------------------------------------------------
  slack (MET)                                         0.00


  Startpoint: inp_a[13] (input port clocked by clk)
  Endpoint: prod_reg[24]
            (rising edge-triggered flip-flop clocked by clk)
  Path Group: clk
  Path Type: max

  Des/Clust/Port     Wire Load Model       Library
  ------------------------------------------------
  mult               ZeroWireload          N16ADFP_StdCelltt0p8v25c

  Point                                    Incr       Path
  -----------------------------------------------------------
  clock clk (rise edge)                    0.00       0.00
  clock network delay (ideal)              0.00       0.00
  input external delay                     0.01       0.01 f
  inp_a[13] (in)                           0.00       0.01 f
  U160/ZN (CKND2BWP20P90)                  0.01       0.02 r
  U161/ZN (INVD4BWP20P90)                  0.01       0.03 f
  U240/ZN (XNR2D8BWP20P90)                 0.02       0.05 r
  U105/ZN (INVD4BWP20P90)                  0.01       0.06 f
  U102/ZN (CKND8BWP20P90)                  0.01       0.07 r
  U53/ZN (ND2D4BWP20P90)                   0.01       0.08 f
  U326/ZN (OAI22D1BWP20P90)                0.02       0.09 r
  U357/S (FA1D1BWP20P90)                   0.05       0.14 f
  U407/S (FA1D1BWP20P90)                   0.05       0.19 r
  U573/Z (XOR2D1BWP20P90)                  0.03       0.22 f
  U574/Z (XOR2D1BWP20P90)                  0.03       0.25 r
  U79/ZN (NR2D1BWP20P90)                   0.01       0.26 f
  U586/ZN (NR2D1BWP20P90)                  0.02       0.28 r
  U111/ZN (AOI21D4BWP20P90)                0.01       0.29 f
  U594/ZN (OAI21D4BWP20P90)                0.02       0.31 r
  U873/ZN (AOI21D1BWP20P90)                0.02       0.32 f
  U875/Z (XOR2D1BWP20P90)                  0.02       0.34 r
  prod_reg[24]/D (DFCNQD2BWP20P90)         0.00       0.34 r
  data arrival time                                   0.34

  clock clk (rise edge)                    0.36       0.36
  clock network delay (ideal)              0.00       0.36
  clock uncertainty                       -0.01       0.35
  prod_reg[24]/CP (DFCNQD2BWP20P90)        0.00       0.35 r
  library setup time                      -0.01       0.34
  data required time                                  0.34
  -----------------------------------------------------------
  data required time                                  0.34
  data arrival time                                  -0.34
  -----------------------------------------------------------
  slack (MET)                                         0.00


  Startpoint: inp_a[13] (input port clocked by clk)
  Endpoint: prod_reg[28]
            (rising edge-triggered flip-flop clocked by clk)
  Path Group: clk
  Path Type: max

  Des/Clust/Port     Wire Load Model       Library
  ------------------------------------------------
  mult               ZeroWireload          N16ADFP_StdCelltt0p8v25c

  Point                                    Incr       Path
  -----------------------------------------------------------
  clock clk (rise edge)                    0.00       0.00
  clock network delay (ideal)              0.00       0.00
  input external delay                     0.01       0.01 f
  inp_a[13] (in)                           0.00       0.01 f
  U160/ZN (CKND2BWP20P90)                  0.01       0.02 r
  U161/ZN (INVD4BWP20P90)                  0.01       0.03 f
  U240/ZN (XNR2D8BWP20P90)                 0.02       0.05 r
  U105/ZN (INVD4BWP20P90)                  0.01       0.06 f
  U102/ZN (CKND8BWP20P90)                  0.01       0.07 r
  U53/ZN (ND2D4BWP20P90)                   0.01       0.08 f
  U326/ZN (OAI22D1BWP20P90)                0.02       0.09 r
  U357/S (FA1D1BWP20P90)                   0.05       0.14 f
  U407/S (FA1D1BWP20P90)                   0.05       0.19 r
  U573/Z (XOR2D1BWP20P90)                  0.03       0.22 f
  U574/Z (XOR2D1BWP20P90)                  0.03       0.25 r
  U79/ZN (NR2D1BWP20P90)                   0.01       0.26 f
  U586/ZN (NR2D1BWP20P90)                  0.02       0.28 r
  U111/ZN (AOI21D4BWP20P90)                0.01       0.29 f
  U594/ZN (OAI21D4BWP20P90)                0.02       0.31 r
  U753/ZN (AOI21D1BWP20P90)                0.02       0.32 f
  U766/Z (XOR2D1BWP20P90)                  0.02       0.34 r
  prod_reg[28]/D (DFCNQD2BWP20P90)         0.00       0.34 r
  data arrival time                                   0.34

  clock clk (rise edge)                    0.36       0.36
  clock network delay (ideal)              0.00       0.36
  clock uncertainty                       -0.01       0.35
  prod_reg[28]/CP (DFCNQD2BWP20P90)        0.00       0.35 r
  library setup time                      -0.01       0.34
  data required time                                  0.34
  -----------------------------------------------------------
  data required time                                  0.34
  data arrival time                                  -0.34
  -----------------------------------------------------------
  slack (MET)                                         0.00


  Startpoint: inp_a[13] (input port clocked by clk)
  Endpoint: prod_reg[25]
            (rising edge-triggered flip-flop clocked by clk)
  Path Group: clk
  Path Type: max

  Des/Clust/Port     Wire Load Model       Library
  ------------------------------------------------
  mult               ZeroWireload          N16ADFP_StdCelltt0p8v25c

  Point                                    Incr       Path
  -----------------------------------------------------------
  clock clk (rise edge)                    0.00       0.00
  clock network delay (ideal)              0.00       0.00
  input external delay                     0.01       0.01 f
  inp_a[13] (in)                           0.00       0.01 f
  U160/ZN (CKND2BWP20P90)                  0.01       0.02 r
  U161/ZN (INVD4BWP20P90)                  0.01       0.03 f
  U240/ZN (XNR2D8BWP20P90)                 0.02       0.05 r
  U105/ZN (INVD4BWP20P90)                  0.01       0.06 f
  U102/ZN (CKND8BWP20P90)                  0.01       0.07 r
  U53/ZN (ND2D4BWP20P90)                   0.01       0.08 f
  U326/ZN (OAI22D1BWP20P90)                0.02       0.09 r
  U357/S (FA1D1BWP20P90)                   0.05       0.14 f
  U407/S (FA1D1BWP20P90)                   0.05       0.19 r
  U573/Z (XOR2D1BWP20P90)                  0.03       0.22 f
  U574/Z (XOR2D1BWP20P90)                  0.03       0.25 r
  U79/ZN (NR2D1BWP20P90)                   0.01       0.26 f
  U586/ZN (NR2D1BWP20P90)                  0.02       0.28 r
  U111/ZN (AOI21D4BWP20P90)                0.01       0.29 f
  U594/ZN (OAI21D4BWP20P90)                0.02       0.31 r
  U823/ZN (AOI21D1BWP20P90)                0.02       0.32 f
  U825/Z (XOR2D1BWP20P90)                  0.02       0.34 r
  prod_reg[25]/D (DFCNQD2BWP20P90)         0.00       0.34 r
  data arrival time                                   0.34

  clock clk (rise edge)                    0.36       0.36
  clock network delay (ideal)              0.00       0.36
  clock uncertainty                       -0.01       0.35
  prod_reg[25]/CP (DFCNQD2BWP20P90)        0.00       0.35 r
  library setup time                      -0.01       0.34
  data required time                                  0.34
  -----------------------------------------------------------
  data required time                                  0.34
  data arrival time                                  -0.34
  -----------------------------------------------------------
  slack (MET)                                         0.00


  Startpoint: inp_a[13] (input port clocked by clk)
  Endpoint: prod_reg[23]
            (rising edge-triggered flip-flop clocked by clk)
  Path Group: clk
  Path Type: max

  Des/Clust/Port     Wire Load Model       Library
  ------------------------------------------------
  mult               ZeroWireload          N16ADFP_StdCelltt0p8v25c

  Point                                    Incr       Path
  -----------------------------------------------------------
  clock clk (rise edge)                    0.00       0.00
  clock network delay (ideal)              0.00       0.00
  input external delay                     0.01       0.01 f
  inp_a[13] (in)                           0.00       0.01 f
  U160/ZN (CKND2BWP20P90)                  0.01       0.02 r
  U161/ZN (INVD4BWP20P90)                  0.01       0.03 f
  U240/ZN (XNR2D8BWP20P90)                 0.02       0.05 r
  U105/ZN (INVD4BWP20P90)                  0.01       0.06 f
  U102/ZN (CKND8BWP20P90)                  0.01       0.07 r
  U53/ZN (ND2D4BWP20P90)                   0.01       0.08 f
  U326/ZN (OAI22D1BWP20P90)                0.02       0.09 r
  U357/S (FA1D1BWP20P90)                   0.05       0.14 f
  U407/S (FA1D1BWP20P90)                   0.05       0.19 r
  U573/Z (XOR2D1BWP20P90)                  0.03       0.22 f
  U574/Z (XOR2D1BWP20P90)                  0.03       0.25 r
  U79/ZN (NR2D1BWP20P90)                   0.01       0.26 f
  U586/ZN (NR2D1BWP20P90)                  0.02       0.28 r
  U111/ZN (AOI21D4BWP20P90)                0.01       0.29 f
  U594/ZN (OAI21D4BWP20P90)                0.02       0.31 r
  U867/ZN (AOI21D1BWP20P90)                0.02       0.32 f
  U870/Z (XOR2D1BWP20P90)                  0.02       0.34 r
  prod_reg[23]/D (DFCNQD2BWP20P90)         0.00       0.34 r
  data arrival time                                   0.34

  clock clk (rise edge)                    0.36       0.36
  clock network delay (ideal)              0.00       0.36
  clock uncertainty                       -0.01       0.35
  prod_reg[23]/CP (DFCNQD2BWP20P90)        0.00       0.35 r
  library setup time                      -0.01       0.34
  data required time                                  0.34
  -----------------------------------------------------------
  data required time                                  0.34
  data arrival time                                  -0.34
  -----------------------------------------------------------
  slack (MET)                                         0.00


  Startpoint: inp_a[13] (input port clocked by clk)
  Endpoint: prod_reg[30]
            (rising edge-triggered flip-flop clocked by clk)
  Path Group: clk
  Path Type: max

  Des/Clust/Port     Wire Load Model       Library
  ------------------------------------------------
  mult               ZeroWireload          N16ADFP_StdCelltt0p8v25c

  Point                                    Incr       Path
  -----------------------------------------------------------
  clock clk (rise edge)                    0.00       0.00
  clock network delay (ideal)              0.00       0.00
  input external delay                     0.01       0.01 f
  inp_a[13] (in)                           0.00       0.01 f
  U160/ZN (CKND2BWP20P90)                  0.01       0.02 r
  U161/ZN (INVD4BWP20P90)                  0.01       0.03 f
  U240/ZN (XNR2D8BWP20P90)                 0.02       0.05 r
  U105/ZN (INVD4BWP20P90)                  0.01       0.06 f
  U102/ZN (CKND8BWP20P90)                  0.01       0.07 r
  U53/ZN (ND2D4BWP20P90)                   0.01       0.08 f
  U326/ZN (OAI22D1BWP20P90)                0.02       0.09 r
  U357/S (FA1D1BWP20P90)                   0.05       0.14 f
  U407/S (FA1D1BWP20P90)                   0.05       0.19 r
  U573/Z (XOR2D1BWP20P90)                  0.03       0.22 f
  U574/Z (XOR2D1BWP20P90)                  0.03       0.25 r
  U79/ZN (NR2D1BWP20P90)                   0.01       0.26 f
  U586/ZN (NR2D1BWP20P90)                  0.02       0.28 r
  U111/ZN (AOI21D4BWP20P90)                0.01       0.29 f
  U594/ZN (OAI21D4BWP20P90)                0.02       0.31 r
  U789/ZN (AOI21D1BWP20P90)                0.02       0.32 f
  U800/Z (XOR2D1BWP20P90)                  0.02       0.34 r
  prod_reg[30]/D (DFCNQD2BWP20P90)         0.00       0.34 r
  data arrival time                                   0.34

  clock clk (rise edge)                    0.36       0.36
  clock network delay (ideal)              0.00       0.36
  clock uncertainty                       -0.01       0.35
  prod_reg[30]/CP (DFCNQD2BWP20P90)        0.00       0.35 r
  library setup time                      -0.01       0.34
  data required time                                  0.34
  -----------------------------------------------------------
  data required time                                  0.34
  data arrival time                                  -0.34
  -----------------------------------------------------------
  slack (MET)                                         0.00


  Startpoint: inp_a[13] (input port clocked by clk)
  Endpoint: prod_reg[27]
            (rising edge-triggered flip-flop clocked by clk)
  Path Group: clk
  Path Type: max

  Des/Clust/Port     Wire Load Model       Library
  ------------------------------------------------
  mult               ZeroWireload          N16ADFP_StdCelltt0p8v25c

  Point                                    Incr       Path
  -----------------------------------------------------------
  clock clk (rise edge)                    0.00       0.00
  clock network delay (ideal)              0.00       0.00
  input external delay                     0.01       0.01 f
  inp_a[13] (in)                           0.00       0.01 f
  U160/ZN (CKND2BWP20P90)                  0.01       0.02 r
  U161/ZN (INVD4BWP20P90)                  0.01       0.03 f
  U240/ZN (XNR2D8BWP20P90)                 0.02       0.05 r
  U105/ZN (INVD4BWP20P90)                  0.01       0.06 f
  U102/ZN (CKND8BWP20P90)                  0.01       0.07 r
  U53/ZN (ND2D4BWP20P90)                   0.01       0.08 f
  U326/ZN (OAI22D1BWP20P90)                0.02       0.09 r
  U357/S (FA1D1BWP20P90)                   0.05       0.14 f
  U407/S (FA1D1BWP20P90)                   0.05       0.19 r
  U573/Z (XOR2D1BWP20P90)                  0.03       0.22 f
  U574/Z (XOR2D1BWP20P90)                  0.03       0.25 r
  U79/ZN (NR2D1BWP20P90)                   0.01       0.26 f
  U586/ZN (NR2D1BWP20P90)                  0.02       0.28 r
  U111/ZN (AOI21D4BWP20P90)                0.01       0.29 f
  U594/ZN (OAI21D4BWP20P90)                0.02       0.31 r
  U805/ZN (AOI21D1BWP20P90)                0.02       0.32 f
  U807/Z (XOR2D1BWP20P90)                  0.02       0.34 r
  prod_reg[27]/D (DFCNQD2BWP20P90)         0.00       0.34 r
  data arrival time                                   0.34

  clock clk (rise edge)                    0.36       0.36
  clock network delay (ideal)              0.00       0.36
  clock uncertainty                       -0.01       0.35
  prod_reg[27]/CP (DFCNQD2BWP20P90)        0.00       0.35 r
  library setup time                      -0.01       0.34
  data required time                                  0.34
  -----------------------------------------------------------
  data required time                                  0.34
  data arrival time                                  -0.34
  -----------------------------------------------------------
  slack (MET)                                         0.00


  Startpoint: inp_a[13] (input port clocked by clk)
  Endpoint: prod_reg[31]
            (rising edge-triggered flip-flop clocked by clk)
  Path Group: clk
  Path Type: max

  Des/Clust/Port     Wire Load Model       Library
  ------------------------------------------------
  mult               ZeroWireload          N16ADFP_StdCelltt0p8v25c

  Point                                    Incr       Path
  -----------------------------------------------------------
  clock clk (rise edge)                    0.00       0.00
  clock network delay (ideal)              0.00       0.00
  input external delay                     0.01       0.01 f
  inp_a[13] (in)                           0.00       0.01 f
  U160/ZN (CKND2BWP20P90)                  0.01       0.02 r
  U161/ZN (INVD4BWP20P90)                  0.01       0.03 f
  U240/ZN (XNR2D8BWP20P90)                 0.02       0.05 r
  U105/ZN (INVD4BWP20P90)                  0.01       0.06 f
  U102/ZN (CKND8BWP20P90)                  0.01       0.07 r
  U53/ZN (ND2D4BWP20P90)                   0.01       0.08 f
  U326/ZN (OAI22D1BWP20P90)                0.02       0.09 r
  U357/S (FA1D1BWP20P90)                   0.05       0.14 f
  U407/S (FA1D1BWP20P90)                   0.05       0.19 r
  U573/Z (XOR2D1BWP20P90)                  0.03       0.22 f
  U574/Z (XOR2D1BWP20P90)                  0.03       0.25 r
  U79/ZN (NR2D1BWP20P90)                   0.01       0.26 f
  U586/ZN (NR2D1BWP20P90)                  0.02       0.28 r
  U111/ZN (AOI21D4BWP20P90)                0.01       0.29 f
  U594/ZN (OAI21D4BWP20P90)                0.02       0.31 r
  U833/ZN (AOI21D1BWP20P90)                0.02       0.32 f
  U841/Z (XOR2D1BWP20P90)                  0.02       0.34 r
  prod_reg[31]/D (DFCNQD2BWP20P90)         0.00       0.34 r
  data arrival time                                   0.34

  clock clk (rise edge)                    0.36       0.36
  clock network delay (ideal)              0.00       0.36
  clock uncertainty                       -0.01       0.35
  prod_reg[31]/CP (DFCNQD2BWP20P90)        0.00       0.35 r
  library setup time                      -0.01       0.34
  data required time                                  0.34
  -----------------------------------------------------------
  data required time                                  0.34
  data arrival time                                  -0.34
  -----------------------------------------------------------
  slack (MET)                                         0.00


  Startpoint: inp_a[15] (input port clocked by clk)
  Endpoint: prod_reg[26]
            (rising edge-triggered flip-flop clocked by clk)
  Path Group: clk
  Path Type: max

  Des/Clust/Port     Wire Load Model       Library
  ------------------------------------------------
  mult               ZeroWireload          N16ADFP_StdCelltt0p8v25c

  Point                                    Incr       Path
  -----------------------------------------------------------
  clock clk (rise edge)                    0.00       0.00
  clock network delay (ideal)              0.00       0.00
  input external delay                     0.01       0.01 r
  inp_a[15] (in)                           0.01       0.02 r
  U58/ZN (INVD1BWP20P90)                   0.03       0.05 f
  U601/ZN (NR2D1BWP20P90)                  0.03       0.08 r
  U608/ZN (INVD1BWP20P90)                  0.01       0.09 f
  U633/ZN (XNR3D1BWP20P90)                 0.05       0.14 r
  U644/ZN (MOAI22D1BWP20P90)               0.02       0.16 f
  U654/S (FA1D1BWP20P90)                   0.05       0.21 r
  U717/S (FA1D1BWP20P90)                   0.05       0.25 f
  U720/ZN (NR2D2BWP20P90)                  0.01       0.27 r
  U233/ZN (OAI21D1BWP20P90)                0.02       0.28 f
  U742/ZN (AOI21D4BWP20P90)                0.02       0.30 r
  U809/ZN (OAI21D1BWP20P90)                0.01       0.31 f
  U810/ZN (AOI21D1BWP20P90)                0.01       0.32 r
  U813/Z (XOR2D1BWP20P90)                  0.02       0.34 r
  prod_reg[26]/D (DFCNQD2BWP20P90)         0.00       0.34 r
  data arrival time                                   0.34

  clock clk (rise edge)                    0.36       0.36
  clock network delay (ideal)              0.00       0.36
  clock uncertainty                       -0.01       0.35
  prod_reg[26]/CP (DFCNQD2BWP20P90)        0.00       0.35 r
  library setup time                      -0.01       0.34
  data required time                                  0.34
  -----------------------------------------------------------
  data required time                                  0.34
  data arrival time                                  -0.34
  -----------------------------------------------------------
  slack (MET)                                         0.00


  Startpoint: inp_a[15] (input port clocked by clk)
  Endpoint: prod_reg[26]
            (rising edge-triggered flip-flop clocked by clk)
  Path Group: clk
  Path Type: max

  Des/Clust/Port     Wire Load Model       Library
  ------------------------------------------------
  mult               ZeroWireload          N16ADFP_StdCelltt0p8v25c

  Point                                    Incr       Path
  -----------------------------------------------------------
  clock clk (rise edge)                    0.00       0.00
  clock network delay (ideal)              0.00       0.00
  input external delay                     0.01       0.01 r
  inp_a[15] (in)                           0.01       0.02 r
  U58/ZN (INVD1BWP20P90)                   0.03       0.05 f
  U601/ZN (NR2D1BWP20P90)                  0.03       0.08 r
  U608/ZN (INVD1BWP20P90)                  0.01       0.09 f
  U633/ZN (XNR3D1BWP20P90)                 0.05       0.14 r
  U644/ZN (MOAI22D1BWP20P90)               0.02       0.16 f
  U654/S (FA1D1BWP20P90)                   0.05       0.21 r
  U717/S (FA1D1BWP20P90)                   0.05       0.25 f
  U720/ZN (NR2D2BWP20P90)                  0.01       0.27 r
  U233/ZN (OAI21D1BWP20P90)                0.02       0.28 f
  U742/ZN (AOI21D4BWP20P90)                0.02       0.30 r
  U809/ZN (OAI21D1BWP20P90)                0.01       0.31 f
  U810/ZN (AOI21D1BWP20P90)                0.01       0.32 r
  U813/Z (XOR2D1BWP20P90)                  0.02       0.34 r
  prod_reg[26]/D (DFCNQD2BWP20P90)         0.00       0.34 r
  data arrival time                                   0.34

  clock clk (rise edge)                    0.36       0.36
  clock network delay (ideal)              0.00       0.36
  clock uncertainty                       -0.01       0.35
  prod_reg[26]/CP (DFCNQD2BWP20P90)        0.00       0.35 r
  library setup time                      -0.01       0.34
  data required time                                  0.34
  -----------------------------------------------------------
  data required time                                  0.34
  data arrival time                                  -0.34
  -----------------------------------------------------------
  slack (MET)                                         0.00


  Startpoint: inp_a[13] (input port clocked by clk)
  Endpoint: prod_reg[24]
            (rising edge-triggered flip-flop clocked by clk)
  Path Group: clk
  Path Type: max

  Des/Clust/Port     Wire Load Model       Library
  ------------------------------------------------
  mult               ZeroWireload          N16ADFP_StdCelltt0p8v25c

  Point                                    Incr       Path
  -----------------------------------------------------------
  clock clk (rise edge)                    0.00       0.00
  clock network delay (ideal)              0.00       0.00
  input external delay                     0.01       0.01 f
  inp_a[13] (in)                           0.00       0.01 f
  U160/ZN (CKND2BWP20P90)                  0.01       0.02 r
  U161/ZN (INVD4BWP20P90)                  0.01       0.03 f
  U240/ZN (XNR2D8BWP20P90)                 0.02       0.05 r
  U105/ZN (INVD4BWP20P90)                  0.01       0.06 f
  U128/ZN (CKND2BWP20P90)                  0.01       0.07 r
  U326/ZN (OAI22D1BWP20P90)                0.02       0.09 f
  U357/S (FA1D1BWP20P90)                   0.05       0.15 r
  U407/S (FA1D1BWP20P90)                   0.05       0.19 f
  U573/Z (XOR2D1BWP20P90)                  0.03       0.22 r
  U574/Z (XOR2D1BWP20P90)                  0.03       0.25 f
  U79/ZN (NR2D1BWP20P90)                   0.01       0.26 r
  U589/ZN (OAI21D1BWP20P90)                0.02       0.28 f
  U111/ZN (AOI21D4BWP20P90)                0.01       0.29 r
  U594/ZN (OAI21D4BWP20P90)                0.02       0.31 f
  U873/ZN (AOI21D1BWP20P90)                0.01       0.32 r
  U875/Z (XOR2D1BWP20P90)                  0.02       0.34 r
  prod_reg[24]/D (DFCNQD2BWP20P90)         0.00       0.34 r
  data arrival time                                   0.34

  clock clk (rise edge)                    0.36       0.36
  clock network delay (ideal)              0.00       0.36
  clock uncertainty                       -0.01       0.35
  prod_reg[24]/CP (DFCNQD2BWP20P90)        0.00       0.35 r
  library setup time                      -0.01       0.34
  data required time                                  0.34
  -----------------------------------------------------------
  data required time                                  0.34
  data arrival time                                  -0.34
  -----------------------------------------------------------
  slack (MET)                                         0.00


  Startpoint: inp_a[15] (input port clocked by clk)
  Endpoint: prod_reg[25]
            (rising edge-triggered flip-flop clocked by clk)
  Path Group: clk
  Path Type: max

  Des/Clust/Port     Wire Load Model       Library
  ------------------------------------------------
  mult               ZeroWireload          N16ADFP_StdCelltt0p8v25c

  Point                                    Incr       Path
  -----------------------------------------------------------
  clock clk (rise edge)                    0.00       0.00
  clock network delay (ideal)              0.00       0.00
  input external delay                     0.01       0.01 r
  inp_a[15] (in)                           0.01       0.02 r
  U58/ZN (INVD1BWP20P90)                   0.03       0.05 f
  U601/ZN (NR2D1BWP20P90)                  0.03       0.08 r
  U608/ZN (INVD1BWP20P90)                  0.01       0.09 f
  U633/ZN (XNR3D1BWP20P90)                 0.05       0.14 r
  U644/ZN (MOAI22D1BWP20P90)               0.02       0.16 f
  U654/S (FA1D1BWP20P90)                   0.05       0.21 r
  U717/S (FA1D1BWP20P90)                   0.05       0.25 f
  U720/ZN (NR2D2BWP20P90)                  0.01       0.27 r
  U233/ZN (OAI21D1BWP20P90)                0.02       0.28 f
  U742/ZN (AOI21D4BWP20P90)                0.02       0.30 r
  U822/ZN (OAI21D1BWP20P90)                0.01       0.31 f
  U823/ZN (AOI21D1BWP20P90)                0.01       0.32 r
  U825/Z (XOR2D1BWP20P90)                  0.02       0.34 r
  prod_reg[25]/D (DFCNQD2BWP20P90)         0.00       0.34 r
  data arrival time                                   0.34

  clock clk (rise edge)                    0.36       0.36
  clock network delay (ideal)              0.00       0.36
  clock uncertainty                       -0.01       0.35
  prod_reg[25]/CP (DFCNQD2BWP20P90)        0.00       0.35 r
  library setup time                      -0.01       0.34
  data required time                                  0.34
  -----------------------------------------------------------
  data required time                                  0.34
  data arrival time                                  -0.34
  -----------------------------------------------------------
  slack (MET)                                         0.00


  Startpoint: inp_a[15] (input port clocked by clk)
  Endpoint: prod_reg[28]
            (rising edge-triggered flip-flop clocked by clk)
  Path Group: clk
  Path Type: max

  Des/Clust/Port     Wire Load Model       Library
  ------------------------------------------------
  mult               ZeroWireload          N16ADFP_StdCelltt0p8v25c

  Point                                    Incr       Path
  -----------------------------------------------------------
  clock clk (rise edge)                    0.00       0.00
  clock network delay (ideal)              0.00       0.00
  input external delay                     0.01       0.01 r
  inp_a[15] (in)                           0.01       0.02 r
  U58/ZN (INVD1BWP20P90)                   0.03       0.05 f
  U601/ZN (NR2D1BWP20P90)                  0.03       0.08 r
  U608/ZN (INVD1BWP20P90)                  0.01       0.09 f
  U633/ZN (XNR3D1BWP20P90)                 0.05       0.14 r
  U644/ZN (MOAI22D1BWP20P90)               0.02       0.16 f
  U654/S (FA1D1BWP20P90)                   0.05       0.21 r
  U717/S (FA1D1BWP20P90)                   0.05       0.25 f
  U720/ZN (NR2D2BWP20P90)                  0.01       0.27 r
  U233/ZN (OAI21D1BWP20P90)                0.02       0.28 f
  U742/ZN (AOI21D4BWP20P90)                0.02       0.30 r
  U752/ZN (OAI21D1BWP20P90)                0.01       0.31 f
  U753/ZN (AOI21D1BWP20P90)                0.01       0.32 r
  U766/Z (XOR2D1BWP20P90)                  0.02       0.34 r
  prod_reg[28]/D (DFCNQD2BWP20P90)         0.00       0.34 r
  data arrival time                                   0.34

  clock clk (rise edge)                    0.36       0.36
  clock network delay (ideal)              0.00       0.36
  clock uncertainty                       -0.01       0.35
  prod_reg[28]/CP (DFCNQD2BWP20P90)        0.00       0.35 r
  library setup time                      -0.01       0.34
  data required time                                  0.34
  -----------------------------------------------------------
  data required time                                  0.34
  data arrival time                                  -0.34
  -----------------------------------------------------------
  slack (MET)                                         0.00


  Startpoint: inp_a[15] (input port clocked by clk)
  Endpoint: prod_reg[28]
            (rising edge-triggered flip-flop clocked by clk)
  Path Group: clk
  Path Type: max

  Des/Clust/Port     Wire Load Model       Library
  ------------------------------------------------
  mult               ZeroWireload          N16ADFP_StdCelltt0p8v25c

  Point                                    Incr       Path
  -----------------------------------------------------------
  clock clk (rise edge)                    0.00       0.00
  clock network delay (ideal)              0.00       0.00
  input external delay                     0.01       0.01 r
  inp_a[15] (in)                           0.01       0.02 r
  U58/ZN (INVD1BWP20P90)                   0.03       0.05 f
  U601/ZN (NR2D1BWP20P90)                  0.03       0.08 r
  U608/ZN (INVD1BWP20P90)                  0.01       0.09 f
  U633/ZN (XNR3D1BWP20P90)                 0.05       0.14 r
  U644/ZN (MOAI22D1BWP20P90)               0.02       0.16 f
  U654/S (FA1D1BWP20P90)                   0.05       0.21 r
  U717/S (FA1D1BWP20P90)                   0.05       0.25 f
  U720/ZN (NR2D2BWP20P90)                  0.01       0.27 r
  U233/ZN (OAI21D1BWP20P90)                0.02       0.28 f
  U742/ZN (AOI21D4BWP20P90)                0.02       0.30 r
  U752/ZN (OAI21D1BWP20P90)                0.01       0.31 f
  U753/ZN (AOI21D1BWP20P90)                0.01       0.32 r
  U766/Z (XOR2D1BWP20P90)                  0.02       0.34 r
  prod_reg[28]/D (DFCNQD2BWP20P90)         0.00       0.34 r
  data arrival time                                   0.34

  clock clk (rise edge)                    0.36       0.36
  clock network delay (ideal)              0.00       0.36
  clock uncertainty                       -0.01       0.35
  prod_reg[28]/CP (DFCNQD2BWP20P90)        0.00       0.35 r
  library setup time                      -0.01       0.34
  data required time                                  0.34
  -----------------------------------------------------------
  data required time                                  0.34
  data arrival time                                  -0.34
  -----------------------------------------------------------
  slack (MET)                                         0.00


  Startpoint: inp_a[15] (input port clocked by clk)
  Endpoint: prod_reg[30]
            (rising edge-triggered flip-flop clocked by clk)
  Path Group: clk
  Path Type: max

  Des/Clust/Port     Wire Load Model       Library
  ------------------------------------------------
  mult               ZeroWireload          N16ADFP_StdCelltt0p8v25c

  Point                                    Incr       Path
  -----------------------------------------------------------
  clock clk (rise edge)                    0.00       0.00
  clock network delay (ideal)              0.00       0.00
  input external delay                     0.01       0.01 r
  inp_a[15] (in)                           0.01       0.02 r
  U58/ZN (INVD1BWP20P90)                   0.03       0.05 f
  U601/ZN (NR2D1BWP20P90)                  0.03       0.08 r
  U608/ZN (INVD1BWP20P90)                  0.01       0.09 f
  U633/ZN (XNR3D1BWP20P90)                 0.05       0.14 r
  U644/ZN (MOAI22D1BWP20P90)               0.02       0.16 f
  U654/S (FA1D1BWP20P90)                   0.05       0.21 r
  U717/S (FA1D1BWP20P90)                   0.05       0.25 f
  U720/ZN (NR2D2BWP20P90)                  0.01       0.27 r
  U233/ZN (OAI21D1BWP20P90)                0.02       0.28 f
  U742/ZN (AOI21D4BWP20P90)                0.02       0.30 r
  U788/ZN (OAI21D1BWP20P90)                0.01       0.31 f
  U789/ZN (AOI21D1BWP20P90)                0.01       0.32 r
  U800/Z (XOR2D1BWP20P90)                  0.02       0.34 r
  prod_reg[30]/D (DFCNQD2BWP20P90)         0.00       0.34 r
  data arrival time                                   0.34

  clock clk (rise edge)                    0.36       0.36
  clock network delay (ideal)              0.00       0.36
  clock uncertainty                       -0.01       0.35
  prod_reg[30]/CP (DFCNQD2BWP20P90)        0.00       0.35 r
  library setup time                      -0.01       0.34
  data required time                                  0.34
  -----------------------------------------------------------
  data required time                                  0.34
  data arrival time                                  -0.34
  -----------------------------------------------------------
  slack (MET)                                         0.00


  Startpoint: inp_a[15] (input port clocked by clk)
  Endpoint: prod_reg[30]
            (rising edge-triggered flip-flop clocked by clk)
  Path Group: clk
  Path Type: max

  Des/Clust/Port     Wire Load Model       Library
  ------------------------------------------------
  mult               ZeroWireload          N16ADFP_StdCelltt0p8v25c

  Point                                    Incr       Path
  -----------------------------------------------------------
  clock clk (rise edge)                    0.00       0.00
  clock network delay (ideal)              0.00       0.00
  input external delay                     0.01       0.01 r
  inp_a[15] (in)                           0.01       0.02 r
  U58/ZN (INVD1BWP20P90)                   0.03       0.05 f
  U601/ZN (NR2D1BWP20P90)                  0.03       0.08 r
  U608/ZN (INVD1BWP20P90)                  0.01       0.09 f
  U633/ZN (XNR3D1BWP20P90)                 0.05       0.14 r
  U644/ZN (MOAI22D1BWP20P90)               0.02       0.16 f
  U654/S (FA1D1BWP20P90)                   0.05       0.21 r
  U717/S (FA1D1BWP20P90)                   0.05       0.25 f
  U720/ZN (NR2D2BWP20P90)                  0.01       0.27 r
  U233/ZN (OAI21D1BWP20P90)                0.02       0.28 f
  U742/ZN (AOI21D4BWP20P90)                0.02       0.30 r
  U788/ZN (OAI21D1BWP20P90)                0.01       0.31 f
  U789/ZN (AOI21D1BWP20P90)                0.01       0.32 r
  U800/Z (XOR2D1BWP20P90)                  0.02       0.34 r
  prod_reg[30]/D (DFCNQD2BWP20P90)         0.00       0.34 r
  data arrival time                                   0.34

  clock clk (rise edge)                    0.36       0.36
  clock network delay (ideal)              0.00       0.36
  clock uncertainty                       -0.01       0.35
  prod_reg[30]/CP (DFCNQD2BWP20P90)        0.00       0.35 r
  library setup time                      -0.01       0.34
  data required time                                  0.34
  -----------------------------------------------------------
  data required time                                  0.34
  data arrival time                                  -0.34
  -----------------------------------------------------------
  slack (MET)                                         0.00


  Startpoint: inp_a[15] (input port clocked by clk)
  Endpoint: prod_reg[26]
            (rising edge-triggered flip-flop clocked by clk)
  Path Group: clk
  Path Type: max

  Des/Clust/Port     Wire Load Model       Library
  ------------------------------------------------
  mult               ZeroWireload          N16ADFP_StdCelltt0p8v25c

  Point                                    Incr       Path
  -----------------------------------------------------------
  clock clk (rise edge)                    0.00       0.00
  clock network delay (ideal)              0.00       0.00
  input external delay                     0.01       0.01 r
  inp_a[15] (in)                           0.01       0.02 r
  U58/ZN (INVD1BWP20P90)                   0.03       0.05 f
  U601/ZN (NR2D1BWP20P90)                  0.03       0.08 r
  U608/ZN (INVD1BWP20P90)                  0.01       0.09 f
  U633/ZN (XNR3D1BWP20P90)                 0.05       0.14 r
  U644/ZN (MOAI22D1BWP20P90)               0.02       0.16 f
  U654/S (FA1D1BWP20P90)                   0.05       0.21 r
  U717/S (FA1D1BWP20P90)                   0.05       0.25 f
  U720/ZN (NR2D2BWP20P90)                  0.01       0.27 r
  U233/ZN (OAI21D1BWP20P90)                0.02       0.28 f
  U742/ZN (AOI21D4BWP20P90)                0.02       0.30 r
  U809/ZN (OAI21D1BWP20P90)                0.01       0.31 f
  U810/ZN (AOI21D1BWP20P90)                0.01       0.32 r
  U813/Z (XOR2D1BWP20P90)                  0.02       0.34 r
  prod_reg[26]/D (DFCNQD2BWP20P90)         0.00       0.34 r
  data arrival time                                   0.34

  clock clk (rise edge)                    0.36       0.36
  clock network delay (ideal)              0.00       0.36
  clock uncertainty                       -0.01       0.35
  prod_reg[26]/CP (DFCNQD2BWP20P90)        0.00       0.35 r
  library setup time                      -0.01       0.34
  data required time                                  0.34
  -----------------------------------------------------------
  data required time                                  0.34
  data arrival time                                  -0.34
  -----------------------------------------------------------
  slack (MET)                                         0.00


  Startpoint: inp_a[15] (input port clocked by clk)
  Endpoint: prod_reg[28]
            (rising edge-triggered flip-flop clocked by clk)
  Path Group: clk
  Path Type: max

  Des/Clust/Port     Wire Load Model       Library
  ------------------------------------------------
  mult               ZeroWireload          N16ADFP_StdCelltt0p8v25c

  Point                                    Incr       Path
  -----------------------------------------------------------
  clock clk (rise edge)                    0.00       0.00
  clock network delay (ideal)              0.00       0.00
  input external delay                     0.01       0.01 r
  inp_a[15] (in)                           0.01       0.02 r
  U58/ZN (INVD1BWP20P90)                   0.03       0.05 f
  U601/ZN (NR2D1BWP20P90)                  0.03       0.08 r
  U608/ZN (INVD1BWP20P90)                  0.01       0.09 f
  U633/ZN (XNR3D1BWP20P90)                 0.05       0.14 r
  U644/ZN (MOAI22D1BWP20P90)               0.02       0.16 f
  U654/S (FA1D1BWP20P90)                   0.05       0.21 r
  U717/S (FA1D1BWP20P90)                   0.05       0.25 f
  U720/ZN (NR2D2BWP20P90)                  0.01       0.27 r
  U233/ZN (OAI21D1BWP20P90)                0.02       0.28 f
  U742/ZN (AOI21D4BWP20P90)                0.02       0.30 r
  U752/ZN (OAI21D1BWP20P90)                0.01       0.31 f
  U753/ZN (AOI21D1BWP20P90)                0.01       0.32 r
  U766/Z (XOR2D1BWP20P90)                  0.02       0.34 r
  prod_reg[28]/D (DFCNQD2BWP20P90)         0.00       0.34 r
  data arrival time                                   0.34

  clock clk (rise edge)                    0.36       0.36
  clock network delay (ideal)              0.00       0.36
  clock uncertainty                       -0.01       0.35
  prod_reg[28]/CP (DFCNQD2BWP20P90)        0.00       0.35 r
  library setup time                      -0.01       0.34
  data required time                                  0.34
  -----------------------------------------------------------
  data required time                                  0.34
  data arrival time                                  -0.34
  -----------------------------------------------------------
  slack (MET)                                         0.00


  Startpoint: inp_a[15] (input port clocked by clk)
  Endpoint: prod_reg[30]
            (rising edge-triggered flip-flop clocked by clk)
  Path Group: clk
  Path Type: max

  Des/Clust/Port     Wire Load Model       Library
  ------------------------------------------------
  mult               ZeroWireload          N16ADFP_StdCelltt0p8v25c

  Point                                    Incr       Path
  -----------------------------------------------------------
  clock clk (rise edge)                    0.00       0.00
  clock network delay (ideal)              0.00       0.00
  input external delay                     0.01       0.01 r
  inp_a[15] (in)                           0.01       0.02 r
  U58/ZN (INVD1BWP20P90)                   0.03       0.05 f
  U601/ZN (NR2D1BWP20P90)                  0.03       0.08 r
  U608/ZN (INVD1BWP20P90)                  0.01       0.09 f
  U633/ZN (XNR3D1BWP20P90)                 0.05       0.14 r
  U644/ZN (MOAI22D1BWP20P90)               0.02       0.16 f
  U654/S (FA1D1BWP20P90)                   0.05       0.21 r
  U717/S (FA1D1BWP20P90)                   0.05       0.25 f
  U720/ZN (NR2D2BWP20P90)                  0.01       0.27 r
  U233/ZN (OAI21D1BWP20P90)                0.02       0.28 f
  U742/ZN (AOI21D4BWP20P90)                0.02       0.30 r
  U788/ZN (OAI21D1BWP20P90)                0.01       0.31 f
  U789/ZN (AOI21D1BWP20P90)                0.01       0.32 r
  U800/Z (XOR2D1BWP20P90)                  0.02       0.34 r
  prod_reg[30]/D (DFCNQD2BWP20P90)         0.00       0.34 r
  data arrival time                                   0.34

  clock clk (rise edge)                    0.36       0.36
  clock network delay (ideal)              0.00       0.36
  clock uncertainty                       -0.01       0.35
  prod_reg[30]/CP (DFCNQD2BWP20P90)        0.00       0.35 r
  library setup time                      -0.01       0.34
  data required time                                  0.34
  -----------------------------------------------------------
  data required time                                  0.34
  data arrival time                                  -0.34
  -----------------------------------------------------------
  slack (MET)                                         0.00


  Startpoint: inp_a[15] (input port clocked by clk)
  Endpoint: prod_reg[27]
            (rising edge-triggered flip-flop clocked by clk)
  Path Group: clk
  Path Type: max

  Des/Clust/Port     Wire Load Model       Library
  ------------------------------------------------
  mult               ZeroWireload          N16ADFP_StdCelltt0p8v25c

  Point                                    Incr       Path
  -----------------------------------------------------------
  clock clk (rise edge)                    0.00       0.00
  clock network delay (ideal)              0.00       0.00
  input external delay                     0.01       0.01 r
  inp_a[15] (in)                           0.01       0.02 r
  U58/ZN (INVD1BWP20P90)                   0.03       0.05 f
  U601/ZN (NR2D1BWP20P90)                  0.03       0.08 r
  U608/ZN (INVD1BWP20P90)                  0.01       0.09 f
  U633/ZN (XNR3D1BWP20P90)                 0.05       0.14 r
  U644/ZN (MOAI22D1BWP20P90)               0.02       0.16 f
  U654/S (FA1D1BWP20P90)                   0.05       0.21 r
  U717/S (FA1D1BWP20P90)                   0.05       0.25 f
  U720/ZN (NR2D2BWP20P90)                  0.01       0.27 r
  U233/ZN (OAI21D1BWP20P90)                0.02       0.28 f
  U742/ZN (AOI21D4BWP20P90)                0.02       0.30 r
  U804/ZN (OAI21D1BWP20P90)                0.01       0.31 f
  U805/ZN (AOI21D1BWP20P90)                0.01       0.32 r
  U807/Z (XOR2D1BWP20P90)                  0.02       0.34 r
  prod_reg[27]/D (DFCNQD2BWP20P90)         0.00       0.34 r
  data arrival time                                   0.34

  clock clk (rise edge)                    0.36       0.36
  clock network delay (ideal)              0.00       0.36
  clock uncertainty                       -0.01       0.35
  prod_reg[27]/CP (DFCNQD2BWP20P90)        0.00       0.35 r
  library setup time                      -0.01       0.34
  data required time                                  0.34
  -----------------------------------------------------------
  data required time                                  0.34
  data arrival time                                  -0.34
  -----------------------------------------------------------
  slack (MET)                                         0.00


  Startpoint: inp_a[15] (input port clocked by clk)
  Endpoint: prod_reg[29]
            (rising edge-triggered flip-flop clocked by clk)
  Path Group: clk
  Path Type: max

  Des/Clust/Port     Wire Load Model       Library
  ------------------------------------------------
  mult               ZeroWireload          N16ADFP_StdCelltt0p8v25c

  Point                                    Incr       Path
  -----------------------------------------------------------
  clock clk (rise edge)                    0.00       0.00
  clock network delay (ideal)              0.00       0.00
  input external delay                     0.01       0.01 r
  inp_a[15] (in)                           0.01       0.02 r
  U58/ZN (INVD1BWP20P90)                   0.03       0.05 f
  U601/ZN (NR2D1BWP20P90)                  0.03       0.08 r
  U608/ZN (INVD1BWP20P90)                  0.01       0.09 f
  U633/ZN (XNR3D1BWP20P90)                 0.05       0.14 r
  U644/ZN (MOAI22D1BWP20P90)               0.02       0.16 f
  U654/S (FA1D1BWP20P90)                   0.05       0.21 r
  U717/S (FA1D1BWP20P90)                   0.05       0.25 f
  U720/ZN (NR2D2BWP20P90)                  0.01       0.27 r
  U233/ZN (OAI21D1BWP20P90)                0.02       0.28 f
  U742/ZN (AOI21D4BWP20P90)                0.02       0.30 r
  U817/ZN (OAI21D1BWP20P90)                0.01       0.31 f
  U818/ZN (AOI21D1BWP20P90)                0.01       0.32 r
  U820/Z (XOR2D1BWP20P90)                  0.02       0.34 r
  prod_reg[29]/D (DFCNQD2BWP20P90)         0.00       0.34 r
  data arrival time                                   0.34

  clock clk (rise edge)                    0.36       0.36
  clock network delay (ideal)              0.00       0.36
  clock uncertainty                       -0.01       0.35
  prod_reg[29]/CP (DFCNQD2BWP20P90)        0.00       0.35 r
  library setup time                      -0.01       0.34
  data required time                                  0.34
  -----------------------------------------------------------
  data required time                                  0.34
  data arrival time                                  -0.34
  -----------------------------------------------------------
  slack (MET)                                         0.00


  Startpoint: inp_a[15] (input port clocked by clk)
  Endpoint: prod_reg[31]
            (rising edge-triggered flip-flop clocked by clk)
  Path Group: clk
  Path Type: max

  Des/Clust/Port     Wire Load Model       Library
  ------------------------------------------------
  mult               ZeroWireload          N16ADFP_StdCelltt0p8v25c

  Point                                    Incr       Path
  -----------------------------------------------------------
  clock clk (rise edge)                    0.00       0.00
  clock network delay (ideal)              0.00       0.00
  input external delay                     0.01       0.01 r
  inp_a[15] (in)                           0.01       0.02 r
  U58/ZN (INVD1BWP20P90)                   0.03       0.05 f
  U601/ZN (NR2D1BWP20P90)                  0.03       0.08 r
  U608/ZN (INVD1BWP20P90)                  0.01       0.09 f
  U633/ZN (XNR3D1BWP20P90)                 0.05       0.14 r
  U644/ZN (MOAI22D1BWP20P90)               0.02       0.16 f
  U654/S (FA1D1BWP20P90)                   0.05       0.21 r
  U717/S (FA1D1BWP20P90)                   0.05       0.25 f
  U720/ZN (NR2D2BWP20P90)                  0.01       0.27 r
  U233/ZN (OAI21D1BWP20P90)                0.02       0.28 f
  U742/ZN (AOI21D4BWP20P90)                0.02       0.30 r
  U235/ZN (OAI21D1BWP20P90)                0.01       0.31 f
  U833/ZN (AOI21D1BWP20P90)                0.01       0.32 r
  U841/Z (XOR2D1BWP20P90)                  0.02       0.34 r
  prod_reg[31]/D (DFCNQD2BWP20P90)         0.00       0.34 r
  data arrival time                                   0.34

  clock clk (rise edge)                    0.36       0.36
  clock network delay (ideal)              0.00       0.36
  clock uncertainty                       -0.01       0.35
  prod_reg[31]/CP (DFCNQD2BWP20P90)        0.00       0.35 r
  library setup time                      -0.01       0.34
  data required time                                  0.34
  -----------------------------------------------------------
  data required time                                  0.34
  data arrival time                                  -0.34
  -----------------------------------------------------------
  slack (MET)                                         0.00


  Startpoint: inp_a[15] (input port clocked by clk)
  Endpoint: prod_reg[27]
            (rising edge-triggered flip-flop clocked by clk)
  Path Group: clk
  Path Type: max

  Des/Clust/Port     Wire Load Model       Library
  ------------------------------------------------
  mult               ZeroWireload          N16ADFP_StdCelltt0p8v25c

  Point                                    Incr       Path
  -----------------------------------------------------------
  clock clk (rise edge)                    0.00       0.00
  clock network delay (ideal)              0.00       0.00
  input external delay                     0.01       0.01 r
  inp_a[15] (in)                           0.01       0.02 r
  U58/ZN (INVD1BWP20P90)                   0.03       0.05 f
  U601/ZN (NR2D1BWP20P90)                  0.03       0.08 r
  U608/ZN (INVD1BWP20P90)                  0.01       0.09 f
  U633/ZN (XNR3D1BWP20P90)                 0.05       0.14 r
  U644/ZN (MOAI22D1BWP20P90)               0.02       0.16 f
  U654/S (FA1D1BWP20P90)                   0.05       0.21 r
  U717/S (FA1D1BWP20P90)                   0.05       0.25 f
  U720/ZN (NR2D2BWP20P90)                  0.01       0.27 r
  U233/ZN (OAI21D1BWP20P90)                0.02       0.28 f
  U742/ZN (AOI21D4BWP20P90)                0.02       0.30 r
  U804/ZN (OAI21D1BWP20P90)                0.01       0.31 f
  U805/ZN (AOI21D1BWP20P90)                0.01       0.32 r
  U807/Z (XOR2D1BWP20P90)                  0.02       0.34 r
  prod_reg[27]/D (DFCNQD2BWP20P90)         0.00       0.34 r
  data arrival time                                   0.34

  clock clk (rise edge)                    0.36       0.36
  clock network delay (ideal)              0.00       0.36
  clock uncertainty                       -0.01       0.35
  prod_reg[27]/CP (DFCNQD2BWP20P90)        0.00       0.35 r
  library setup time                      -0.01       0.34
  data required time                                  0.34
  -----------------------------------------------------------
  data required time                                  0.34
  data arrival time                                  -0.34
  -----------------------------------------------------------
  slack (MET)                                         0.00


  Startpoint: inp_a[15] (input port clocked by clk)
  Endpoint: prod_reg[29]
            (rising edge-triggered flip-flop clocked by clk)
  Path Group: clk
  Path Type: max

  Des/Clust/Port     Wire Load Model       Library
  ------------------------------------------------
  mult               ZeroWireload          N16ADFP_StdCelltt0p8v25c

  Point                                    Incr       Path
  -----------------------------------------------------------
  clock clk (rise edge)                    0.00       0.00
  clock network delay (ideal)              0.00       0.00
  input external delay                     0.01       0.01 r
  inp_a[15] (in)                           0.01       0.02 r
  U58/ZN (INVD1BWP20P90)                   0.03       0.05 f
  U601/ZN (NR2D1BWP20P90)                  0.03       0.08 r
  U608/ZN (INVD1BWP20P90)                  0.01       0.09 f
  U633/ZN (XNR3D1BWP20P90)                 0.05       0.14 r
  U644/ZN (MOAI22D1BWP20P90)               0.02       0.16 f
  U654/S (FA1D1BWP20P90)                   0.05       0.21 r
  U717/S (FA1D1BWP20P90)                   0.05       0.25 f
  U720/ZN (NR2D2BWP20P90)                  0.01       0.27 r
  U233/ZN (OAI21D1BWP20P90)                0.02       0.28 f
  U742/ZN (AOI21D4BWP20P90)                0.02       0.30 r
  U817/ZN (OAI21D1BWP20P90)                0.01       0.31 f
  U818/ZN (AOI21D1BWP20P90)                0.01       0.32 r
  U820/Z (XOR2D1BWP20P90)                  0.02       0.34 r
  prod_reg[29]/D (DFCNQD2BWP20P90)         0.00       0.34 r
  data arrival time                                   0.34

  clock clk (rise edge)                    0.36       0.36
  clock network delay (ideal)              0.00       0.36
  clock uncertainty                       -0.01       0.35
  prod_reg[29]/CP (DFCNQD2BWP20P90)        0.00       0.35 r
  library setup time                      -0.01       0.34
  data required time                                  0.34
  -----------------------------------------------------------
  data required time                                  0.34
  data arrival time                                  -0.34
  -----------------------------------------------------------
  slack (MET)                                         0.00


  Startpoint: inp_a[15] (input port clocked by clk)
  Endpoint: prod_reg[31]
            (rising edge-triggered flip-flop clocked by clk)
  Path Group: clk
  Path Type: max

  Des/Clust/Port     Wire Load Model       Library
  ------------------------------------------------
  mult               ZeroWireload          N16ADFP_StdCelltt0p8v25c

  Point                                    Incr       Path
  -----------------------------------------------------------
  clock clk (rise edge)                    0.00       0.00
  clock network delay (ideal)              0.00       0.00
  input external delay                     0.01       0.01 r
  inp_a[15] (in)                           0.01       0.02 r
  U58/ZN (INVD1BWP20P90)                   0.03       0.05 f
  U601/ZN (NR2D1BWP20P90)                  0.03       0.08 r
  U608/ZN (INVD1BWP20P90)                  0.01       0.09 f
  U633/ZN (XNR3D1BWP20P90)                 0.05       0.14 r
  U644/ZN (MOAI22D1BWP20P90)               0.02       0.16 f
  U654/S (FA1D1BWP20P90)                   0.05       0.21 r
  U717/S (FA1D1BWP20P90)                   0.05       0.25 f
  U720/ZN (NR2D2BWP20P90)                  0.01       0.27 r
  U233/ZN (OAI21D1BWP20P90)                0.02       0.28 f
  U742/ZN (AOI21D4BWP20P90)                0.02       0.30 r
  U235/ZN (OAI21D1BWP20P90)                0.01       0.31 f
  U833/ZN (AOI21D1BWP20P90)                0.01       0.32 r
  U841/Z (XOR2D1BWP20P90)                  0.02       0.34 r
  prod_reg[31]/D (DFCNQD2BWP20P90)         0.00       0.34 r
  data arrival time                                   0.34

  clock clk (rise edge)                    0.36       0.36
  clock network delay (ideal)              0.00       0.36
  clock uncertainty                       -0.01       0.35
  prod_reg[31]/CP (DFCNQD2BWP20P90)        0.00       0.35 r
  library setup time                      -0.01       0.34
  data required time                                  0.34
  -----------------------------------------------------------
  data required time                                  0.34
  data arrival time                                  -0.34
  -----------------------------------------------------------
  slack (MET)                                         0.00


  Startpoint: inp_a[7] (input port clocked by clk)
  Endpoint: prod_reg[28]
            (rising edge-triggered flip-flop clocked by clk)
  Path Group: clk
  Path Type: max

  Des/Clust/Port     Wire Load Model       Library
  ------------------------------------------------
  mult               ZeroWireload          N16ADFP_StdCelltt0p8v25c

  Point                                    Incr       Path
  -----------------------------------------------------------
  clock clk (rise edge)                    0.00       0.00
  clock network delay (ideal)              0.00       0.00
  input external delay                     0.01       0.01 r
  inp_a[7] (in)                            0.01       0.02 r
  U168/Z (XOR2D2BWP20P90)                  0.03       0.05 f
  U169/ZN (CKND2BWP20P90)                  0.01       0.06 r
  U116/ZN (ND2D4BWP20P90)                  0.02       0.08 f
  U628/ZN (OAI22D1BWP20P90)                0.02       0.09 r
  U660/S (FA1D1BWP20P90)                   0.05       0.14 f
  U171/Z (XOR2D1BWP20P90)                  0.02       0.16 r
  U46/Z (XOR2D2BWP20P90)                   0.03       0.19 f
  U669/S (FA1D1BWP20P90)                   0.05       0.24 r
  U655/ZN (NR2D1BWP20P90)                  0.01       0.26 f
  U656/ZN (CKND2BWP20P90)                  0.01       0.26 r
  U671/ZN (ND2D2BWP20P90)                  0.01       0.27 f
  U684/ZN (NR2D1BWP20P90)                  0.01       0.29 r
  U697/ZN (ND2D1BWP20P90)                  0.01       0.30 f
  U736/ZN (NR2D1BWP20P90)                  0.01       0.31 r
  U753/ZN (AOI21D1BWP20P90)                0.01       0.32 f
  U766/Z (XOR2D1BWP20P90)                  0.02       0.34 r
  prod_reg[28]/D (DFCNQD2BWP20P90)         0.00       0.34 r
  data arrival time                                   0.34

  clock clk (rise edge)                    0.36       0.36
  clock network delay (ideal)              0.00       0.36
  clock uncertainty                       -0.01       0.35
  prod_reg[28]/CP (DFCNQD2BWP20P90)        0.00       0.35 r
  library setup time                      -0.01       0.34
  data required time                                  0.34
  -----------------------------------------------------------
  data required time                                  0.34
  data arrival time                                  -0.34
  -----------------------------------------------------------
  slack (MET)                                         0.00


  Startpoint: inp_a[7] (input port clocked by clk)
  Endpoint: prod_reg[30]
            (rising edge-triggered flip-flop clocked by clk)
  Path Group: clk
  Path Type: max

  Des/Clust/Port     Wire Load Model       Library
  ------------------------------------------------
  mult               ZeroWireload          N16ADFP_StdCelltt0p8v25c

  Point                                    Incr       Path
  -----------------------------------------------------------
  clock clk (rise edge)                    0.00       0.00
  clock network delay (ideal)              0.00       0.00
  input external delay                     0.01       0.01 r
  inp_a[7] (in)                            0.01       0.02 r
  U168/Z (XOR2D2BWP20P90)                  0.03       0.05 f
  U169/ZN (CKND2BWP20P90)                  0.01       0.06 r
  U116/ZN (ND2D4BWP20P90)                  0.02       0.08 f
  U628/ZN (OAI22D1BWP20P90)                0.02       0.09 r
  U660/S (FA1D1BWP20P90)                   0.05       0.14 f
  U171/Z (XOR2D1BWP20P90)                  0.02       0.16 r
  U46/Z (XOR2D2BWP20P90)                   0.03       0.19 f
  U669/S (FA1D1BWP20P90)                   0.05       0.24 r
  U655/ZN (NR2D1BWP20P90)                  0.01       0.26 f
  U656/ZN (CKND2BWP20P90)                  0.01       0.26 r
  U671/ZN (ND2D2BWP20P90)                  0.01       0.27 f
  U770/ZN (NR2D1BWP20P90)                  0.01       0.29 r
  U779/ZN (ND2D1BWP20P90)                  0.01       0.30 f
  U780/ZN (NR2D1BWP20P90)                  0.01       0.31 r
  U789/ZN (AOI21D1BWP20P90)                0.01       0.32 f
  U800/Z (XOR2D1BWP20P90)                  0.02       0.34 r
  prod_reg[30]/D (DFCNQD2BWP20P90)         0.00       0.34 r
  data arrival time                                   0.34

  clock clk (rise edge)                    0.36       0.36
  clock network delay (ideal)              0.00       0.36
  clock uncertainty                       -0.01       0.35
  prod_reg[30]/CP (DFCNQD2BWP20P90)        0.00       0.35 r
  library setup time                      -0.01       0.34
  data required time                                  0.34
  -----------------------------------------------------------
  data required time                                  0.34
  data arrival time                                  -0.34
  -----------------------------------------------------------
  slack (MET)                                         0.00


  Startpoint: inp_a[15] (input port clocked by clk)
  Endpoint: prod_reg[27]
            (rising edge-triggered flip-flop clocked by clk)
  Path Group: clk
  Path Type: max

  Des/Clust/Port     Wire Load Model       Library
  ------------------------------------------------
  mult               ZeroWireload          N16ADFP_StdCelltt0p8v25c

  Point                                    Incr       Path
  -----------------------------------------------------------
  clock clk (rise edge)                    0.00       0.00
  clock network delay (ideal)              0.00       0.00
  input external delay                     0.01       0.01 r
  inp_a[15] (in)                           0.01       0.02 r
  U58/ZN (INVD1BWP20P90)                   0.03       0.05 f
  U601/ZN (NR2D1BWP20P90)                  0.03       0.08 r
  U608/ZN (INVD1BWP20P90)                  0.01       0.09 f
  U633/ZN (XNR3D1BWP20P90)                 0.05       0.14 r
  U644/ZN (MOAI22D1BWP20P90)               0.02       0.16 f
  U654/S (FA1D1BWP20P90)                   0.05       0.21 r
  U717/S (FA1D1BWP20P90)                   0.05       0.25 f
  U720/ZN (NR2D2BWP20P90)                  0.01       0.27 r
  U233/ZN (OAI21D1BWP20P90)                0.02       0.28 f
  U742/ZN (AOI21D4BWP20P90)                0.02       0.30 r
  U804/ZN (OAI21D1BWP20P90)                0.01       0.31 f
  U805/ZN (AOI21D1BWP20P90)                0.01       0.32 r
  U807/Z (XOR2D1BWP20P90)                  0.02       0.34 r
  prod_reg[27]/D (DFCNQD2BWP20P90)         0.00       0.34 r
  data arrival time                                   0.34

  clock clk (rise edge)                    0.36       0.36
  clock network delay (ideal)              0.00       0.36
  clock uncertainty                       -0.01       0.35
  prod_reg[27]/CP (DFCNQD2BWP20P90)        0.00       0.35 r
  library setup time                      -0.01       0.34
  data required time                                  0.34
  -----------------------------------------------------------
  data required time                                  0.34
  data arrival time                                  -0.34
  -----------------------------------------------------------
  slack (MET)                                         0.00


  Startpoint: inp_a[15] (input port clocked by clk)
  Endpoint: prod_reg[29]
            (rising edge-triggered flip-flop clocked by clk)
  Path Group: clk
  Path Type: max

  Des/Clust/Port     Wire Load Model       Library
  ------------------------------------------------
  mult               ZeroWireload          N16ADFP_StdCelltt0p8v25c

  Point                                    Incr       Path
  -----------------------------------------------------------
  clock clk (rise edge)                    0.00       0.00
  clock network delay (ideal)              0.00       0.00
  input external delay                     0.01       0.01 r
  inp_a[15] (in)                           0.01       0.02 r
  U58/ZN (INVD1BWP20P90)                   0.03       0.05 f
  U601/ZN (NR2D1BWP20P90)                  0.03       0.08 r
  U608/ZN (INVD1BWP20P90)                  0.01       0.09 f
  U633/ZN (XNR3D1BWP20P90)                 0.05       0.14 r
  U644/ZN (MOAI22D1BWP20P90)               0.02       0.16 f
  U654/S (FA1D1BWP20P90)                   0.05       0.21 r
  U717/S (FA1D1BWP20P90)                   0.05       0.25 f
  U720/ZN (NR2D2BWP20P90)                  0.01       0.27 r
  U233/ZN (OAI21D1BWP20P90)                0.02       0.28 f
  U742/ZN (AOI21D4BWP20P90)                0.02       0.30 r
  U817/ZN (OAI21D1BWP20P90)                0.01       0.31 f
  U818/ZN (AOI21D1BWP20P90)                0.01       0.32 r
  U820/Z (XOR2D1BWP20P90)                  0.02       0.34 r
  prod_reg[29]/D (DFCNQD2BWP20P90)         0.00       0.34 r
  data arrival time                                   0.34

  clock clk (rise edge)                    0.36       0.36
  clock network delay (ideal)              0.00       0.36
  clock uncertainty                       -0.01       0.35
  prod_reg[29]/CP (DFCNQD2BWP20P90)        0.00       0.35 r
  library setup time                      -0.01       0.34
  data required time                                  0.34
  -----------------------------------------------------------
  data required time                                  0.34
  data arrival time                                  -0.34
  -----------------------------------------------------------
  slack (MET)                                         0.00


  Startpoint: inp_a[15] (input port clocked by clk)
  Endpoint: prod_reg[31]
            (rising edge-triggered flip-flop clocked by clk)
  Path Group: clk
  Path Type: max

  Des/Clust/Port     Wire Load Model       Library
  ------------------------------------------------
  mult               ZeroWireload          N16ADFP_StdCelltt0p8v25c

  Point                                    Incr       Path
  -----------------------------------------------------------
  clock clk (rise edge)                    0.00       0.00
  clock network delay (ideal)              0.00       0.00
  input external delay                     0.01       0.01 r
  inp_a[15] (in)                           0.01       0.02 r
  U58/ZN (INVD1BWP20P90)                   0.03       0.05 f
  U601/ZN (NR2D1BWP20P90)                  0.03       0.08 r
  U608/ZN (INVD1BWP20P90)                  0.01       0.09 f
  U633/ZN (XNR3D1BWP20P90)                 0.05       0.14 r
  U644/ZN (MOAI22D1BWP20P90)               0.02       0.16 f
  U654/S (FA1D1BWP20P90)                   0.05       0.21 r
  U717/S (FA1D1BWP20P90)                   0.05       0.25 f
  U720/ZN (NR2D2BWP20P90)                  0.01       0.27 r
  U233/ZN (OAI21D1BWP20P90)                0.02       0.28 f
  U742/ZN (AOI21D4BWP20P90)                0.02       0.30 r
  U235/ZN (OAI21D1BWP20P90)                0.01       0.31 f
  U833/ZN (AOI21D1BWP20P90)                0.01       0.32 r
  U841/Z (XOR2D1BWP20P90)                  0.02       0.34 r
  prod_reg[31]/D (DFCNQD2BWP20P90)         0.00       0.34 r
  data arrival time                                   0.34

  clock clk (rise edge)                    0.36       0.36
  clock network delay (ideal)              0.00       0.36
  clock uncertainty                       -0.01       0.35
  prod_reg[31]/CP (DFCNQD2BWP20P90)        0.00       0.35 r
  library setup time                      -0.01       0.34
  data required time                                  0.34
  -----------------------------------------------------------
  data required time                                  0.34
  data arrival time                                  -0.34
  -----------------------------------------------------------
  slack (MET)                                         0.00


  Startpoint: inp_a[13] (input port clocked by clk)
  Endpoint: prod_reg[22]
            (rising edge-triggered flip-flop clocked by clk)
  Path Group: clk
  Path Type: max

  Des/Clust/Port     Wire Load Model       Library
  ------------------------------------------------
  mult               ZeroWireload          N16ADFP_StdCelltt0p8v25c

  Point                                    Incr       Path
  -----------------------------------------------------------
  clock clk (rise edge)                    0.00       0.00
  clock network delay (ideal)              0.00       0.00
  input external delay                     0.01       0.01 f
  inp_a[13] (in)                           0.00       0.01 f
  U160/ZN (CKND2BWP20P90)                  0.01       0.02 r
  U161/ZN (INVD4BWP20P90)                  0.01       0.03 f
  U240/ZN (XNR2D8BWP20P90)                 0.02       0.05 r
  U105/ZN (INVD4BWP20P90)                  0.01       0.06 f
  U128/ZN (CKND2BWP20P90)                  0.01       0.07 r
  U326/ZN (OAI22D1BWP20P90)                0.02       0.09 f
  U357/S (FA1D1BWP20P90)                   0.05       0.15 r
  U407/S (FA1D1BWP20P90)                   0.05       0.19 f
  U573/Z (XOR2D1BWP20P90)                  0.03       0.22 r
  U574/Z (XOR2D1BWP20P90)                  0.03       0.25 f
  U79/ZN (NR2D1BWP20P90)                   0.01       0.26 r
  U589/ZN (OAI21D1BWP20P90)                0.02       0.28 f
  U111/ZN (AOI21D4BWP20P90)                0.01       0.29 r
  U594/ZN (OAI21D4BWP20P90)                0.02       0.31 f
  U854/ZN (AOI21D1BWP20P90)                0.01       0.32 r
  U857/Z (XOR2D1BWP20P90)                  0.02       0.34 r
  prod_reg[22]/D (DFCNQD2BWP20P90)         0.00       0.34 r
  data arrival time                                   0.34

  clock clk (rise edge)                    0.36       0.36
  clock network delay (ideal)              0.00       0.36
  clock uncertainty                       -0.01       0.35
  prod_reg[22]/CP (DFCNQD2BWP20P90)        0.00       0.35 r
  library setup time                      -0.01       0.34
  data required time                                  0.34
  -----------------------------------------------------------
  data required time                                  0.34
  data arrival time                                  -0.34
  -----------------------------------------------------------
  slack (MET)                                         0.00


  Startpoint: inp_a[7] (input port clocked by clk)
  Endpoint: prod_reg[28]
            (rising edge-triggered flip-flop clocked by clk)
  Path Group: clk
  Path Type: max

  Des/Clust/Port     Wire Load Model       Library
  ------------------------------------------------
  mult               ZeroWireload          N16ADFP_StdCelltt0p8v25c

  Point                                    Incr       Path
  -----------------------------------------------------------
  clock clk (rise edge)                    0.00       0.00
  clock network delay (ideal)              0.00       0.00
  input external delay                     0.01       0.01 r
  inp_a[7] (in)                            0.01       0.02 r
  U168/Z (XOR2D2BWP20P90)                  0.03       0.05 f
  U169/ZN (CKND2BWP20P90)                  0.01       0.06 r
  U116/ZN (ND2D4BWP20P90)                  0.02       0.08 f
  U628/ZN (OAI22D1BWP20P90)                0.02       0.09 r
  U660/S (FA1D1BWP20P90)                   0.05       0.14 f
  U171/Z (XOR2D1BWP20P90)                  0.02       0.16 r
  U46/Z (XOR2D2BWP20P90)                   0.03       0.19 f
  U669/S (FA1D1BWP20P90)                   0.05       0.24 r
  U655/ZN (NR2D1BWP20P90)                  0.01       0.26 f
  U656/ZN (CKND2BWP20P90)                  0.01       0.26 r
  U671/ZN (ND2D2BWP20P90)                  0.01       0.27 f
  U684/ZN (NR2D1BWP20P90)                  0.01       0.29 r
  U697/ZN (ND2D1BWP20P90)                  0.01       0.30 f
  U736/ZN (NR2D1BWP20P90)                  0.01       0.31 r
  U753/ZN (AOI21D1BWP20P90)                0.01       0.32 f
  U766/Z (XOR2D1BWP20P90)                  0.02       0.34 r
  prod_reg[28]/D (DFCNQD2BWP20P90)         0.00       0.34 r
  data arrival time                                   0.34

  clock clk (rise edge)                    0.36       0.36
  clock network delay (ideal)              0.00       0.36
  clock uncertainty                       -0.01       0.35
  prod_reg[28]/CP (DFCNQD2BWP20P90)        0.00       0.35 r
  library setup time                      -0.01       0.34
  data required time                                  0.34
  -----------------------------------------------------------
  data required time                                  0.34
  data arrival time                                  -0.34
  -----------------------------------------------------------
  slack (MET)                                         0.00


  Startpoint: inp_a[7] (input port clocked by clk)
  Endpoint: prod_reg[30]
            (rising edge-triggered flip-flop clocked by clk)
  Path Group: clk
  Path Type: max

  Des/Clust/Port     Wire Load Model       Library
  ------------------------------------------------
  mult               ZeroWireload          N16ADFP_StdCelltt0p8v25c

  Point                                    Incr       Path
  -----------------------------------------------------------
  clock clk (rise edge)                    0.00       0.00
  clock network delay (ideal)              0.00       0.00
  input external delay                     0.01       0.01 r
  inp_a[7] (in)                            0.01       0.02 r
  U168/Z (XOR2D2BWP20P90)                  0.03       0.05 f
  U169/ZN (CKND2BWP20P90)                  0.01       0.06 r
  U116/ZN (ND2D4BWP20P90)                  0.02       0.08 f
  U628/ZN (OAI22D1BWP20P90)                0.02       0.09 r
  U660/S (FA1D1BWP20P90)                   0.05       0.14 f
  U171/Z (XOR2D1BWP20P90)                  0.02       0.16 r
  U46/Z (XOR2D2BWP20P90)                   0.03       0.19 f
  U669/S (FA1D1BWP20P90)                   0.05       0.24 r
  U655/ZN (NR2D1BWP20P90)                  0.01       0.26 f
  U656/ZN (CKND2BWP20P90)                  0.01       0.26 r
  U671/ZN (ND2D2BWP20P90)                  0.01       0.27 f
  U770/ZN (NR2D1BWP20P90)                  0.01       0.29 r
  U779/ZN (ND2D1BWP20P90)                  0.01       0.30 f
  U780/ZN (NR2D1BWP20P90)                  0.01       0.31 r
  U789/ZN (AOI21D1BWP20P90)                0.01       0.32 f
  U800/Z (XOR2D1BWP20P90)                  0.02       0.34 r
  prod_reg[30]/D (DFCNQD2BWP20P90)         0.00       0.34 r
  data arrival time                                   0.34

  clock clk (rise edge)                    0.36       0.36
  clock network delay (ideal)              0.00       0.36
  clock uncertainty                       -0.01       0.35
  prod_reg[30]/CP (DFCNQD2BWP20P90)        0.00       0.35 r
  library setup time                      -0.01       0.34
  data required time                                  0.34
  -----------------------------------------------------------
  data required time                                  0.34
  data arrival time                                  -0.34
  -----------------------------------------------------------
  slack (MET)                                         0.00


  Startpoint: inp_a[13] (input port clocked by clk)
  Endpoint: prod_reg[23]
            (rising edge-triggered flip-flop clocked by clk)
  Path Group: clk
  Path Type: max

  Des/Clust/Port     Wire Load Model       Library
  ------------------------------------------------
  mult               ZeroWireload          N16ADFP_StdCelltt0p8v25c

  Point                                    Incr       Path
  -----------------------------------------------------------
  clock clk (rise edge)                    0.00       0.00
  clock network delay (ideal)              0.00       0.00
  input external delay                     0.01       0.01 f
  inp_a[13] (in)                           0.00       0.01 f
  U160/ZN (CKND2BWP20P90)                  0.01       0.02 r
  U161/ZN (INVD4BWP20P90)                  0.01       0.03 f
  U240/ZN (XNR2D8BWP20P90)                 0.02       0.05 r
  U105/ZN (INVD4BWP20P90)                  0.01       0.06 f
  U128/ZN (CKND2BWP20P90)                  0.01       0.07 r
  U326/ZN (OAI22D1BWP20P90)                0.02       0.09 f
  U357/S (FA1D1BWP20P90)                   0.05       0.15 r
  U407/S (FA1D1BWP20P90)                   0.05       0.19 f
  U573/Z (XOR2D1BWP20P90)                  0.03       0.22 r
  U574/Z (XOR2D1BWP20P90)                  0.03       0.25 f
  U79/ZN (NR2D1BWP20P90)                   0.01       0.26 r
  U589/ZN (OAI21D1BWP20P90)                0.02       0.28 f
  U111/ZN (AOI21D4BWP20P90)                0.01       0.29 r
  U594/ZN (OAI21D4BWP20P90)                0.02       0.31 f
  U867/ZN (AOI21D1BWP20P90)                0.01       0.32 r
  U870/Z (XOR2D1BWP20P90)                  0.02       0.34 r
  prod_reg[23]/D (DFCNQD2BWP20P90)         0.00       0.34 r
  data arrival time                                   0.34

  clock clk (rise edge)                    0.36       0.36
  clock network delay (ideal)              0.00       0.36
  clock uncertainty                       -0.01       0.35
  prod_reg[23]/CP (DFCNQD2BWP20P90)        0.00       0.35 r
  library setup time                      -0.01       0.34
  data required time                                  0.34
  -----------------------------------------------------------
  data required time                                  0.34
  data arrival time                                  -0.34
  -----------------------------------------------------------
  slack (MET)                                         0.00


  Startpoint: inp_a[13] (input port clocked by clk)
  Endpoint: prod_reg[25]
            (rising edge-triggered flip-flop clocked by clk)
  Path Group: clk
  Path Type: max

  Des/Clust/Port     Wire Load Model       Library
  ------------------------------------------------
  mult               ZeroWireload          N16ADFP_StdCelltt0p8v25c

  Point                                    Incr       Path
  -----------------------------------------------------------
  clock clk (rise edge)                    0.00       0.00
  clock network delay (ideal)              0.00       0.00
  input external delay                     0.01       0.01 f
  inp_a[13] (in)                           0.00       0.01 f
  U160/ZN (CKND2BWP20P90)                  0.01       0.02 r
  U161/ZN (INVD4BWP20P90)                  0.01       0.03 f
  U240/ZN (XNR2D8BWP20P90)                 0.02       0.05 r
  U105/ZN (INVD4BWP20P90)                  0.01       0.06 f
  U128/ZN (CKND2BWP20P90)                  0.01       0.07 r
  U326/ZN (OAI22D1BWP20P90)                0.02       0.09 f
  U357/S (FA1D1BWP20P90)                   0.05       0.15 r
  U407/S (FA1D1BWP20P90)                   0.05       0.19 f
  U573/Z (XOR2D1BWP20P90)                  0.03       0.22 r
  U574/Z (XOR2D1BWP20P90)                  0.03       0.25 f
  U79/ZN (NR2D1BWP20P90)                   0.01       0.26 r
  U589/ZN (OAI21D1BWP20P90)                0.02       0.28 f
  U111/ZN (AOI21D4BWP20P90)                0.01       0.29 r
  U594/ZN (OAI21D4BWP20P90)                0.02       0.31 f
  U823/ZN (AOI21D1BWP20P90)                0.01       0.32 r
  U825/Z (XOR2D1BWP20P90)                  0.02       0.34 r
  prod_reg[25]/D (DFCNQD2BWP20P90)         0.00       0.34 r
  data arrival time                                   0.34

  clock clk (rise edge)                    0.36       0.36
  clock network delay (ideal)              0.00       0.36
  clock uncertainty                       -0.01       0.35
  prod_reg[25]/CP (DFCNQD2BWP20P90)        0.00       0.35 r
  library setup time                      -0.01       0.34
  data required time                                  0.34
  -----------------------------------------------------------
  data required time                                  0.34
  data arrival time                                  -0.34
  -----------------------------------------------------------
  slack (MET)                                         0.00


  Startpoint: inp_a[13] (input port clocked by clk)
  Endpoint: prod_reg[26]
            (rising edge-triggered flip-flop clocked by clk)
  Path Group: clk
  Path Type: max

  Des/Clust/Port     Wire Load Model       Library
  ------------------------------------------------
  mult               ZeroWireload          N16ADFP_StdCelltt0p8v25c

  Point                                    Incr       Path
  -----------------------------------------------------------
  clock clk (rise edge)                    0.00       0.00
  clock network delay (ideal)              0.00       0.00
  input external delay                     0.01       0.01 f
  inp_a[13] (in)                           0.00       0.01 f
  U160/ZN (CKND2BWP20P90)                  0.01       0.02 r
  U161/ZN (INVD4BWP20P90)                  0.01       0.03 f
  U240/ZN (XNR2D8BWP20P90)                 0.02       0.05 r
  U105/ZN (INVD4BWP20P90)                  0.01       0.06 f
  U128/ZN (CKND2BWP20P90)                  0.01       0.07 r
  U326/ZN (OAI22D1BWP20P90)                0.02       0.09 f
  U357/S (FA1D1BWP20P90)                   0.05       0.15 r
  U407/S (FA1D1BWP20P90)                   0.05       0.19 f
  U573/Z (XOR2D1BWP20P90)                  0.03       0.22 r
  U574/Z (XOR2D1BWP20P90)                  0.03       0.25 f
  U79/ZN (NR2D1BWP20P90)                   0.01       0.26 r
  U589/ZN (OAI21D1BWP20P90)                0.02       0.28 f
  U111/ZN (AOI21D4BWP20P90)                0.01       0.29 r
  U594/ZN (OAI21D4BWP20P90)                0.02       0.31 f
  U810/ZN (AOI21D1BWP20P90)                0.01       0.32 r
  U813/Z (XOR2D1BWP20P90)                  0.02       0.34 r
  prod_reg[26]/D (DFCNQD2BWP20P90)         0.00       0.34 r
  data arrival time                                   0.34

  clock clk (rise edge)                    0.36       0.36
  clock network delay (ideal)              0.00       0.36
  clock uncertainty                       -0.01       0.35
  prod_reg[26]/CP (DFCNQD2BWP20P90)        0.00       0.35 r
  library setup time                      -0.01       0.34
  data required time                                  0.34
  -----------------------------------------------------------
  data required time                                  0.34
  data arrival time                                  -0.34
  -----------------------------------------------------------
  slack (MET)                                         0.00


  Startpoint: inp_a[13] (input port clocked by clk)
  Endpoint: prod_reg[28]
            (rising edge-triggered flip-flop clocked by clk)
  Path Group: clk
  Path Type: max

  Des/Clust/Port     Wire Load Model       Library
  ------------------------------------------------
  mult               ZeroWireload          N16ADFP_StdCelltt0p8v25c

  Point                                    Incr       Path
  -----------------------------------------------------------
  clock clk (rise edge)                    0.00       0.00
  clock network delay (ideal)              0.00       0.00
  input external delay                     0.01       0.01 f
  inp_a[13] (in)                           0.00       0.01 f
  U160/ZN (CKND2BWP20P90)                  0.01       0.02 r
  U161/ZN (INVD4BWP20P90)                  0.01       0.03 f
  U240/ZN (XNR2D8BWP20P90)                 0.02       0.05 r
  U105/ZN (INVD4BWP20P90)                  0.01       0.06 f
  U128/ZN (CKND2BWP20P90)                  0.01       0.07 r
  U326/ZN (OAI22D1BWP20P90)                0.02       0.09 f
  U357/S (FA1D1BWP20P90)                   0.05       0.15 r
  U407/S (FA1D1BWP20P90)                   0.05       0.19 f
  U573/Z (XOR2D1BWP20P90)                  0.03       0.22 r
  U574/Z (XOR2D1BWP20P90)                  0.03       0.25 f
  U79/ZN (NR2D1BWP20P90)                   0.01       0.26 r
  U589/ZN (OAI21D1BWP20P90)                0.02       0.28 f
  U111/ZN (AOI21D4BWP20P90)                0.01       0.29 r
  U594/ZN (OAI21D4BWP20P90)                0.02       0.31 f
  U753/ZN (AOI21D1BWP20P90)                0.01       0.32 r
  U766/Z (XOR2D1BWP20P90)                  0.02       0.34 r
  prod_reg[28]/D (DFCNQD2BWP20P90)         0.00       0.34 r
  data arrival time                                   0.34

  clock clk (rise edge)                    0.36       0.36
  clock network delay (ideal)              0.00       0.36
  clock uncertainty                       -0.01       0.35
  prod_reg[28]/CP (DFCNQD2BWP20P90)        0.00       0.35 r
  library setup time                      -0.01       0.34
  data required time                                  0.34
  -----------------------------------------------------------
  data required time                                  0.34
  data arrival time                                  -0.34
  -----------------------------------------------------------
  slack (MET)                                         0.00


  Startpoint: inp_a[13] (input port clocked by clk)
  Endpoint: prod_reg[30]
            (rising edge-triggered flip-flop clocked by clk)
  Path Group: clk
  Path Type: max

  Des/Clust/Port     Wire Load Model       Library
  ------------------------------------------------
  mult               ZeroWireload          N16ADFP_StdCelltt0p8v25c

  Point                                    Incr       Path
  -----------------------------------------------------------
  clock clk (rise edge)                    0.00       0.00
  clock network delay (ideal)              0.00       0.00
  input external delay                     0.01       0.01 f
  inp_a[13] (in)                           0.00       0.01 f
  U160/ZN (CKND2BWP20P90)                  0.01       0.02 r
  U161/ZN (INVD4BWP20P90)                  0.01       0.03 f
  U240/ZN (XNR2D8BWP20P90)                 0.02       0.05 r
  U105/ZN (INVD4BWP20P90)                  0.01       0.06 f
  U128/ZN (CKND2BWP20P90)                  0.01       0.07 r
  U326/ZN (OAI22D1BWP20P90)                0.02       0.09 f
  U357/S (FA1D1BWP20P90)                   0.05       0.15 r
  U407/S (FA1D1BWP20P90)                   0.05       0.19 f
  U573/Z (XOR2D1BWP20P90)                  0.03       0.22 r
  U574/Z (XOR2D1BWP20P90)                  0.03       0.25 f
  U79/ZN (NR2D1BWP20P90)                   0.01       0.26 r
  U589/ZN (OAI21D1BWP20P90)                0.02       0.28 f
  U111/ZN (AOI21D4BWP20P90)                0.01       0.29 r
  U594/ZN (OAI21D4BWP20P90)                0.02       0.31 f
  U789/ZN (AOI21D1BWP20P90)                0.01       0.32 r
  U800/Z (XOR2D1BWP20P90)                  0.02       0.34 r
  prod_reg[30]/D (DFCNQD2BWP20P90)         0.00       0.34 r
  data arrival time                                   0.34

  clock clk (rise edge)                    0.36       0.36
  clock network delay (ideal)              0.00       0.36
  clock uncertainty                       -0.01       0.35
  prod_reg[30]/CP (DFCNQD2BWP20P90)        0.00       0.35 r
  library setup time                      -0.01       0.34
  data required time                                  0.34
  -----------------------------------------------------------
  data required time                                  0.34
  data arrival time                                  -0.34
  -----------------------------------------------------------
  slack (MET)                                         0.00


  Startpoint: inp_a[15] (input port clocked by clk)
  Endpoint: prod_reg[25]
            (rising edge-triggered flip-flop clocked by clk)
  Path Group: clk
  Path Type: max

  Des/Clust/Port     Wire Load Model       Library
  ------------------------------------------------
  mult               ZeroWireload          N16ADFP_StdCelltt0p8v25c

  Point                                    Incr       Path
  -----------------------------------------------------------
  clock clk (rise edge)                    0.00       0.00
  clock network delay (ideal)              0.00       0.00
  input external delay                     0.01       0.01 r
  inp_a[15] (in)                           0.01       0.02 r
  U58/ZN (INVD1BWP20P90)                   0.03       0.05 f
  U601/ZN (NR2D1BWP20P90)                  0.03       0.08 r
  U608/ZN (INVD1BWP20P90)                  0.01       0.09 f
  U633/ZN (XNR3D1BWP20P90)                 0.05       0.14 r
  U644/ZN (MOAI22D1BWP20P90)               0.02       0.16 f
  U654/S (FA1D1BWP20P90)                   0.05       0.21 r
  U717/S (FA1D1BWP20P90)                   0.05       0.25 f
  U720/ZN (NR2D2BWP20P90)                  0.01       0.27 r
  U233/ZN (OAI21D1BWP20P90)                0.02       0.28 f
  U742/ZN (AOI21D4BWP20P90)                0.02       0.30 r
  U822/ZN (OAI21D1BWP20P90)                0.01       0.31 f
  U823/ZN (AOI21D1BWP20P90)                0.01       0.32 r
  U825/Z (XOR2D1BWP20P90)                  0.02       0.34 r
  prod_reg[25]/D (DFCNQD2BWP20P90)         0.00       0.34 r
  data arrival time                                   0.34

  clock clk (rise edge)                    0.36       0.36
  clock network delay (ideal)              0.00       0.36
  clock uncertainty                       -0.01       0.35
  prod_reg[25]/CP (DFCNQD2BWP20P90)        0.00       0.35 r
  library setup time                      -0.01       0.34
  data required time                                  0.34
  -----------------------------------------------------------
  data required time                                  0.34
  data arrival time                                  -0.34
  -----------------------------------------------------------
  slack (MET)                                         0.00


  Startpoint: inp_a[13] (input port clocked by clk)
  Endpoint: prod_reg[29]
            (rising edge-triggered flip-flop clocked by clk)
  Path Group: clk
  Path Type: max

  Des/Clust/Port     Wire Load Model       Library
  ------------------------------------------------
  mult               ZeroWireload          N16ADFP_StdCelltt0p8v25c

  Point                                    Incr       Path
  -----------------------------------------------------------
  clock clk (rise edge)                    0.00       0.00
  clock network delay (ideal)              0.00       0.00
  input external delay                     0.01       0.01 f
  inp_a[13] (in)                           0.00       0.01 f
  U160/ZN (CKND2BWP20P90)                  0.01       0.02 r
  U161/ZN (INVD4BWP20P90)                  0.01       0.03 f
  U240/ZN (XNR2D8BWP20P90)                 0.02       0.05 r
  U105/ZN (INVD4BWP20P90)                  0.01       0.06 f
  U128/ZN (CKND2BWP20P90)                  0.01       0.07 r
  U326/ZN (OAI22D1BWP20P90)                0.02       0.09 f
  U357/S (FA1D1BWP20P90)                   0.05       0.15 r
  U407/S (FA1D1BWP20P90)                   0.05       0.19 f
  U573/Z (XOR2D1BWP20P90)                  0.03       0.22 r
  U574/Z (XOR2D1BWP20P90)                  0.03       0.25 f
  U79/ZN (NR2D1BWP20P90)                   0.01       0.26 r
  U589/ZN (OAI21D1BWP20P90)                0.02       0.28 f
  U111/ZN (AOI21D4BWP20P90)                0.01       0.29 r
  U594/ZN (OAI21D4BWP20P90)                0.02       0.31 f
  U818/ZN (AOI21D1BWP20P90)                0.01       0.32 r
  U820/Z (XOR2D1BWP20P90)                  0.02       0.34 r
  prod_reg[29]/D (DFCNQD2BWP20P90)         0.00       0.34 r
  data arrival time                                   0.34

  clock clk (rise edge)                    0.36       0.36
  clock network delay (ideal)              0.00       0.36
  clock uncertainty                       -0.01       0.35
  prod_reg[29]/CP (DFCNQD2BWP20P90)        0.00       0.35 r
  library setup time                      -0.01       0.34
  data required time                                  0.34
  -----------------------------------------------------------
  data required time                                  0.34
  data arrival time                                  -0.34
  -----------------------------------------------------------
  slack (MET)                                         0.00


  Startpoint: inp_a[15] (input port clocked by clk)
  Endpoint: prod_reg[25]
            (rising edge-triggered flip-flop clocked by clk)
  Path Group: clk
  Path Type: max

  Des/Clust/Port     Wire Load Model       Library
  ------------------------------------------------
  mult               ZeroWireload          N16ADFP_StdCelltt0p8v25c

  Point                                    Incr       Path
  -----------------------------------------------------------
  clock clk (rise edge)                    0.00       0.00
  clock network delay (ideal)              0.00       0.00
  input external delay                     0.01       0.01 r
  inp_a[15] (in)                           0.01       0.02 r
  U58/ZN (INVD1BWP20P90)                   0.03       0.05 f
  U601/ZN (NR2D1BWP20P90)                  0.03       0.08 r
  U608/ZN (INVD1BWP20P90)                  0.01       0.09 f
  U633/ZN (XNR3D1BWP20P90)                 0.05       0.14 r
  U644/ZN (MOAI22D1BWP20P90)               0.02       0.16 f
  U654/S (FA1D1BWP20P90)                   0.05       0.21 r
  U717/S (FA1D1BWP20P90)                   0.05       0.25 f
  U720/ZN (NR2D2BWP20P90)                  0.01       0.27 r
  U233/ZN (OAI21D1BWP20P90)                0.02       0.28 f
  U742/ZN (AOI21D4BWP20P90)                0.02       0.30 r
  U822/ZN (OAI21D1BWP20P90)                0.01       0.31 f
  U823/ZN (AOI21D1BWP20P90)                0.01       0.32 r
  U825/Z (XOR2D1BWP20P90)                  0.02       0.34 r
  prod_reg[25]/D (DFCNQD2BWP20P90)         0.00       0.34 r
  data arrival time                                   0.34

  clock clk (rise edge)                    0.36       0.36
  clock network delay (ideal)              0.00       0.36
  clock uncertainty                       -0.01       0.35
  prod_reg[25]/CP (DFCNQD2BWP20P90)        0.00       0.35 r
  library setup time                      -0.01       0.34
  data required time                                  0.34
  -----------------------------------------------------------
  data required time                                  0.34
  data arrival time                                  -0.34
  -----------------------------------------------------------
  slack (MET)                                         0.00


  Startpoint: inp_a[13] (input port clocked by clk)
  Endpoint: prod_reg[27]
            (rising edge-triggered flip-flop clocked by clk)
  Path Group: clk
  Path Type: max

  Des/Clust/Port     Wire Load Model       Library
  ------------------------------------------------
  mult               ZeroWireload          N16ADFP_StdCelltt0p8v25c

  Point                                    Incr       Path
  -----------------------------------------------------------
  clock clk (rise edge)                    0.00       0.00
  clock network delay (ideal)              0.00       0.00
  input external delay                     0.01       0.01 f
  inp_a[13] (in)                           0.00       0.01 f
  U160/ZN (CKND2BWP20P90)                  0.01       0.02 r
  U161/ZN (INVD4BWP20P90)                  0.01       0.03 f
  U240/ZN (XNR2D8BWP20P90)                 0.02       0.05 r
  U105/ZN (INVD4BWP20P90)                  0.01       0.06 f
  U128/ZN (CKND2BWP20P90)                  0.01       0.07 r
  U326/ZN (OAI22D1BWP20P90)                0.02       0.09 f
  U357/S (FA1D1BWP20P90)                   0.05       0.15 r
  U407/S (FA1D1BWP20P90)                   0.05       0.19 f
  U573/Z (XOR2D1BWP20P90)                  0.03       0.22 r
  U574/Z (XOR2D1BWP20P90)                  0.03       0.25 f
  U79/ZN (NR2D1BWP20P90)                   0.01       0.26 r
  U589/ZN (OAI21D1BWP20P90)                0.02       0.28 f
  U111/ZN (AOI21D4BWP20P90)                0.01       0.29 r
  U594/ZN (OAI21D4BWP20P90)                0.02       0.31 f
  U805/ZN (AOI21D1BWP20P90)                0.01       0.32 r
  U807/Z (XOR2D1BWP20P90)                  0.02       0.34 r
  prod_reg[27]/D (DFCNQD2BWP20P90)         0.00       0.34 r
  data arrival time                                   0.34

  clock clk (rise edge)                    0.36       0.36
  clock network delay (ideal)              0.00       0.36
  clock uncertainty                       -0.01       0.35
  prod_reg[27]/CP (DFCNQD2BWP20P90)        0.00       0.35 r
  library setup time                      -0.01       0.34
  data required time                                  0.34
  -----------------------------------------------------------
  data required time                                  0.34
  data arrival time                                  -0.34
  -----------------------------------------------------------
  slack (MET)                                         0.00


  Startpoint: inp_a[13] (input port clocked by clk)
  Endpoint: prod_reg[31]
            (rising edge-triggered flip-flop clocked by clk)
  Path Group: clk
  Path Type: max

  Des/Clust/Port     Wire Load Model       Library
  ------------------------------------------------
  mult               ZeroWireload          N16ADFP_StdCelltt0p8v25c

  Point                                    Incr       Path
  -----------------------------------------------------------
  clock clk (rise edge)                    0.00       0.00
  clock network delay (ideal)              0.00       0.00
  input external delay                     0.01       0.01 f
  inp_a[13] (in)                           0.00       0.01 f
  U160/ZN (CKND2BWP20P90)                  0.01       0.02 r
  U161/ZN (INVD4BWP20P90)                  0.01       0.03 f
  U240/ZN (XNR2D8BWP20P90)                 0.02       0.05 r
  U105/ZN (INVD4BWP20P90)                  0.01       0.06 f
  U128/ZN (CKND2BWP20P90)                  0.01       0.07 r
  U326/ZN (OAI22D1BWP20P90)                0.02       0.09 f
  U357/S (FA1D1BWP20P90)                   0.05       0.15 r
  U407/S (FA1D1BWP20P90)                   0.05       0.19 f
  U573/Z (XOR2D1BWP20P90)                  0.03       0.22 r
  U574/Z (XOR2D1BWP20P90)                  0.03       0.25 f
  U79/ZN (NR2D1BWP20P90)                   0.01       0.26 r
  U589/ZN (OAI21D1BWP20P90)                0.02       0.28 f
  U111/ZN (AOI21D4BWP20P90)                0.01       0.29 r
  U594/ZN (OAI21D4BWP20P90)                0.02       0.31 f
  U833/ZN (AOI21D1BWP20P90)                0.01       0.32 r
  U841/Z (XOR2D1BWP20P90)                  0.02       0.34 r
  prod_reg[31]/D (DFCNQD2BWP20P90)         0.00       0.34 r
  data arrival time                                   0.34

  clock clk (rise edge)                    0.36       0.36
  clock network delay (ideal)              0.00       0.36
  clock uncertainty                       -0.01       0.35
  prod_reg[31]/CP (DFCNQD2BWP20P90)        0.00       0.35 r
  library setup time                      -0.01       0.34
  data required time                                  0.34
  -----------------------------------------------------------
  data required time                                  0.34
  data arrival time                                  -0.34
  -----------------------------------------------------------
  slack (MET)                                         0.00


  Startpoint: inp_a[13] (input port clocked by clk)
  Endpoint: prod_reg[29]
            (rising edge-triggered flip-flop clocked by clk)
  Path Group: clk
  Path Type: max

  Des/Clust/Port     Wire Load Model       Library
  ------------------------------------------------
  mult               ZeroWireload          N16ADFP_StdCelltt0p8v25c

  Point                                    Incr       Path
  -----------------------------------------------------------
  clock clk (rise edge)                    0.00       0.00
  clock network delay (ideal)              0.00       0.00
  input external delay                     0.01       0.01 f
  inp_a[13] (in)                           0.00       0.01 f
  U160/ZN (CKND2BWP20P90)                  0.01       0.02 r
  U161/ZN (INVD4BWP20P90)                  0.01       0.03 f
  U240/ZN (XNR2D8BWP20P90)                 0.02       0.05 r
  U105/ZN (INVD4BWP20P90)                  0.01       0.06 f
  U102/ZN (CKND8BWP20P90)                  0.01       0.07 r
  U53/ZN (ND2D4BWP20P90)                   0.01       0.08 f
  U326/ZN (OAI22D1BWP20P90)                0.02       0.09 r
  U357/S (FA1D1BWP20P90)                   0.05       0.14 f
  U407/S (FA1D1BWP20P90)                   0.05       0.19 r
  U573/Z (XOR2D1BWP20P90)                  0.03       0.22 f
  U574/Z (XOR2D1BWP20P90)                  0.03       0.25 r
  U79/ZN (NR2D1BWP20P90)                   0.01       0.26 f
  U586/ZN (NR2D1BWP20P90)                  0.02       0.27 r
  U111/ZN (AOI21D4BWP20P90)                0.01       0.29 f
  U594/ZN (OAI21D4BWP20P90)                0.02       0.31 r
  U818/ZN (AOI21D1BWP20P90)                0.02       0.32 f
  U820/Z (XOR2D1BWP20P90)                  0.02       0.34 r
  prod_reg[29]/D (DFCNQD2BWP20P90)         0.00       0.34 r
  data arrival time                                   0.34

  clock clk (rise edge)                    0.36       0.36
  clock network delay (ideal)              0.00       0.36
  clock uncertainty                       -0.01       0.35
  prod_reg[29]/CP (DFCNQD2BWP20P90)        0.00       0.35 r
  library setup time                      -0.01       0.34
  data required time                                  0.34
  -----------------------------------------------------------
  data required time                                  0.34
  data arrival time                                  -0.34
  -----------------------------------------------------------
  slack (MET)                                         0.00


  Startpoint: inp_a[13] (input port clocked by clk)
  Endpoint: prod_reg[26]
            (rising edge-triggered flip-flop clocked by clk)
  Path Group: clk
  Path Type: max

  Des/Clust/Port     Wire Load Model       Library
  ------------------------------------------------
  mult               ZeroWireload          N16ADFP_StdCelltt0p8v25c

  Point                                    Incr       Path
  -----------------------------------------------------------
  clock clk (rise edge)                    0.00       0.00
  clock network delay (ideal)              0.00       0.00
  input external delay                     0.01       0.01 f
  inp_a[13] (in)                           0.00       0.01 f
  U160/ZN (CKND2BWP20P90)                  0.01       0.02 r
  U161/ZN (INVD4BWP20P90)                  0.01       0.03 f
  U240/ZN (XNR2D8BWP20P90)                 0.02       0.05 r
  U105/ZN (INVD4BWP20P90)                  0.01       0.06 f
  U102/ZN (CKND8BWP20P90)                  0.01       0.07 r
  U53/ZN (ND2D4BWP20P90)                   0.01       0.08 f
  U326/ZN (OAI22D1BWP20P90)                0.02       0.09 r
  U357/S (FA1D1BWP20P90)                   0.05       0.14 f
  U407/S (FA1D1BWP20P90)                   0.05       0.19 r
  U573/Z (XOR2D1BWP20P90)                  0.03       0.22 f
  U574/Z (XOR2D1BWP20P90)                  0.03       0.25 r
  U79/ZN (NR2D1BWP20P90)                   0.01       0.26 f
  U586/ZN (NR2D1BWP20P90)                  0.02       0.27 r
  U111/ZN (AOI21D4BWP20P90)                0.01       0.29 f
  U594/ZN (OAI21D4BWP20P90)                0.02       0.31 r
  U810/ZN (AOI21D1BWP20P90)                0.02       0.32 f
  U813/Z (XOR2D1BWP20P90)                  0.02       0.34 r
  prod_reg[26]/D (DFCNQD2BWP20P90)         0.00       0.34 r
  data arrival time                                   0.34

  clock clk (rise edge)                    0.36       0.36
  clock network delay (ideal)              0.00       0.36
  clock uncertainty                       -0.01       0.35
  prod_reg[26]/CP (DFCNQD2BWP20P90)        0.00       0.35 r
  library setup time                      -0.01       0.34
  data required time                                  0.34
  -----------------------------------------------------------
  data required time                                  0.34
  data arrival time                                  -0.34
  -----------------------------------------------------------
  slack (MET)                                         0.00


  Startpoint: inp_a[13] (input port clocked by clk)
  Endpoint: prod_reg[22]
            (rising edge-triggered flip-flop clocked by clk)
  Path Group: clk
  Path Type: max

  Des/Clust/Port     Wire Load Model       Library
  ------------------------------------------------
  mult               ZeroWireload          N16ADFP_StdCelltt0p8v25c

  Point                                    Incr       Path
  -----------------------------------------------------------
  clock clk (rise edge)                    0.00       0.00
  clock network delay (ideal)              0.00       0.00
  input external delay                     0.01       0.01 f
  inp_a[13] (in)                           0.00       0.01 f
  U160/ZN (CKND2BWP20P90)                  0.01       0.02 r
  U161/ZN (INVD4BWP20P90)                  0.01       0.03 f
  U240/ZN (XNR2D8BWP20P90)                 0.02       0.05 r
  U105/ZN (INVD4BWP20P90)                  0.01       0.06 f
  U102/ZN (CKND8BWP20P90)                  0.01       0.07 r
  U53/ZN (ND2D4BWP20P90)                   0.01       0.08 f
  U326/ZN (OAI22D1BWP20P90)                0.02       0.09 r
  U357/S (FA1D1BWP20P90)                   0.05       0.14 f
  U407/S (FA1D1BWP20P90)                   0.05       0.19 r
  U573/Z (XOR2D1BWP20P90)                  0.03       0.22 f
  U574/Z (XOR2D1BWP20P90)                  0.03       0.25 r
  U79/ZN (NR2D1BWP20P90)                   0.01       0.26 f
  U586/ZN (NR2D1BWP20P90)                  0.02       0.27 r
  U111/ZN (AOI21D4BWP20P90)                0.01       0.29 f
  U594/ZN (OAI21D4BWP20P90)                0.02       0.31 r
  U854/ZN (AOI21D1BWP20P90)                0.02       0.32 f
  U857/Z (XOR2D1BWP20P90)                  0.02       0.34 r
  prod_reg[22]/D (DFCNQD2BWP20P90)         0.00       0.34 r
  data arrival time                                   0.34

  clock clk (rise edge)                    0.36       0.36
  clock network delay (ideal)              0.00       0.36
  clock uncertainty                       -0.01       0.35
  prod_reg[22]/CP (DFCNQD2BWP20P90)        0.00       0.35 r
  library setup time                      -0.01       0.34
  data required time                                  0.34
  -----------------------------------------------------------
  data required time                                  0.34
  data arrival time                                  -0.34
  -----------------------------------------------------------
  slack (MET)                                         0.00


  Startpoint: inp_a[13] (input port clocked by clk)
  Endpoint: prod_reg[24]
            (rising edge-triggered flip-flop clocked by clk)
  Path Group: clk
  Path Type: max

  Des/Clust/Port     Wire Load Model       Library
  ------------------------------------------------
  mult               ZeroWireload          N16ADFP_StdCelltt0p8v25c

  Point                                    Incr       Path
  -----------------------------------------------------------
  clock clk (rise edge)                    0.00       0.00
  clock network delay (ideal)              0.00       0.00
  input external delay                     0.01       0.01 f
  inp_a[13] (in)                           0.00       0.01 f
  U160/ZN (CKND2BWP20P90)                  0.01       0.02 r
  U161/ZN (INVD4BWP20P90)                  0.01       0.03 f
  U240/ZN (XNR2D8BWP20P90)                 0.02       0.05 r
  U105/ZN (INVD4BWP20P90)                  0.01       0.06 f
  U102/ZN (CKND8BWP20P90)                  0.01       0.07 r
  U53/ZN (ND2D4BWP20P90)                   0.01       0.08 f
  U326/ZN (OAI22D1BWP20P90)                0.02       0.09 r
  U357/S (FA1D1BWP20P90)                   0.05       0.14 f
  U407/S (FA1D1BWP20P90)                   0.05       0.19 r
  U573/Z (XOR2D1BWP20P90)                  0.03       0.22 f
  U574/Z (XOR2D1BWP20P90)                  0.03       0.25 r
  U79/ZN (NR2D1BWP20P90)                   0.01       0.26 f
  U586/ZN (NR2D1BWP20P90)                  0.02       0.27 r
  U111/ZN (AOI21D4BWP20P90)                0.01       0.29 f
  U594/ZN (OAI21D4BWP20P90)                0.02       0.31 r
  U873/ZN (AOI21D1BWP20P90)                0.02       0.32 f
  U875/Z (XOR2D1BWP20P90)                  0.02       0.34 r
  prod_reg[24]/D (DFCNQD2BWP20P90)         0.00       0.34 r
  data arrival time                                   0.34

  clock clk (rise edge)                    0.36       0.36
  clock network delay (ideal)              0.00       0.36
  clock uncertainty                       -0.01       0.35
  prod_reg[24]/CP (DFCNQD2BWP20P90)        0.00       0.35 r
  library setup time                      -0.01       0.34
  data required time                                  0.34
  -----------------------------------------------------------
  data required time                                  0.34
  data arrival time                                  -0.34
  -----------------------------------------------------------
  slack (MET)                                         0.00


  Startpoint: inp_a[13] (input port clocked by clk)
  Endpoint: prod_reg[28]
            (rising edge-triggered flip-flop clocked by clk)
  Path Group: clk
  Path Type: max

  Des/Clust/Port     Wire Load Model       Library
  ------------------------------------------------
  mult               ZeroWireload          N16ADFP_StdCelltt0p8v25c

  Point                                    Incr       Path
  -----------------------------------------------------------
  clock clk (rise edge)                    0.00       0.00
  clock network delay (ideal)              0.00       0.00
  input external delay                     0.01       0.01 f
  inp_a[13] (in)                           0.00       0.01 f
  U160/ZN (CKND2BWP20P90)                  0.01       0.02 r
  U161/ZN (INVD4BWP20P90)                  0.01       0.03 f
  U240/ZN (XNR2D8BWP20P90)                 0.02       0.05 r
  U105/ZN (INVD4BWP20P90)                  0.01       0.06 f
  U102/ZN (CKND8BWP20P90)                  0.01       0.07 r
  U53/ZN (ND2D4BWP20P90)                   0.01       0.08 f
  U326/ZN (OAI22D1BWP20P90)                0.02       0.09 r
  U357/S (FA1D1BWP20P90)                   0.05       0.14 f
  U407/S (FA1D1BWP20P90)                   0.05       0.19 r
  U573/Z (XOR2D1BWP20P90)                  0.03       0.22 f
  U574/Z (XOR2D1BWP20P90)                  0.03       0.25 r
  U79/ZN (NR2D1BWP20P90)                   0.01       0.26 f
  U586/ZN (NR2D1BWP20P90)                  0.02       0.27 r
  U111/ZN (AOI21D4BWP20P90)                0.01       0.29 f
  U594/ZN (OAI21D4BWP20P90)                0.02       0.31 r
  U753/ZN (AOI21D1BWP20P90)                0.02       0.32 f
  U766/Z (XOR2D1BWP20P90)                  0.02       0.34 r
  prod_reg[28]/D (DFCNQD2BWP20P90)         0.00       0.34 r
  data arrival time                                   0.34

  clock clk (rise edge)                    0.36       0.36
  clock network delay (ideal)              0.00       0.36
  clock uncertainty                       -0.01       0.35
  prod_reg[28]/CP (DFCNQD2BWP20P90)        0.00       0.35 r
  library setup time                      -0.01       0.34
  data required time                                  0.34
  -----------------------------------------------------------
  data required time                                  0.34
  data arrival time                                  -0.34
  -----------------------------------------------------------
  slack (MET)                                         0.00


  Startpoint: inp_a[13] (input port clocked by clk)
  Endpoint: prod_reg[25]
            (rising edge-triggered flip-flop clocked by clk)
  Path Group: clk
  Path Type: max

  Des/Clust/Port     Wire Load Model       Library
  ------------------------------------------------
  mult               ZeroWireload          N16ADFP_StdCelltt0p8v25c

  Point                                    Incr       Path
  -----------------------------------------------------------
  clock clk (rise edge)                    0.00       0.00
  clock network delay (ideal)              0.00       0.00
  input external delay                     0.01       0.01 f
  inp_a[13] (in)                           0.00       0.01 f
  U160/ZN (CKND2BWP20P90)                  0.01       0.02 r
  U161/ZN (INVD4BWP20P90)                  0.01       0.03 f
  U240/ZN (XNR2D8BWP20P90)                 0.02       0.05 r
  U105/ZN (INVD4BWP20P90)                  0.01       0.06 f
  U102/ZN (CKND8BWP20P90)                  0.01       0.07 r
  U53/ZN (ND2D4BWP20P90)                   0.01       0.08 f
  U326/ZN (OAI22D1BWP20P90)                0.02       0.09 r
  U357/S (FA1D1BWP20P90)                   0.05       0.14 f
  U407/S (FA1D1BWP20P90)                   0.05       0.19 r
  U573/Z (XOR2D1BWP20P90)                  0.03       0.22 f
  U574/Z (XOR2D1BWP20P90)                  0.03       0.25 r
  U79/ZN (NR2D1BWP20P90)                   0.01       0.26 f
  U586/ZN (NR2D1BWP20P90)                  0.02       0.27 r
  U111/ZN (AOI21D4BWP20P90)                0.01       0.29 f
  U594/ZN (OAI21D4BWP20P90)                0.02       0.31 r
  U823/ZN (AOI21D1BWP20P90)                0.02       0.32 f
  U825/Z (XOR2D1BWP20P90)                  0.02       0.34 r
  prod_reg[25]/D (DFCNQD2BWP20P90)         0.00       0.34 r
  data arrival time                                   0.34

  clock clk (rise edge)                    0.36       0.36
  clock network delay (ideal)              0.00       0.36
  clock uncertainty                       -0.01       0.35
  prod_reg[25]/CP (DFCNQD2BWP20P90)        0.00       0.35 r
  library setup time                      -0.01       0.34
  data required time                                  0.34
  -----------------------------------------------------------
  data required time                                  0.34
  data arrival time                                  -0.34
  -----------------------------------------------------------
  slack (MET)                                         0.00


  Startpoint: inp_a[13] (input port clocked by clk)
  Endpoint: prod_reg[23]
            (rising edge-triggered flip-flop clocked by clk)
  Path Group: clk
  Path Type: max

  Des/Clust/Port     Wire Load Model       Library
  ------------------------------------------------
  mult               ZeroWireload          N16ADFP_StdCelltt0p8v25c

  Point                                    Incr       Path
  -----------------------------------------------------------
  clock clk (rise edge)                    0.00       0.00
  clock network delay (ideal)              0.00       0.00
  input external delay                     0.01       0.01 f
  inp_a[13] (in)                           0.00       0.01 f
  U160/ZN (CKND2BWP20P90)                  0.01       0.02 r
  U161/ZN (INVD4BWP20P90)                  0.01       0.03 f
  U240/ZN (XNR2D8BWP20P90)                 0.02       0.05 r
  U105/ZN (INVD4BWP20P90)                  0.01       0.06 f
  U102/ZN (CKND8BWP20P90)                  0.01       0.07 r
  U53/ZN (ND2D4BWP20P90)                   0.01       0.08 f
  U326/ZN (OAI22D1BWP20P90)                0.02       0.09 r
  U357/S (FA1D1BWP20P90)                   0.05       0.14 f
  U407/S (FA1D1BWP20P90)                   0.05       0.19 r
  U573/Z (XOR2D1BWP20P90)                  0.03       0.22 f
  U574/Z (XOR2D1BWP20P90)                  0.03       0.25 r
  U79/ZN (NR2D1BWP20P90)                   0.01       0.26 f
  U586/ZN (NR2D1BWP20P90)                  0.02       0.27 r
  U111/ZN (AOI21D4BWP20P90)                0.01       0.29 f
  U594/ZN (OAI21D4BWP20P90)                0.02       0.31 r
  U867/ZN (AOI21D1BWP20P90)                0.02       0.32 f
  U870/Z (XOR2D1BWP20P90)                  0.02       0.34 r
  prod_reg[23]/D (DFCNQD2BWP20P90)         0.00       0.34 r
  data arrival time                                   0.34

  clock clk (rise edge)                    0.36       0.36
  clock network delay (ideal)              0.00       0.36
  clock uncertainty                       -0.01       0.35
  prod_reg[23]/CP (DFCNQD2BWP20P90)        0.00       0.35 r
  library setup time                      -0.01       0.34
  data required time                                  0.34
  -----------------------------------------------------------
  data required time                                  0.34
  data arrival time                                  -0.34
  -----------------------------------------------------------
  slack (MET)                                         0.00


  Startpoint: inp_a[13] (input port clocked by clk)
  Endpoint: prod_reg[30]
            (rising edge-triggered flip-flop clocked by clk)
  Path Group: clk
  Path Type: max

  Des/Clust/Port     Wire Load Model       Library
  ------------------------------------------------
  mult               ZeroWireload          N16ADFP_StdCelltt0p8v25c

  Point                                    Incr       Path
  -----------------------------------------------------------
  clock clk (rise edge)                    0.00       0.00
  clock network delay (ideal)              0.00       0.00
  input external delay                     0.01       0.01 f
  inp_a[13] (in)                           0.00       0.01 f
  U160/ZN (CKND2BWP20P90)                  0.01       0.02 r
  U161/ZN (INVD4BWP20P90)                  0.01       0.03 f
  U240/ZN (XNR2D8BWP20P90)                 0.02       0.05 r
  U105/ZN (INVD4BWP20P90)                  0.01       0.06 f
  U102/ZN (CKND8BWP20P90)                  0.01       0.07 r
  U53/ZN (ND2D4BWP20P90)                   0.01       0.08 f
  U326/ZN (OAI22D1BWP20P90)                0.02       0.09 r
  U357/S (FA1D1BWP20P90)                   0.05       0.14 f
  U407/S (FA1D1BWP20P90)                   0.05       0.19 r
  U573/Z (XOR2D1BWP20P90)                  0.03       0.22 f
  U574/Z (XOR2D1BWP20P90)                  0.03       0.25 r
  U79/ZN (NR2D1BWP20P90)                   0.01       0.26 f
  U586/ZN (NR2D1BWP20P90)                  0.02       0.27 r
  U111/ZN (AOI21D4BWP20P90)                0.01       0.29 f
  U594/ZN (OAI21D4BWP20P90)                0.02       0.31 r
  U789/ZN (AOI21D1BWP20P90)                0.02       0.32 f
  U800/Z (XOR2D1BWP20P90)                  0.02       0.34 r
  prod_reg[30]/D (DFCNQD2BWP20P90)         0.00       0.34 r
  data arrival time                                   0.34

  clock clk (rise edge)                    0.36       0.36
  clock network delay (ideal)              0.00       0.36
  clock uncertainty                       -0.01       0.35
  prod_reg[30]/CP (DFCNQD2BWP20P90)        0.00       0.35 r
  library setup time                      -0.01       0.34
  data required time                                  0.34
  -----------------------------------------------------------
  data required time                                  0.34
  data arrival time                                  -0.34
  -----------------------------------------------------------
  slack (MET)                                         0.00


  Startpoint: inp_a[13] (input port clocked by clk)
  Endpoint: prod_reg[27]
            (rising edge-triggered flip-flop clocked by clk)
  Path Group: clk
  Path Type: max

  Des/Clust/Port     Wire Load Model       Library
  ------------------------------------------------
  mult               ZeroWireload          N16ADFP_StdCelltt0p8v25c

  Point                                    Incr       Path
  -----------------------------------------------------------
  clock clk (rise edge)                    0.00       0.00
  clock network delay (ideal)              0.00       0.00
  input external delay                     0.01       0.01 f
  inp_a[13] (in)                           0.00       0.01 f
  U160/ZN (CKND2BWP20P90)                  0.01       0.02 r
  U161/ZN (INVD4BWP20P90)                  0.01       0.03 f
  U240/ZN (XNR2D8BWP20P90)                 0.02       0.05 r
  U105/ZN (INVD4BWP20P90)                  0.01       0.06 f
  U102/ZN (CKND8BWP20P90)                  0.01       0.07 r
  U53/ZN (ND2D4BWP20P90)                   0.01       0.08 f
  U326/ZN (OAI22D1BWP20P90)                0.02       0.09 r
  U357/S (FA1D1BWP20P90)                   0.05       0.14 f
  U407/S (FA1D1BWP20P90)                   0.05       0.19 r
  U573/Z (XOR2D1BWP20P90)                  0.03       0.22 f
  U574/Z (XOR2D1BWP20P90)                  0.03       0.25 r
  U79/ZN (NR2D1BWP20P90)                   0.01       0.26 f
  U586/ZN (NR2D1BWP20P90)                  0.02       0.27 r
  U111/ZN (AOI21D4BWP20P90)                0.01       0.29 f
  U594/ZN (OAI21D4BWP20P90)                0.02       0.31 r
  U805/ZN (AOI21D1BWP20P90)                0.02       0.32 f
  U807/Z (XOR2D1BWP20P90)                  0.02       0.34 r
  prod_reg[27]/D (DFCNQD2BWP20P90)         0.00       0.34 r
  data arrival time                                   0.34

  clock clk (rise edge)                    0.36       0.36
  clock network delay (ideal)              0.00       0.36
  clock uncertainty                       -0.01       0.35
  prod_reg[27]/CP (DFCNQD2BWP20P90)        0.00       0.35 r
  library setup time                      -0.01       0.34
  data required time                                  0.34
  -----------------------------------------------------------
  data required time                                  0.34
  data arrival time                                  -0.34
  -----------------------------------------------------------
  slack (MET)                                         0.00


  Startpoint: inp_a[13] (input port clocked by clk)
  Endpoint: prod_reg[31]
            (rising edge-triggered flip-flop clocked by clk)
  Path Group: clk
  Path Type: max

  Des/Clust/Port     Wire Load Model       Library
  ------------------------------------------------
  mult               ZeroWireload          N16ADFP_StdCelltt0p8v25c

  Point                                    Incr       Path
  -----------------------------------------------------------
  clock clk (rise edge)                    0.00       0.00
  clock network delay (ideal)              0.00       0.00
  input external delay                     0.01       0.01 f
  inp_a[13] (in)                           0.00       0.01 f
  U160/ZN (CKND2BWP20P90)                  0.01       0.02 r
  U161/ZN (INVD4BWP20P90)                  0.01       0.03 f
  U240/ZN (XNR2D8BWP20P90)                 0.02       0.05 r
  U105/ZN (INVD4BWP20P90)                  0.01       0.06 f
  U102/ZN (CKND8BWP20P90)                  0.01       0.07 r
  U53/ZN (ND2D4BWP20P90)                   0.01       0.08 f
  U326/ZN (OAI22D1BWP20P90)                0.02       0.09 r
  U357/S (FA1D1BWP20P90)                   0.05       0.14 f
  U407/S (FA1D1BWP20P90)                   0.05       0.19 r
  U573/Z (XOR2D1BWP20P90)                  0.03       0.22 f
  U574/Z (XOR2D1BWP20P90)                  0.03       0.25 r
  U79/ZN (NR2D1BWP20P90)                   0.01       0.26 f
  U586/ZN (NR2D1BWP20P90)                  0.02       0.27 r
  U111/ZN (AOI21D4BWP20P90)                0.01       0.29 f
  U594/ZN (OAI21D4BWP20P90)                0.02       0.31 r
  U833/ZN (AOI21D1BWP20P90)                0.02       0.32 f
  U841/Z (XOR2D1BWP20P90)                  0.02       0.34 r
  prod_reg[31]/D (DFCNQD2BWP20P90)         0.00       0.34 r
  data arrival time                                   0.34

  clock clk (rise edge)                    0.36       0.36
  clock network delay (ideal)              0.00       0.36
  clock uncertainty                       -0.01       0.35
  prod_reg[31]/CP (DFCNQD2BWP20P90)        0.00       0.35 r
  library setup time                      -0.01       0.34
  data required time                                  0.34
  -----------------------------------------------------------
  data required time                                  0.34
  data arrival time                                  -0.34
  -----------------------------------------------------------
  slack (MET)                                         0.00


  Startpoint: inp_a[7] (input port clocked by clk)
  Endpoint: prod_reg[28]
            (rising edge-triggered flip-flop clocked by clk)
  Path Group: clk
  Path Type: max

  Des/Clust/Port     Wire Load Model       Library
  ------------------------------------------------
  mult               ZeroWireload          N16ADFP_StdCelltt0p8v25c

  Point                                    Incr       Path
  -----------------------------------------------------------
  clock clk (rise edge)                    0.00       0.00
  clock network delay (ideal)              0.00       0.00
  input external delay                     0.01       0.01 r
  inp_a[7] (in)                            0.01       0.02 r
  U168/Z (XOR2D2BWP20P90)                  0.03       0.05 f
  U169/ZN (CKND2BWP20P90)                  0.01       0.06 r
  U116/ZN (ND2D4BWP20P90)                  0.02       0.08 f
  U628/ZN (OAI22D1BWP20P90)                0.02       0.09 r
  U660/S (FA1D1BWP20P90)                   0.05       0.14 f
  U171/Z (XOR2D1BWP20P90)                  0.02       0.16 r
  U46/Z (XOR2D2BWP20P90)                   0.03       0.19 f
  U669/S (FA1D1BWP20P90)                   0.05       0.24 r
  U655/ZN (NR2D1BWP20P90)                  0.01       0.26 f
  U656/ZN (CKND2BWP20P90)                  0.01       0.26 r
  U671/ZN (ND2D2BWP20P90)                  0.01       0.27 f
  U684/ZN (NR2D1BWP20P90)                  0.01       0.29 r
  U697/ZN (ND2D1BWP20P90)                  0.01       0.30 f
  U736/ZN (NR2D1BWP20P90)                  0.01       0.31 r
  U753/ZN (AOI21D1BWP20P90)                0.01       0.32 f
  U766/Z (XOR2D1BWP20P90)                  0.02       0.34 r
  prod_reg[28]/D (DFCNQD2BWP20P90)         0.00       0.34 r
  data arrival time                                   0.34

  clock clk (rise edge)                    0.36       0.36
  clock network delay (ideal)              0.00       0.36
  clock uncertainty                       -0.01       0.35
  prod_reg[28]/CP (DFCNQD2BWP20P90)        0.00       0.35 r
  library setup time                      -0.01       0.34
  data required time                                  0.34
  -----------------------------------------------------------
  data required time                                  0.34
  data arrival time                                  -0.34
  -----------------------------------------------------------
  slack (MET)                                         0.00


  Startpoint: inp_a[7] (input port clocked by clk)
  Endpoint: prod_reg[30]
            (rising edge-triggered flip-flop clocked by clk)
  Path Group: clk
  Path Type: max

  Des/Clust/Port     Wire Load Model       Library
  ------------------------------------------------
  mult               ZeroWireload          N16ADFP_StdCelltt0p8v25c

  Point                                    Incr       Path
  -----------------------------------------------------------
  clock clk (rise edge)                    0.00       0.00
  clock network delay (ideal)              0.00       0.00
  input external delay                     0.01       0.01 r
  inp_a[7] (in)                            0.01       0.02 r
  U168/Z (XOR2D2BWP20P90)                  0.03       0.05 f
  U169/ZN (CKND2BWP20P90)                  0.01       0.06 r
  U116/ZN (ND2D4BWP20P90)                  0.02       0.08 f
  U628/ZN (OAI22D1BWP20P90)                0.02       0.09 r
  U660/S (FA1D1BWP20P90)                   0.05       0.14 f
  U171/Z (XOR2D1BWP20P90)                  0.02       0.16 r
  U46/Z (XOR2D2BWP20P90)                   0.03       0.19 f
  U669/S (FA1D1BWP20P90)                   0.05       0.24 r
  U655/ZN (NR2D1BWP20P90)                  0.01       0.26 f
  U656/ZN (CKND2BWP20P90)                  0.01       0.26 r
  U671/ZN (ND2D2BWP20P90)                  0.01       0.27 f
  U770/ZN (NR2D1BWP20P90)                  0.01       0.29 r
  U779/ZN (ND2D1BWP20P90)                  0.01       0.30 f
  U780/ZN (NR2D1BWP20P90)                  0.01       0.31 r
  U789/ZN (AOI21D1BWP20P90)                0.01       0.32 f
  U800/Z (XOR2D1BWP20P90)                  0.02       0.34 r
  prod_reg[30]/D (DFCNQD2BWP20P90)         0.00       0.34 r
  data arrival time                                   0.34

  clock clk (rise edge)                    0.36       0.36
  clock network delay (ideal)              0.00       0.36
  clock uncertainty                       -0.01       0.35
  prod_reg[30]/CP (DFCNQD2BWP20P90)        0.00       0.35 r
  library setup time                      -0.01       0.34
  data required time                                  0.34
  -----------------------------------------------------------
  data required time                                  0.34
  data arrival time                                  -0.34
  -----------------------------------------------------------
  slack (MET)                                         0.00


  Startpoint: inp_a[13] (input port clocked by clk)
  Endpoint: prod_reg[21]
            (rising edge-triggered flip-flop clocked by clk)
  Path Group: clk
  Path Type: max

  Des/Clust/Port     Wire Load Model       Library
  ------------------------------------------------
  mult               ZeroWireload          N16ADFP_StdCelltt0p8v25c

  Point                                    Incr       Path
  -----------------------------------------------------------
  clock clk (rise edge)                    0.00       0.00
  clock network delay (ideal)              0.00       0.00
  input external delay                     0.01       0.01 f
  inp_a[13] (in)                           0.00       0.01 f
  U160/ZN (CKND2BWP20P90)                  0.01       0.02 r
  U161/ZN (INVD4BWP20P90)                  0.01       0.03 f
  U240/ZN (XNR2D8BWP20P90)                 0.02       0.05 r
  U105/ZN (INVD4BWP20P90)                  0.01       0.06 f
  U102/ZN (CKND8BWP20P90)                  0.01       0.07 r
  U53/ZN (ND2D4BWP20P90)                   0.01       0.08 f
  U326/ZN (OAI22D1BWP20P90)                0.02       0.09 r
  U357/S (FA1D1BWP20P90)                   0.05       0.14 f
  U407/S (FA1D1BWP20P90)                   0.05       0.19 r
  U573/Z (XOR2D1BWP20P90)                  0.03       0.22 f
  U574/Z (XOR2D1BWP20P90)                  0.03       0.25 r
  U79/ZN (NR2D1BWP20P90)                   0.01       0.26 f
  U586/ZN (NR2D1BWP20P90)                  0.02       0.28 r
  U111/ZN (AOI21D4BWP20P90)                0.01       0.29 f
  U594/ZN (OAI21D4BWP20P90)                0.02       0.31 r
  U850/ZN (IAOI21D1BWP20P90)               0.01       0.32 f
  U853/Z (XOR2D1BWP20P90)                  0.02       0.34 r
  prod_reg[21]/D (DFCNQD2BWP20P90)         0.00       0.34 r
  data arrival time                                   0.34

  clock clk (rise edge)                    0.36       0.36
  clock network delay (ideal)              0.00       0.36
  clock uncertainty                       -0.01       0.35
  prod_reg[21]/CP (DFCNQD2BWP20P90)        0.00       0.35 r
  library setup time                      -0.01       0.34
  data required time                                  0.34
  -----------------------------------------------------------
  data required time                                  0.34
  data arrival time                                  -0.34
  -----------------------------------------------------------
  slack (MET)                                         0.00


  Startpoint: inp_a[11] (input port clocked by clk)
  Endpoint: prod_reg[29]
            (rising edge-triggered flip-flop clocked by clk)
  Path Group: clk
  Path Type: max

  Des/Clust/Port     Wire Load Model       Library
  ------------------------------------------------
  mult               ZeroWireload          N16ADFP_StdCelltt0p8v25c

  Point                                    Incr       Path
  -----------------------------------------------------------
  clock clk (rise edge)                    0.00       0.00
  clock network delay (ideal)              0.00       0.00
  input external delay                     0.01       0.01 f
  inp_a[11] (in)                           0.00       0.01 f
  U163/ZN (CKND2BWP20P90)                  0.01       0.02 r
  U164/ZN (CKND2BWP20P90)                  0.01       0.03 f
  U63/Z (XOR2D2BWP20P90)                   0.03       0.06 r
  U131/ZN (CKND2BWP20P90)                  0.02       0.08 f
  U71/ZN (OAI22D1BWP20P90)                 0.02       0.10 r
  U333/S (FA1D1BWP20P90)                   0.05       0.15 f
  U364/S (FA1D1BWP20P90)                   0.05       0.20 r
  U392/Z (XOR2D1BWP20P90)                  0.03       0.23 f
  U393/Z (XOR2D4BWP20P90)                  0.03       0.25 r
  U590/ZN (ND2D2BWP20P90)                  0.01       0.26 f
  U592/ZN (OAI21D2BWP20P90)                0.01       0.28 r
  U188/ZN (AOI21D2BWP20P90)                0.02       0.29 f
  U594/ZN (OAI21D4BWP20P90)                0.01       0.31 r
  U818/ZN (AOI21D1BWP20P90)                0.02       0.32 f
  U820/Z (XOR2D1BWP20P90)                  0.02       0.34 r
  prod_reg[29]/D (DFCNQD2BWP20P90)         0.00       0.34 r
  data arrival time                                   0.34

  clock clk (rise edge)                    0.36       0.36
  clock network delay (ideal)              0.00       0.36
  clock uncertainty                       -0.01       0.35
  prod_reg[29]/CP (DFCNQD2BWP20P90)        0.00       0.35 r
  library setup time                      -0.01       0.34
  data required time                                  0.34
  -----------------------------------------------------------
  data required time                                  0.34
  data arrival time                                  -0.34
  -----------------------------------------------------------
  slack (MET)                                         0.00


  Startpoint: inp_a[11] (input port clocked by clk)
  Endpoint: prod_reg[26]
            (rising edge-triggered flip-flop clocked by clk)
  Path Group: clk
  Path Type: max

  Des/Clust/Port     Wire Load Model       Library
  ------------------------------------------------
  mult               ZeroWireload          N16ADFP_StdCelltt0p8v25c

  Point                                    Incr       Path
  -----------------------------------------------------------
  clock clk (rise edge)                    0.00       0.00
  clock network delay (ideal)              0.00       0.00
  input external delay                     0.01       0.01 f
  inp_a[11] (in)                           0.00       0.01 f
  U163/ZN (CKND2BWP20P90)                  0.01       0.02 r
  U164/ZN (CKND2BWP20P90)                  0.01       0.03 f
  U63/Z (XOR2D2BWP20P90)                   0.03       0.06 r
  U131/ZN (CKND2BWP20P90)                  0.02       0.08 f
  U71/ZN (OAI22D1BWP20P90)                 0.02       0.10 r
  U333/S (FA1D1BWP20P90)                   0.05       0.15 f
  U364/S (FA1D1BWP20P90)                   0.05       0.20 r
  U392/Z (XOR2D1BWP20P90)                  0.03       0.23 f
  U393/Z (XOR2D4BWP20P90)                  0.03       0.25 r
  U590/ZN (ND2D2BWP20P90)                  0.01       0.26 f
  U592/ZN (OAI21D2BWP20P90)                0.01       0.28 r
  U188/ZN (AOI21D2BWP20P90)                0.02       0.29 f
  U594/ZN (OAI21D4BWP20P90)                0.01       0.31 r
  U810/ZN (AOI21D1BWP20P90)                0.02       0.32 f
  U813/Z (XOR2D1BWP20P90)                  0.02       0.34 r
  prod_reg[26]/D (DFCNQD2BWP20P90)         0.00       0.34 r
  data arrival time                                   0.34

  clock clk (rise edge)                    0.36       0.36
  clock network delay (ideal)              0.00       0.36
  clock uncertainty                       -0.01       0.35
  prod_reg[26]/CP (DFCNQD2BWP20P90)        0.00       0.35 r
  library setup time                      -0.01       0.34
  data required time                                  0.34
  -----------------------------------------------------------
  data required time                                  0.34
  data arrival time                                  -0.34
  -----------------------------------------------------------
  slack (MET)                                         0.00


  Startpoint: inp_a[11] (input port clocked by clk)
  Endpoint: prod_reg[22]
            (rising edge-triggered flip-flop clocked by clk)
  Path Group: clk
  Path Type: max

  Des/Clust/Port     Wire Load Model       Library
  ------------------------------------------------
  mult               ZeroWireload          N16ADFP_StdCelltt0p8v25c

  Point                                    Incr       Path
  -----------------------------------------------------------
  clock clk (rise edge)                    0.00       0.00
  clock network delay (ideal)              0.00       0.00
  input external delay                     0.01       0.01 f
  inp_a[11] (in)                           0.00       0.01 f
  U163/ZN (CKND2BWP20P90)                  0.01       0.02 r
  U164/ZN (CKND2BWP20P90)                  0.01       0.03 f
  U63/Z (XOR2D2BWP20P90)                   0.03       0.06 r
  U131/ZN (CKND2BWP20P90)                  0.02       0.08 f
  U71/ZN (OAI22D1BWP20P90)                 0.02       0.10 r
  U333/S (FA1D1BWP20P90)                   0.05       0.15 f
  U364/S (FA1D1BWP20P90)                   0.05       0.20 r
  U392/Z (XOR2D1BWP20P90)                  0.03       0.23 f
  U393/Z (XOR2D4BWP20P90)                  0.03       0.25 r
  U590/ZN (ND2D2BWP20P90)                  0.01       0.26 f
  U592/ZN (OAI21D2BWP20P90)                0.01       0.28 r
  U188/ZN (AOI21D2BWP20P90)                0.02       0.29 f
  U594/ZN (OAI21D4BWP20P90)                0.01       0.31 r
  U854/ZN (AOI21D1BWP20P90)                0.02       0.32 f
  U857/Z (XOR2D1BWP20P90)                  0.02       0.34 r
  prod_reg[22]/D (DFCNQD2BWP20P90)         0.00       0.34 r
  data arrival time                                   0.34

  clock clk (rise edge)                    0.36       0.36
  clock network delay (ideal)              0.00       0.36
  clock uncertainty                       -0.01       0.35
  prod_reg[22]/CP (DFCNQD2BWP20P90)        0.00       0.35 r
  library setup time                      -0.01       0.34
  data required time                                  0.34
  -----------------------------------------------------------
  data required time                                  0.34
  data arrival time                                  -0.34
  -----------------------------------------------------------
  slack (MET)                                         0.00


  Startpoint: inp_a[11] (input port clocked by clk)
  Endpoint: prod_reg[24]
            (rising edge-triggered flip-flop clocked by clk)
  Path Group: clk
  Path Type: max

  Des/Clust/Port     Wire Load Model       Library
  ------------------------------------------------
  mult               ZeroWireload          N16ADFP_StdCelltt0p8v25c

  Point                                    Incr       Path
  -----------------------------------------------------------
  clock clk (rise edge)                    0.00       0.00
  clock network delay (ideal)              0.00       0.00
  input external delay                     0.01       0.01 f
  inp_a[11] (in)                           0.00       0.01 f
  U163/ZN (CKND2BWP20P90)                  0.01       0.02 r
  U164/ZN (CKND2BWP20P90)                  0.01       0.03 f
  U63/Z (XOR2D2BWP20P90)                   0.03       0.06 r
  U131/ZN (CKND2BWP20P90)                  0.02       0.08 f
  U71/ZN (OAI22D1BWP20P90)                 0.02       0.10 r
  U333/S (FA1D1BWP20P90)                   0.05       0.15 f
  U364/S (FA1D1BWP20P90)                   0.05       0.20 r
  U392/Z (XOR2D1BWP20P90)                  0.03       0.23 f
  U393/Z (XOR2D4BWP20P90)                  0.03       0.25 r
  U590/ZN (ND2D2BWP20P90)                  0.01       0.26 f
  U592/ZN (OAI21D2BWP20P90)                0.01       0.28 r
  U188/ZN (AOI21D2BWP20P90)                0.02       0.29 f
  U594/ZN (OAI21D4BWP20P90)                0.01       0.31 r
  U873/ZN (AOI21D1BWP20P90)                0.02       0.32 f
  U875/Z (XOR2D1BWP20P90)                  0.02       0.34 r
  prod_reg[24]/D (DFCNQD2BWP20P90)         0.00       0.34 r
  data arrival time                                   0.34

  clock clk (rise edge)                    0.36       0.36
  clock network delay (ideal)              0.00       0.36
  clock uncertainty                       -0.01       0.35
  prod_reg[24]/CP (DFCNQD2BWP20P90)        0.00       0.35 r
  library setup time                      -0.01       0.34
  data required time                                  0.34
  -----------------------------------------------------------
  data required time                                  0.34
  data arrival time                                  -0.34
  -----------------------------------------------------------
  slack (MET)                                         0.00


  Startpoint: inp_a[11] (input port clocked by clk)
  Endpoint: prod_reg[28]
            (rising edge-triggered flip-flop clocked by clk)
  Path Group: clk
  Path Type: max

  Des/Clust/Port     Wire Load Model       Library
  ------------------------------------------------
  mult               ZeroWireload          N16ADFP_StdCelltt0p8v25c

  Point                                    Incr       Path
  -----------------------------------------------------------
  clock clk (rise edge)                    0.00       0.00
  clock network delay (ideal)              0.00       0.00
  input external delay                     0.01       0.01 f
  inp_a[11] (in)                           0.00       0.01 f
  U163/ZN (CKND2BWP20P90)                  0.01       0.02 r
  U164/ZN (CKND2BWP20P90)                  0.01       0.03 f
  U63/Z (XOR2D2BWP20P90)                   0.03       0.06 r
  U131/ZN (CKND2BWP20P90)                  0.02       0.08 f
  U71/ZN (OAI22D1BWP20P90)                 0.02       0.10 r
  U333/S (FA1D1BWP20P90)                   0.05       0.15 f
  U364/S (FA1D1BWP20P90)                   0.05       0.20 r
  U392/Z (XOR2D1BWP20P90)                  0.03       0.23 f
  U393/Z (XOR2D4BWP20P90)                  0.03       0.25 r
  U590/ZN (ND2D2BWP20P90)                  0.01       0.26 f
  U592/ZN (OAI21D2BWP20P90)                0.01       0.28 r
  U188/ZN (AOI21D2BWP20P90)                0.02       0.29 f
  U594/ZN (OAI21D4BWP20P90)                0.01       0.31 r
  U753/ZN (AOI21D1BWP20P90)                0.02       0.32 f
  U766/Z (XOR2D1BWP20P90)                  0.02       0.34 r
  prod_reg[28]/D (DFCNQD2BWP20P90)         0.00       0.34 r
  data arrival time                                   0.34

  clock clk (rise edge)                    0.36       0.36
  clock network delay (ideal)              0.00       0.36
  clock uncertainty                       -0.01       0.35
  prod_reg[28]/CP (DFCNQD2BWP20P90)        0.00       0.35 r
  library setup time                      -0.01       0.34
  data required time                                  0.34
  -----------------------------------------------------------
  data required time                                  0.34
  data arrival time                                  -0.34
  -----------------------------------------------------------
  slack (MET)                                         0.00


  Startpoint: inp_a[11] (input port clocked by clk)
  Endpoint: prod_reg[25]
            (rising edge-triggered flip-flop clocked by clk)
  Path Group: clk
  Path Type: max

  Des/Clust/Port     Wire Load Model       Library
  ------------------------------------------------
  mult               ZeroWireload          N16ADFP_StdCelltt0p8v25c

  Point                                    Incr       Path
  -----------------------------------------------------------
  clock clk (rise edge)                    0.00       0.00
  clock network delay (ideal)              0.00       0.00
  input external delay                     0.01       0.01 f
  inp_a[11] (in)                           0.00       0.01 f
  U163/ZN (CKND2BWP20P90)                  0.01       0.02 r
  U164/ZN (CKND2BWP20P90)                  0.01       0.03 f
  U63/Z (XOR2D2BWP20P90)                   0.03       0.06 r
  U131/ZN (CKND2BWP20P90)                  0.02       0.08 f
  U71/ZN (OAI22D1BWP20P90)                 0.02       0.10 r
  U333/S (FA1D1BWP20P90)                   0.05       0.15 f
  U364/S (FA1D1BWP20P90)                   0.05       0.20 r
  U392/Z (XOR2D1BWP20P90)                  0.03       0.23 f
  U393/Z (XOR2D4BWP20P90)                  0.03       0.25 r
  U590/ZN (ND2D2BWP20P90)                  0.01       0.26 f
  U592/ZN (OAI21D2BWP20P90)                0.01       0.28 r
  U188/ZN (AOI21D2BWP20P90)                0.02       0.29 f
  U594/ZN (OAI21D4BWP20P90)                0.01       0.31 r
  U823/ZN (AOI21D1BWP20P90)                0.02       0.32 f
  U825/Z (XOR2D1BWP20P90)                  0.02       0.34 r
  prod_reg[25]/D (DFCNQD2BWP20P90)         0.00       0.34 r
  data arrival time                                   0.34

  clock clk (rise edge)                    0.36       0.36
  clock network delay (ideal)              0.00       0.36
  clock uncertainty                       -0.01       0.35
  prod_reg[25]/CP (DFCNQD2BWP20P90)        0.00       0.35 r
  library setup time                      -0.01       0.34
  data required time                                  0.34
  -----------------------------------------------------------
  data required time                                  0.34
  data arrival time                                  -0.34
  -----------------------------------------------------------
  slack (MET)                                         0.00


  Startpoint: inp_a[11] (input port clocked by clk)
  Endpoint: prod_reg[23]
            (rising edge-triggered flip-flop clocked by clk)
  Path Group: clk
  Path Type: max

  Des/Clust/Port     Wire Load Model       Library
  ------------------------------------------------
  mult               ZeroWireload          N16ADFP_StdCelltt0p8v25c

  Point                                    Incr       Path
  -----------------------------------------------------------
  clock clk (rise edge)                    0.00       0.00
  clock network delay (ideal)              0.00       0.00
  input external delay                     0.01       0.01 f
  inp_a[11] (in)                           0.00       0.01 f
  U163/ZN (CKND2BWP20P90)                  0.01       0.02 r
  U164/ZN (CKND2BWP20P90)                  0.01       0.03 f
  U63/Z (XOR2D2BWP20P90)                   0.03       0.06 r
  U131/ZN (CKND2BWP20P90)                  0.02       0.08 f
  U71/ZN (OAI22D1BWP20P90)                 0.02       0.10 r
  U333/S (FA1D1BWP20P90)                   0.05       0.15 f
  U364/S (FA1D1BWP20P90)                   0.05       0.20 r
  U392/Z (XOR2D1BWP20P90)                  0.03       0.23 f
  U393/Z (XOR2D4BWP20P90)                  0.03       0.25 r
  U590/ZN (ND2D2BWP20P90)                  0.01       0.26 f
  U592/ZN (OAI21D2BWP20P90)                0.01       0.28 r
  U188/ZN (AOI21D2BWP20P90)                0.02       0.29 f
  U594/ZN (OAI21D4BWP20P90)                0.01       0.31 r
  U867/ZN (AOI21D1BWP20P90)                0.02       0.32 f
  U870/Z (XOR2D1BWP20P90)                  0.02       0.34 r
  prod_reg[23]/D (DFCNQD2BWP20P90)         0.00       0.34 r
  data arrival time                                   0.34

  clock clk (rise edge)                    0.36       0.36
  clock network delay (ideal)              0.00       0.36
  clock uncertainty                       -0.01       0.35
  prod_reg[23]/CP (DFCNQD2BWP20P90)        0.00       0.35 r
  library setup time                      -0.01       0.34
  data required time                                  0.34
  -----------------------------------------------------------
  data required time                                  0.34
  data arrival time                                  -0.34
  -----------------------------------------------------------
  slack (MET)                                         0.00


  Startpoint: inp_a[11] (input port clocked by clk)
  Endpoint: prod_reg[30]
            (rising edge-triggered flip-flop clocked by clk)
  Path Group: clk
  Path Type: max

  Des/Clust/Port     Wire Load Model       Library
  ------------------------------------------------
  mult               ZeroWireload          N16ADFP_StdCelltt0p8v25c

  Point                                    Incr       Path
  -----------------------------------------------------------
  clock clk (rise edge)                    0.00       0.00
  clock network delay (ideal)              0.00       0.00
  input external delay                     0.01       0.01 f
  inp_a[11] (in)                           0.00       0.01 f
  U163/ZN (CKND2BWP20P90)                  0.01       0.02 r
  U164/ZN (CKND2BWP20P90)                  0.01       0.03 f
  U63/Z (XOR2D2BWP20P90)                   0.03       0.06 r
  U131/ZN (CKND2BWP20P90)                  0.02       0.08 f
  U71/ZN (OAI22D1BWP20P90)                 0.02       0.10 r
  U333/S (FA1D1BWP20P90)                   0.05       0.15 f
  U364/S (FA1D1BWP20P90)                   0.05       0.20 r
  U392/Z (XOR2D1BWP20P90)                  0.03       0.23 f
  U393/Z (XOR2D4BWP20P90)                  0.03       0.25 r
  U590/ZN (ND2D2BWP20P90)                  0.01       0.26 f
  U592/ZN (OAI21D2BWP20P90)                0.01       0.28 r
  U188/ZN (AOI21D2BWP20P90)                0.02       0.29 f
  U594/ZN (OAI21D4BWP20P90)                0.01       0.31 r
  U789/ZN (AOI21D1BWP20P90)                0.02       0.32 f
  U800/Z (XOR2D1BWP20P90)                  0.02       0.34 r
  prod_reg[30]/D (DFCNQD2BWP20P90)         0.00       0.34 r
  data arrival time                                   0.34

  clock clk (rise edge)                    0.36       0.36
  clock network delay (ideal)              0.00       0.36
  clock uncertainty                       -0.01       0.35
  prod_reg[30]/CP (DFCNQD2BWP20P90)        0.00       0.35 r
  library setup time                      -0.01       0.34
  data required time                                  0.34
  -----------------------------------------------------------
  data required time                                  0.34
  data arrival time                                  -0.34
  -----------------------------------------------------------
  slack (MET)                                         0.00


  Startpoint: inp_a[11] (input port clocked by clk)
  Endpoint: prod_reg[27]
            (rising edge-triggered flip-flop clocked by clk)
  Path Group: clk
  Path Type: max

  Des/Clust/Port     Wire Load Model       Library
  ------------------------------------------------
  mult               ZeroWireload          N16ADFP_StdCelltt0p8v25c

  Point                                    Incr       Path
  -----------------------------------------------------------
  clock clk (rise edge)                    0.00       0.00
  clock network delay (ideal)              0.00       0.00
  input external delay                     0.01       0.01 f
  inp_a[11] (in)                           0.00       0.01 f
  U163/ZN (CKND2BWP20P90)                  0.01       0.02 r
  U164/ZN (CKND2BWP20P90)                  0.01       0.03 f
  U63/Z (XOR2D2BWP20P90)                   0.03       0.06 r
  U131/ZN (CKND2BWP20P90)                  0.02       0.08 f
  U71/ZN (OAI22D1BWP20P90)                 0.02       0.10 r
  U333/S (FA1D1BWP20P90)                   0.05       0.15 f
  U364/S (FA1D1BWP20P90)                   0.05       0.20 r
  U392/Z (XOR2D1BWP20P90)                  0.03       0.23 f
  U393/Z (XOR2D4BWP20P90)                  0.03       0.25 r
  U590/ZN (ND2D2BWP20P90)                  0.01       0.26 f
  U592/ZN (OAI21D2BWP20P90)                0.01       0.28 r
  U188/ZN (AOI21D2BWP20P90)                0.02       0.29 f
  U594/ZN (OAI21D4BWP20P90)                0.01       0.31 r
  U805/ZN (AOI21D1BWP20P90)                0.02       0.32 f
  U807/Z (XOR2D1BWP20P90)                  0.02       0.34 r
  prod_reg[27]/D (DFCNQD2BWP20P90)         0.00       0.34 r
  data arrival time                                   0.34

  clock clk (rise edge)                    0.36       0.36
  clock network delay (ideal)              0.00       0.36
  clock uncertainty                       -0.01       0.35
  prod_reg[27]/CP (DFCNQD2BWP20P90)        0.00       0.35 r
  library setup time                      -0.01       0.34
  data required time                                  0.34
  -----------------------------------------------------------
  data required time                                  0.34
  data arrival time                                  -0.34
  -----------------------------------------------------------
  slack (MET)                                         0.00


  Startpoint: inp_a[11] (input port clocked by clk)
  Endpoint: prod_reg[31]
            (rising edge-triggered flip-flop clocked by clk)
  Path Group: clk
  Path Type: max

  Des/Clust/Port     Wire Load Model       Library
  ------------------------------------------------
  mult               ZeroWireload          N16ADFP_StdCelltt0p8v25c

  Point                                    Incr       Path
  -----------------------------------------------------------
  clock clk (rise edge)                    0.00       0.00
  clock network delay (ideal)              0.00       0.00
  input external delay                     0.01       0.01 f
  inp_a[11] (in)                           0.00       0.01 f
  U163/ZN (CKND2BWP20P90)                  0.01       0.02 r
  U164/ZN (CKND2BWP20P90)                  0.01       0.03 f
  U63/Z (XOR2D2BWP20P90)                   0.03       0.06 r
  U131/ZN (CKND2BWP20P90)                  0.02       0.08 f
  U71/ZN (OAI22D1BWP20P90)                 0.02       0.10 r
  U333/S (FA1D1BWP20P90)                   0.05       0.15 f
  U364/S (FA1D1BWP20P90)                   0.05       0.20 r
  U392/Z (XOR2D1BWP20P90)                  0.03       0.23 f
  U393/Z (XOR2D4BWP20P90)                  0.03       0.25 r
  U590/ZN (ND2D2BWP20P90)                  0.01       0.26 f
  U592/ZN (OAI21D2BWP20P90)                0.01       0.28 r
  U188/ZN (AOI21D2BWP20P90)                0.02       0.29 f
  U594/ZN (OAI21D4BWP20P90)                0.01       0.31 r
  U833/ZN (AOI21D1BWP20P90)                0.02       0.32 f
  U841/Z (XOR2D1BWP20P90)                  0.02       0.34 r
  prod_reg[31]/D (DFCNQD2BWP20P90)         0.00       0.34 r
  data arrival time                                   0.34

  clock clk (rise edge)                    0.36       0.36
  clock network delay (ideal)              0.00       0.36
  clock uncertainty                       -0.01       0.35
  prod_reg[31]/CP (DFCNQD2BWP20P90)        0.00       0.35 r
  library setup time                      -0.01       0.34
  data required time                                  0.34
  -----------------------------------------------------------
  data required time                                  0.34
  data arrival time                                  -0.34
  -----------------------------------------------------------
  slack (MET)                                         0.00


  Startpoint: inp_a[7] (input port clocked by clk)
  Endpoint: prod_reg[28]
            (rising edge-triggered flip-flop clocked by clk)
  Path Group: clk
  Path Type: max

  Des/Clust/Port     Wire Load Model       Library
  ------------------------------------------------
  mult               ZeroWireload          N16ADFP_StdCelltt0p8v25c

  Point                                    Incr       Path
  -----------------------------------------------------------
  clock clk (rise edge)                    0.00       0.00
  clock network delay (ideal)              0.00       0.00
  input external delay                     0.01       0.01 r
  inp_a[7] (in)                            0.01       0.02 r
  U168/Z (XOR2D2BWP20P90)                  0.03       0.05 f
  U169/ZN (CKND2BWP20P90)                  0.01       0.06 r
  U116/ZN (ND2D4BWP20P90)                  0.02       0.08 f
  U628/ZN (OAI22D1BWP20P90)                0.02       0.09 r
  U660/S (FA1D1BWP20P90)                   0.05       0.14 f
  U171/Z (XOR2D1BWP20P90)                  0.02       0.16 r
  U46/Z (XOR2D2BWP20P90)                   0.03       0.19 f
  U669/S (FA1D1BWP20P90)                   0.05       0.24 r
  U655/ZN (NR2D1BWP20P90)                  0.01       0.26 f
  U656/ZN (CKND2BWP20P90)                  0.01       0.26 r
  U671/ZN (ND2D2BWP20P90)                  0.01       0.27 f
  U684/ZN (NR2D1BWP20P90)                  0.01       0.29 r
  U697/ZN (ND2D1BWP20P90)                  0.01       0.30 f
  U736/ZN (NR2D1BWP20P90)                  0.01       0.31 r
  U753/ZN (AOI21D1BWP20P90)                0.01       0.32 f
  U766/Z (XOR2D1BWP20P90)                  0.02       0.34 r
  prod_reg[28]/D (DFCNQD2BWP20P90)         0.00       0.34 r
  data arrival time                                   0.34

  clock clk (rise edge)                    0.36       0.36
  clock network delay (ideal)              0.00       0.36
  clock uncertainty                       -0.01       0.35
  prod_reg[28]/CP (DFCNQD2BWP20P90)        0.00       0.35 r
  library setup time                      -0.01       0.34
  data required time                                  0.34
  -----------------------------------------------------------
  data required time                                  0.34
  data arrival time                                  -0.34
  -----------------------------------------------------------
  slack (MET)                                         0.00


  Startpoint: inp_a[7] (input port clocked by clk)
  Endpoint: prod_reg[30]
            (rising edge-triggered flip-flop clocked by clk)
  Path Group: clk
  Path Type: max

  Des/Clust/Port     Wire Load Model       Library
  ------------------------------------------------
  mult               ZeroWireload          N16ADFP_StdCelltt0p8v25c

  Point                                    Incr       Path
  -----------------------------------------------------------
  clock clk (rise edge)                    0.00       0.00
  clock network delay (ideal)              0.00       0.00
  input external delay                     0.01       0.01 r
  inp_a[7] (in)                            0.01       0.02 r
  U168/Z (XOR2D2BWP20P90)                  0.03       0.05 f
  U169/ZN (CKND2BWP20P90)                  0.01       0.06 r
  U116/ZN (ND2D4BWP20P90)                  0.02       0.08 f
  U628/ZN (OAI22D1BWP20P90)                0.02       0.09 r
  U660/S (FA1D1BWP20P90)                   0.05       0.14 f
  U171/Z (XOR2D1BWP20P90)                  0.02       0.16 r
  U46/Z (XOR2D2BWP20P90)                   0.03       0.19 f
  U669/S (FA1D1BWP20P90)                   0.05       0.24 r
  U655/ZN (NR2D1BWP20P90)                  0.01       0.26 f
  U656/ZN (CKND2BWP20P90)                  0.01       0.26 r
  U671/ZN (ND2D2BWP20P90)                  0.01       0.27 f
  U770/ZN (NR2D1BWP20P90)                  0.01       0.29 r
  U779/ZN (ND2D1BWP20P90)                  0.01       0.30 f
  U780/ZN (NR2D1BWP20P90)                  0.01       0.31 r
  U789/ZN (AOI21D1BWP20P90)                0.01       0.32 f
  U800/Z (XOR2D1BWP20P90)                  0.02       0.34 r
  prod_reg[30]/D (DFCNQD2BWP20P90)         0.00       0.34 r
  data arrival time                                   0.34

  clock clk (rise edge)                    0.36       0.36
  clock network delay (ideal)              0.00       0.36
  clock uncertainty                       -0.01       0.35
  prod_reg[30]/CP (DFCNQD2BWP20P90)        0.00       0.35 r
  library setup time                      -0.01       0.34
  data required time                                  0.34
  -----------------------------------------------------------
  data required time                                  0.34
  data arrival time                                  -0.34
  -----------------------------------------------------------
  slack (MET)                                         0.00


  Startpoint: inp_a[11] (input port clocked by clk)
  Endpoint: prod_reg[29]
            (rising edge-triggered flip-flop clocked by clk)
  Path Group: clk
  Path Type: max

  Des/Clust/Port     Wire Load Model       Library
  ------------------------------------------------
  mult               ZeroWireload          N16ADFP_StdCelltt0p8v25c

  Point                                    Incr       Path
  -----------------------------------------------------------
  clock clk (rise edge)                    0.00       0.00
  clock network delay (ideal)              0.00       0.00
  input external delay                     0.01       0.01 f
  inp_a[11] (in)                           0.00       0.01 f
  U163/ZN (CKND2BWP20P90)                  0.01       0.02 r
  U164/ZN (CKND2BWP20P90)                  0.01       0.03 f
  U63/Z (XOR2D2BWP20P90)                   0.03       0.06 r
  U130/ZN (INVD4BWP20P90)                  0.01       0.07 f
  U118/ZN (CKND2D8BWP20P90)                0.01       0.08 r
  U68/ZN (OAI22D1BWP20P90)                 0.01       0.09 f
  U356/CO (FA1D1BWP20P90)                  0.03       0.13 f
  U350/S (FA1D1BWP20P90)                   0.05       0.18 r
  U77/Z (XOR3D2BWP20P90)                   0.05       0.23 f
  U393/Z (XOR2D4BWP20P90)                  0.02       0.25 r
  U590/ZN (ND2D2BWP20P90)                  0.01       0.26 f
  U592/ZN (OAI21D2BWP20P90)                0.01       0.28 r
  U188/ZN (AOI21D2BWP20P90)                0.02       0.29 f
  U594/ZN (OAI21D4BWP20P90)                0.01       0.31 r
  U818/ZN (AOI21D1BWP20P90)                0.02       0.32 f
  U820/Z (XOR2D1BWP20P90)                  0.02       0.34 r
  prod_reg[29]/D (DFCNQD2BWP20P90)         0.00       0.34 r
  data arrival time                                   0.34

  clock clk (rise edge)                    0.36       0.36
  clock network delay (ideal)              0.00       0.36
  clock uncertainty                       -0.01       0.35
  prod_reg[29]/CP (DFCNQD2BWP20P90)        0.00       0.35 r
  library setup time                      -0.01       0.34
  data required time                                  0.34
  -----------------------------------------------------------
  data required time                                  0.34
  data arrival time                                  -0.34
  -----------------------------------------------------------
  slack (MET)                                         0.00


  Startpoint: inp_a[11] (input port clocked by clk)
  Endpoint: prod_reg[26]
            (rising edge-triggered flip-flop clocked by clk)
  Path Group: clk
  Path Type: max

  Des/Clust/Port     Wire Load Model       Library
  ------------------------------------------------
  mult               ZeroWireload          N16ADFP_StdCelltt0p8v25c

  Point                                    Incr       Path
  -----------------------------------------------------------
  clock clk (rise edge)                    0.00       0.00
  clock network delay (ideal)              0.00       0.00
  input external delay                     0.01       0.01 f
  inp_a[11] (in)                           0.00       0.01 f
  U163/ZN (CKND2BWP20P90)                  0.01       0.02 r
  U164/ZN (CKND2BWP20P90)                  0.01       0.03 f
  U63/Z (XOR2D2BWP20P90)                   0.03       0.06 r
  U130/ZN (INVD4BWP20P90)                  0.01       0.07 f
  U118/ZN (CKND2D8BWP20P90)                0.01       0.08 r
  U68/ZN (OAI22D1BWP20P90)                 0.01       0.09 f
  U356/CO (FA1D1BWP20P90)                  0.03       0.13 f
  U350/S (FA1D1BWP20P90)                   0.05       0.18 r
  U77/Z (XOR3D2BWP20P90)                   0.05       0.23 f
  U393/Z (XOR2D4BWP20P90)                  0.02       0.25 r
  U590/ZN (ND2D2BWP20P90)                  0.01       0.26 f
  U592/ZN (OAI21D2BWP20P90)                0.01       0.28 r
  U188/ZN (AOI21D2BWP20P90)                0.02       0.29 f
  U594/ZN (OAI21D4BWP20P90)                0.01       0.31 r
  U810/ZN (AOI21D1BWP20P90)                0.02       0.32 f
  U813/Z (XOR2D1BWP20P90)                  0.02       0.34 r
  prod_reg[26]/D (DFCNQD2BWP20P90)         0.00       0.34 r
  data arrival time                                   0.34

  clock clk (rise edge)                    0.36       0.36
  clock network delay (ideal)              0.00       0.36
  clock uncertainty                       -0.01       0.35
  prod_reg[26]/CP (DFCNQD2BWP20P90)        0.00       0.35 r
  library setup time                      -0.01       0.34
  data required time                                  0.34
  -----------------------------------------------------------
  data required time                                  0.34
  data arrival time                                  -0.34
  -----------------------------------------------------------
  slack (MET)                                         0.00


  Startpoint: inp_a[11] (input port clocked by clk)
  Endpoint: prod_reg[22]
            (rising edge-triggered flip-flop clocked by clk)
  Path Group: clk
  Path Type: max

  Des/Clust/Port     Wire Load Model       Library
  ------------------------------------------------
  mult               ZeroWireload          N16ADFP_StdCelltt0p8v25c

  Point                                    Incr       Path
  -----------------------------------------------------------
  clock clk (rise edge)                    0.00       0.00
  clock network delay (ideal)              0.00       0.00
  input external delay                     0.01       0.01 f
  inp_a[11] (in)                           0.00       0.01 f
  U163/ZN (CKND2BWP20P90)                  0.01       0.02 r
  U164/ZN (CKND2BWP20P90)                  0.01       0.03 f
  U63/Z (XOR2D2BWP20P90)                   0.03       0.06 r
  U130/ZN (INVD4BWP20P90)                  0.01       0.07 f
  U118/ZN (CKND2D8BWP20P90)                0.01       0.08 r
  U68/ZN (OAI22D1BWP20P90)                 0.01       0.09 f
  U356/CO (FA1D1BWP20P90)                  0.03       0.13 f
  U350/S (FA1D1BWP20P90)                   0.05       0.18 r
  U77/Z (XOR3D2BWP20P90)                   0.05       0.23 f
  U393/Z (XOR2D4BWP20P90)                  0.02       0.25 r
  U590/ZN (ND2D2BWP20P90)                  0.01       0.26 f
  U592/ZN (OAI21D2BWP20P90)                0.01       0.28 r
  U188/ZN (AOI21D2BWP20P90)                0.02       0.29 f
  U594/ZN (OAI21D4BWP20P90)                0.01       0.31 r
  U854/ZN (AOI21D1BWP20P90)                0.02       0.32 f
  U857/Z (XOR2D1BWP20P90)                  0.02       0.34 r
  prod_reg[22]/D (DFCNQD2BWP20P90)         0.00       0.34 r
  data arrival time                                   0.34

  clock clk (rise edge)                    0.36       0.36
  clock network delay (ideal)              0.00       0.36
  clock uncertainty                       -0.01       0.35
  prod_reg[22]/CP (DFCNQD2BWP20P90)        0.00       0.35 r
  library setup time                      -0.01       0.34
  data required time                                  0.34
  -----------------------------------------------------------
  data required time                                  0.34
  data arrival time                                  -0.34
  -----------------------------------------------------------
  slack (MET)                                         0.00


  Startpoint: inp_a[11] (input port clocked by clk)
  Endpoint: prod_reg[24]
            (rising edge-triggered flip-flop clocked by clk)
  Path Group: clk
  Path Type: max

  Des/Clust/Port     Wire Load Model       Library
  ------------------------------------------------
  mult               ZeroWireload          N16ADFP_StdCelltt0p8v25c

  Point                                    Incr       Path
  -----------------------------------------------------------
  clock clk (rise edge)                    0.00       0.00
  clock network delay (ideal)              0.00       0.00
  input external delay                     0.01       0.01 f
  inp_a[11] (in)                           0.00       0.01 f
  U163/ZN (CKND2BWP20P90)                  0.01       0.02 r
  U164/ZN (CKND2BWP20P90)                  0.01       0.03 f
  U63/Z (XOR2D2BWP20P90)                   0.03       0.06 r
  U130/ZN (INVD4BWP20P90)                  0.01       0.07 f
  U118/ZN (CKND2D8BWP20P90)                0.01       0.08 r
  U68/ZN (OAI22D1BWP20P90)                 0.01       0.09 f
  U356/CO (FA1D1BWP20P90)                  0.03       0.13 f
  U350/S (FA1D1BWP20P90)                   0.05       0.18 r
  U77/Z (XOR3D2BWP20P90)                   0.05       0.23 f
  U393/Z (XOR2D4BWP20P90)                  0.02       0.25 r
  U590/ZN (ND2D2BWP20P90)                  0.01       0.26 f
  U592/ZN (OAI21D2BWP20P90)                0.01       0.28 r
  U188/ZN (AOI21D2BWP20P90)                0.02       0.29 f
  U594/ZN (OAI21D4BWP20P90)                0.01       0.31 r
  U873/ZN (AOI21D1BWP20P90)                0.02       0.32 f
  U875/Z (XOR2D1BWP20P90)                  0.02       0.34 r
  prod_reg[24]/D (DFCNQD2BWP20P90)         0.00       0.34 r
  data arrival time                                   0.34

  clock clk (rise edge)                    0.36       0.36
  clock network delay (ideal)              0.00       0.36
  clock uncertainty                       -0.01       0.35
  prod_reg[24]/CP (DFCNQD2BWP20P90)        0.00       0.35 r
  library setup time                      -0.01       0.34
  data required time                                  0.34
  -----------------------------------------------------------
  data required time                                  0.34
  data arrival time                                  -0.34
  -----------------------------------------------------------
  slack (MET)                                         0.00


  Startpoint: inp_a[11] (input port clocked by clk)
  Endpoint: prod_reg[28]
            (rising edge-triggered flip-flop clocked by clk)
  Path Group: clk
  Path Type: max

  Des/Clust/Port     Wire Load Model       Library
  ------------------------------------------------
  mult               ZeroWireload          N16ADFP_StdCelltt0p8v25c

  Point                                    Incr       Path
  -----------------------------------------------------------
  clock clk (rise edge)                    0.00       0.00
  clock network delay (ideal)              0.00       0.00
  input external delay                     0.01       0.01 f
  inp_a[11] (in)                           0.00       0.01 f
  U163/ZN (CKND2BWP20P90)                  0.01       0.02 r
  U164/ZN (CKND2BWP20P90)                  0.01       0.03 f
  U63/Z (XOR2D2BWP20P90)                   0.03       0.06 r
  U130/ZN (INVD4BWP20P90)                  0.01       0.07 f
  U118/ZN (CKND2D8BWP20P90)                0.01       0.08 r
  U68/ZN (OAI22D1BWP20P90)                 0.01       0.09 f
  U356/CO (FA1D1BWP20P90)                  0.03       0.13 f
  U350/S (FA1D1BWP20P90)                   0.05       0.18 r
  U77/Z (XOR3D2BWP20P90)                   0.05       0.23 f
  U393/Z (XOR2D4BWP20P90)                  0.02       0.25 r
  U590/ZN (ND2D2BWP20P90)                  0.01       0.26 f
  U592/ZN (OAI21D2BWP20P90)                0.01       0.28 r
  U188/ZN (AOI21D2BWP20P90)                0.02       0.29 f
  U594/ZN (OAI21D4BWP20P90)                0.01       0.31 r
  U753/ZN (AOI21D1BWP20P90)                0.02       0.32 f
  U766/Z (XOR2D1BWP20P90)                  0.02       0.34 r
  prod_reg[28]/D (DFCNQD2BWP20P90)         0.00       0.34 r
  data arrival time                                   0.34

  clock clk (rise edge)                    0.36       0.36
  clock network delay (ideal)              0.00       0.36
  clock uncertainty                       -0.01       0.35
  prod_reg[28]/CP (DFCNQD2BWP20P90)        0.00       0.35 r
  library setup time                      -0.01       0.34
  data required time                                  0.34
  -----------------------------------------------------------
  data required time                                  0.34
  data arrival time                                  -0.34
  -----------------------------------------------------------
  slack (MET)                                         0.00


  Startpoint: inp_a[11] (input port clocked by clk)
  Endpoint: prod_reg[25]
            (rising edge-triggered flip-flop clocked by clk)
  Path Group: clk
  Path Type: max

  Des/Clust/Port     Wire Load Model       Library
  ------------------------------------------------
  mult               ZeroWireload          N16ADFP_StdCelltt0p8v25c

  Point                                    Incr       Path
  -----------------------------------------------------------
  clock clk (rise edge)                    0.00       0.00
  clock network delay (ideal)              0.00       0.00
  input external delay                     0.01       0.01 f
  inp_a[11] (in)                           0.00       0.01 f
  U163/ZN (CKND2BWP20P90)                  0.01       0.02 r
  U164/ZN (CKND2BWP20P90)                  0.01       0.03 f
  U63/Z (XOR2D2BWP20P90)                   0.03       0.06 r
  U130/ZN (INVD4BWP20P90)                  0.01       0.07 f
  U118/ZN (CKND2D8BWP20P90)                0.01       0.08 r
  U68/ZN (OAI22D1BWP20P90)                 0.01       0.09 f
  U356/CO (FA1D1BWP20P90)                  0.03       0.13 f
  U350/S (FA1D1BWP20P90)                   0.05       0.18 r
  U77/Z (XOR3D2BWP20P90)                   0.05       0.23 f
  U393/Z (XOR2D4BWP20P90)                  0.02       0.25 r
  U590/ZN (ND2D2BWP20P90)                  0.01       0.26 f
  U592/ZN (OAI21D2BWP20P90)                0.01       0.28 r
  U188/ZN (AOI21D2BWP20P90)                0.02       0.29 f
  U594/ZN (OAI21D4BWP20P90)                0.01       0.31 r
  U823/ZN (AOI21D1BWP20P90)                0.02       0.32 f
  U825/Z (XOR2D1BWP20P90)                  0.02       0.34 r
  prod_reg[25]/D (DFCNQD2BWP20P90)         0.00       0.34 r
  data arrival time                                   0.34

  clock clk (rise edge)                    0.36       0.36
  clock network delay (ideal)              0.00       0.36
  clock uncertainty                       -0.01       0.35
  prod_reg[25]/CP (DFCNQD2BWP20P90)        0.00       0.35 r
  library setup time                      -0.01       0.34
  data required time                                  0.34
  -----------------------------------------------------------
  data required time                                  0.34
  data arrival time                                  -0.34
  -----------------------------------------------------------
  slack (MET)                                         0.00


  Startpoint: inp_a[11] (input port clocked by clk)
  Endpoint: prod_reg[23]
            (rising edge-triggered flip-flop clocked by clk)
  Path Group: clk
  Path Type: max

  Des/Clust/Port     Wire Load Model       Library
  ------------------------------------------------
  mult               ZeroWireload          N16ADFP_StdCelltt0p8v25c

  Point                                    Incr       Path
  -----------------------------------------------------------
  clock clk (rise edge)                    0.00       0.00
  clock network delay (ideal)              0.00       0.00
  input external delay                     0.01       0.01 f
  inp_a[11] (in)                           0.00       0.01 f
  U163/ZN (CKND2BWP20P90)                  0.01       0.02 r
  U164/ZN (CKND2BWP20P90)                  0.01       0.03 f
  U63/Z (XOR2D2BWP20P90)                   0.03       0.06 r
  U130/ZN (INVD4BWP20P90)                  0.01       0.07 f
  U118/ZN (CKND2D8BWP20P90)                0.01       0.08 r
  U68/ZN (OAI22D1BWP20P90)                 0.01       0.09 f
  U356/CO (FA1D1BWP20P90)                  0.03       0.13 f
  U350/S (FA1D1BWP20P90)                   0.05       0.18 r
  U77/Z (XOR3D2BWP20P90)                   0.05       0.23 f
  U393/Z (XOR2D4BWP20P90)                  0.02       0.25 r
  U590/ZN (ND2D2BWP20P90)                  0.01       0.26 f
  U592/ZN (OAI21D2BWP20P90)                0.01       0.28 r
  U188/ZN (AOI21D2BWP20P90)                0.02       0.29 f
  U594/ZN (OAI21D4BWP20P90)                0.01       0.31 r
  U867/ZN (AOI21D1BWP20P90)                0.02       0.32 f
  U870/Z (XOR2D1BWP20P90)                  0.02       0.34 r
  prod_reg[23]/D (DFCNQD2BWP20P90)         0.00       0.34 r
  data arrival time                                   0.34

  clock clk (rise edge)                    0.36       0.36
  clock network delay (ideal)              0.00       0.36
  clock uncertainty                       -0.01       0.35
  prod_reg[23]/CP (DFCNQD2BWP20P90)        0.00       0.35 r
  library setup time                      -0.01       0.34
  data required time                                  0.34
  -----------------------------------------------------------
  data required time                                  0.34
  data arrival time                                  -0.34
  -----------------------------------------------------------
  slack (MET)                                         0.00


  Startpoint: inp_a[11] (input port clocked by clk)
  Endpoint: prod_reg[30]
            (rising edge-triggered flip-flop clocked by clk)
  Path Group: clk
  Path Type: max

  Des/Clust/Port     Wire Load Model       Library
  ------------------------------------------------
  mult               ZeroWireload          N16ADFP_StdCelltt0p8v25c

  Point                                    Incr       Path
  -----------------------------------------------------------
  clock clk (rise edge)                    0.00       0.00
  clock network delay (ideal)              0.00       0.00
  input external delay                     0.01       0.01 f
  inp_a[11] (in)                           0.00       0.01 f
  U163/ZN (CKND2BWP20P90)                  0.01       0.02 r
  U164/ZN (CKND2BWP20P90)                  0.01       0.03 f
  U63/Z (XOR2D2BWP20P90)                   0.03       0.06 r
  U130/ZN (INVD4BWP20P90)                  0.01       0.07 f
  U118/ZN (CKND2D8BWP20P90)                0.01       0.08 r
  U68/ZN (OAI22D1BWP20P90)                 0.01       0.09 f
  U356/CO (FA1D1BWP20P90)                  0.03       0.13 f
  U350/S (FA1D1BWP20P90)                   0.05       0.18 r
  U77/Z (XOR3D2BWP20P90)                   0.05       0.23 f
  U393/Z (XOR2D4BWP20P90)                  0.02       0.25 r
  U590/ZN (ND2D2BWP20P90)                  0.01       0.26 f
  U592/ZN (OAI21D2BWP20P90)                0.01       0.28 r
  U188/ZN (AOI21D2BWP20P90)                0.02       0.29 f
  U594/ZN (OAI21D4BWP20P90)                0.01       0.31 r
  U789/ZN (AOI21D1BWP20P90)                0.02       0.32 f
  U800/Z (XOR2D1BWP20P90)                  0.02       0.34 r
  prod_reg[30]/D (DFCNQD2BWP20P90)         0.00       0.34 r
  data arrival time                                   0.34

  clock clk (rise edge)                    0.36       0.36
  clock network delay (ideal)              0.00       0.36
  clock uncertainty                       -0.01       0.35
  prod_reg[30]/CP (DFCNQD2BWP20P90)        0.00       0.35 r
  library setup time                      -0.01       0.34
  data required time                                  0.34
  -----------------------------------------------------------
  data required time                                  0.34
  data arrival time                                  -0.34
  -----------------------------------------------------------
  slack (MET)                                         0.00


  Startpoint: inp_a[11] (input port clocked by clk)
  Endpoint: prod_reg[27]
            (rising edge-triggered flip-flop clocked by clk)
  Path Group: clk
  Path Type: max

  Des/Clust/Port     Wire Load Model       Library
  ------------------------------------------------
  mult               ZeroWireload          N16ADFP_StdCelltt0p8v25c

  Point                                    Incr       Path
  -----------------------------------------------------------
  clock clk (rise edge)                    0.00       0.00
  clock network delay (ideal)              0.00       0.00
  input external delay                     0.01       0.01 f
  inp_a[11] (in)                           0.00       0.01 f
  U163/ZN (CKND2BWP20P90)                  0.01       0.02 r
  U164/ZN (CKND2BWP20P90)                  0.01       0.03 f
  U63/Z (XOR2D2BWP20P90)                   0.03       0.06 r
  U130/ZN (INVD4BWP20P90)                  0.01       0.07 f
  U118/ZN (CKND2D8BWP20P90)                0.01       0.08 r
  U68/ZN (OAI22D1BWP20P90)                 0.01       0.09 f
  U356/CO (FA1D1BWP20P90)                  0.03       0.13 f
  U350/S (FA1D1BWP20P90)                   0.05       0.18 r
  U77/Z (XOR3D2BWP20P90)                   0.05       0.23 f
  U393/Z (XOR2D4BWP20P90)                  0.02       0.25 r
  U590/ZN (ND2D2BWP20P90)                  0.01       0.26 f
  U592/ZN (OAI21D2BWP20P90)                0.01       0.28 r
  U188/ZN (AOI21D2BWP20P90)                0.02       0.29 f
  U594/ZN (OAI21D4BWP20P90)                0.01       0.31 r
  U805/ZN (AOI21D1BWP20P90)                0.02       0.32 f
  U807/Z (XOR2D1BWP20P90)                  0.02       0.34 r
  prod_reg[27]/D (DFCNQD2BWP20P90)         0.00       0.34 r
  data arrival time                                   0.34

  clock clk (rise edge)                    0.36       0.36
  clock network delay (ideal)              0.00       0.36
  clock uncertainty                       -0.01       0.35
  prod_reg[27]/CP (DFCNQD2BWP20P90)        0.00       0.35 r
  library setup time                      -0.01       0.34
  data required time                                  0.34
  -----------------------------------------------------------
  data required time                                  0.34
  data arrival time                                  -0.34
  -----------------------------------------------------------
  slack (MET)                                         0.00


  Startpoint: inp_a[11] (input port clocked by clk)
  Endpoint: prod_reg[31]
            (rising edge-triggered flip-flop clocked by clk)
  Path Group: clk
  Path Type: max

  Des/Clust/Port     Wire Load Model       Library
  ------------------------------------------------
  mult               ZeroWireload          N16ADFP_StdCelltt0p8v25c

  Point                                    Incr       Path
  -----------------------------------------------------------
  clock clk (rise edge)                    0.00       0.00
  clock network delay (ideal)              0.00       0.00
  input external delay                     0.01       0.01 f
  inp_a[11] (in)                           0.00       0.01 f
  U163/ZN (CKND2BWP20P90)                  0.01       0.02 r
  U164/ZN (CKND2BWP20P90)                  0.01       0.03 f
  U63/Z (XOR2D2BWP20P90)                   0.03       0.06 r
  U130/ZN (INVD4BWP20P90)                  0.01       0.07 f
  U118/ZN (CKND2D8BWP20P90)                0.01       0.08 r
  U68/ZN (OAI22D1BWP20P90)                 0.01       0.09 f
  U356/CO (FA1D1BWP20P90)                  0.03       0.13 f
  U350/S (FA1D1BWP20P90)                   0.05       0.18 r
  U77/Z (XOR3D2BWP20P90)                   0.05       0.23 f
  U393/Z (XOR2D4BWP20P90)                  0.02       0.25 r
  U590/ZN (ND2D2BWP20P90)                  0.01       0.26 f
  U592/ZN (OAI21D2BWP20P90)                0.01       0.28 r
  U188/ZN (AOI21D2BWP20P90)                0.02       0.29 f
  U594/ZN (OAI21D4BWP20P90)                0.01       0.31 r
  U833/ZN (AOI21D1BWP20P90)                0.02       0.32 f
  U841/Z (XOR2D1BWP20P90)                  0.02       0.34 r
  prod_reg[31]/D (DFCNQD2BWP20P90)         0.00       0.34 r
  data arrival time                                   0.34

  clock clk (rise edge)                    0.36       0.36
  clock network delay (ideal)              0.00       0.36
  clock uncertainty                       -0.01       0.35
  prod_reg[31]/CP (DFCNQD2BWP20P90)        0.00       0.35 r
  library setup time                      -0.01       0.34
  data required time                                  0.34
  -----------------------------------------------------------
  data required time                                  0.34
  data arrival time                                  -0.34
  -----------------------------------------------------------
  slack (MET)                                         0.00


  Startpoint: inp_a[15] (input port clocked by clk)
  Endpoint: prod_reg[26]
            (rising edge-triggered flip-flop clocked by clk)
  Path Group: clk
  Path Type: max

  Des/Clust/Port     Wire Load Model       Library
  ------------------------------------------------
  mult               ZeroWireload          N16ADFP_StdCelltt0p8v25c

  Point                                    Incr       Path
  -----------------------------------------------------------
  clock clk (rise edge)                    0.00       0.00
  clock network delay (ideal)              0.00       0.00
  input external delay                     0.01       0.01 r
  inp_a[15] (in)                           0.01       0.02 r
  U58/ZN (INVD1BWP20P90)                   0.03       0.05 f
  U601/ZN (NR2D1BWP20P90)                  0.03       0.08 r
  U608/ZN (INVD1BWP20P90)                  0.01       0.09 f
  U633/ZN (XNR3D1BWP20P90)                 0.05       0.14 r
  U644/ZN (MOAI22D1BWP20P90)               0.02       0.16 f
  U654/S (FA1D1BWP20P90)                   0.05       0.21 r
  U717/S (FA1D1BWP20P90)                   0.05       0.25 f
  U720/ZN (NR2D2BWP20P90)                  0.01       0.27 r
  U233/ZN (OAI21D1BWP20P90)                0.02       0.28 f
  U742/ZN (AOI21D4BWP20P90)                0.02       0.30 r
  U809/ZN (OAI21D1BWP20P90)                0.01       0.31 f
  U810/ZN (AOI21D1BWP20P90)                0.01       0.32 r
  U813/Z (XOR2D1BWP20P90)                  0.02       0.34 r
  prod_reg[26]/D (DFCNQD2BWP20P90)         0.00       0.34 r
  data arrival time                                   0.34

  clock clk (rise edge)                    0.36       0.36
  clock network delay (ideal)              0.00       0.36
  clock uncertainty                       -0.01       0.35
  prod_reg[26]/CP (DFCNQD2BWP20P90)        0.00       0.35 r
  library setup time                      -0.01       0.34
  data required time                                  0.34
  -----------------------------------------------------------
  data required time                                  0.34
  data arrival time                                  -0.34
  -----------------------------------------------------------
  slack (MET)                                         0.00


  Startpoint: inp_a[13] (input port clocked by clk)
  Endpoint: prod_reg[21]
            (rising edge-triggered flip-flop clocked by clk)
  Path Group: clk
  Path Type: max

  Des/Clust/Port     Wire Load Model       Library
  ------------------------------------------------
  mult               ZeroWireload          N16ADFP_StdCelltt0p8v25c

  Point                                    Incr       Path
  -----------------------------------------------------------
  clock clk (rise edge)                    0.00       0.00
  clock network delay (ideal)              0.00       0.00
  input external delay                     0.01       0.01 f
  inp_a[13] (in)                           0.00       0.01 f
  U160/ZN (CKND2BWP20P90)                  0.01       0.02 r
  U161/ZN (INVD4BWP20P90)                  0.01       0.03 f
  U240/ZN (XNR2D8BWP20P90)                 0.02       0.05 r
  U105/ZN (INVD4BWP20P90)                  0.01       0.06 f
  U128/ZN (CKND2BWP20P90)                  0.01       0.07 r
  U326/ZN (OAI22D1BWP20P90)                0.02       0.09 f
  U357/S (FA1D1BWP20P90)                   0.05       0.15 r
  U407/S (FA1D1BWP20P90)                   0.05       0.19 f
  U573/Z (XOR2D1BWP20P90)                  0.03       0.22 r
  U574/Z (XOR2D1BWP20P90)                  0.03       0.25 f
  U79/ZN (NR2D1BWP20P90)                   0.01       0.26 r
  U589/ZN (OAI21D1BWP20P90)                0.02       0.28 f
  U111/ZN (AOI21D4BWP20P90)                0.01       0.29 r
  U594/ZN (OAI21D4BWP20P90)                0.02       0.31 f
  U850/ZN (IAOI21D1BWP20P90)               0.01       0.32 r
  U853/Z (XOR2D1BWP20P90)                  0.02       0.34 r
  prod_reg[21]/D (DFCNQD2BWP20P90)         0.00       0.34 r
  data arrival time                                   0.34

  clock clk (rise edge)                    0.36       0.36
  clock network delay (ideal)              0.00       0.36
  clock uncertainty                       -0.01       0.35
  prod_reg[21]/CP (DFCNQD2BWP20P90)        0.00       0.35 r
  library setup time                      -0.01       0.34
  data required time                                  0.34
  -----------------------------------------------------------
  data required time                                  0.34
  data arrival time                                  -0.34
  -----------------------------------------------------------
  slack (MET)                                         0.00


  Startpoint: inp_a[15] (input port clocked by clk)
  Endpoint: prod_reg[26]
            (rising edge-triggered flip-flop clocked by clk)
  Path Group: clk
  Path Type: max

  Des/Clust/Port     Wire Load Model       Library
  ------------------------------------------------
  mult               ZeroWireload          N16ADFP_StdCelltt0p8v25c

  Point                                    Incr       Path
  -----------------------------------------------------------
  clock clk (rise edge)                    0.00       0.00
  clock network delay (ideal)              0.00       0.00
  input external delay                     0.01       0.01 r
  inp_a[15] (in)                           0.01       0.02 r
  U58/ZN (INVD1BWP20P90)                   0.03       0.05 f
  U601/ZN (NR2D1BWP20P90)                  0.03       0.08 r
  U608/ZN (INVD1BWP20P90)                  0.01       0.09 f
  U633/ZN (XNR3D1BWP20P90)                 0.05       0.14 r
  U644/ZN (MOAI22D1BWP20P90)               0.02       0.16 f
  U654/S (FA1D1BWP20P90)                   0.05       0.21 r
  U717/S (FA1D1BWP20P90)                   0.05       0.25 f
  U720/ZN (NR2D2BWP20P90)                  0.01       0.27 r
  U233/ZN (OAI21D1BWP20P90)                0.02       0.28 f
  U742/ZN (AOI21D4BWP20P90)                0.02       0.30 r
  U809/ZN (OAI21D1BWP20P90)                0.01       0.31 f
  U810/ZN (AOI21D1BWP20P90)                0.01       0.32 r
  U813/Z (XOR2D1BWP20P90)                  0.02       0.34 r
  prod_reg[26]/D (DFCNQD2BWP20P90)         0.00       0.34 r
  data arrival time                                   0.34

  clock clk (rise edge)                    0.36       0.36
  clock network delay (ideal)              0.00       0.36
  clock uncertainty                       -0.01       0.35
  prod_reg[26]/CP (DFCNQD2BWP20P90)        0.00       0.35 r
  library setup time                      -0.01       0.34
  data required time                                  0.34
  -----------------------------------------------------------
  data required time                                  0.34
  data arrival time                                  -0.34
  -----------------------------------------------------------
  slack (MET)                                         0.00


  Startpoint: inp_a[13] (input port clocked by clk)
  Endpoint: prod_reg[29]
            (rising edge-triggered flip-flop clocked by clk)
  Path Group: clk
  Path Type: max

  Des/Clust/Port     Wire Load Model       Library
  ------------------------------------------------
  mult               ZeroWireload          N16ADFP_StdCelltt0p8v25c

  Point                                    Incr       Path
  -----------------------------------------------------------
  clock clk (rise edge)                    0.00       0.00
  clock network delay (ideal)              0.00       0.00
  input external delay                     0.01       0.01 f
  inp_a[13] (in)                           0.00       0.01 f
  U160/ZN (CKND2BWP20P90)                  0.01       0.02 r
  U161/ZN (INVD4BWP20P90)                  0.01       0.03 f
  U240/ZN (XNR2D8BWP20P90)                 0.02       0.05 r
  U105/ZN (INVD4BWP20P90)                  0.01       0.06 f
  U102/ZN (CKND8BWP20P90)                  0.01       0.07 r
  U53/ZN (ND2D4BWP20P90)                   0.01       0.08 f
  U326/ZN (OAI22D1BWP20P90)                0.02       0.09 r
  U357/S (FA1D1BWP20P90)                   0.05       0.14 f
  U407/S (FA1D1BWP20P90)                   0.05       0.19 r
  U573/Z (XOR2D1BWP20P90)                  0.03       0.22 f
  U574/Z (XOR2D1BWP20P90)                  0.03       0.25 r
  U79/ZN (NR2D1BWP20P90)                   0.01       0.26 f
  U586/ZN (NR2D1BWP20P90)                  0.02       0.27 r
  U111/ZN (AOI21D4BWP20P90)                0.01       0.29 f
  U594/ZN (OAI21D4BWP20P90)                0.02       0.31 r
  U818/ZN (AOI21D1BWP20P90)                0.02       0.32 f
  U820/Z (XOR2D1BWP20P90)                  0.02       0.34 r
  prod_reg[29]/D (DFCNQD2BWP20P90)         0.00       0.34 r
  data arrival time                                   0.34

  clock clk (rise edge)                    0.36       0.36
  clock network delay (ideal)              0.00       0.36
  clock uncertainty                       -0.01       0.35
  prod_reg[29]/CP (DFCNQD2BWP20P90)        0.00       0.35 r
  library setup time                      -0.01       0.34
  data required time                                  0.34
  -----------------------------------------------------------
  data required time                                  0.34
  data arrival time                                  -0.34
  -----------------------------------------------------------
  slack (MET)                                         0.00


  Startpoint: inp_a[13] (input port clocked by clk)
  Endpoint: prod_reg[26]
            (rising edge-triggered flip-flop clocked by clk)
  Path Group: clk
  Path Type: max

  Des/Clust/Port     Wire Load Model       Library
  ------------------------------------------------
  mult               ZeroWireload          N16ADFP_StdCelltt0p8v25c

  Point                                    Incr       Path
  -----------------------------------------------------------
  clock clk (rise edge)                    0.00       0.00
  clock network delay (ideal)              0.00       0.00
  input external delay                     0.01       0.01 f
  inp_a[13] (in)                           0.00       0.01 f
  U160/ZN (CKND2BWP20P90)                  0.01       0.02 r
  U161/ZN (INVD4BWP20P90)                  0.01       0.03 f
  U240/ZN (XNR2D8BWP20P90)                 0.02       0.05 r
  U105/ZN (INVD4BWP20P90)                  0.01       0.06 f
  U102/ZN (CKND8BWP20P90)                  0.01       0.07 r
  U53/ZN (ND2D4BWP20P90)                   0.01       0.08 f
  U326/ZN (OAI22D1BWP20P90)                0.02       0.09 r
  U357/S (FA1D1BWP20P90)                   0.05       0.14 f
  U407/S (FA1D1BWP20P90)                   0.05       0.19 r
  U573/Z (XOR2D1BWP20P90)                  0.03       0.22 f
  U574/Z (XOR2D1BWP20P90)                  0.03       0.25 r
  U79/ZN (NR2D1BWP20P90)                   0.01       0.26 f
  U586/ZN (NR2D1BWP20P90)                  0.02       0.27 r
  U111/ZN (AOI21D4BWP20P90)                0.01       0.29 f
  U594/ZN (OAI21D4BWP20P90)                0.02       0.31 r
  U810/ZN (AOI21D1BWP20P90)                0.02       0.32 f
  U813/Z (XOR2D1BWP20P90)                  0.02       0.34 r
  prod_reg[26]/D (DFCNQD2BWP20P90)         0.00       0.34 r
  data arrival time                                   0.34

  clock clk (rise edge)                    0.36       0.36
  clock network delay (ideal)              0.00       0.36
  clock uncertainty                       -0.01       0.35
  prod_reg[26]/CP (DFCNQD2BWP20P90)        0.00       0.35 r
  library setup time                      -0.01       0.34
  data required time                                  0.34
  -----------------------------------------------------------
  data required time                                  0.34
  data arrival time                                  -0.34
  -----------------------------------------------------------
  slack (MET)                                         0.00


  Startpoint: inp_a[13] (input port clocked by clk)
  Endpoint: prod_reg[22]
            (rising edge-triggered flip-flop clocked by clk)
  Path Group: clk
  Path Type: max

  Des/Clust/Port     Wire Load Model       Library
  ------------------------------------------------
  mult               ZeroWireload          N16ADFP_StdCelltt0p8v25c

  Point                                    Incr       Path
  -----------------------------------------------------------
  clock clk (rise edge)                    0.00       0.00
  clock network delay (ideal)              0.00       0.00
  input external delay                     0.01       0.01 f
  inp_a[13] (in)                           0.00       0.01 f
  U160/ZN (CKND2BWP20P90)                  0.01       0.02 r
  U161/ZN (INVD4BWP20P90)                  0.01       0.03 f
  U240/ZN (XNR2D8BWP20P90)                 0.02       0.05 r
  U105/ZN (INVD4BWP20P90)                  0.01       0.06 f
  U102/ZN (CKND8BWP20P90)                  0.01       0.07 r
  U53/ZN (ND2D4BWP20P90)                   0.01       0.08 f
  U326/ZN (OAI22D1BWP20P90)                0.02       0.09 r
  U357/S (FA1D1BWP20P90)                   0.05       0.14 f
  U407/S (FA1D1BWP20P90)                   0.05       0.19 r
  U573/Z (XOR2D1BWP20P90)                  0.03       0.22 f
  U574/Z (XOR2D1BWP20P90)                  0.03       0.25 r
  U79/ZN (NR2D1BWP20P90)                   0.01       0.26 f
  U586/ZN (NR2D1BWP20P90)                  0.02       0.27 r
  U111/ZN (AOI21D4BWP20P90)                0.01       0.29 f
  U594/ZN (OAI21D4BWP20P90)                0.02       0.31 r
  U854/ZN (AOI21D1BWP20P90)                0.02       0.32 f
  U857/Z (XOR2D1BWP20P90)                  0.02       0.34 r
  prod_reg[22]/D (DFCNQD2BWP20P90)         0.00       0.34 r
  data arrival time                                   0.34

  clock clk (rise edge)                    0.36       0.36
  clock network delay (ideal)              0.00       0.36
  clock uncertainty                       -0.01       0.35
  prod_reg[22]/CP (DFCNQD2BWP20P90)        0.00       0.35 r
  library setup time                      -0.01       0.34
  data required time                                  0.34
  -----------------------------------------------------------
  data required time                                  0.34
  data arrival time                                  -0.34
  -----------------------------------------------------------
  slack (MET)                                         0.00


1
