 
****************************************
Report : timing
        -path full
        -delay max
        -nworst 100
        -max_paths 100
Design : mult
Version: V-2023.12-SP5
Date   : Tue Sep 22 17:38:47 2026
****************************************

Operating Conditions: tt0p8v25c   Library: N16ADFP_StdCelltt0p8v25c
Wire Load Model Mode: segmented

  Startpoint: inp_a[5] (input port clocked by clk)
  Endpoint: prod_reg[30]
            (rising edge-triggered flip-flop clocked by clk)
  Path Group: clk
  Path Type: max

  Des/Clust/Port     Wire Load Model       Library
  ------------------------------------------------
  mult               ZeroWireload          N16ADFP_StdCelltt0p8v25c

  Point                                    Incr       Path
  -----------------------------------------------------------
  clock clk (rise edge)                    0.00       0.00
  clock network delay (ideal)              0.00       0.00
  input external delay                     0.01       0.01 f
  inp_a[5] (in)                            0.01       0.02 f
  U181/Z (CKBD1BWP20P90)                   0.02       0.04 f
  U180/Z (XOR2D1BWP20P90)                  0.02       0.07 r
  U99/ZN (INVD1BWP20P90)                   0.01       0.08 f
  U92/ZN (OAI21D2BWP20P90)                 0.01       0.09 r
  U147/Z (XOR2D1BWP20P90)                  0.02       0.11 f
  U63/Z (XOR2D1BWP20P90)                   0.03       0.14 r
  U141/Z (XOR3D1BWP20P90)                  0.05       0.19 f
  U533/Z (XOR3D4BWP20P90)                  0.05       0.25 r
  U402/ZN (NR2D2BWP20P90)                  0.01       0.25 f
  U368/ZN (NR2D2BWP20P90)                  0.01       0.27 r
  U239/ZN (CKND2D4BWP20P90)                0.01       0.28 f
  U993/ZN (NR2D1BWP20P90)                  0.01       0.29 r
  U998/ZN (AOI21D1BWP20P90)                0.01       0.30 f
  U1001/Z (XOR2D1BWP20P90)                 0.02       0.32 r
  prod_reg[30]/D (DFCNQD1BWP20P90)         0.00       0.32 r
  data arrival time                                   0.32

  clock clk (rise edge)                    0.34       0.34
  clock network delay (ideal)              0.00       0.34
  clock uncertainty                       -0.01       0.33
  prod_reg[30]/CP (DFCNQD1BWP20P90)        0.00       0.33 r
  library setup time                      -0.01       0.32
  data required time                                  0.32
  -----------------------------------------------------------
  data required time                                  0.32
  data arrival time                                  -0.32
  -----------------------------------------------------------
  slack (MET)                                         0.00


  Startpoint: inp_a[5] (input port clocked by clk)
  Endpoint: prod_reg[30]
            (rising edge-triggered flip-flop clocked by clk)
  Path Group: clk
  Path Type: max

  Des/Clust/Port     Wire Load Model       Library
  ------------------------------------------------
  mult               ZeroWireload          N16ADFP_StdCelltt0p8v25c

  Point                                    Incr       Path
  -----------------------------------------------------------
  clock clk (rise edge)                    0.00       0.00
  clock network delay (ideal)              0.00       0.00
  input external delay                     0.01       0.01 f
  inp_a[5] (in)                            0.01       0.02 f
  U203/Z (XOR2D4BWP20P90)                  0.03       0.05 r
  U204/ZN (INVD4BWP20P90)                  0.01       0.06 f
  U372/Z (OR2D1BWP20P90)                   0.02       0.08 f
  U230/ZN (OAI21D2BWP20P90)                0.01       0.08 r
  U317/ZN (CKND2BWP20P90)                  0.01       0.09 f
  U103/ZN (IOAI21D1BWP20P90)               0.02       0.11 f
  U370/ZN (IOA21D2BWP20P90)                0.01       0.12 r
  U876/S (FA1D1BWP20P90)                   0.05       0.17 f
  U877/ZN (OAI21D1BWP20P90)                0.01       0.18 r
  U43/ZN (IOA21D1BWP20P90)                 0.02       0.20 f
  U888/Z (XOR3D4BWP20P90)                  0.05       0.24 r
  U351/ZN (NR2D4BWP20P90)                  0.01       0.25 f
  U368/ZN (NR2D2BWP20P90)                  0.01       0.27 r
  U239/ZN (CKND2D4BWP20P90)                0.01       0.28 f
  U993/ZN (NR2D1BWP20P90)                  0.01       0.29 r
  U998/ZN (AOI21D1BWP20P90)                0.01       0.30 f
  U1001/Z (XOR2D1BWP20P90)                 0.02       0.32 r
  prod_reg[30]/D (DFCNQD1BWP20P90)         0.00       0.32 r
  data arrival time                                   0.32

  clock clk (rise edge)                    0.34       0.34
  clock network delay (ideal)              0.00       0.34
  clock uncertainty                       -0.01       0.33
  prod_reg[30]/CP (DFCNQD1BWP20P90)        0.00       0.33 r
  library setup time                      -0.01       0.32
  data required time                                  0.32
  -----------------------------------------------------------
  data required time                                  0.32
  data arrival time                                  -0.32
  -----------------------------------------------------------
  slack (MET)                                         0.00


  Startpoint: inp_a[5] (input port clocked by clk)
  Endpoint: prod_reg[30]
            (rising edge-triggered flip-flop clocked by clk)
  Path Group: clk
  Path Type: max

  Des/Clust/Port     Wire Load Model       Library
  ------------------------------------------------
  mult               ZeroWireload          N16ADFP_StdCelltt0p8v25c

  Point                                    Incr       Path
  -----------------------------------------------------------
  clock clk (rise edge)                    0.00       0.00
  clock network delay (ideal)              0.00       0.00
  input external delay                     0.01       0.01 f
  inp_a[5] (in)                            0.01       0.02 f
  U203/Z (XOR2D4BWP20P90)                  0.03       0.05 r
  U204/ZN (INVD4BWP20P90)                  0.01       0.06 f
  U372/Z (OR2D1BWP20P90)                   0.02       0.08 f
  U230/ZN (OAI21D2BWP20P90)                0.01       0.08 r
  U317/ZN (CKND2BWP20P90)                  0.01       0.09 f
  U103/ZN (IOAI21D1BWP20P90)               0.02       0.11 f
  U370/ZN (IOA21D2BWP20P90)                0.01       0.12 r
  U876/S (FA1D1BWP20P90)                   0.05       0.17 f
  U877/ZN (OAI21D1BWP20P90)                0.01       0.18 r
  U43/ZN (IOA21D1BWP20P90)                 0.02       0.20 f
  U888/Z (XOR3D4BWP20P90)                  0.05       0.24 r
  U351/ZN (NR2D4BWP20P90)                  0.01       0.25 f
  U368/ZN (NR2D2BWP20P90)                  0.01       0.27 r
  U239/ZN (CKND2D4BWP20P90)                0.01       0.28 f
  U993/ZN (NR2D1BWP20P90)                  0.01       0.29 r
  U998/ZN (AOI21D1BWP20P90)                0.01       0.30 f
  U1001/Z (XOR2D1BWP20P90)                 0.02       0.32 r
  prod_reg[30]/D (DFCNQD1BWP20P90)         0.00       0.32 r
  data arrival time                                   0.32

  clock clk (rise edge)                    0.34       0.34
  clock network delay (ideal)              0.00       0.34
  clock uncertainty                       -0.01       0.33
  prod_reg[30]/CP (DFCNQD1BWP20P90)        0.00       0.33 r
  library setup time                      -0.01       0.32
  data required time                                  0.32
  -----------------------------------------------------------
  data required time                                  0.32
  data arrival time                                  -0.32
  -----------------------------------------------------------
  slack (MET)                                         0.00


  Startpoint: inp_a[5] (input port clocked by clk)
  Endpoint: prod_reg[30]
            (rising edge-triggered flip-flop clocked by clk)
  Path Group: clk
  Path Type: max

  Des/Clust/Port     Wire Load Model       Library
  ------------------------------------------------
  mult               ZeroWireload          N16ADFP_StdCelltt0p8v25c

  Point                                    Incr       Path
  -----------------------------------------------------------
  clock clk (rise edge)                    0.00       0.00
  clock network delay (ideal)              0.00       0.00
  input external delay                     0.01       0.01 f
  inp_a[5] (in)                            0.01       0.02 f
  U203/Z (XOR2D4BWP20P90)                  0.03       0.05 r
  U204/ZN (INVD4BWP20P90)                  0.01       0.06 f
  U372/Z (OR2D1BWP20P90)                   0.02       0.08 f
  U230/ZN (OAI21D2BWP20P90)                0.01       0.08 r
  U317/ZN (CKND2BWP20P90)                  0.01       0.09 f
  U103/ZN (IOAI21D1BWP20P90)               0.02       0.11 f
  U370/ZN (IOA21D2BWP20P90)                0.01       0.12 r
  U876/S (FA1D1BWP20P90)                   0.05       0.17 f
  U877/ZN (OAI21D1BWP20P90)                0.01       0.18 r
  U43/ZN (IOA21D1BWP20P90)                 0.02       0.20 f
  U888/Z (XOR3D4BWP20P90)                  0.05       0.24 r
  U351/ZN (NR2D4BWP20P90)                  0.01       0.25 f
  U368/ZN (NR2D2BWP20P90)                  0.01       0.27 r
  U239/ZN (CKND2D4BWP20P90)                0.01       0.28 f
  U993/ZN (NR2D1BWP20P90)                  0.01       0.29 r
  U998/ZN (AOI21D1BWP20P90)                0.01       0.30 f
  U1001/Z (XOR2D1BWP20P90)                 0.02       0.32 r
  prod_reg[30]/D (DFCNQD1BWP20P90)         0.00       0.32 r
  data arrival time                                   0.32

  clock clk (rise edge)                    0.34       0.34
  clock network delay (ideal)              0.00       0.34
  clock uncertainty                       -0.01       0.33
  prod_reg[30]/CP (DFCNQD1BWP20P90)        0.00       0.33 r
  library setup time                      -0.01       0.32
  data required time                                  0.32
  -----------------------------------------------------------
  data required time                                  0.32
  data arrival time                                  -0.32
  -----------------------------------------------------------
  slack (MET)                                         0.00


  Startpoint: inp_a[5] (input port clocked by clk)
  Endpoint: prod_reg[30]
            (rising edge-triggered flip-flop clocked by clk)
  Path Group: clk
  Path Type: max

  Des/Clust/Port     Wire Load Model       Library
  ------------------------------------------------
  mult               ZeroWireload          N16ADFP_StdCelltt0p8v25c

  Point                                    Incr       Path
  -----------------------------------------------------------
  clock clk (rise edge)                    0.00       0.00
  clock network delay (ideal)              0.00       0.00
  input external delay                     0.01       0.01 f
  inp_a[5] (in)                            0.01       0.02 f
  U203/Z (XOR2D4BWP20P90)                  0.03       0.05 r
  U204/ZN (INVD4BWP20P90)                  0.01       0.06 f
  U372/Z (OR2D1BWP20P90)                   0.02       0.08 f
  U230/ZN (OAI21D2BWP20P90)                0.01       0.08 r
  U317/ZN (CKND2BWP20P90)                  0.01       0.09 f
  U103/ZN (IOAI21D1BWP20P90)               0.02       0.11 f
  U370/ZN (IOA21D2BWP20P90)                0.01       0.12 r
  U876/S (FA1D1BWP20P90)                   0.05       0.17 f
  U877/ZN (OAI21D1BWP20P90)                0.01       0.18 r
  U43/ZN (IOA21D1BWP20P90)                 0.02       0.20 f
  U888/Z (XOR3D4BWP20P90)                  0.05       0.24 r
  U351/ZN (NR2D4BWP20P90)                  0.01       0.25 f
  U368/ZN (NR2D2BWP20P90)                  0.01       0.27 r
  U239/ZN (CKND2D4BWP20P90)                0.01       0.28 f
  U993/ZN (NR2D1BWP20P90)                  0.01       0.29 r
  U998/ZN (AOI21D1BWP20P90)                0.01       0.30 f
  U1001/Z (XOR2D1BWP20P90)                 0.02       0.32 r
  prod_reg[30]/D (DFCNQD1BWP20P90)         0.00       0.32 r
  data arrival time                                   0.32

  clock clk (rise edge)                    0.34       0.34
  clock network delay (ideal)              0.00       0.34
  clock uncertainty                       -0.01       0.33
  prod_reg[30]/CP (DFCNQD1BWP20P90)        0.00       0.33 r
  library setup time                      -0.01       0.32
  data required time                                  0.32
  -----------------------------------------------------------
  data required time                                  0.32
  data arrival time                                  -0.32
  -----------------------------------------------------------
  slack (MET)                                         0.00


  Startpoint: inp_a[5] (input port clocked by clk)
  Endpoint: prod_reg[30]
            (rising edge-triggered flip-flop clocked by clk)
  Path Group: clk
  Path Type: max

  Des/Clust/Port     Wire Load Model       Library
  ------------------------------------------------
  mult               ZeroWireload          N16ADFP_StdCelltt0p8v25c

  Point                                    Incr       Path
  -----------------------------------------------------------
  clock clk (rise edge)                    0.00       0.00
  clock network delay (ideal)              0.00       0.00
  input external delay                     0.01       0.01 f
  inp_a[5] (in)                            0.01       0.02 f
  U203/Z (XOR2D4BWP20P90)                  0.03       0.05 r
  U204/ZN (INVD4BWP20P90)                  0.01       0.06 f
  U372/Z (OR2D1BWP20P90)                   0.02       0.08 f
  U230/ZN (OAI21D2BWP20P90)                0.01       0.08 r
  U317/ZN (CKND2BWP20P90)                  0.01       0.09 f
  U103/ZN (IOAI21D1BWP20P90)               0.02       0.11 f
  U370/ZN (IOA21D2BWP20P90)                0.01       0.12 r
  U876/S (FA1D1BWP20P90)                   0.05       0.17 f
  U877/ZN (OAI21D1BWP20P90)                0.01       0.18 r
  U43/ZN (IOA21D1BWP20P90)                 0.02       0.20 f
  U888/Z (XOR3D4BWP20P90)                  0.05       0.24 r
  U351/ZN (NR2D4BWP20P90)                  0.01       0.25 f
  U368/ZN (NR2D2BWP20P90)                  0.01       0.27 r
  U239/ZN (CKND2D4BWP20P90)                0.01       0.28 f
  U993/ZN (NR2D1BWP20P90)                  0.01       0.29 r
  U998/ZN (AOI21D1BWP20P90)                0.01       0.30 f
  U1001/Z (XOR2D1BWP20P90)                 0.02       0.32 r
  prod_reg[30]/D (DFCNQD1BWP20P90)         0.00       0.32 r
  data arrival time                                   0.32

  clock clk (rise edge)                    0.34       0.34
  clock network delay (ideal)              0.00       0.34
  clock uncertainty                       -0.01       0.33
  prod_reg[30]/CP (DFCNQD1BWP20P90)        0.00       0.33 r
  library setup time                      -0.01       0.32
  data required time                                  0.32
  -----------------------------------------------------------
  data required time                                  0.32
  data arrival time                                  -0.32
  -----------------------------------------------------------
  slack (MET)                                         0.00


  Startpoint: inp_a[5] (input port clocked by clk)
  Endpoint: prod_reg[30]
            (rising edge-triggered flip-flop clocked by clk)
  Path Group: clk
  Path Type: max

  Des/Clust/Port     Wire Load Model       Library
  ------------------------------------------------
  mult               ZeroWireload          N16ADFP_StdCelltt0p8v25c

  Point                                    Incr       Path
  -----------------------------------------------------------
  clock clk (rise edge)                    0.00       0.00
  clock network delay (ideal)              0.00       0.00
  input external delay                     0.01       0.01 f
  inp_a[5] (in)                            0.01       0.02 f
  U203/Z (XOR2D4BWP20P90)                  0.03       0.05 r
  U204/ZN (INVD4BWP20P90)                  0.01       0.06 f
  U372/Z (OR2D1BWP20P90)                   0.02       0.08 f
  U230/ZN (OAI21D2BWP20P90)                0.01       0.08 r
  U317/ZN (CKND2BWP20P90)                  0.01       0.09 f
  U103/ZN (IOAI21D1BWP20P90)               0.02       0.11 f
  U370/ZN (IOA21D2BWP20P90)                0.01       0.12 r
  U876/S (FA1D1BWP20P90)                   0.05       0.17 f
  U877/ZN (OAI21D1BWP20P90)                0.01       0.18 r
  U43/ZN (IOA21D1BWP20P90)                 0.02       0.20 f
  U888/Z (XOR3D4BWP20P90)                  0.05       0.24 r
  U351/ZN (NR2D4BWP20P90)                  0.01       0.25 f
  U368/ZN (NR2D2BWP20P90)                  0.01       0.27 r
  U239/ZN (CKND2D4BWP20P90)                0.01       0.28 f
  U993/ZN (NR2D1BWP20P90)                  0.01       0.29 r
  U998/ZN (AOI21D1BWP20P90)                0.01       0.30 f
  U1001/Z (XOR2D1BWP20P90)                 0.02       0.32 r
  prod_reg[30]/D (DFCNQD1BWP20P90)         0.00       0.32 r
  data arrival time                                   0.32

  clock clk (rise edge)                    0.34       0.34
  clock network delay (ideal)              0.00       0.34
  clock uncertainty                       -0.01       0.33
  prod_reg[30]/CP (DFCNQD1BWP20P90)        0.00       0.33 r
  library setup time                      -0.01       0.32
  data required time                                  0.32
  -----------------------------------------------------------
  data required time                                  0.32
  data arrival time                                  -0.32
  -----------------------------------------------------------
  slack (MET)                                         0.00


  Startpoint: inp_a[5] (input port clocked by clk)
  Endpoint: prod_reg[30]
            (rising edge-triggered flip-flop clocked by clk)
  Path Group: clk
  Path Type: max

  Des/Clust/Port     Wire Load Model       Library
  ------------------------------------------------
  mult               ZeroWireload          N16ADFP_StdCelltt0p8v25c

  Point                                    Incr       Path
  -----------------------------------------------------------
  clock clk (rise edge)                    0.00       0.00
  clock network delay (ideal)              0.00       0.00
  input external delay                     0.01       0.01 f
  inp_a[5] (in)                            0.01       0.02 f
  U203/Z (XOR2D4BWP20P90)                  0.03       0.05 r
  U204/ZN (INVD4BWP20P90)                  0.01       0.06 f
  U372/Z (OR2D1BWP20P90)                   0.02       0.08 f
  U230/ZN (OAI21D2BWP20P90)                0.01       0.08 r
  U317/ZN (CKND2BWP20P90)                  0.01       0.09 f
  U103/ZN (IOAI21D1BWP20P90)               0.02       0.11 f
  U370/ZN (IOA21D2BWP20P90)                0.01       0.12 r
  U876/S (FA1D1BWP20P90)                   0.05       0.17 f
  U877/ZN (OAI21D1BWP20P90)                0.01       0.18 r
  U43/ZN (IOA21D1BWP20P90)                 0.02       0.20 f
  U888/Z (XOR3D4BWP20P90)                  0.05       0.24 r
  U351/ZN (NR2D4BWP20P90)                  0.01       0.25 f
  U368/ZN (NR2D2BWP20P90)                  0.01       0.27 r
  U239/ZN (CKND2D4BWP20P90)                0.01       0.28 f
  U993/ZN (NR2D1BWP20P90)                  0.01       0.29 r
  U998/ZN (AOI21D1BWP20P90)                0.01       0.30 f
  U1001/Z (XOR2D1BWP20P90)                 0.02       0.32 r
  prod_reg[30]/D (DFCNQD1BWP20P90)         0.00       0.32 r
  data arrival time                                   0.32

  clock clk (rise edge)                    0.34       0.34
  clock network delay (ideal)              0.00       0.34
  clock uncertainty                       -0.01       0.33
  prod_reg[30]/CP (DFCNQD1BWP20P90)        0.00       0.33 r
  library setup time                      -0.01       0.32
  data required time                                  0.32
  -----------------------------------------------------------
  data required time                                  0.32
  data arrival time                                  -0.32
  -----------------------------------------------------------
  slack (MET)                                         0.00


  Startpoint: inp_a[5] (input port clocked by clk)
  Endpoint: prod_reg[30]
            (rising edge-triggered flip-flop clocked by clk)
  Path Group: clk
  Path Type: max

  Des/Clust/Port     Wire Load Model       Library
  ------------------------------------------------
  mult               ZeroWireload          N16ADFP_StdCelltt0p8v25c

  Point                                    Incr       Path
  -----------------------------------------------------------
  clock clk (rise edge)                    0.00       0.00
  clock network delay (ideal)              0.00       0.00
  input external delay                     0.01       0.01 f
  inp_a[5] (in)                            0.01       0.02 f
  U203/Z (XOR2D4BWP20P90)                  0.03       0.05 r
  U204/ZN (INVD4BWP20P90)                  0.01       0.06 f
  U372/Z (OR2D1BWP20P90)                   0.02       0.08 f
  U230/ZN (OAI21D2BWP20P90)                0.01       0.08 r
  U317/ZN (CKND2BWP20P90)                  0.01       0.09 f
  U103/ZN (IOAI21D1BWP20P90)               0.02       0.11 f
  U370/ZN (IOA21D2BWP20P90)                0.01       0.12 r
  U876/S (FA1D1BWP20P90)                   0.05       0.17 f
  U877/ZN (OAI21D1BWP20P90)                0.01       0.18 r
  U43/ZN (IOA21D1BWP20P90)                 0.02       0.20 f
  U888/Z (XOR3D4BWP20P90)                  0.05       0.24 r
  U351/ZN (NR2D4BWP20P90)                  0.01       0.25 f
  U368/ZN (NR2D2BWP20P90)                  0.01       0.27 r
  U239/ZN (CKND2D4BWP20P90)                0.01       0.28 f
  U993/ZN (NR2D1BWP20P90)                  0.01       0.29 r
  U998/ZN (AOI21D1BWP20P90)                0.01       0.30 f
  U1001/Z (XOR2D1BWP20P90)                 0.02       0.32 r
  prod_reg[30]/D (DFCNQD1BWP20P90)         0.00       0.32 r
  data arrival time                                   0.32

  clock clk (rise edge)                    0.34       0.34
  clock network delay (ideal)              0.00       0.34
  clock uncertainty                       -0.01       0.33
  prod_reg[30]/CP (DFCNQD1BWP20P90)        0.00       0.33 r
  library setup time                      -0.01       0.32
  data required time                                  0.32
  -----------------------------------------------------------
  data required time                                  0.32
  data arrival time                                  -0.32
  -----------------------------------------------------------
  slack (MET)                                         0.00


  Startpoint: inp_a[5] (input port clocked by clk)
  Endpoint: prod_reg[30]
            (rising edge-triggered flip-flop clocked by clk)
  Path Group: clk
  Path Type: max

  Des/Clust/Port     Wire Load Model       Library
  ------------------------------------------------
  mult               ZeroWireload          N16ADFP_StdCelltt0p8v25c

  Point                                    Incr       Path
  -----------------------------------------------------------
  clock clk (rise edge)                    0.00       0.00
  clock network delay (ideal)              0.00       0.00
  input external delay                     0.01       0.01 f
  inp_a[5] (in)                            0.01       0.02 f
  U203/Z (XOR2D4BWP20P90)                  0.03       0.05 r
  U204/ZN (INVD4BWP20P90)                  0.01       0.06 f
  U372/Z (OR2D1BWP20P90)                   0.02       0.08 f
  U230/ZN (OAI21D2BWP20P90)                0.01       0.08 r
  U317/ZN (CKND2BWP20P90)                  0.01       0.09 f
  U103/ZN (IOAI21D1BWP20P90)               0.02       0.11 f
  U370/ZN (IOA21D2BWP20P90)                0.01       0.12 r
  U876/S (FA1D1BWP20P90)                   0.05       0.17 f
  U877/ZN (OAI21D1BWP20P90)                0.01       0.18 r
  U43/ZN (IOA21D1BWP20P90)                 0.02       0.20 f
  U888/Z (XOR3D4BWP20P90)                  0.05       0.24 r
  U351/ZN (NR2D4BWP20P90)                  0.01       0.25 f
  U368/ZN (NR2D2BWP20P90)                  0.01       0.27 r
  U239/ZN (CKND2D4BWP20P90)                0.01       0.28 f
  U993/ZN (NR2D1BWP20P90)                  0.01       0.29 r
  U998/ZN (AOI21D1BWP20P90)                0.01       0.30 f
  U1001/Z (XOR2D1BWP20P90)                 0.02       0.32 r
  prod_reg[30]/D (DFCNQD1BWP20P90)         0.00       0.32 r
  data arrival time                                   0.32

  clock clk (rise edge)                    0.34       0.34
  clock network delay (ideal)              0.00       0.34
  clock uncertainty                       -0.01       0.33
  prod_reg[30]/CP (DFCNQD1BWP20P90)        0.00       0.33 r
  library setup time                      -0.01       0.32
  data required time                                  0.32
  -----------------------------------------------------------
  data required time                                  0.32
  data arrival time                                  -0.32
  -----------------------------------------------------------
  slack (MET)                                         0.00


  Startpoint: inp_a[3] (input port clocked by clk)
  Endpoint: prod_reg[26]
            (rising edge-triggered flip-flop clocked by clk)
  Path Group: clk
  Path Type: max

  Des/Clust/Port     Wire Load Model       Library
  ------------------------------------------------
  mult               ZeroWireload          N16ADFP_StdCelltt0p8v25c

  Point                                    Incr       Path
  -----------------------------------------------------------
  clock clk (rise edge)                    0.00       0.00
  clock network delay (ideal)              0.00       0.00
  input external delay                     0.01       0.01 r
  inp_a[3] (in)                            0.01       0.02 r
  U610/Z (BUFFD8BWP20P90)                  0.02       0.04 r
  U234/ZN (INVD4BWP20P90)                  0.01       0.04 f
  U151/ZN (INVD4BWP20P90)                  0.01       0.05 r
  U656/ZN (XNR2D1BWP20P90)                 0.02       0.07 f
  U319/ZN (OAI22D1BWP20P90)                0.02       0.09 r
  U60/ZN (XNR3D1BWP20P90)                  0.05       0.14 r
  U309/ZN (XNR3D1BWP20P90)                 0.05       0.19 r
  U483/ZN (INR2D1BWP20P90)                 0.01       0.20 f
  U481/ZN (IAOI21D2BWP20P90)               0.02       0.22 f
  U397/ZN (OAI21D4BWP20P90)                0.01       0.23 r
  U478/ZN (AOI21D4BWP20P90)                0.01       0.25 f
  U755/ZN (OAI21D4BWP20P90)                0.01       0.26 r
  U789/ZN (AOI21D4BWP20P90)                0.01       0.27 f
  U846/ZN (OAI21D4BWP20P90)                0.02       0.29 r
  U1074/ZN (AOI21D1BWP20P90)               0.02       0.30 f
  U1077/Z (XOR2D1BWP20P90)                 0.02       0.32 r
  prod_reg[26]/D (DFCNQD1BWP20P90)         0.00       0.32 r
  data arrival time                                   0.32

  clock clk (rise edge)                    0.34       0.34
  clock network delay (ideal)              0.00       0.34
  clock uncertainty                       -0.01       0.33
  prod_reg[26]/CP (DFCNQD1BWP20P90)        0.00       0.33 r
  library setup time                      -0.01       0.32
  data required time                                  0.32
  -----------------------------------------------------------
  data required time                                  0.32
  data arrival time                                  -0.32
  -----------------------------------------------------------
  slack (MET)                                         0.00


  Startpoint: inp_a[3] (input port clocked by clk)
  Endpoint: prod_reg[24]
            (rising edge-triggered flip-flop clocked by clk)
  Path Group: clk
  Path Type: max

  Des/Clust/Port     Wire Load Model       Library
  ------------------------------------------------
  mult               ZeroWireload          N16ADFP_StdCelltt0p8v25c

  Point                                    Incr       Path
  -----------------------------------------------------------
  clock clk (rise edge)                    0.00       0.00
  clock network delay (ideal)              0.00       0.00
  input external delay                     0.01       0.01 r
  inp_a[3] (in)                            0.01       0.02 r
  U610/Z (BUFFD8BWP20P90)                  0.02       0.04 r
  U234/ZN (INVD4BWP20P90)                  0.01       0.04 f
  U151/ZN (INVD4BWP20P90)                  0.01       0.05 r
  U656/ZN (XNR2D1BWP20P90)                 0.02       0.07 f
  U319/ZN (OAI22D1BWP20P90)                0.02       0.09 r
  U60/ZN (XNR3D1BWP20P90)                  0.05       0.14 r
  U309/ZN (XNR3D1BWP20P90)                 0.05       0.19 r
  U483/ZN (INR2D1BWP20P90)                 0.01       0.20 f
  U481/ZN (IAOI21D2BWP20P90)               0.02       0.22 f
  U397/ZN (OAI21D4BWP20P90)                0.01       0.23 r
  U478/ZN (AOI21D4BWP20P90)                0.01       0.25 f
  U755/ZN (OAI21D4BWP20P90)                0.01       0.26 r
  U789/ZN (AOI21D4BWP20P90)                0.01       0.27 f
  U846/ZN (OAI21D4BWP20P90)                0.02       0.29 r
  U1061/ZN (AOI21D1BWP20P90)               0.02       0.30 f
  U1063/Z (XOR2D1BWP20P90)                 0.02       0.32 r
  prod_reg[24]/D (DFCNQD1BWP20P90)         0.00       0.32 r
  data arrival time                                   0.32

  clock clk (rise edge)                    0.34       0.34
  clock network delay (ideal)              0.00       0.34
  clock uncertainty                       -0.01       0.33
  prod_reg[24]/CP (DFCNQD1BWP20P90)        0.00       0.33 r
  library setup time                      -0.01       0.32
  data required time                                  0.32
  -----------------------------------------------------------
  data required time                                  0.32
  data arrival time                                  -0.32
  -----------------------------------------------------------
  slack (MET)                                         0.00


  Startpoint: inp_a[3] (input port clocked by clk)
  Endpoint: prod_reg[29]
            (rising edge-triggered flip-flop clocked by clk)
  Path Group: clk
  Path Type: max

  Des/Clust/Port     Wire Load Model       Library
  ------------------------------------------------
  mult               ZeroWireload          N16ADFP_StdCelltt0p8v25c

  Point                                    Incr       Path
  -----------------------------------------------------------
  clock clk (rise edge)                    0.00       0.00
  clock network delay (ideal)              0.00       0.00
  input external delay                     0.01       0.01 r
  inp_a[3] (in)                            0.01       0.02 r
  U610/Z (BUFFD8BWP20P90)                  0.02       0.04 r
  U234/ZN (INVD4BWP20P90)                  0.01       0.04 f
  U151/ZN (INVD4BWP20P90)                  0.01       0.05 r
  U656/ZN (XNR2D1BWP20P90)                 0.02       0.07 f
  U319/ZN (OAI22D1BWP20P90)                0.02       0.09 r
  U60/ZN (XNR3D1BWP20P90)                  0.05       0.14 r
  U309/ZN (XNR3D1BWP20P90)                 0.05       0.19 r
  U483/ZN (INR2D1BWP20P90)                 0.01       0.20 f
  U481/ZN (IAOI21D2BWP20P90)               0.02       0.22 f
  U397/ZN (OAI21D4BWP20P90)                0.01       0.23 r
  U478/ZN (AOI21D4BWP20P90)                0.01       0.25 f
  U755/ZN (OAI21D4BWP20P90)                0.01       0.26 r
  U789/ZN (AOI21D4BWP20P90)                0.01       0.27 f
  U846/ZN (OAI21D4BWP20P90)                0.02       0.29 r
  U1040/ZN (AOI21D1BWP20P90)               0.02       0.30 f
  U1042/Z (XOR2D1BWP20P90)                 0.02       0.32 r
  prod_reg[29]/D (DFCNQD1BWP20P90)         0.00       0.32 r
  data arrival time                                   0.32

  clock clk (rise edge)                    0.34       0.34
  clock network delay (ideal)              0.00       0.34
  clock uncertainty                       -0.01       0.33
  prod_reg[29]/CP (DFCNQD1BWP20P90)        0.00       0.33 r
  library setup time                      -0.01       0.32
  data required time                                  0.32
  -----------------------------------------------------------
  data required time                                  0.32
  data arrival time                                  -0.32
  -----------------------------------------------------------
  slack (MET)                                         0.00


  Startpoint: inp_a[3] (input port clocked by clk)
  Endpoint: prod_reg[23]
            (rising edge-triggered flip-flop clocked by clk)
  Path Group: clk
  Path Type: max

  Des/Clust/Port     Wire Load Model       Library
  ------------------------------------------------
  mult               ZeroWireload          N16ADFP_StdCelltt0p8v25c

  Point                                    Incr       Path
  -----------------------------------------------------------
  clock clk (rise edge)                    0.00       0.00
  clock network delay (ideal)              0.00       0.00
  input external delay                     0.01       0.01 r
  inp_a[3] (in)                            0.01       0.02 r
  U610/Z (BUFFD8BWP20P90)                  0.02       0.04 r
  U234/ZN (INVD4BWP20P90)                  0.01       0.04 f
  U151/ZN (INVD4BWP20P90)                  0.01       0.05 r
  U656/ZN (XNR2D1BWP20P90)                 0.02       0.07 f
  U319/ZN (OAI22D1BWP20P90)                0.02       0.09 r
  U60/ZN (XNR3D1BWP20P90)                  0.05       0.14 r
  U309/ZN (XNR3D1BWP20P90)                 0.05       0.19 r
  U483/ZN (INR2D1BWP20P90)                 0.01       0.20 f
  U481/ZN (IAOI21D2BWP20P90)               0.02       0.22 f
  U397/ZN (OAI21D4BWP20P90)                0.01       0.23 r
  U478/ZN (AOI21D4BWP20P90)                0.01       0.25 f
  U755/ZN (OAI21D4BWP20P90)                0.01       0.26 r
  U789/ZN (AOI21D4BWP20P90)                0.01       0.27 f
  U846/ZN (OAI21D4BWP20P90)                0.02       0.29 r
  U1068/ZN (AOI21D1BWP20P90)               0.02       0.30 f
  U1071/Z (XOR2D1BWP20P90)                 0.02       0.32 r
  prod_reg[23]/D (DFCNQD1BWP20P90)         0.00       0.32 r
  data arrival time                                   0.32

  clock clk (rise edge)                    0.34       0.34
  clock network delay (ideal)              0.00       0.34
  clock uncertainty                       -0.01       0.33
  prod_reg[23]/CP (DFCNQD1BWP20P90)        0.00       0.33 r
  library setup time                      -0.01       0.32
  data required time                                  0.32
  -----------------------------------------------------------
  data required time                                  0.32
  data arrival time                                  -0.32
  -----------------------------------------------------------
  slack (MET)                                         0.00


  Startpoint: inp_a[3] (input port clocked by clk)
  Endpoint: prod_reg[22]
            (rising edge-triggered flip-flop clocked by clk)
  Path Group: clk
  Path Type: max

  Des/Clust/Port     Wire Load Model       Library
  ------------------------------------------------
  mult               ZeroWireload          N16ADFP_StdCelltt0p8v25c

  Point                                    Incr       Path
  -----------------------------------------------------------
  clock clk (rise edge)                    0.00       0.00
  clock network delay (ideal)              0.00       0.00
  input external delay                     0.01       0.01 r
  inp_a[3] (in)                            0.01       0.02 r
  U610/Z (BUFFD8BWP20P90)                  0.02       0.04 r
  U234/ZN (INVD4BWP20P90)                  0.01       0.04 f
  U151/ZN (INVD4BWP20P90)                  0.01       0.05 r
  U656/ZN (XNR2D1BWP20P90)                 0.02       0.07 f
  U319/ZN (OAI22D1BWP20P90)                0.02       0.09 r
  U60/ZN (XNR3D1BWP20P90)                  0.05       0.14 r
  U309/ZN (XNR3D1BWP20P90)                 0.05       0.19 r
  U483/ZN (INR2D1BWP20P90)                 0.01       0.20 f
  U481/ZN (IAOI21D2BWP20P90)               0.02       0.22 f
  U397/ZN (OAI21D4BWP20P90)                0.01       0.23 r
  U478/ZN (AOI21D4BWP20P90)                0.01       0.25 f
  U755/ZN (OAI21D4BWP20P90)                0.01       0.26 r
  U789/ZN (AOI21D4BWP20P90)                0.01       0.27 f
  U846/ZN (OAI21D4BWP20P90)                0.02       0.29 r
  U1055/ZN (AOI21D1BWP20P90)               0.02       0.30 f
  U1058/Z (XOR2D1BWP20P90)                 0.02       0.32 r
  prod_reg[22]/D (DFCNQD1BWP20P90)         0.00       0.32 r
  data arrival time                                   0.32

  clock clk (rise edge)                    0.34       0.34
  clock network delay (ideal)              0.00       0.34
  clock uncertainty                       -0.01       0.33
  prod_reg[22]/CP (DFCNQD1BWP20P90)        0.00       0.33 r
  library setup time                      -0.01       0.32
  data required time                                  0.32
  -----------------------------------------------------------
  data required time                                  0.32
  data arrival time                                  -0.32
  -----------------------------------------------------------
  slack (MET)                                         0.00


  Startpoint: inp_a[3] (input port clocked by clk)
  Endpoint: prod_reg[28]
            (rising edge-triggered flip-flop clocked by clk)
  Path Group: clk
  Path Type: max

  Des/Clust/Port     Wire Load Model       Library
  ------------------------------------------------
  mult               ZeroWireload          N16ADFP_StdCelltt0p8v25c

  Point                                    Incr       Path
  -----------------------------------------------------------
  clock clk (rise edge)                    0.00       0.00
  clock network delay (ideal)              0.00       0.00
  input external delay                     0.01       0.01 r
  inp_a[3] (in)                            0.01       0.02 r
  U610/Z (BUFFD8BWP20P90)                  0.02       0.04 r
  U234/ZN (INVD4BWP20P90)                  0.01       0.04 f
  U151/ZN (INVD4BWP20P90)                  0.01       0.05 r
  U656/ZN (XNR2D1BWP20P90)                 0.02       0.07 f
  U319/ZN (OAI22D1BWP20P90)                0.02       0.09 r
  U60/ZN (XNR3D1BWP20P90)                  0.05       0.14 r
  U309/ZN (XNR3D1BWP20P90)                 0.05       0.19 r
  U483/ZN (INR2D1BWP20P90)                 0.01       0.20 f
  U481/ZN (IAOI21D2BWP20P90)               0.02       0.22 f
  U397/ZN (OAI21D4BWP20P90)                0.01       0.23 r
  U478/ZN (AOI21D4BWP20P90)                0.01       0.25 f
  U755/ZN (OAI21D4BWP20P90)                0.01       0.26 r
  U789/ZN (AOI21D4BWP20P90)                0.01       0.27 f
  U846/ZN (OAI21D4BWP20P90)                0.02       0.29 r
  U988/ZN (AOI21D1BWP20P90)                0.02       0.30 f
  U990/Z (XOR2D1BWP20P90)                  0.02       0.32 r
  prod_reg[28]/D (DFCNQD1BWP20P90)         0.00       0.32 r
  data arrival time                                   0.32

  clock clk (rise edge)                    0.34       0.34
  clock network delay (ideal)              0.00       0.34
  clock uncertainty                       -0.01       0.33
  prod_reg[28]/CP (DFCNQD1BWP20P90)        0.00       0.33 r
  library setup time                      -0.01       0.32
  data required time                                  0.32
  -----------------------------------------------------------
  data required time                                  0.32
  data arrival time                                  -0.32
  -----------------------------------------------------------
  slack (MET)                                         0.00


  Startpoint: inp_a[3] (input port clocked by clk)
  Endpoint: prod_reg[27]
            (rising edge-triggered flip-flop clocked by clk)
  Path Group: clk
  Path Type: max

  Des/Clust/Port     Wire Load Model       Library
  ------------------------------------------------
  mult               ZeroWireload          N16ADFP_StdCelltt0p8v25c

  Point                                    Incr       Path
  -----------------------------------------------------------
  clock clk (rise edge)                    0.00       0.00
  clock network delay (ideal)              0.00       0.00
  input external delay                     0.01       0.01 r
  inp_a[3] (in)                            0.01       0.02 r
  U610/Z (BUFFD8BWP20P90)                  0.02       0.04 r
  U234/ZN (INVD4BWP20P90)                  0.01       0.04 f
  U151/ZN (INVD4BWP20P90)                  0.01       0.05 r
  U656/ZN (XNR2D1BWP20P90)                 0.02       0.07 f
  U319/ZN (OAI22D1BWP20P90)                0.02       0.09 r
  U60/ZN (XNR3D1BWP20P90)                  0.05       0.14 r
  U309/ZN (XNR3D1BWP20P90)                 0.05       0.19 r
  U483/ZN (INR2D1BWP20P90)                 0.01       0.20 f
  U481/ZN (IAOI21D2BWP20P90)               0.02       0.22 f
  U397/ZN (OAI21D4BWP20P90)                0.01       0.23 r
  U478/ZN (AOI21D4BWP20P90)                0.01       0.25 f
  U755/ZN (OAI21D4BWP20P90)                0.01       0.26 r
  U789/ZN (AOI21D4BWP20P90)                0.01       0.27 f
  U846/ZN (OAI21D4BWP20P90)                0.02       0.29 r
  U1033/ZN (AOI21D1BWP20P90)               0.02       0.30 f
  U1035/Z (XOR2D1BWP20P90)                 0.02       0.32 r
  prod_reg[27]/D (DFCNQD1BWP20P90)         0.00       0.32 r
  data arrival time                                   0.32

  clock clk (rise edge)                    0.34       0.34
  clock network delay (ideal)              0.00       0.34
  clock uncertainty                       -0.01       0.33
  prod_reg[27]/CP (DFCNQD1BWP20P90)        0.00       0.33 r
  library setup time                      -0.01       0.32
  data required time                                  0.32
  -----------------------------------------------------------
  data required time                                  0.32
  data arrival time                                  -0.32
  -----------------------------------------------------------
  slack (MET)                                         0.00


  Startpoint: inp_a[3] (input port clocked by clk)
  Endpoint: prod_reg[30]
            (rising edge-triggered flip-flop clocked by clk)
  Path Group: clk
  Path Type: max

  Des/Clust/Port     Wire Load Model       Library
  ------------------------------------------------
  mult               ZeroWireload          N16ADFP_StdCelltt0p8v25c

  Point                                    Incr       Path
  -----------------------------------------------------------
  clock clk (rise edge)                    0.00       0.00
  clock network delay (ideal)              0.00       0.00
  input external delay                     0.01       0.01 r
  inp_a[3] (in)                            0.01       0.02 r
  U610/Z (BUFFD8BWP20P90)                  0.02       0.04 r
  U234/ZN (INVD4BWP20P90)                  0.01       0.04 f
  U151/ZN (INVD4BWP20P90)                  0.01       0.05 r
  U656/ZN (XNR2D1BWP20P90)                 0.02       0.07 f
  U319/ZN (OAI22D1BWP20P90)                0.02       0.09 r
  U60/ZN (XNR3D1BWP20P90)                  0.05       0.14 r
  U309/ZN (XNR3D1BWP20P90)                 0.05       0.19 r
  U483/ZN (INR2D1BWP20P90)                 0.01       0.20 f
  U481/ZN (IAOI21D2BWP20P90)               0.02       0.22 f
  U397/ZN (OAI21D4BWP20P90)                0.01       0.23 r
  U478/ZN (AOI21D4BWP20P90)                0.01       0.25 f
  U755/ZN (OAI21D4BWP20P90)                0.01       0.26 r
  U789/ZN (AOI21D4BWP20P90)                0.01       0.27 f
  U846/ZN (OAI21D4BWP20P90)                0.02       0.29 r
  U998/ZN (AOI21D1BWP20P90)                0.02       0.30 f
  U1001/Z (XOR2D1BWP20P90)                 0.02       0.32 r
  prod_reg[30]/D (DFCNQD1BWP20P90)         0.00       0.32 r
  data arrival time                                   0.32

  clock clk (rise edge)                    0.34       0.34
  clock network delay (ideal)              0.00       0.34
  clock uncertainty                       -0.01       0.33
  prod_reg[30]/CP (DFCNQD1BWP20P90)        0.00       0.33 r
  library setup time                      -0.01       0.32
  data required time                                  0.32
  -----------------------------------------------------------
  data required time                                  0.32
  data arrival time                                  -0.32
  -----------------------------------------------------------
  slack (MET)                                         0.00


  Startpoint: inp_a[3] (input port clocked by clk)
  Endpoint: prod_reg[25]
            (rising edge-triggered flip-flop clocked by clk)
  Path Group: clk
  Path Type: max

  Des/Clust/Port     Wire Load Model       Library
  ------------------------------------------------
  mult               ZeroWireload          N16ADFP_StdCelltt0p8v25c

  Point                                    Incr       Path
  -----------------------------------------------------------
  clock clk (rise edge)                    0.00       0.00
  clock network delay (ideal)              0.00       0.00
  input external delay                     0.01       0.01 r
  inp_a[3] (in)                            0.01       0.02 r
  U610/Z (BUFFD8BWP20P90)                  0.02       0.04 r
  U234/ZN (INVD4BWP20P90)                  0.01       0.04 f
  U151/ZN (INVD4BWP20P90)                  0.01       0.05 r
  U656/ZN (XNR2D1BWP20P90)                 0.02       0.07 f
  U319/ZN (OAI22D1BWP20P90)                0.02       0.09 r
  U60/ZN (XNR3D1BWP20P90)                  0.05       0.14 r
  U309/ZN (XNR3D1BWP20P90)                 0.05       0.19 r
  U483/ZN (INR2D1BWP20P90)                 0.01       0.20 f
  U481/ZN (IAOI21D2BWP20P90)               0.02       0.22 f
  U397/ZN (OAI21D4BWP20P90)                0.01       0.23 r
  U478/ZN (AOI21D4BWP20P90)                0.01       0.25 f
  U755/ZN (OAI21D4BWP20P90)                0.01       0.26 r
  U789/ZN (AOI21D4BWP20P90)                0.01       0.27 f
  U846/ZN (OAI21D4BWP20P90)                0.02       0.29 r
  U982/ZN (AOI21D1BWP20P90)                0.02       0.30 f
  U984/Z (XOR2D1BWP20P90)                  0.02       0.32 r
  prod_reg[25]/D (DFCNQD1BWP20P90)         0.00       0.32 r
  data arrival time                                   0.32

  clock clk (rise edge)                    0.34       0.34
  clock network delay (ideal)              0.00       0.34
  clock uncertainty                       -0.01       0.33
  prod_reg[25]/CP (DFCNQD1BWP20P90)        0.00       0.33 r
  library setup time                      -0.01       0.32
  data required time                                  0.32
  -----------------------------------------------------------
  data required time                                  0.32
  data arrival time                                  -0.32
  -----------------------------------------------------------
  slack (MET)                                         0.00


  Startpoint: inp_a[3] (input port clocked by clk)
  Endpoint: prod_reg[31]
            (rising edge-triggered flip-flop clocked by clk)
  Path Group: clk
  Path Type: max

  Des/Clust/Port     Wire Load Model       Library
  ------------------------------------------------
  mult               ZeroWireload          N16ADFP_StdCelltt0p8v25c

  Point                                    Incr       Path
  -----------------------------------------------------------
  clock clk (rise edge)                    0.00       0.00
  clock network delay (ideal)              0.00       0.00
  input external delay                     0.01       0.01 r
  inp_a[3] (in)                            0.01       0.02 r
  U610/Z (BUFFD8BWP20P90)                  0.02       0.04 r
  U234/ZN (INVD4BWP20P90)                  0.01       0.04 f
  U151/ZN (INVD4BWP20P90)                  0.01       0.05 r
  U656/ZN (XNR2D1BWP20P90)                 0.02       0.07 f
  U319/ZN (OAI22D1BWP20P90)                0.02       0.09 r
  U60/ZN (XNR3D1BWP20P90)                  0.05       0.14 r
  U309/ZN (XNR3D1BWP20P90)                 0.05       0.19 r
  U483/ZN (INR2D1BWP20P90)                 0.01       0.20 f
  U481/ZN (IAOI21D2BWP20P90)               0.02       0.22 f
  U397/ZN (OAI21D4BWP20P90)                0.01       0.23 r
  U478/ZN (AOI21D4BWP20P90)                0.01       0.25 f
  U755/ZN (OAI21D4BWP20P90)                0.01       0.26 r
  U789/ZN (AOI21D4BWP20P90)                0.01       0.27 f
  U846/ZN (OAI21D4BWP20P90)                0.02       0.29 r
  U971/ZN (AOI21D1BWP20P90)                0.02       0.30 f
  U979/Z (XOR2D1BWP20P90)                  0.02       0.32 r
  prod_reg[31]/D (DFCNQD1BWP20P90)         0.00       0.32 r
  data arrival time                                   0.32

  clock clk (rise edge)                    0.34       0.34
  clock network delay (ideal)              0.00       0.34
  clock uncertainty                       -0.01       0.33
  prod_reg[31]/CP (DFCNQD1BWP20P90)        0.00       0.33 r
  library setup time                      -0.01       0.32
  data required time                                  0.32
  -----------------------------------------------------------
  data required time                                  0.32
  data arrival time                                  -0.32
  -----------------------------------------------------------
  slack (MET)                                         0.00


  Startpoint: inp_a[5] (input port clocked by clk)
  Endpoint: prod_reg[30]
            (rising edge-triggered flip-flop clocked by clk)
  Path Group: clk
  Path Type: max

  Des/Clust/Port     Wire Load Model       Library
  ------------------------------------------------
  mult               ZeroWireload          N16ADFP_StdCelltt0p8v25c

  Point                                    Incr       Path
  -----------------------------------------------------------
  clock clk (rise edge)                    0.00       0.00
  clock network delay (ideal)              0.00       0.00
  input external delay                     0.01       0.01 f
  inp_a[5] (in)                            0.01       0.02 f
  U203/Z (XOR2D4BWP20P90)                  0.03       0.05 r
  U204/ZN (INVD4BWP20P90)                  0.01       0.06 f
  U372/Z (OR2D1BWP20P90)                   0.02       0.08 f
  U230/ZN (OAI21D2BWP20P90)                0.01       0.08 r
  U317/ZN (CKND2BWP20P90)                  0.01       0.09 f
  U103/ZN (IOAI21D1BWP20P90)               0.02       0.11 f
  U370/ZN (IOA21D2BWP20P90)                0.01       0.12 r
  U876/S (FA1D1BWP20P90)                   0.05       0.17 f
  U877/ZN (OAI21D1BWP20P90)                0.01       0.18 r
  U43/ZN (IOA21D1BWP20P90)                 0.02       0.20 f
  U888/Z (XOR3D4BWP20P90)                  0.05       0.24 r
  U351/ZN (NR2D4BWP20P90)                  0.01       0.25 f
  U368/ZN (NR2D2BWP20P90)                  0.01       0.27 r
  U239/ZN (CKND2D4BWP20P90)                0.01       0.28 f
  U993/ZN (NR2D1BWP20P90)                  0.01       0.29 r
  U998/ZN (AOI21D1BWP20P90)                0.01       0.30 f
  U1001/Z (XOR2D1BWP20P90)                 0.02       0.32 r
  prod_reg[30]/D (DFCNQD1BWP20P90)         0.00       0.32 r
  data arrival time                                   0.32

  clock clk (rise edge)                    0.34       0.34
  clock network delay (ideal)              0.00       0.34
  clock uncertainty                       -0.01       0.33
  prod_reg[30]/CP (DFCNQD1BWP20P90)        0.00       0.33 r
  library setup time                      -0.01       0.32
  data required time                                  0.32
  -----------------------------------------------------------
  data required time                                  0.32
  data arrival time                                  -0.32
  -----------------------------------------------------------
  slack (MET)                                         0.00


  Startpoint: inp_a[5] (input port clocked by clk)
  Endpoint: prod_reg[30]
            (rising edge-triggered flip-flop clocked by clk)
  Path Group: clk
  Path Type: max

  Des/Clust/Port     Wire Load Model       Library
  ------------------------------------------------
  mult               ZeroWireload          N16ADFP_StdCelltt0p8v25c

  Point                                    Incr       Path
  -----------------------------------------------------------
  clock clk (rise edge)                    0.00       0.00
  clock network delay (ideal)              0.00       0.00
  input external delay                     0.01       0.01 f
  inp_a[5] (in)                            0.01       0.02 f
  U203/Z (XOR2D4BWP20P90)                  0.03       0.05 r
  U204/ZN (INVD4BWP20P90)                  0.01       0.06 f
  U372/Z (OR2D1BWP20P90)                   0.02       0.08 f
  U230/ZN (OAI21D2BWP20P90)                0.01       0.08 r
  U317/ZN (CKND2BWP20P90)                  0.01       0.09 f
  U103/ZN (IOAI21D1BWP20P90)               0.02       0.11 f
  U370/ZN (IOA21D2BWP20P90)                0.01       0.12 r
  U876/S (FA1D1BWP20P90)                   0.05       0.17 f
  U877/ZN (OAI21D1BWP20P90)                0.01       0.18 r
  U43/ZN (IOA21D1BWP20P90)                 0.02       0.20 f
  U888/Z (XOR3D4BWP20P90)                  0.05       0.24 r
  U351/ZN (NR2D4BWP20P90)                  0.01       0.25 f
  U368/ZN (NR2D2BWP20P90)                  0.01       0.27 r
  U239/ZN (CKND2D4BWP20P90)                0.01       0.28 f
  U993/ZN (NR2D1BWP20P90)                  0.01       0.29 r
  U998/ZN (AOI21D1BWP20P90)                0.01       0.30 f
  U1001/Z (XOR2D1BWP20P90)                 0.02       0.32 r
  prod_reg[30]/D (DFCNQD1BWP20P90)         0.00       0.32 r
  data arrival time                                   0.32

  clock clk (rise edge)                    0.34       0.34
  clock network delay (ideal)              0.00       0.34
  clock uncertainty                       -0.01       0.33
  prod_reg[30]/CP (DFCNQD1BWP20P90)        0.00       0.33 r
  library setup time                      -0.01       0.32
  data required time                                  0.32
  -----------------------------------------------------------
  data required time                                  0.32
  data arrival time                                  -0.32
  -----------------------------------------------------------
  slack (MET)                                         0.00


  Startpoint: inp_a[5] (input port clocked by clk)
  Endpoint: prod_reg[25]
            (rising edge-triggered flip-flop clocked by clk)
  Path Group: clk
  Path Type: max

  Des/Clust/Port     Wire Load Model       Library
  ------------------------------------------------
  mult               ZeroWireload          N16ADFP_StdCelltt0p8v25c

  Point                                    Incr       Path
  -----------------------------------------------------------
  clock clk (rise edge)                    0.00       0.00
  clock network delay (ideal)              0.00       0.00
  input external delay                     0.01       0.01 f
  inp_a[5] (in)                            0.01       0.02 f
  U181/Z (CKBD1BWP20P90)                   0.02       0.04 f
  U180/Z (XOR2D1BWP20P90)                  0.02       0.07 r
  U99/ZN (INVD1BWP20P90)                   0.01       0.08 f
  U92/ZN (OAI21D2BWP20P90)                 0.01       0.09 r
  U147/Z (XOR2D1BWP20P90)                  0.02       0.11 f
  U63/Z (XOR2D1BWP20P90)                   0.03       0.14 r
  U141/Z (XOR3D1BWP20P90)                  0.05       0.19 f
  U533/Z (XOR3D4BWP20P90)                  0.05       0.25 r
  U402/ZN (NR2D2BWP20P90)                  0.01       0.25 f
  U368/ZN (NR2D2BWP20P90)                  0.01       0.27 r
  U239/ZN (CKND2D4BWP20P90)                0.01       0.28 f
  U980/ZN (NR2D1BWP20P90)                  0.01       0.29 r
  U982/ZN (AOI21D1BWP20P90)                0.01       0.30 f
  U984/Z (XOR2D1BWP20P90)                  0.02       0.32 r
  prod_reg[25]/D (DFCNQD1BWP20P90)         0.00       0.32 r
  data arrival time                                   0.32

  clock clk (rise edge)                    0.34       0.34
  clock network delay (ideal)              0.00       0.34
  clock uncertainty                       -0.01       0.33
  prod_reg[25]/CP (DFCNQD1BWP20P90)        0.00       0.33 r
  library setup time                      -0.01       0.32
  data required time                                  0.32
  -----------------------------------------------------------
  data required time                                  0.32
  data arrival time                                  -0.32
  -----------------------------------------------------------
  slack (MET)                                         0.00


  Startpoint: inp_a[5] (input port clocked by clk)
  Endpoint: prod_reg[30]
            (rising edge-triggered flip-flop clocked by clk)
  Path Group: clk
  Path Type: max

  Des/Clust/Port     Wire Load Model       Library
  ------------------------------------------------
  mult               ZeroWireload          N16ADFP_StdCelltt0p8v25c

  Point                                    Incr       Path
  -----------------------------------------------------------
  clock clk (rise edge)                    0.00       0.00
  clock network delay (ideal)              0.00       0.00
  input external delay                     0.01       0.01 f
  inp_a[5] (in)                            0.01       0.02 f
  U203/Z (XOR2D4BWP20P90)                  0.03       0.05 r
  U204/ZN (INVD4BWP20P90)                  0.01       0.06 f
  U372/Z (OR2D1BWP20P90)                   0.02       0.08 f
  U230/ZN (OAI21D2BWP20P90)                0.01       0.08 r
  U317/ZN (CKND2BWP20P90)                  0.01       0.09 f
  U103/ZN (IOAI21D1BWP20P90)               0.02       0.11 f
  U370/ZN (IOA21D2BWP20P90)                0.01       0.12 r
  U876/S (FA1D1BWP20P90)                   0.05       0.17 f
  U877/ZN (OAI21D1BWP20P90)                0.01       0.18 r
  U43/ZN (IOA21D1BWP20P90)                 0.02       0.20 f
  U888/Z (XOR3D4BWP20P90)                  0.05       0.24 r
  U351/ZN (NR2D4BWP20P90)                  0.01       0.25 f
  U368/ZN (NR2D2BWP20P90)                  0.01       0.27 r
  U239/ZN (CKND2D4BWP20P90)                0.01       0.28 f
  U993/ZN (NR2D1BWP20P90)                  0.01       0.29 r
  U998/ZN (AOI21D1BWP20P90)                0.01       0.30 f
  U1001/Z (XOR2D1BWP20P90)                 0.02       0.32 r
  prod_reg[30]/D (DFCNQD1BWP20P90)         0.00       0.32 r
  data arrival time                                   0.32

  clock clk (rise edge)                    0.34       0.34
  clock network delay (ideal)              0.00       0.34
  clock uncertainty                       -0.01       0.33
  prod_reg[30]/CP (DFCNQD1BWP20P90)        0.00       0.33 r
  library setup time                      -0.01       0.32
  data required time                                  0.32
  -----------------------------------------------------------
  data required time                                  0.32
  data arrival time                                  -0.32
  -----------------------------------------------------------
  slack (MET)                                         0.00


  Startpoint: inp_a[5] (input port clocked by clk)
  Endpoint: prod_reg[30]
            (rising edge-triggered flip-flop clocked by clk)
  Path Group: clk
  Path Type: max

  Des/Clust/Port     Wire Load Model       Library
  ------------------------------------------------
  mult               ZeroWireload          N16ADFP_StdCelltt0p8v25c

  Point                                    Incr       Path
  -----------------------------------------------------------
  clock clk (rise edge)                    0.00       0.00
  clock network delay (ideal)              0.00       0.00
  input external delay                     0.01       0.01 f
  inp_a[5] (in)                            0.01       0.02 f
  U203/Z (XOR2D4BWP20P90)                  0.03       0.05 r
  U204/ZN (INVD4BWP20P90)                  0.01       0.06 f
  U372/Z (OR2D1BWP20P90)                   0.02       0.08 f
  U230/ZN (OAI21D2BWP20P90)                0.01       0.08 r
  U317/ZN (CKND2BWP20P90)                  0.01       0.09 f
  U103/ZN (IOAI21D1BWP20P90)               0.02       0.11 f
  U370/ZN (IOA21D2BWP20P90)                0.01       0.12 r
  U876/S (FA1D1BWP20P90)                   0.05       0.17 f
  U877/ZN (OAI21D1BWP20P90)                0.01       0.18 r
  U43/ZN (IOA21D1BWP20P90)                 0.02       0.20 f
  U888/Z (XOR3D4BWP20P90)                  0.05       0.24 r
  U351/ZN (NR2D4BWP20P90)                  0.01       0.25 f
  U368/ZN (NR2D2BWP20P90)                  0.01       0.27 r
  U239/ZN (CKND2D4BWP20P90)                0.01       0.28 f
  U993/ZN (NR2D1BWP20P90)                  0.01       0.29 r
  U998/ZN (AOI21D1BWP20P90)                0.01       0.30 f
  U1001/Z (XOR2D1BWP20P90)                 0.02       0.32 r
  prod_reg[30]/D (DFCNQD1BWP20P90)         0.00       0.32 r
  data arrival time                                   0.32

  clock clk (rise edge)                    0.34       0.34
  clock network delay (ideal)              0.00       0.34
  clock uncertainty                       -0.01       0.33
  prod_reg[30]/CP (DFCNQD1BWP20P90)        0.00       0.33 r
  library setup time                      -0.01       0.32
  data required time                                  0.32
  -----------------------------------------------------------
  data required time                                  0.32
  data arrival time                                  -0.32
  -----------------------------------------------------------
  slack (MET)                                         0.00


  Startpoint: inp_a[5] (input port clocked by clk)
  Endpoint: prod_reg[30]
            (rising edge-triggered flip-flop clocked by clk)
  Path Group: clk
  Path Type: max

  Des/Clust/Port     Wire Load Model       Library
  ------------------------------------------------
  mult               ZeroWireload          N16ADFP_StdCelltt0p8v25c

  Point                                    Incr       Path
  -----------------------------------------------------------
  clock clk (rise edge)                    0.00       0.00
  clock network delay (ideal)              0.00       0.00
  input external delay                     0.01       0.01 f
  inp_a[5] (in)                            0.01       0.02 f
  U203/Z (XOR2D4BWP20P90)                  0.03       0.05 r
  U204/ZN (INVD4BWP20P90)                  0.01       0.06 f
  U372/Z (OR2D1BWP20P90)                   0.02       0.08 f
  U230/ZN (OAI21D2BWP20P90)                0.01       0.08 r
  U317/ZN (CKND2BWP20P90)                  0.01       0.09 f
  U103/ZN (IOAI21D1BWP20P90)               0.02       0.11 f
  U370/ZN (IOA21D2BWP20P90)                0.01       0.12 r
  U876/S (FA1D1BWP20P90)                   0.05       0.17 f
  U877/ZN (OAI21D1BWP20P90)                0.01       0.18 r
  U43/ZN (IOA21D1BWP20P90)                 0.02       0.20 f
  U888/Z (XOR3D4BWP20P90)                  0.05       0.24 r
  U351/ZN (NR2D4BWP20P90)                  0.01       0.25 f
  U368/ZN (NR2D2BWP20P90)                  0.01       0.27 r
  U239/ZN (CKND2D4BWP20P90)                0.01       0.28 f
  U993/ZN (NR2D1BWP20P90)                  0.01       0.29 r
  U998/ZN (AOI21D1BWP20P90)                0.01       0.30 f
  U1001/Z (XOR2D1BWP20P90)                 0.02       0.32 r
  prod_reg[30]/D (DFCNQD1BWP20P90)         0.00       0.32 r
  data arrival time                                   0.32

  clock clk (rise edge)                    0.34       0.34
  clock network delay (ideal)              0.00       0.34
  clock uncertainty                       -0.01       0.33
  prod_reg[30]/CP (DFCNQD1BWP20P90)        0.00       0.33 r
  library setup time                      -0.01       0.32
  data required time                                  0.32
  -----------------------------------------------------------
  data required time                                  0.32
  data arrival time                                  -0.32
  -----------------------------------------------------------
  slack (MET)                                         0.00


  Startpoint: inp_a[5] (input port clocked by clk)
  Endpoint: prod_reg[30]
            (rising edge-triggered flip-flop clocked by clk)
  Path Group: clk
  Path Type: max

  Des/Clust/Port     Wire Load Model       Library
  ------------------------------------------------
  mult               ZeroWireload          N16ADFP_StdCelltt0p8v25c

  Point                                    Incr       Path
  -----------------------------------------------------------
  clock clk (rise edge)                    0.00       0.00
  clock network delay (ideal)              0.00       0.00
  input external delay                     0.01       0.01 f
  inp_a[5] (in)                            0.01       0.02 f
  U203/Z (XOR2D4BWP20P90)                  0.03       0.05 r
  U204/ZN (INVD4BWP20P90)                  0.01       0.06 f
  U372/Z (OR2D1BWP20P90)                   0.02       0.08 f
  U230/ZN (OAI21D2BWP20P90)                0.01       0.08 r
  U317/ZN (CKND2BWP20P90)                  0.01       0.09 f
  U103/ZN (IOAI21D1BWP20P90)               0.02       0.11 f
  U370/ZN (IOA21D2BWP20P90)                0.01       0.12 r
  U876/S (FA1D1BWP20P90)                   0.05       0.17 f
  U877/ZN (OAI21D1BWP20P90)                0.01       0.18 r
  U43/ZN (IOA21D1BWP20P90)                 0.02       0.20 f
  U888/Z (XOR3D4BWP20P90)                  0.05       0.24 r
  U351/ZN (NR2D4BWP20P90)                  0.01       0.25 f
  U368/ZN (NR2D2BWP20P90)                  0.01       0.27 r
  U239/ZN (CKND2D4BWP20P90)                0.01       0.28 f
  U993/ZN (NR2D1BWP20P90)                  0.01       0.29 r
  U998/ZN (AOI21D1BWP20P90)                0.01       0.30 f
  U1001/Z (XOR2D1BWP20P90)                 0.02       0.32 r
  prod_reg[30]/D (DFCNQD1BWP20P90)         0.00       0.32 r
  data arrival time                                   0.32

  clock clk (rise edge)                    0.34       0.34
  clock network delay (ideal)              0.00       0.34
  clock uncertainty                       -0.01       0.33
  prod_reg[30]/CP (DFCNQD1BWP20P90)        0.00       0.33 r
  library setup time                      -0.01       0.32
  data required time                                  0.32
  -----------------------------------------------------------
  data required time                                  0.32
  data arrival time                                  -0.32
  -----------------------------------------------------------
  slack (MET)                                         0.00


  Startpoint: inp_a[5] (input port clocked by clk)
  Endpoint: prod_reg[30]
            (rising edge-triggered flip-flop clocked by clk)
  Path Group: clk
  Path Type: max

  Des/Clust/Port     Wire Load Model       Library
  ------------------------------------------------
  mult               ZeroWireload          N16ADFP_StdCelltt0p8v25c

  Point                                    Incr       Path
  -----------------------------------------------------------
  clock clk (rise edge)                    0.00       0.00
  clock network delay (ideal)              0.00       0.00
  input external delay                     0.01       0.01 f
  inp_a[5] (in)                            0.01       0.02 f
  U203/Z (XOR2D4BWP20P90)                  0.03       0.05 r
  U204/ZN (INVD4BWP20P90)                  0.01       0.06 f
  U372/Z (OR2D1BWP20P90)                   0.02       0.08 f
  U230/ZN (OAI21D2BWP20P90)                0.01       0.08 r
  U317/ZN (CKND2BWP20P90)                  0.01       0.09 f
  U103/ZN (IOAI21D1BWP20P90)               0.02       0.11 f
  U370/ZN (IOA21D2BWP20P90)                0.01       0.12 r
  U876/S (FA1D1BWP20P90)                   0.05       0.17 f
  U877/ZN (OAI21D1BWP20P90)                0.01       0.18 r
  U43/ZN (IOA21D1BWP20P90)                 0.02       0.20 f
  U888/Z (XOR3D4BWP20P90)                  0.05       0.24 r
  U351/ZN (NR2D4BWP20P90)                  0.01       0.25 f
  U368/ZN (NR2D2BWP20P90)                  0.01       0.27 r
  U239/ZN (CKND2D4BWP20P90)                0.01       0.28 f
  U993/ZN (NR2D1BWP20P90)                  0.01       0.29 r
  U998/ZN (AOI21D1BWP20P90)                0.01       0.30 f
  U1001/Z (XOR2D1BWP20P90)                 0.02       0.32 r
  prod_reg[30]/D (DFCNQD1BWP20P90)         0.00       0.32 r
  data arrival time                                   0.32

  clock clk (rise edge)                    0.34       0.34
  clock network delay (ideal)              0.00       0.34
  clock uncertainty                       -0.01       0.33
  prod_reg[30]/CP (DFCNQD1BWP20P90)        0.00       0.33 r
  library setup time                      -0.01       0.32
  data required time                                  0.32
  -----------------------------------------------------------
  data required time                                  0.32
  data arrival time                                  -0.32
  -----------------------------------------------------------
  slack (MET)                                         0.00


  Startpoint: inp_a[5] (input port clocked by clk)
  Endpoint: prod_reg[30]
            (rising edge-triggered flip-flop clocked by clk)
  Path Group: clk
  Path Type: max

  Des/Clust/Port     Wire Load Model       Library
  ------------------------------------------------
  mult               ZeroWireload          N16ADFP_StdCelltt0p8v25c

  Point                                    Incr       Path
  -----------------------------------------------------------
  clock clk (rise edge)                    0.00       0.00
  clock network delay (ideal)              0.00       0.00
  input external delay                     0.01       0.01 f
  inp_a[5] (in)                            0.01       0.02 f
  U203/Z (XOR2D4BWP20P90)                  0.03       0.05 r
  U204/ZN (INVD4BWP20P90)                  0.01       0.06 f
  U372/Z (OR2D1BWP20P90)                   0.02       0.08 f
  U230/ZN (OAI21D2BWP20P90)                0.01       0.08 r
  U317/ZN (CKND2BWP20P90)                  0.01       0.09 f
  U103/ZN (IOAI21D1BWP20P90)               0.02       0.11 f
  U370/ZN (IOA21D2BWP20P90)                0.01       0.12 r
  U876/S (FA1D1BWP20P90)                   0.05       0.17 f
  U877/ZN (OAI21D1BWP20P90)                0.01       0.18 r
  U43/ZN (IOA21D1BWP20P90)                 0.02       0.20 f
  U888/Z (XOR3D4BWP20P90)                  0.05       0.24 r
  U351/ZN (NR2D4BWP20P90)                  0.01       0.25 f
  U368/ZN (NR2D2BWP20P90)                  0.01       0.27 r
  U239/ZN (CKND2D4BWP20P90)                0.01       0.28 f
  U993/ZN (NR2D1BWP20P90)                  0.01       0.29 r
  U998/ZN (AOI21D1BWP20P90)                0.01       0.30 f
  U1001/Z (XOR2D1BWP20P90)                 0.02       0.32 r
  prod_reg[30]/D (DFCNQD1BWP20P90)         0.00       0.32 r
  data arrival time                                   0.32

  clock clk (rise edge)                    0.34       0.34
  clock network delay (ideal)              0.00       0.34
  clock uncertainty                       -0.01       0.33
  prod_reg[30]/CP (DFCNQD1BWP20P90)        0.00       0.33 r
  library setup time                      -0.01       0.32
  data required time                                  0.32
  -----------------------------------------------------------
  data required time                                  0.32
  data arrival time                                  -0.32
  -----------------------------------------------------------
  slack (MET)                                         0.00


  Startpoint: inp_a[4] (input port clocked by clk)
  Endpoint: prod_reg[26]
            (rising edge-triggered flip-flop clocked by clk)
  Path Group: clk
  Path Type: max

  Des/Clust/Port     Wire Load Model       Library
  ------------------------------------------------
  mult               ZeroWireload          N16ADFP_StdCelltt0p8v25c

  Point                                    Incr       Path
  -----------------------------------------------------------
  clock clk (rise edge)                    0.00       0.00
  clock network delay (ideal)              0.00       0.00
  input external delay                     0.01       0.01 r
  inp_a[4] (in)                            0.00       0.01 r
  U98/ZN (XNR2D2BWP20P90)                  0.03       0.04 f
  U167/ZN (INVD4BWP20P90)                  0.01       0.05 r
  U168/ZN (CKND2BWP20P90)                  0.01       0.06 f
  U201/ZN (CKND2D8BWP20P90)                0.01       0.07 r
  U796/ZN (OAI22D1BWP20P90)                0.02       0.09 f
  U287/ZN (OAI21D1BWP20P90)                0.01       0.10 r
  U56/ZN (IOA21D1BWP20P90)                 0.02       0.12 f
  U816/S (FA1D1BWP20P90)                   0.05       0.17 r
  U52/ZN (OAI21D1BWP20P90)                 0.01       0.18 f
  U552/ZN (IOA21D1BWP20P90)                0.01       0.20 r
  U550/Z (XOR3D4BWP20P90)                  0.05       0.24 r
  U349/ZN (NR2D4BWP20P90)                  0.01       0.25 f
  U548/ZN (NR2D4BWP20P90)                  0.01       0.26 r
  U840/ZN (ND2D2BWP20P90)                  0.01       0.27 f
  U846/ZN (OAI21D4BWP20P90)                0.02       0.29 r
  U1074/ZN (AOI21D1BWP20P90)               0.02       0.30 f
  U1077/Z (XOR2D1BWP20P90)                 0.02       0.32 r
  prod_reg[26]/D (DFCNQD1BWP20P90)         0.00       0.32 r
  data arrival time                                   0.32

  clock clk (rise edge)                    0.34       0.34
  clock network delay (ideal)              0.00       0.34
  clock uncertainty                       -0.01       0.33
  prod_reg[26]/CP (DFCNQD1BWP20P90)        0.00       0.33 r
  library setup time                      -0.01       0.32
  data required time                                  0.32
  -----------------------------------------------------------
  data required time                                  0.32
  data arrival time                                  -0.32
  -----------------------------------------------------------
  slack (MET)                                         0.00


  Startpoint: inp_a[4] (input port clocked by clk)
  Endpoint: prod_reg[26]
            (rising edge-triggered flip-flop clocked by clk)
  Path Group: clk
  Path Type: max

  Des/Clust/Port     Wire Load Model       Library
  ------------------------------------------------
  mult               ZeroWireload          N16ADFP_StdCelltt0p8v25c

  Point                                    Incr       Path
  -----------------------------------------------------------
  clock clk (rise edge)                    0.00       0.00
  clock network delay (ideal)              0.00       0.00
  input external delay                     0.01       0.01 r
  inp_a[4] (in)                            0.00       0.01 r
  U98/ZN (XNR2D2BWP20P90)                  0.03       0.04 f
  U167/ZN (INVD4BWP20P90)                  0.01       0.05 r
  U168/ZN (CKND2BWP20P90)                  0.01       0.06 f
  U201/ZN (CKND2D8BWP20P90)                0.01       0.07 r
  U796/ZN (OAI22D1BWP20P90)                0.02       0.09 f
  U287/ZN (OAI21D1BWP20P90)                0.01       0.10 r
  U56/ZN (IOA21D1BWP20P90)                 0.02       0.12 f
  U816/S (FA1D1BWP20P90)                   0.05       0.17 r
  U52/ZN (OAI21D1BWP20P90)                 0.01       0.18 f
  U552/ZN (IOA21D1BWP20P90)                0.01       0.20 r
  U550/Z (XOR3D4BWP20P90)                  0.05       0.24 r
  U349/ZN (NR2D4BWP20P90)                  0.01       0.25 f
  U548/ZN (NR2D4BWP20P90)                  0.01       0.26 r
  U840/ZN (ND2D2BWP20P90)                  0.01       0.27 f
  U846/ZN (OAI21D4BWP20P90)                0.02       0.29 r
  U1074/ZN (AOI21D1BWP20P90)               0.02       0.30 f
  U1077/Z (XOR2D1BWP20P90)                 0.02       0.32 r
  prod_reg[26]/D (DFCNQD1BWP20P90)         0.00       0.32 r
  data arrival time                                   0.32

  clock clk (rise edge)                    0.34       0.34
  clock network delay (ideal)              0.00       0.34
  clock uncertainty                       -0.01       0.33
  prod_reg[26]/CP (DFCNQD1BWP20P90)        0.00       0.33 r
  library setup time                      -0.01       0.32
  data required time                                  0.32
  -----------------------------------------------------------
  data required time                                  0.32
  data arrival time                                  -0.32
  -----------------------------------------------------------
  slack (MET)                                         0.00


  Startpoint: inp_a[5] (input port clocked by clk)
  Endpoint: prod_reg[30]
            (rising edge-triggered flip-flop clocked by clk)
  Path Group: clk
  Path Type: max

  Des/Clust/Port     Wire Load Model       Library
  ------------------------------------------------
  mult               ZeroWireload          N16ADFP_StdCelltt0p8v25c

  Point                                    Incr       Path
  -----------------------------------------------------------
  clock clk (rise edge)                    0.00       0.00
  clock network delay (ideal)              0.00       0.00
  input external delay                     0.01       0.01 f
  inp_a[5] (in)                            0.01       0.02 f
  U203/Z (XOR2D4BWP20P90)                  0.03       0.05 r
  U204/ZN (INVD4BWP20P90)                  0.01       0.06 f
  U372/Z (OR2D1BWP20P90)                   0.02       0.08 f
  U230/ZN (OAI21D2BWP20P90)                0.01       0.08 r
  U317/ZN (CKND2BWP20P90)                  0.01       0.09 f
  U103/ZN (IOAI21D1BWP20P90)               0.02       0.11 f
  U370/ZN (IOA21D2BWP20P90)                0.01       0.12 r
  U876/S (FA1D1BWP20P90)                   0.05       0.17 f
  U877/ZN (OAI21D1BWP20P90)                0.01       0.18 r
  U43/ZN (IOA21D1BWP20P90)                 0.02       0.20 f
  U888/Z (XOR3D4BWP20P90)                  0.05       0.24 r
  U351/ZN (NR2D4BWP20P90)                  0.01       0.25 f
  U368/ZN (NR2D2BWP20P90)                  0.01       0.27 r
  U239/ZN (CKND2D4BWP20P90)                0.01       0.28 f
  U993/ZN (NR2D1BWP20P90)                  0.01       0.29 r
  U998/ZN (AOI21D1BWP20P90)                0.01       0.30 f
  U1001/Z (XOR2D1BWP20P90)                 0.02       0.32 r
  prod_reg[30]/D (DFCNQD1BWP20P90)         0.00       0.32 r
  data arrival time                                   0.32

  clock clk (rise edge)                    0.34       0.34
  clock network delay (ideal)              0.00       0.34
  clock uncertainty                       -0.01       0.33
  prod_reg[30]/CP (DFCNQD1BWP20P90)        0.00       0.33 r
  library setup time                      -0.01       0.32
  data required time                                  0.32
  -----------------------------------------------------------
  data required time                                  0.32
  data arrival time                                  -0.32
  -----------------------------------------------------------
  slack (MET)                                         0.00


  Startpoint: inp_a[4] (input port clocked by clk)
  Endpoint: prod_reg[24]
            (rising edge-triggered flip-flop clocked by clk)
  Path Group: clk
  Path Type: max

  Des/Clust/Port     Wire Load Model       Library
  ------------------------------------------------
  mult               ZeroWireload          N16ADFP_StdCelltt0p8v25c

  Point                                    Incr       Path
  -----------------------------------------------------------
  clock clk (rise edge)                    0.00       0.00
  clock network delay (ideal)              0.00       0.00
  input external delay                     0.01       0.01 r
  inp_a[4] (in)                            0.00       0.01 r
  U98/ZN (XNR2D2BWP20P90)                  0.03       0.04 f
  U167/ZN (INVD4BWP20P90)                  0.01       0.05 r
  U168/ZN (CKND2BWP20P90)                  0.01       0.06 f
  U201/ZN (CKND2D8BWP20P90)                0.01       0.07 r
  U796/ZN (OAI22D1BWP20P90)                0.02       0.09 f
  U287/ZN (OAI21D1BWP20P90)                0.01       0.10 r
  U56/ZN (IOA21D1BWP20P90)                 0.02       0.12 f
  U816/S (FA1D1BWP20P90)                   0.05       0.17 r
  U52/ZN (OAI21D1BWP20P90)                 0.01       0.18 f
  U552/ZN (IOA21D1BWP20P90)                0.01       0.20 r
  U550/Z (XOR3D4BWP20P90)                  0.05       0.24 r
  U349/ZN (NR2D4BWP20P90)                  0.01       0.25 f
  U548/ZN (NR2D4BWP20P90)                  0.01       0.26 r
  U840/ZN (ND2D2BWP20P90)                  0.01       0.27 f
  U846/ZN (OAI21D4BWP20P90)                0.02       0.29 r
  U1061/ZN (AOI21D1BWP20P90)               0.02       0.30 f
  U1063/Z (XOR2D1BWP20P90)                 0.02       0.32 r
  prod_reg[24]/D (DFCNQD1BWP20P90)         0.00       0.32 r
  data arrival time                                   0.32

  clock clk (rise edge)                    0.34       0.34
  clock network delay (ideal)              0.00       0.34
  clock uncertainty                       -0.01       0.33
  prod_reg[24]/CP (DFCNQD1BWP20P90)        0.00       0.33 r
  library setup time                      -0.01       0.32
  data required time                                  0.32
  -----------------------------------------------------------
  data required time                                  0.32
  data arrival time                                  -0.32
  -----------------------------------------------------------
  slack (MET)                                         0.00


  Startpoint: inp_a[4] (input port clocked by clk)
  Endpoint: prod_reg[24]
            (rising edge-triggered flip-flop clocked by clk)
  Path Group: clk
  Path Type: max

  Des/Clust/Port     Wire Load Model       Library
  ------------------------------------------------
  mult               ZeroWireload          N16ADFP_StdCelltt0p8v25c

  Point                                    Incr       Path
  -----------------------------------------------------------
  clock clk (rise edge)                    0.00       0.00
  clock network delay (ideal)              0.00       0.00
  input external delay                     0.01       0.01 r
  inp_a[4] (in)                            0.00       0.01 r
  U98/ZN (XNR2D2BWP20P90)                  0.03       0.04 f
  U167/ZN (INVD4BWP20P90)                  0.01       0.05 r
  U168/ZN (CKND2BWP20P90)                  0.01       0.06 f
  U201/ZN (CKND2D8BWP20P90)                0.01       0.07 r
  U796/ZN (OAI22D1BWP20P90)                0.02       0.09 f
  U287/ZN (OAI21D1BWP20P90)                0.01       0.10 r
  U56/ZN (IOA21D1BWP20P90)                 0.02       0.12 f
  U816/S (FA1D1BWP20P90)                   0.05       0.17 r
  U52/ZN (OAI21D1BWP20P90)                 0.01       0.18 f
  U552/ZN (IOA21D1BWP20P90)                0.01       0.20 r
  U550/Z (XOR3D4BWP20P90)                  0.05       0.24 r
  U349/ZN (NR2D4BWP20P90)                  0.01       0.25 f
  U548/ZN (NR2D4BWP20P90)                  0.01       0.26 r
  U840/ZN (ND2D2BWP20P90)                  0.01       0.27 f
  U846/ZN (OAI21D4BWP20P90)                0.02       0.29 r
  U1061/ZN (AOI21D1BWP20P90)               0.02       0.30 f
  U1063/Z (XOR2D1BWP20P90)                 0.02       0.32 r
  prod_reg[24]/D (DFCNQD1BWP20P90)         0.00       0.32 r
  data arrival time                                   0.32

  clock clk (rise edge)                    0.34       0.34
  clock network delay (ideal)              0.00       0.34
  clock uncertainty                       -0.01       0.33
  prod_reg[24]/CP (DFCNQD1BWP20P90)        0.00       0.33 r
  library setup time                      -0.01       0.32
  data required time                                  0.32
  -----------------------------------------------------------
  data required time                                  0.32
  data arrival time                                  -0.32
  -----------------------------------------------------------
  slack (MET)                                         0.00


  Startpoint: inp_a[4] (input port clocked by clk)
  Endpoint: prod_reg[29]
            (rising edge-triggered flip-flop clocked by clk)
  Path Group: clk
  Path Type: max

  Des/Clust/Port     Wire Load Model       Library
  ------------------------------------------------
  mult               ZeroWireload          N16ADFP_StdCelltt0p8v25c

  Point                                    Incr       Path
  -----------------------------------------------------------
  clock clk (rise edge)                    0.00       0.00
  clock network delay (ideal)              0.00       0.00
  input external delay                     0.01       0.01 r
  inp_a[4] (in)                            0.00       0.01 r
  U98/ZN (XNR2D2BWP20P90)                  0.03       0.04 f
  U167/ZN (INVD4BWP20P90)                  0.01       0.05 r
  U168/ZN (CKND2BWP20P90)                  0.01       0.06 f
  U201/ZN (CKND2D8BWP20P90)                0.01       0.07 r
  U796/ZN (OAI22D1BWP20P90)                0.02       0.09 f
  U287/ZN (OAI21D1BWP20P90)                0.01       0.10 r
  U56/ZN (IOA21D1BWP20P90)                 0.02       0.12 f
  U816/S (FA1D1BWP20P90)                   0.05       0.17 r
  U52/ZN (OAI21D1BWP20P90)                 0.01       0.18 f
  U552/ZN (IOA21D1BWP20P90)                0.01       0.20 r
  U550/Z (XOR3D4BWP20P90)                  0.05       0.24 r
  U349/ZN (NR2D4BWP20P90)                  0.01       0.25 f
  U548/ZN (NR2D4BWP20P90)                  0.01       0.26 r
  U840/ZN (ND2D2BWP20P90)                  0.01       0.27 f
  U846/ZN (OAI21D4BWP20P90)                0.02       0.29 r
  U1040/ZN (AOI21D1BWP20P90)               0.02       0.30 f
  U1042/Z (XOR2D1BWP20P90)                 0.02       0.32 r
  prod_reg[29]/D (DFCNQD1BWP20P90)         0.00       0.32 r
  data arrival time                                   0.32

  clock clk (rise edge)                    0.34       0.34
  clock network delay (ideal)              0.00       0.34
  clock uncertainty                       -0.01       0.33
  prod_reg[29]/CP (DFCNQD1BWP20P90)        0.00       0.33 r
  library setup time                      -0.01       0.32
  data required time                                  0.32
  -----------------------------------------------------------
  data required time                                  0.32
  data arrival time                                  -0.32
  -----------------------------------------------------------
  slack (MET)                                         0.00


  Startpoint: inp_a[4] (input port clocked by clk)
  Endpoint: prod_reg[29]
            (rising edge-triggered flip-flop clocked by clk)
  Path Group: clk
  Path Type: max

  Des/Clust/Port     Wire Load Model       Library
  ------------------------------------------------
  mult               ZeroWireload          N16ADFP_StdCelltt0p8v25c

  Point                                    Incr       Path
  -----------------------------------------------------------
  clock clk (rise edge)                    0.00       0.00
  clock network delay (ideal)              0.00       0.00
  input external delay                     0.01       0.01 r
  inp_a[4] (in)                            0.00       0.01 r
  U98/ZN (XNR2D2BWP20P90)                  0.03       0.04 f
  U167/ZN (INVD4BWP20P90)                  0.01       0.05 r
  U168/ZN (CKND2BWP20P90)                  0.01       0.06 f
  U201/ZN (CKND2D8BWP20P90)                0.01       0.07 r
  U796/ZN (OAI22D1BWP20P90)                0.02       0.09 f
  U287/ZN (OAI21D1BWP20P90)                0.01       0.10 r
  U56/ZN (IOA21D1BWP20P90)                 0.02       0.12 f
  U816/S (FA1D1BWP20P90)                   0.05       0.17 r
  U52/ZN (OAI21D1BWP20P90)                 0.01       0.18 f
  U552/ZN (IOA21D1BWP20P90)                0.01       0.20 r
  U550/Z (XOR3D4BWP20P90)                  0.05       0.24 r
  U349/ZN (NR2D4BWP20P90)                  0.01       0.25 f
  U548/ZN (NR2D4BWP20P90)                  0.01       0.26 r
  U840/ZN (ND2D2BWP20P90)                  0.01       0.27 f
  U846/ZN (OAI21D4BWP20P90)                0.02       0.29 r
  U1040/ZN (AOI21D1BWP20P90)               0.02       0.30 f
  U1042/Z (XOR2D1BWP20P90)                 0.02       0.32 r
  prod_reg[29]/D (DFCNQD1BWP20P90)         0.00       0.32 r
  data arrival time                                   0.32

  clock clk (rise edge)                    0.34       0.34
  clock network delay (ideal)              0.00       0.34
  clock uncertainty                       -0.01       0.33
  prod_reg[29]/CP (DFCNQD1BWP20P90)        0.00       0.33 r
  library setup time                      -0.01       0.32
  data required time                                  0.32
  -----------------------------------------------------------
  data required time                                  0.32
  data arrival time                                  -0.32
  -----------------------------------------------------------
  slack (MET)                                         0.00


  Startpoint: inp_a[4] (input port clocked by clk)
  Endpoint: prod_reg[23]
            (rising edge-triggered flip-flop clocked by clk)
  Path Group: clk
  Path Type: max

  Des/Clust/Port     Wire Load Model       Library
  ------------------------------------------------
  mult               ZeroWireload          N16ADFP_StdCelltt0p8v25c

  Point                                    Incr       Path
  -----------------------------------------------------------
  clock clk (rise edge)                    0.00       0.00
  clock network delay (ideal)              0.00       0.00
  input external delay                     0.01       0.01 r
  inp_a[4] (in)                            0.00       0.01 r
  U98/ZN (XNR2D2BWP20P90)                  0.03       0.04 f
  U167/ZN (INVD4BWP20P90)                  0.01       0.05 r
  U168/ZN (CKND2BWP20P90)                  0.01       0.06 f
  U201/ZN (CKND2D8BWP20P90)                0.01       0.07 r
  U796/ZN (OAI22D1BWP20P90)                0.02       0.09 f
  U287/ZN (OAI21D1BWP20P90)                0.01       0.10 r
  U56/ZN (IOA21D1BWP20P90)                 0.02       0.12 f
  U816/S (FA1D1BWP20P90)                   0.05       0.17 r
  U52/ZN (OAI21D1BWP20P90)                 0.01       0.18 f
  U552/ZN (IOA21D1BWP20P90)                0.01       0.20 r
  U550/Z (XOR3D4BWP20P90)                  0.05       0.24 r
  U349/ZN (NR2D4BWP20P90)                  0.01       0.25 f
  U548/ZN (NR2D4BWP20P90)                  0.01       0.26 r
  U840/ZN (ND2D2BWP20P90)                  0.01       0.27 f
  U846/ZN (OAI21D4BWP20P90)                0.02       0.29 r
  U1068/ZN (AOI21D1BWP20P90)               0.02       0.30 f
  U1071/Z (XOR2D1BWP20P90)                 0.02       0.32 r
  prod_reg[23]/D (DFCNQD1BWP20P90)         0.00       0.32 r
  data arrival time                                   0.32

  clock clk (rise edge)                    0.34       0.34
  clock network delay (ideal)              0.00       0.34
  clock uncertainty                       -0.01       0.33
  prod_reg[23]/CP (DFCNQD1BWP20P90)        0.00       0.33 r
  library setup time                      -0.01       0.32
  data required time                                  0.32
  -----------------------------------------------------------
  data required time                                  0.32
  data arrival time                                  -0.32
  -----------------------------------------------------------
  slack (MET)                                         0.00


  Startpoint: inp_a[4] (input port clocked by clk)
  Endpoint: prod_reg[26]
            (rising edge-triggered flip-flop clocked by clk)
  Path Group: clk
  Path Type: max

  Des/Clust/Port     Wire Load Model       Library
  ------------------------------------------------
  mult               ZeroWireload          N16ADFP_StdCelltt0p8v25c

  Point                                    Incr       Path
  -----------------------------------------------------------
  clock clk (rise edge)                    0.00       0.00
  clock network delay (ideal)              0.00       0.00
  input external delay                     0.01       0.01 r
  inp_a[4] (in)                            0.00       0.01 r
  U98/ZN (XNR2D2BWP20P90)                  0.03       0.04 f
  U167/ZN (INVD4BWP20P90)                  0.01       0.05 r
  U168/ZN (CKND2BWP20P90)                  0.01       0.06 f
  U201/ZN (CKND2D8BWP20P90)                0.01       0.07 r
  U796/ZN (OAI22D1BWP20P90)                0.02       0.09 f
  U287/ZN (OAI21D1BWP20P90)                0.01       0.10 r
  U56/ZN (IOA21D1BWP20P90)                 0.02       0.12 f
  U816/S (FA1D1BWP20P90)                   0.05       0.17 r
  U52/ZN (OAI21D1BWP20P90)                 0.01       0.18 f
  U552/ZN (IOA21D1BWP20P90)                0.01       0.20 r
  U550/Z (XOR3D4BWP20P90)                  0.05       0.24 r
  U349/ZN (NR2D4BWP20P90)                  0.01       0.25 f
  U548/ZN (NR2D4BWP20P90)                  0.01       0.26 r
  U840/ZN (ND2D2BWP20P90)                  0.01       0.27 f
  U846/ZN (OAI21D4BWP20P90)                0.02       0.29 r
  U1074/ZN (AOI21D1BWP20P90)               0.02       0.30 f
  U1077/Z (XOR2D1BWP20P90)                 0.02       0.32 r
  prod_reg[26]/D (DFCNQD1BWP20P90)         0.00       0.32 r
  data arrival time                                   0.32

  clock clk (rise edge)                    0.34       0.34
  clock network delay (ideal)              0.00       0.34
  clock uncertainty                       -0.01       0.33
  prod_reg[26]/CP (DFCNQD1BWP20P90)        0.00       0.33 r
  library setup time                      -0.01       0.32
  data required time                                  0.32
  -----------------------------------------------------------
  data required time                                  0.32
  data arrival time                                  -0.32
  -----------------------------------------------------------
  slack (MET)                                         0.00


  Startpoint: inp_a[4] (input port clocked by clk)
  Endpoint: prod_reg[22]
            (rising edge-triggered flip-flop clocked by clk)
  Path Group: clk
  Path Type: max

  Des/Clust/Port     Wire Load Model       Library
  ------------------------------------------------
  mult               ZeroWireload          N16ADFP_StdCelltt0p8v25c

  Point                                    Incr       Path
  -----------------------------------------------------------
  clock clk (rise edge)                    0.00       0.00
  clock network delay (ideal)              0.00       0.00
  input external delay                     0.01       0.01 r
  inp_a[4] (in)                            0.00       0.01 r
  U98/ZN (XNR2D2BWP20P90)                  0.03       0.04 f
  U167/ZN (INVD4BWP20P90)                  0.01       0.05 r
  U168/ZN (CKND2BWP20P90)                  0.01       0.06 f
  U201/ZN (CKND2D8BWP20P90)                0.01       0.07 r
  U796/ZN (OAI22D1BWP20P90)                0.02       0.09 f
  U287/ZN (OAI21D1BWP20P90)                0.01       0.10 r
  U56/ZN (IOA21D1BWP20P90)                 0.02       0.12 f
  U816/S (FA1D1BWP20P90)                   0.05       0.17 r
  U52/ZN (OAI21D1BWP20P90)                 0.01       0.18 f
  U552/ZN (IOA21D1BWP20P90)                0.01       0.20 r
  U550/Z (XOR3D4BWP20P90)                  0.05       0.24 r
  U349/ZN (NR2D4BWP20P90)                  0.01       0.25 f
  U548/ZN (NR2D4BWP20P90)                  0.01       0.26 r
  U840/ZN (ND2D2BWP20P90)                  0.01       0.27 f
  U846/ZN (OAI21D4BWP20P90)                0.02       0.29 r
  U1055/ZN (AOI21D1BWP20P90)               0.02       0.30 f
  U1058/Z (XOR2D1BWP20P90)                 0.02       0.32 r
  prod_reg[22]/D (DFCNQD1BWP20P90)         0.00       0.32 r
  data arrival time                                   0.32

  clock clk (rise edge)                    0.34       0.34
  clock network delay (ideal)              0.00       0.34
  clock uncertainty                       -0.01       0.33
  prod_reg[22]/CP (DFCNQD1BWP20P90)        0.00       0.33 r
  library setup time                      -0.01       0.32
  data required time                                  0.32
  -----------------------------------------------------------
  data required time                                  0.32
  data arrival time                                  -0.32
  -----------------------------------------------------------
  slack (MET)                                         0.00


  Startpoint: inp_a[4] (input port clocked by clk)
  Endpoint: prod_reg[26]
            (rising edge-triggered flip-flop clocked by clk)
  Path Group: clk
  Path Type: max

  Des/Clust/Port     Wire Load Model       Library
  ------------------------------------------------
  mult               ZeroWireload          N16ADFP_StdCelltt0p8v25c

  Point                                    Incr       Path
  -----------------------------------------------------------
  clock clk (rise edge)                    0.00       0.00
  clock network delay (ideal)              0.00       0.00
  input external delay                     0.01       0.01 r
  inp_a[4] (in)                            0.00       0.01 r
  U98/ZN (XNR2D2BWP20P90)                  0.03       0.04 f
  U167/ZN (INVD4BWP20P90)                  0.01       0.05 r
  U168/ZN (CKND2BWP20P90)                  0.01       0.06 f
  U201/ZN (CKND2D8BWP20P90)                0.01       0.07 r
  U796/ZN (OAI22D1BWP20P90)                0.02       0.09 f
  U287/ZN (OAI21D1BWP20P90)                0.01       0.10 r
  U56/ZN (IOA21D1BWP20P90)                 0.02       0.12 f
  U816/S (FA1D1BWP20P90)                   0.05       0.17 r
  U52/ZN (OAI21D1BWP20P90)                 0.01       0.18 f
  U552/ZN (IOA21D1BWP20P90)                0.01       0.20 r
  U550/Z (XOR3D4BWP20P90)                  0.05       0.24 r
  U349/ZN (NR2D4BWP20P90)                  0.01       0.25 f
  U548/ZN (NR2D4BWP20P90)                  0.01       0.26 r
  U840/ZN (ND2D2BWP20P90)                  0.01       0.27 f
  U846/ZN (OAI21D4BWP20P90)                0.02       0.29 r
  U1074/ZN (AOI21D1BWP20P90)               0.02       0.30 f
  U1077/Z (XOR2D1BWP20P90)                 0.02       0.32 r
  prod_reg[26]/D (DFCNQD1BWP20P90)         0.00       0.32 r
  data arrival time                                   0.32

  clock clk (rise edge)                    0.34       0.34
  clock network delay (ideal)              0.00       0.34
  clock uncertainty                       -0.01       0.33
  prod_reg[26]/CP (DFCNQD1BWP20P90)        0.00       0.33 r
  library setup time                      -0.01       0.32
  data required time                                  0.32
  -----------------------------------------------------------
  data required time                                  0.32
  data arrival time                                  -0.32
  -----------------------------------------------------------
  slack (MET)                                         0.00


  Startpoint: inp_a[4] (input port clocked by clk)
  Endpoint: prod_reg[23]
            (rising edge-triggered flip-flop clocked by clk)
  Path Group: clk
  Path Type: max

  Des/Clust/Port     Wire Load Model       Library
  ------------------------------------------------
  mult               ZeroWireload          N16ADFP_StdCelltt0p8v25c

  Point                                    Incr       Path
  -----------------------------------------------------------
  clock clk (rise edge)                    0.00       0.00
  clock network delay (ideal)              0.00       0.00
  input external delay                     0.01       0.01 r
  inp_a[4] (in)                            0.00       0.01 r
  U98/ZN (XNR2D2BWP20P90)                  0.03       0.04 f
  U167/ZN (INVD4BWP20P90)                  0.01       0.05 r
  U168/ZN (CKND2BWP20P90)                  0.01       0.06 f
  U201/ZN (CKND2D8BWP20P90)                0.01       0.07 r
  U796/ZN (OAI22D1BWP20P90)                0.02       0.09 f
  U287/ZN (OAI21D1BWP20P90)                0.01       0.10 r
  U56/ZN (IOA21D1BWP20P90)                 0.02       0.12 f
  U816/S (FA1D1BWP20P90)                   0.05       0.17 r
  U52/ZN (OAI21D1BWP20P90)                 0.01       0.18 f
  U552/ZN (IOA21D1BWP20P90)                0.01       0.20 r
  U550/Z (XOR3D4BWP20P90)                  0.05       0.24 r
  U349/ZN (NR2D4BWP20P90)                  0.01       0.25 f
  U548/ZN (NR2D4BWP20P90)                  0.01       0.26 r
  U840/ZN (ND2D2BWP20P90)                  0.01       0.27 f
  U846/ZN (OAI21D4BWP20P90)                0.02       0.29 r
  U1068/ZN (AOI21D1BWP20P90)               0.02       0.30 f
  U1071/Z (XOR2D1BWP20P90)                 0.02       0.32 r
  prod_reg[23]/D (DFCNQD1BWP20P90)         0.00       0.32 r
  data arrival time                                   0.32

  clock clk (rise edge)                    0.34       0.34
  clock network delay (ideal)              0.00       0.34
  clock uncertainty                       -0.01       0.33
  prod_reg[23]/CP (DFCNQD1BWP20P90)        0.00       0.33 r
  library setup time                      -0.01       0.32
  data required time                                  0.32
  -----------------------------------------------------------
  data required time                                  0.32
  data arrival time                                  -0.32
  -----------------------------------------------------------
  slack (MET)                                         0.00


  Startpoint: inp_a[4] (input port clocked by clk)
  Endpoint: prod_reg[26]
            (rising edge-triggered flip-flop clocked by clk)
  Path Group: clk
  Path Type: max

  Des/Clust/Port     Wire Load Model       Library
  ------------------------------------------------
  mult               ZeroWireload          N16ADFP_StdCelltt0p8v25c

  Point                                    Incr       Path
  -----------------------------------------------------------
  clock clk (rise edge)                    0.00       0.00
  clock network delay (ideal)              0.00       0.00
  input external delay                     0.01       0.01 r
  inp_a[4] (in)                            0.00       0.01 r
  U98/ZN (XNR2D2BWP20P90)                  0.03       0.04 f
  U167/ZN (INVD4BWP20P90)                  0.01       0.05 r
  U168/ZN (CKND2BWP20P90)                  0.01       0.06 f
  U201/ZN (CKND2D8BWP20P90)                0.01       0.07 r
  U796/ZN (OAI22D1BWP20P90)                0.02       0.09 f
  U287/ZN (OAI21D1BWP20P90)                0.01       0.10 r
  U56/ZN (IOA21D1BWP20P90)                 0.02       0.12 f
  U816/S (FA1D1BWP20P90)                   0.05       0.17 r
  U52/ZN (OAI21D1BWP20P90)                 0.01       0.18 f
  U552/ZN (IOA21D1BWP20P90)                0.01       0.20 r
  U550/Z (XOR3D4BWP20P90)                  0.05       0.24 r
  U349/ZN (NR2D4BWP20P90)                  0.01       0.25 f
  U548/ZN (NR2D4BWP20P90)                  0.01       0.26 r
  U840/ZN (ND2D2BWP20P90)                  0.01       0.27 f
  U846/ZN (OAI21D4BWP20P90)                0.02       0.29 r
  U1074/ZN (AOI21D1BWP20P90)               0.02       0.30 f
  U1077/Z (XOR2D1BWP20P90)                 0.02       0.32 r
  prod_reg[26]/D (DFCNQD1BWP20P90)         0.00       0.32 r
  data arrival time                                   0.32

  clock clk (rise edge)                    0.34       0.34
  clock network delay (ideal)              0.00       0.34
  clock uncertainty                       -0.01       0.33
  prod_reg[26]/CP (DFCNQD1BWP20P90)        0.00       0.33 r
  library setup time                      -0.01       0.32
  data required time                                  0.32
  -----------------------------------------------------------
  data required time                                  0.32
  data arrival time                                  -0.32
  -----------------------------------------------------------
  slack (MET)                                         0.00


  Startpoint: inp_a[4] (input port clocked by clk)
  Endpoint: prod_reg[22]
            (rising edge-triggered flip-flop clocked by clk)
  Path Group: clk
  Path Type: max

  Des/Clust/Port     Wire Load Model       Library
  ------------------------------------------------
  mult               ZeroWireload          N16ADFP_StdCelltt0p8v25c

  Point                                    Incr       Path
  -----------------------------------------------------------
  clock clk (rise edge)                    0.00       0.00
  clock network delay (ideal)              0.00       0.00
  input external delay                     0.01       0.01 r
  inp_a[4] (in)                            0.00       0.01 r
  U98/ZN (XNR2D2BWP20P90)                  0.03       0.04 f
  U167/ZN (INVD4BWP20P90)                  0.01       0.05 r
  U168/ZN (CKND2BWP20P90)                  0.01       0.06 f
  U201/ZN (CKND2D8BWP20P90)                0.01       0.07 r
  U796/ZN (OAI22D1BWP20P90)                0.02       0.09 f
  U287/ZN (OAI21D1BWP20P90)                0.01       0.10 r
  U56/ZN (IOA21D1BWP20P90)                 0.02       0.12 f
  U816/S (FA1D1BWP20P90)                   0.05       0.17 r
  U52/ZN (OAI21D1BWP20P90)                 0.01       0.18 f
  U552/ZN (IOA21D1BWP20P90)                0.01       0.20 r
  U550/Z (XOR3D4BWP20P90)                  0.05       0.24 r
  U349/ZN (NR2D4BWP20P90)                  0.01       0.25 f
  U548/ZN (NR2D4BWP20P90)                  0.01       0.26 r
  U840/ZN (ND2D2BWP20P90)                  0.01       0.27 f
  U846/ZN (OAI21D4BWP20P90)                0.02       0.29 r
  U1055/ZN (AOI21D1BWP20P90)               0.02       0.30 f
  U1058/Z (XOR2D1BWP20P90)                 0.02       0.32 r
  prod_reg[22]/D (DFCNQD1BWP20P90)         0.00       0.32 r
  data arrival time                                   0.32

  clock clk (rise edge)                    0.34       0.34
  clock network delay (ideal)              0.00       0.34
  clock uncertainty                       -0.01       0.33
  prod_reg[22]/CP (DFCNQD1BWP20P90)        0.00       0.33 r
  library setup time                      -0.01       0.32
  data required time                                  0.32
  -----------------------------------------------------------
  data required time                                  0.32
  data arrival time                                  -0.32
  -----------------------------------------------------------
  slack (MET)                                         0.00


  Startpoint: inp_a[4] (input port clocked by clk)
  Endpoint: prod_reg[26]
            (rising edge-triggered flip-flop clocked by clk)
  Path Group: clk
  Path Type: max

  Des/Clust/Port     Wire Load Model       Library
  ------------------------------------------------
  mult               ZeroWireload          N16ADFP_StdCelltt0p8v25c

  Point                                    Incr       Path
  -----------------------------------------------------------
  clock clk (rise edge)                    0.00       0.00
  clock network delay (ideal)              0.00       0.00
  input external delay                     0.01       0.01 r
  inp_a[4] (in)                            0.00       0.01 r
  U98/ZN (XNR2D2BWP20P90)                  0.03       0.04 f
  U167/ZN (INVD4BWP20P90)                  0.01       0.05 r
  U168/ZN (CKND2BWP20P90)                  0.01       0.06 f
  U201/ZN (CKND2D8BWP20P90)                0.01       0.07 r
  U796/ZN (OAI22D1BWP20P90)                0.02       0.09 f
  U287/ZN (OAI21D1BWP20P90)                0.01       0.10 r
  U56/ZN (IOA21D1BWP20P90)                 0.02       0.12 f
  U816/S (FA1D1BWP20P90)                   0.05       0.17 r
  U52/ZN (OAI21D1BWP20P90)                 0.01       0.18 f
  U552/ZN (IOA21D1BWP20P90)                0.01       0.20 r
  U550/Z (XOR3D4BWP20P90)                  0.05       0.24 r
  U349/ZN (NR2D4BWP20P90)                  0.01       0.25 f
  U548/ZN (NR2D4BWP20P90)                  0.01       0.26 r
  U840/ZN (ND2D2BWP20P90)                  0.01       0.27 f
  U846/ZN (OAI21D4BWP20P90)                0.02       0.29 r
  U1074/ZN (AOI21D1BWP20P90)               0.02       0.30 f
  U1077/Z (XOR2D1BWP20P90)                 0.02       0.32 r
  prod_reg[26]/D (DFCNQD1BWP20P90)         0.00       0.32 r
  data arrival time                                   0.32

  clock clk (rise edge)                    0.34       0.34
  clock network delay (ideal)              0.00       0.34
  clock uncertainty                       -0.01       0.33
  prod_reg[26]/CP (DFCNQD1BWP20P90)        0.00       0.33 r
  library setup time                      -0.01       0.32
  data required time                                  0.32
  -----------------------------------------------------------
  data required time                                  0.32
  data arrival time                                  -0.32
  -----------------------------------------------------------
  slack (MET)                                         0.00


  Startpoint: inp_a[4] (input port clocked by clk)
  Endpoint: prod_reg[28]
            (rising edge-triggered flip-flop clocked by clk)
  Path Group: clk
  Path Type: max

  Des/Clust/Port     Wire Load Model       Library
  ------------------------------------------------
  mult               ZeroWireload          N16ADFP_StdCelltt0p8v25c

  Point                                    Incr       Path
  -----------------------------------------------------------
  clock clk (rise edge)                    0.00       0.00
  clock network delay (ideal)              0.00       0.00
  input external delay                     0.01       0.01 r
  inp_a[4] (in)                            0.00       0.01 r
  U98/ZN (XNR2D2BWP20P90)                  0.03       0.04 f
  U167/ZN (INVD4BWP20P90)                  0.01       0.05 r
  U168/ZN (CKND2BWP20P90)                  0.01       0.06 f
  U201/ZN (CKND2D8BWP20P90)                0.01       0.07 r
  U796/ZN (OAI22D1BWP20P90)                0.02       0.09 f
  U287/ZN (OAI21D1BWP20P90)                0.01       0.10 r
  U56/ZN (IOA21D1BWP20P90)                 0.02       0.12 f
  U816/S (FA1D1BWP20P90)                   0.05       0.17 r
  U52/ZN (OAI21D1BWP20P90)                 0.01       0.18 f
  U552/ZN (IOA21D1BWP20P90)                0.01       0.20 r
  U550/Z (XOR3D4BWP20P90)                  0.05       0.24 r
  U349/ZN (NR2D4BWP20P90)                  0.01       0.25 f
  U548/ZN (NR2D4BWP20P90)                  0.01       0.26 r
  U840/ZN (ND2D2BWP20P90)                  0.01       0.27 f
  U846/ZN (OAI21D4BWP20P90)                0.02       0.29 r
  U988/ZN (AOI21D1BWP20P90)                0.02       0.30 f
  U990/Z (XOR2D1BWP20P90)                  0.02       0.32 r
  prod_reg[28]/D (DFCNQD1BWP20P90)         0.00       0.32 r
  data arrival time                                   0.32

  clock clk (rise edge)                    0.34       0.34
  clock network delay (ideal)              0.00       0.34
  clock uncertainty                       -0.01       0.33
  prod_reg[28]/CP (DFCNQD1BWP20P90)        0.00       0.33 r
  library setup time                      -0.01       0.32
  data required time                                  0.32
  -----------------------------------------------------------
  data required time                                  0.32
  data arrival time                                  -0.32
  -----------------------------------------------------------
  slack (MET)                                         0.00


  Startpoint: inp_a[4] (input port clocked by clk)
  Endpoint: prod_reg[27]
            (rising edge-triggered flip-flop clocked by clk)
  Path Group: clk
  Path Type: max

  Des/Clust/Port     Wire Load Model       Library
  ------------------------------------------------
  mult               ZeroWireload          N16ADFP_StdCelltt0p8v25c

  Point                                    Incr       Path
  -----------------------------------------------------------
  clock clk (rise edge)                    0.00       0.00
  clock network delay (ideal)              0.00       0.00
  input external delay                     0.01       0.01 r
  inp_a[4] (in)                            0.00       0.01 r
  U98/ZN (XNR2D2BWP20P90)                  0.03       0.04 f
  U167/ZN (INVD4BWP20P90)                  0.01       0.05 r
  U168/ZN (CKND2BWP20P90)                  0.01       0.06 f
  U201/ZN (CKND2D8BWP20P90)                0.01       0.07 r
  U796/ZN (OAI22D1BWP20P90)                0.02       0.09 f
  U287/ZN (OAI21D1BWP20P90)                0.01       0.10 r
  U56/ZN (IOA21D1BWP20P90)                 0.02       0.12 f
  U816/S (FA1D1BWP20P90)                   0.05       0.17 r
  U52/ZN (OAI21D1BWP20P90)                 0.01       0.18 f
  U552/ZN (IOA21D1BWP20P90)                0.01       0.20 r
  U550/Z (XOR3D4BWP20P90)                  0.05       0.24 r
  U349/ZN (NR2D4BWP20P90)                  0.01       0.25 f
  U548/ZN (NR2D4BWP20P90)                  0.01       0.26 r
  U840/ZN (ND2D2BWP20P90)                  0.01       0.27 f
  U846/ZN (OAI21D4BWP20P90)                0.02       0.29 r
  U1033/ZN (AOI21D1BWP20P90)               0.02       0.30 f
  U1035/Z (XOR2D1BWP20P90)                 0.02       0.32 r
  prod_reg[27]/D (DFCNQD1BWP20P90)         0.00       0.32 r
  data arrival time                                   0.32

  clock clk (rise edge)                    0.34       0.34
  clock network delay (ideal)              0.00       0.34
  clock uncertainty                       -0.01       0.33
  prod_reg[27]/CP (DFCNQD1BWP20P90)        0.00       0.33 r
  library setup time                      -0.01       0.32
  data required time                                  0.32
  -----------------------------------------------------------
  data required time                                  0.32
  data arrival time                                  -0.32
  -----------------------------------------------------------
  slack (MET)                                         0.00


  Startpoint: inp_a[4] (input port clocked by clk)
  Endpoint: prod_reg[24]
            (rising edge-triggered flip-flop clocked by clk)
  Path Group: clk
  Path Type: max

  Des/Clust/Port     Wire Load Model       Library
  ------------------------------------------------
  mult               ZeroWireload          N16ADFP_StdCelltt0p8v25c

  Point                                    Incr       Path
  -----------------------------------------------------------
  clock clk (rise edge)                    0.00       0.00
  clock network delay (ideal)              0.00       0.00
  input external delay                     0.01       0.01 r
  inp_a[4] (in)                            0.00       0.01 r
  U98/ZN (XNR2D2BWP20P90)                  0.03       0.04 f
  U167/ZN (INVD4BWP20P90)                  0.01       0.05 r
  U168/ZN (CKND2BWP20P90)                  0.01       0.06 f
  U201/ZN (CKND2D8BWP20P90)                0.01       0.07 r
  U796/ZN (OAI22D1BWP20P90)                0.02       0.09 f
  U287/ZN (OAI21D1BWP20P90)                0.01       0.10 r
  U56/ZN (IOA21D1BWP20P90)                 0.02       0.12 f
  U816/S (FA1D1BWP20P90)                   0.05       0.17 r
  U52/ZN (OAI21D1BWP20P90)                 0.01       0.18 f
  U552/ZN (IOA21D1BWP20P90)                0.01       0.20 r
  U550/Z (XOR3D4BWP20P90)                  0.05       0.24 r
  U349/ZN (NR2D4BWP20P90)                  0.01       0.25 f
  U548/ZN (NR2D4BWP20P90)                  0.01       0.26 r
  U840/ZN (ND2D2BWP20P90)                  0.01       0.27 f
  U846/ZN (OAI21D4BWP20P90)                0.02       0.29 r
  U1061/ZN (AOI21D1BWP20P90)               0.02       0.30 f
  U1063/Z (XOR2D1BWP20P90)                 0.02       0.32 r
  prod_reg[24]/D (DFCNQD1BWP20P90)         0.00       0.32 r
  data arrival time                                   0.32

  clock clk (rise edge)                    0.34       0.34
  clock network delay (ideal)              0.00       0.34
  clock uncertainty                       -0.01       0.33
  prod_reg[24]/CP (DFCNQD1BWP20P90)        0.00       0.33 r
  library setup time                      -0.01       0.32
  data required time                                  0.32
  -----------------------------------------------------------
  data required time                                  0.32
  data arrival time                                  -0.32
  -----------------------------------------------------------
  slack (MET)                                         0.00


  Startpoint: inp_a[4] (input port clocked by clk)
  Endpoint: prod_reg[30]
            (rising edge-triggered flip-flop clocked by clk)
  Path Group: clk
  Path Type: max

  Des/Clust/Port     Wire Load Model       Library
  ------------------------------------------------
  mult               ZeroWireload          N16ADFP_StdCelltt0p8v25c

  Point                                    Incr       Path
  -----------------------------------------------------------
  clock clk (rise edge)                    0.00       0.00
  clock network delay (ideal)              0.00       0.00
  input external delay                     0.01       0.01 r
  inp_a[4] (in)                            0.00       0.01 r
  U98/ZN (XNR2D2BWP20P90)                  0.03       0.04 f
  U167/ZN (INVD4BWP20P90)                  0.01       0.05 r
  U168/ZN (CKND2BWP20P90)                  0.01       0.06 f
  U201/ZN (CKND2D8BWP20P90)                0.01       0.07 r
  U796/ZN (OAI22D1BWP20P90)                0.02       0.09 f
  U287/ZN (OAI21D1BWP20P90)                0.01       0.10 r
  U56/ZN (IOA21D1BWP20P90)                 0.02       0.12 f
  U816/S (FA1D1BWP20P90)                   0.05       0.17 r
  U52/ZN (OAI21D1BWP20P90)                 0.01       0.18 f
  U552/ZN (IOA21D1BWP20P90)                0.01       0.20 r
  U550/Z (XOR3D4BWP20P90)                  0.05       0.24 r
  U349/ZN (NR2D4BWP20P90)                  0.01       0.25 f
  U548/ZN (NR2D4BWP20P90)                  0.01       0.26 r
  U840/ZN (ND2D2BWP20P90)                  0.01       0.27 f
  U846/ZN (OAI21D4BWP20P90)                0.02       0.29 r
  U998/ZN (AOI21D1BWP20P90)                0.02       0.30 f
  U1001/Z (XOR2D1BWP20P90)                 0.02       0.32 r
  prod_reg[30]/D (DFCNQD1BWP20P90)         0.00       0.32 r
  data arrival time                                   0.32

  clock clk (rise edge)                    0.34       0.34
  clock network delay (ideal)              0.00       0.34
  clock uncertainty                       -0.01       0.33
  prod_reg[30]/CP (DFCNQD1BWP20P90)        0.00       0.33 r
  library setup time                      -0.01       0.32
  data required time                                  0.32
  -----------------------------------------------------------
  data required time                                  0.32
  data arrival time                                  -0.32
  -----------------------------------------------------------
  slack (MET)                                         0.00


  Startpoint: inp_a[4] (input port clocked by clk)
  Endpoint: prod_reg[28]
            (rising edge-triggered flip-flop clocked by clk)
  Path Group: clk
  Path Type: max

  Des/Clust/Port     Wire Load Model       Library
  ------------------------------------------------
  mult               ZeroWireload          N16ADFP_StdCelltt0p8v25c

  Point                                    Incr       Path
  -----------------------------------------------------------
  clock clk (rise edge)                    0.00       0.00
  clock network delay (ideal)              0.00       0.00
  input external delay                     0.01       0.01 r
  inp_a[4] (in)                            0.00       0.01 r
  U98/ZN (XNR2D2BWP20P90)                  0.03       0.04 f
  U167/ZN (INVD4BWP20P90)                  0.01       0.05 r
  U168/ZN (CKND2BWP20P90)                  0.01       0.06 f
  U201/ZN (CKND2D8BWP20P90)                0.01       0.07 r
  U796/ZN (OAI22D1BWP20P90)                0.02       0.09 f
  U287/ZN (OAI21D1BWP20P90)                0.01       0.10 r
  U56/ZN (IOA21D1BWP20P90)                 0.02       0.12 f
  U816/S (FA1D1BWP20P90)                   0.05       0.17 r
  U52/ZN (OAI21D1BWP20P90)                 0.01       0.18 f
  U552/ZN (IOA21D1BWP20P90)                0.01       0.20 r
  U550/Z (XOR3D4BWP20P90)                  0.05       0.24 r
  U349/ZN (NR2D4BWP20P90)                  0.01       0.25 f
  U548/ZN (NR2D4BWP20P90)                  0.01       0.26 r
  U840/ZN (ND2D2BWP20P90)                  0.01       0.27 f
  U846/ZN (OAI21D4BWP20P90)                0.02       0.29 r
  U988/ZN (AOI21D1BWP20P90)                0.02       0.30 f
  U990/Z (XOR2D1BWP20P90)                  0.02       0.32 r
  prod_reg[28]/D (DFCNQD1BWP20P90)         0.00       0.32 r
  data arrival time                                   0.32

  clock clk (rise edge)                    0.34       0.34
  clock network delay (ideal)              0.00       0.34
  clock uncertainty                       -0.01       0.33
  prod_reg[28]/CP (DFCNQD1BWP20P90)        0.00       0.33 r
  library setup time                      -0.01       0.32
  data required time                                  0.32
  -----------------------------------------------------------
  data required time                                  0.32
  data arrival time                                  -0.32
  -----------------------------------------------------------
  slack (MET)                                         0.00


  Startpoint: inp_a[4] (input port clocked by clk)
  Endpoint: prod_reg[27]
            (rising edge-triggered flip-flop clocked by clk)
  Path Group: clk
  Path Type: max

  Des/Clust/Port     Wire Load Model       Library
  ------------------------------------------------
  mult               ZeroWireload          N16ADFP_StdCelltt0p8v25c

  Point                                    Incr       Path
  -----------------------------------------------------------
  clock clk (rise edge)                    0.00       0.00
  clock network delay (ideal)              0.00       0.00
  input external delay                     0.01       0.01 r
  inp_a[4] (in)                            0.00       0.01 r
  U98/ZN (XNR2D2BWP20P90)                  0.03       0.04 f
  U167/ZN (INVD4BWP20P90)                  0.01       0.05 r
  U168/ZN (CKND2BWP20P90)                  0.01       0.06 f
  U201/ZN (CKND2D8BWP20P90)                0.01       0.07 r
  U796/ZN (OAI22D1BWP20P90)                0.02       0.09 f
  U287/ZN (OAI21D1BWP20P90)                0.01       0.10 r
  U56/ZN (IOA21D1BWP20P90)                 0.02       0.12 f
  U816/S (FA1D1BWP20P90)                   0.05       0.17 r
  U52/ZN (OAI21D1BWP20P90)                 0.01       0.18 f
  U552/ZN (IOA21D1BWP20P90)                0.01       0.20 r
  U550/Z (XOR3D4BWP20P90)                  0.05       0.24 r
  U349/ZN (NR2D4BWP20P90)                  0.01       0.25 f
  U548/ZN (NR2D4BWP20P90)                  0.01       0.26 r
  U840/ZN (ND2D2BWP20P90)                  0.01       0.27 f
  U846/ZN (OAI21D4BWP20P90)                0.02       0.29 r
  U1033/ZN (AOI21D1BWP20P90)               0.02       0.30 f
  U1035/Z (XOR2D1BWP20P90)                 0.02       0.32 r
  prod_reg[27]/D (DFCNQD1BWP20P90)         0.00       0.32 r
  data arrival time                                   0.32

  clock clk (rise edge)                    0.34       0.34
  clock network delay (ideal)              0.00       0.34
  clock uncertainty                       -0.01       0.33
  prod_reg[27]/CP (DFCNQD1BWP20P90)        0.00       0.33 r
  library setup time                      -0.01       0.32
  data required time                                  0.32
  -----------------------------------------------------------
  data required time                                  0.32
  data arrival time                                  -0.32
  -----------------------------------------------------------
  slack (MET)                                         0.00


  Startpoint: inp_a[4] (input port clocked by clk)
  Endpoint: prod_reg[24]
            (rising edge-triggered flip-flop clocked by clk)
  Path Group: clk
  Path Type: max

  Des/Clust/Port     Wire Load Model       Library
  ------------------------------------------------
  mult               ZeroWireload          N16ADFP_StdCelltt0p8v25c

  Point                                    Incr       Path
  -----------------------------------------------------------
  clock clk (rise edge)                    0.00       0.00
  clock network delay (ideal)              0.00       0.00
  input external delay                     0.01       0.01 r
  inp_a[4] (in)                            0.00       0.01 r
  U98/ZN (XNR2D2BWP20P90)                  0.03       0.04 f
  U167/ZN (INVD4BWP20P90)                  0.01       0.05 r
  U168/ZN (CKND2BWP20P90)                  0.01       0.06 f
  U201/ZN (CKND2D8BWP20P90)                0.01       0.07 r
  U796/ZN (OAI22D1BWP20P90)                0.02       0.09 f
  U287/ZN (OAI21D1BWP20P90)                0.01       0.10 r
  U56/ZN (IOA21D1BWP20P90)                 0.02       0.12 f
  U816/S (FA1D1BWP20P90)                   0.05       0.17 r
  U52/ZN (OAI21D1BWP20P90)                 0.01       0.18 f
  U552/ZN (IOA21D1BWP20P90)                0.01       0.20 r
  U550/Z (XOR3D4BWP20P90)                  0.05       0.24 r
  U349/ZN (NR2D4BWP20P90)                  0.01       0.25 f
  U548/ZN (NR2D4BWP20P90)                  0.01       0.26 r
  U840/ZN (ND2D2BWP20P90)                  0.01       0.27 f
  U846/ZN (OAI21D4BWP20P90)                0.02       0.29 r
  U1061/ZN (AOI21D1BWP20P90)               0.02       0.30 f
  U1063/Z (XOR2D1BWP20P90)                 0.02       0.32 r
  prod_reg[24]/D (DFCNQD1BWP20P90)         0.00       0.32 r
  data arrival time                                   0.32

  clock clk (rise edge)                    0.34       0.34
  clock network delay (ideal)              0.00       0.34
  clock uncertainty                       -0.01       0.33
  prod_reg[24]/CP (DFCNQD1BWP20P90)        0.00       0.33 r
  library setup time                      -0.01       0.32
  data required time                                  0.32
  -----------------------------------------------------------
  data required time                                  0.32
  data arrival time                                  -0.32
  -----------------------------------------------------------
  slack (MET)                                         0.00


  Startpoint: inp_a[4] (input port clocked by clk)
  Endpoint: prod_reg[24]
            (rising edge-triggered flip-flop clocked by clk)
  Path Group: clk
  Path Type: max

  Des/Clust/Port     Wire Load Model       Library
  ------------------------------------------------
  mult               ZeroWireload          N16ADFP_StdCelltt0p8v25c

  Point                                    Incr       Path
  -----------------------------------------------------------
  clock clk (rise edge)                    0.00       0.00
  clock network delay (ideal)              0.00       0.00
  input external delay                     0.01       0.01 r
  inp_a[4] (in)                            0.00       0.01 r
  U98/ZN (XNR2D2BWP20P90)                  0.03       0.04 f
  U167/ZN (INVD4BWP20P90)                  0.01       0.05 r
  U168/ZN (CKND2BWP20P90)                  0.01       0.06 f
  U201/ZN (CKND2D8BWP20P90)                0.01       0.07 r
  U796/ZN (OAI22D1BWP20P90)                0.02       0.09 f
  U287/ZN (OAI21D1BWP20P90)                0.01       0.10 r
  U56/ZN (IOA21D1BWP20P90)                 0.02       0.12 f
  U816/S (FA1D1BWP20P90)                   0.05       0.17 r
  U52/ZN (OAI21D1BWP20P90)                 0.01       0.18 f
  U552/ZN (IOA21D1BWP20P90)                0.01       0.20 r
  U550/Z (XOR3D4BWP20P90)                  0.05       0.24 r
  U349/ZN (NR2D4BWP20P90)                  0.01       0.25 f
  U548/ZN (NR2D4BWP20P90)                  0.01       0.26 r
  U840/ZN (ND2D2BWP20P90)                  0.01       0.27 f
  U846/ZN (OAI21D4BWP20P90)                0.02       0.29 r
  U1061/ZN (AOI21D1BWP20P90)               0.02       0.30 f
  U1063/Z (XOR2D1BWP20P90)                 0.02       0.32 r
  prod_reg[24]/D (DFCNQD1BWP20P90)         0.00       0.32 r
  data arrival time                                   0.32

  clock clk (rise edge)                    0.34       0.34
  clock network delay (ideal)              0.00       0.34
  clock uncertainty                       -0.01       0.33
  prod_reg[24]/CP (DFCNQD1BWP20P90)        0.00       0.33 r
  library setup time                      -0.01       0.32
  data required time                                  0.32
  -----------------------------------------------------------
  data required time                                  0.32
  data arrival time                                  -0.32
  -----------------------------------------------------------
  slack (MET)                                         0.00


  Startpoint: inp_a[4] (input port clocked by clk)
  Endpoint: prod_reg[25]
            (rising edge-triggered flip-flop clocked by clk)
  Path Group: clk
  Path Type: max

  Des/Clust/Port     Wire Load Model       Library
  ------------------------------------------------
  mult               ZeroWireload          N16ADFP_StdCelltt0p8v25c

  Point                                    Incr       Path
  -----------------------------------------------------------
  clock clk (rise edge)                    0.00       0.00
  clock network delay (ideal)              0.00       0.00
  input external delay                     0.01       0.01 r
  inp_a[4] (in)                            0.00       0.01 r
  U98/ZN (XNR2D2BWP20P90)                  0.03       0.04 f
  U167/ZN (INVD4BWP20P90)                  0.01       0.05 r
  U168/ZN (CKND2BWP20P90)                  0.01       0.06 f
  U201/ZN (CKND2D8BWP20P90)                0.01       0.07 r
  U796/ZN (OAI22D1BWP20P90)                0.02       0.09 f
  U287/ZN (OAI21D1BWP20P90)                0.01       0.10 r
  U56/ZN (IOA21D1BWP20P90)                 0.02       0.12 f
  U816/S (FA1D1BWP20P90)                   0.05       0.17 r
  U52/ZN (OAI21D1BWP20P90)                 0.01       0.18 f
  U552/ZN (IOA21D1BWP20P90)                0.01       0.20 r
  U550/Z (XOR3D4BWP20P90)                  0.05       0.24 r
  U349/ZN (NR2D4BWP20P90)                  0.01       0.25 f
  U548/ZN (NR2D4BWP20P90)                  0.01       0.26 r
  U840/ZN (ND2D2BWP20P90)                  0.01       0.27 f
  U846/ZN (OAI21D4BWP20P90)                0.02       0.29 r
  U982/ZN (AOI21D1BWP20P90)                0.02       0.30 f
  U984/Z (XOR2D1BWP20P90)                  0.02       0.32 r
  prod_reg[25]/D (DFCNQD1BWP20P90)         0.00       0.32 r
  data arrival time                                   0.32

  clock clk (rise edge)                    0.34       0.34
  clock network delay (ideal)              0.00       0.34
  clock uncertainty                       -0.01       0.33
  prod_reg[25]/CP (DFCNQD1BWP20P90)        0.00       0.33 r
  library setup time                      -0.01       0.32
  data required time                                  0.32
  -----------------------------------------------------------
  data required time                                  0.32
  data arrival time                                  -0.32
  -----------------------------------------------------------
  slack (MET)                                         0.00


  Startpoint: inp_a[4] (input port clocked by clk)
  Endpoint: prod_reg[29]
            (rising edge-triggered flip-flop clocked by clk)
  Path Group: clk
  Path Type: max

  Des/Clust/Port     Wire Load Model       Library
  ------------------------------------------------
  mult               ZeroWireload          N16ADFP_StdCelltt0p8v25c

  Point                                    Incr       Path
  -----------------------------------------------------------
  clock clk (rise edge)                    0.00       0.00
  clock network delay (ideal)              0.00       0.00
  input external delay                     0.01       0.01 r
  inp_a[4] (in)                            0.00       0.01 r
  U98/ZN (XNR2D2BWP20P90)                  0.03       0.04 f
  U167/ZN (INVD4BWP20P90)                  0.01       0.05 r
  U168/ZN (CKND2BWP20P90)                  0.01       0.06 f
  U201/ZN (CKND2D8BWP20P90)                0.01       0.07 r
  U796/ZN (OAI22D1BWP20P90)                0.02       0.09 f
  U287/ZN (OAI21D1BWP20P90)                0.01       0.10 r
  U56/ZN (IOA21D1BWP20P90)                 0.02       0.12 f
  U816/S (FA1D1BWP20P90)                   0.05       0.17 r
  U52/ZN (OAI21D1BWP20P90)                 0.01       0.18 f
  U552/ZN (IOA21D1BWP20P90)                0.01       0.20 r
  U550/Z (XOR3D4BWP20P90)                  0.05       0.24 r
  U349/ZN (NR2D4BWP20P90)                  0.01       0.25 f
  U548/ZN (NR2D4BWP20P90)                  0.01       0.26 r
  U840/ZN (ND2D2BWP20P90)                  0.01       0.27 f
  U846/ZN (OAI21D4BWP20P90)                0.02       0.29 r
  U1040/ZN (AOI21D1BWP20P90)               0.02       0.30 f
  U1042/Z (XOR2D1BWP20P90)                 0.02       0.32 r
  prod_reg[29]/D (DFCNQD1BWP20P90)         0.00       0.32 r
  data arrival time                                   0.32

  clock clk (rise edge)                    0.34       0.34
  clock network delay (ideal)              0.00       0.34
  clock uncertainty                       -0.01       0.33
  prod_reg[29]/CP (DFCNQD1BWP20P90)        0.00       0.33 r
  library setup time                      -0.01       0.32
  data required time                                  0.32
  -----------------------------------------------------------
  data required time                                  0.32
  data arrival time                                  -0.32
  -----------------------------------------------------------
  slack (MET)                                         0.00


  Startpoint: inp_a[4] (input port clocked by clk)
  Endpoint: prod_reg[30]
            (rising edge-triggered flip-flop clocked by clk)
  Path Group: clk
  Path Type: max

  Des/Clust/Port     Wire Load Model       Library
  ------------------------------------------------
  mult               ZeroWireload          N16ADFP_StdCelltt0p8v25c

  Point                                    Incr       Path
  -----------------------------------------------------------
  clock clk (rise edge)                    0.00       0.00
  clock network delay (ideal)              0.00       0.00
  input external delay                     0.01       0.01 r
  inp_a[4] (in)                            0.00       0.01 r
  U98/ZN (XNR2D2BWP20P90)                  0.03       0.04 f
  U167/ZN (INVD4BWP20P90)                  0.01       0.05 r
  U168/ZN (CKND2BWP20P90)                  0.01       0.06 f
  U201/ZN (CKND2D8BWP20P90)                0.01       0.07 r
  U796/ZN (OAI22D1BWP20P90)                0.02       0.09 f
  U287/ZN (OAI21D1BWP20P90)                0.01       0.10 r
  U56/ZN (IOA21D1BWP20P90)                 0.02       0.12 f
  U816/S (FA1D1BWP20P90)                   0.05       0.17 r
  U52/ZN (OAI21D1BWP20P90)                 0.01       0.18 f
  U552/ZN (IOA21D1BWP20P90)                0.01       0.20 r
  U550/Z (XOR3D4BWP20P90)                  0.05       0.24 r
  U349/ZN (NR2D4BWP20P90)                  0.01       0.25 f
  U548/ZN (NR2D4BWP20P90)                  0.01       0.26 r
  U840/ZN (ND2D2BWP20P90)                  0.01       0.27 f
  U846/ZN (OAI21D4BWP20P90)                0.02       0.29 r
  U998/ZN (AOI21D1BWP20P90)                0.02       0.30 f
  U1001/Z (XOR2D1BWP20P90)                 0.02       0.32 r
  prod_reg[30]/D (DFCNQD1BWP20P90)         0.00       0.32 r
  data arrival time                                   0.32

  clock clk (rise edge)                    0.34       0.34
  clock network delay (ideal)              0.00       0.34
  clock uncertainty                       -0.01       0.33
  prod_reg[30]/CP (DFCNQD1BWP20P90)        0.00       0.33 r
  library setup time                      -0.01       0.32
  data required time                                  0.32
  -----------------------------------------------------------
  data required time                                  0.32
  data arrival time                                  -0.32
  -----------------------------------------------------------
  slack (MET)                                         0.00


  Startpoint: inp_a[4] (input port clocked by clk)
  Endpoint: prod_reg[24]
            (rising edge-triggered flip-flop clocked by clk)
  Path Group: clk
  Path Type: max

  Des/Clust/Port     Wire Load Model       Library
  ------------------------------------------------
  mult               ZeroWireload          N16ADFP_StdCelltt0p8v25c

  Point                                    Incr       Path
  -----------------------------------------------------------
  clock clk (rise edge)                    0.00       0.00
  clock network delay (ideal)              0.00       0.00
  input external delay                     0.01       0.01 r
  inp_a[4] (in)                            0.00       0.01 r
  U98/ZN (XNR2D2BWP20P90)                  0.03       0.04 f
  U167/ZN (INVD4BWP20P90)                  0.01       0.05 r
  U168/ZN (CKND2BWP20P90)                  0.01       0.06 f
  U201/ZN (CKND2D8BWP20P90)                0.01       0.07 r
  U796/ZN (OAI22D1BWP20P90)                0.02       0.09 f
  U287/ZN (OAI21D1BWP20P90)                0.01       0.10 r
  U56/ZN (IOA21D1BWP20P90)                 0.02       0.12 f
  U816/S (FA1D1BWP20P90)                   0.05       0.17 r
  U52/ZN (OAI21D1BWP20P90)                 0.01       0.18 f
  U552/ZN (IOA21D1BWP20P90)                0.01       0.20 r
  U550/Z (XOR3D4BWP20P90)                  0.05       0.24 r
  U349/ZN (NR2D4BWP20P90)                  0.01       0.25 f
  U548/ZN (NR2D4BWP20P90)                  0.01       0.26 r
  U840/ZN (ND2D2BWP20P90)                  0.01       0.27 f
  U846/ZN (OAI21D4BWP20P90)                0.02       0.29 r
  U1061/ZN (AOI21D1BWP20P90)               0.02       0.30 f
  U1063/Z (XOR2D1BWP20P90)                 0.02       0.32 r
  prod_reg[24]/D (DFCNQD1BWP20P90)         0.00       0.32 r
  data arrival time                                   0.32

  clock clk (rise edge)                    0.34       0.34
  clock network delay (ideal)              0.00       0.34
  clock uncertainty                       -0.01       0.33
  prod_reg[24]/CP (DFCNQD1BWP20P90)        0.00       0.33 r
  library setup time                      -0.01       0.32
  data required time                                  0.32
  -----------------------------------------------------------
  data required time                                  0.32
  data arrival time                                  -0.32
  -----------------------------------------------------------
  slack (MET)                                         0.00


  Startpoint: inp_a[4] (input port clocked by clk)
  Endpoint: prod_reg[29]
            (rising edge-triggered flip-flop clocked by clk)
  Path Group: clk
  Path Type: max

  Des/Clust/Port     Wire Load Model       Library
  ------------------------------------------------
  mult               ZeroWireload          N16ADFP_StdCelltt0p8v25c

  Point                                    Incr       Path
  -----------------------------------------------------------
  clock clk (rise edge)                    0.00       0.00
  clock network delay (ideal)              0.00       0.00
  input external delay                     0.01       0.01 r
  inp_a[4] (in)                            0.00       0.01 r
  U98/ZN (XNR2D2BWP20P90)                  0.03       0.04 f
  U167/ZN (INVD4BWP20P90)                  0.01       0.05 r
  U168/ZN (CKND2BWP20P90)                  0.01       0.06 f
  U201/ZN (CKND2D8BWP20P90)                0.01       0.07 r
  U796/ZN (OAI22D1BWP20P90)                0.02       0.09 f
  U287/ZN (OAI21D1BWP20P90)                0.01       0.10 r
  U56/ZN (IOA21D1BWP20P90)                 0.02       0.12 f
  U816/S (FA1D1BWP20P90)                   0.05       0.17 r
  U52/ZN (OAI21D1BWP20P90)                 0.01       0.18 f
  U552/ZN (IOA21D1BWP20P90)                0.01       0.20 r
  U550/Z (XOR3D4BWP20P90)                  0.05       0.24 r
  U349/ZN (NR2D4BWP20P90)                  0.01       0.25 f
  U548/ZN (NR2D4BWP20P90)                  0.01       0.26 r
  U840/ZN (ND2D2BWP20P90)                  0.01       0.27 f
  U846/ZN (OAI21D4BWP20P90)                0.02       0.29 r
  U1040/ZN (AOI21D1BWP20P90)               0.02       0.30 f
  U1042/Z (XOR2D1BWP20P90)                 0.02       0.32 r
  prod_reg[29]/D (DFCNQD1BWP20P90)         0.00       0.32 r
  data arrival time                                   0.32

  clock clk (rise edge)                    0.34       0.34
  clock network delay (ideal)              0.00       0.34
  clock uncertainty                       -0.01       0.33
  prod_reg[29]/CP (DFCNQD1BWP20P90)        0.00       0.33 r
  library setup time                      -0.01       0.32
  data required time                                  0.32
  -----------------------------------------------------------
  data required time                                  0.32
  data arrival time                                  -0.32
  -----------------------------------------------------------
  slack (MET)                                         0.00


  Startpoint: inp_a[4] (input port clocked by clk)
  Endpoint: prod_reg[25]
            (rising edge-triggered flip-flop clocked by clk)
  Path Group: clk
  Path Type: max

  Des/Clust/Port     Wire Load Model       Library
  ------------------------------------------------
  mult               ZeroWireload          N16ADFP_StdCelltt0p8v25c

  Point                                    Incr       Path
  -----------------------------------------------------------
  clock clk (rise edge)                    0.00       0.00
  clock network delay (ideal)              0.00       0.00
  input external delay                     0.01       0.01 r
  inp_a[4] (in)                            0.00       0.01 r
  U98/ZN (XNR2D2BWP20P90)                  0.03       0.04 f
  U167/ZN (INVD4BWP20P90)                  0.01       0.05 r
  U168/ZN (CKND2BWP20P90)                  0.01       0.06 f
  U201/ZN (CKND2D8BWP20P90)                0.01       0.07 r
  U796/ZN (OAI22D1BWP20P90)                0.02       0.09 f
  U287/ZN (OAI21D1BWP20P90)                0.01       0.10 r
  U56/ZN (IOA21D1BWP20P90)                 0.02       0.12 f
  U816/S (FA1D1BWP20P90)                   0.05       0.17 r
  U52/ZN (OAI21D1BWP20P90)                 0.01       0.18 f
  U552/ZN (IOA21D1BWP20P90)                0.01       0.20 r
  U550/Z (XOR3D4BWP20P90)                  0.05       0.24 r
  U349/ZN (NR2D4BWP20P90)                  0.01       0.25 f
  U548/ZN (NR2D4BWP20P90)                  0.01       0.26 r
  U840/ZN (ND2D2BWP20P90)                  0.01       0.27 f
  U846/ZN (OAI21D4BWP20P90)                0.02       0.29 r
  U982/ZN (AOI21D1BWP20P90)                0.02       0.30 f
  U984/Z (XOR2D1BWP20P90)                  0.02       0.32 r
  prod_reg[25]/D (DFCNQD1BWP20P90)         0.00       0.32 r
  data arrival time                                   0.32

  clock clk (rise edge)                    0.34       0.34
  clock network delay (ideal)              0.00       0.34
  clock uncertainty                       -0.01       0.33
  prod_reg[25]/CP (DFCNQD1BWP20P90)        0.00       0.33 r
  library setup time                      -0.01       0.32
  data required time                                  0.32
  -----------------------------------------------------------
  data required time                                  0.32
  data arrival time                                  -0.32
  -----------------------------------------------------------
  slack (MET)                                         0.00


  Startpoint: inp_a[4] (input port clocked by clk)
  Endpoint: prod_reg[29]
            (rising edge-triggered flip-flop clocked by clk)
  Path Group: clk
  Path Type: max

  Des/Clust/Port     Wire Load Model       Library
  ------------------------------------------------
  mult               ZeroWireload          N16ADFP_StdCelltt0p8v25c

  Point                                    Incr       Path
  -----------------------------------------------------------
  clock clk (rise edge)                    0.00       0.00
  clock network delay (ideal)              0.00       0.00
  input external delay                     0.01       0.01 r
  inp_a[4] (in)                            0.00       0.01 r
  U98/ZN (XNR2D2BWP20P90)                  0.03       0.04 f
  U167/ZN (INVD4BWP20P90)                  0.01       0.05 r
  U168/ZN (CKND2BWP20P90)                  0.01       0.06 f
  U201/ZN (CKND2D8BWP20P90)                0.01       0.07 r
  U796/ZN (OAI22D1BWP20P90)                0.02       0.09 f
  U287/ZN (OAI21D1BWP20P90)                0.01       0.10 r
  U56/ZN (IOA21D1BWP20P90)                 0.02       0.12 f
  U816/S (FA1D1BWP20P90)                   0.05       0.17 r
  U52/ZN (OAI21D1BWP20P90)                 0.01       0.18 f
  U552/ZN (IOA21D1BWP20P90)                0.01       0.20 r
  U550/Z (XOR3D4BWP20P90)                  0.05       0.24 r
  U349/ZN (NR2D4BWP20P90)                  0.01       0.25 f
  U548/ZN (NR2D4BWP20P90)                  0.01       0.26 r
  U840/ZN (ND2D2BWP20P90)                  0.01       0.27 f
  U846/ZN (OAI21D4BWP20P90)                0.02       0.29 r
  U1040/ZN (AOI21D1BWP20P90)               0.02       0.30 f
  U1042/Z (XOR2D1BWP20P90)                 0.02       0.32 r
  prod_reg[29]/D (DFCNQD1BWP20P90)         0.00       0.32 r
  data arrival time                                   0.32

  clock clk (rise edge)                    0.34       0.34
  clock network delay (ideal)              0.00       0.34
  clock uncertainty                       -0.01       0.33
  prod_reg[29]/CP (DFCNQD1BWP20P90)        0.00       0.33 r
  library setup time                      -0.01       0.32
  data required time                                  0.32
  -----------------------------------------------------------
  data required time                                  0.32
  data arrival time                                  -0.32
  -----------------------------------------------------------
  slack (MET)                                         0.00


  Startpoint: inp_a[4] (input port clocked by clk)
  Endpoint: prod_reg[29]
            (rising edge-triggered flip-flop clocked by clk)
  Path Group: clk
  Path Type: max

  Des/Clust/Port     Wire Load Model       Library
  ------------------------------------------------
  mult               ZeroWireload          N16ADFP_StdCelltt0p8v25c

  Point                                    Incr       Path
  -----------------------------------------------------------
  clock clk (rise edge)                    0.00       0.00
  clock network delay (ideal)              0.00       0.00
  input external delay                     0.01       0.01 r
  inp_a[4] (in)                            0.00       0.01 r
  U98/ZN (XNR2D2BWP20P90)                  0.03       0.04 f
  U167/ZN (INVD4BWP20P90)                  0.01       0.05 r
  U168/ZN (CKND2BWP20P90)                  0.01       0.06 f
  U201/ZN (CKND2D8BWP20P90)                0.01       0.07 r
  U796/ZN (OAI22D1BWP20P90)                0.02       0.09 f
  U287/ZN (OAI21D1BWP20P90)                0.01       0.10 r
  U56/ZN (IOA21D1BWP20P90)                 0.02       0.12 f
  U816/S (FA1D1BWP20P90)                   0.05       0.17 r
  U52/ZN (OAI21D1BWP20P90)                 0.01       0.18 f
  U552/ZN (IOA21D1BWP20P90)                0.01       0.20 r
  U550/Z (XOR3D4BWP20P90)                  0.05       0.24 r
  U349/ZN (NR2D4BWP20P90)                  0.01       0.25 f
  U548/ZN (NR2D4BWP20P90)                  0.01       0.26 r
  U840/ZN (ND2D2BWP20P90)                  0.01       0.27 f
  U846/ZN (OAI21D4BWP20P90)                0.02       0.29 r
  U1040/ZN (AOI21D1BWP20P90)               0.02       0.30 f
  U1042/Z (XOR2D1BWP20P90)                 0.02       0.32 r
  prod_reg[29]/D (DFCNQD1BWP20P90)         0.00       0.32 r
  data arrival time                                   0.32

  clock clk (rise edge)                    0.34       0.34
  clock network delay (ideal)              0.00       0.34
  clock uncertainty                       -0.01       0.33
  prod_reg[29]/CP (DFCNQD1BWP20P90)        0.00       0.33 r
  library setup time                      -0.01       0.32
  data required time                                  0.32
  -----------------------------------------------------------
  data required time                                  0.32
  data arrival time                                  -0.32
  -----------------------------------------------------------
  slack (MET)                                         0.00


  Startpoint: inp_a[4] (input port clocked by clk)
  Endpoint: prod_reg[23]
            (rising edge-triggered flip-flop clocked by clk)
  Path Group: clk
  Path Type: max

  Des/Clust/Port     Wire Load Model       Library
  ------------------------------------------------
  mult               ZeroWireload          N16ADFP_StdCelltt0p8v25c

  Point                                    Incr       Path
  -----------------------------------------------------------
  clock clk (rise edge)                    0.00       0.00
  clock network delay (ideal)              0.00       0.00
  input external delay                     0.01       0.01 r
  inp_a[4] (in)                            0.00       0.01 r
  U98/ZN (XNR2D2BWP20P90)                  0.03       0.04 f
  U167/ZN (INVD4BWP20P90)                  0.01       0.05 r
  U168/ZN (CKND2BWP20P90)                  0.01       0.06 f
  U201/ZN (CKND2D8BWP20P90)                0.01       0.07 r
  U796/ZN (OAI22D1BWP20P90)                0.02       0.09 f
  U287/ZN (OAI21D1BWP20P90)                0.01       0.10 r
  U56/ZN (IOA21D1BWP20P90)                 0.02       0.12 f
  U816/S (FA1D1BWP20P90)                   0.05       0.17 r
  U52/ZN (OAI21D1BWP20P90)                 0.01       0.18 f
  U552/ZN (IOA21D1BWP20P90)                0.01       0.20 r
  U550/Z (XOR3D4BWP20P90)                  0.05       0.24 r
  U349/ZN (NR2D4BWP20P90)                  0.01       0.25 f
  U548/ZN (NR2D4BWP20P90)                  0.01       0.26 r
  U840/ZN (ND2D2BWP20P90)                  0.01       0.27 f
  U846/ZN (OAI21D4BWP20P90)                0.02       0.29 r
  U1068/ZN (AOI21D1BWP20P90)               0.02       0.30 f
  U1071/Z (XOR2D1BWP20P90)                 0.02       0.32 r
  prod_reg[23]/D (DFCNQD1BWP20P90)         0.00       0.32 r
  data arrival time                                   0.32

  clock clk (rise edge)                    0.34       0.34
  clock network delay (ideal)              0.00       0.34
  clock uncertainty                       -0.01       0.33
  prod_reg[23]/CP (DFCNQD1BWP20P90)        0.00       0.33 r
  library setup time                      -0.01       0.32
  data required time                                  0.32
  -----------------------------------------------------------
  data required time                                  0.32
  data arrival time                                  -0.32
  -----------------------------------------------------------
  slack (MET)                                         0.00


  Startpoint: inp_a[4] (input port clocked by clk)
  Endpoint: prod_reg[22]
            (rising edge-triggered flip-flop clocked by clk)
  Path Group: clk
  Path Type: max

  Des/Clust/Port     Wire Load Model       Library
  ------------------------------------------------
  mult               ZeroWireload          N16ADFP_StdCelltt0p8v25c

  Point                                    Incr       Path
  -----------------------------------------------------------
  clock clk (rise edge)                    0.00       0.00
  clock network delay (ideal)              0.00       0.00
  input external delay                     0.01       0.01 r
  inp_a[4] (in)                            0.00       0.01 r
  U98/ZN (XNR2D2BWP20P90)                  0.03       0.04 f
  U167/ZN (INVD4BWP20P90)                  0.01       0.05 r
  U168/ZN (CKND2BWP20P90)                  0.01       0.06 f
  U201/ZN (CKND2D8BWP20P90)                0.01       0.07 r
  U796/ZN (OAI22D1BWP20P90)                0.02       0.09 f
  U287/ZN (OAI21D1BWP20P90)                0.01       0.10 r
  U56/ZN (IOA21D1BWP20P90)                 0.02       0.12 f
  U816/S (FA1D1BWP20P90)                   0.05       0.17 r
  U52/ZN (OAI21D1BWP20P90)                 0.01       0.18 f
  U552/ZN (IOA21D1BWP20P90)                0.01       0.20 r
  U550/Z (XOR3D4BWP20P90)                  0.05       0.24 r
  U349/ZN (NR2D4BWP20P90)                  0.01       0.25 f
  U548/ZN (NR2D4BWP20P90)                  0.01       0.26 r
  U840/ZN (ND2D2BWP20P90)                  0.01       0.27 f
  U846/ZN (OAI21D4BWP20P90)                0.02       0.29 r
  U1055/ZN (AOI21D1BWP20P90)               0.02       0.30 f
  U1058/Z (XOR2D1BWP20P90)                 0.02       0.32 r
  prod_reg[22]/D (DFCNQD1BWP20P90)         0.00       0.32 r
  data arrival time                                   0.32

  clock clk (rise edge)                    0.34       0.34
  clock network delay (ideal)              0.00       0.34
  clock uncertainty                       -0.01       0.33
  prod_reg[22]/CP (DFCNQD1BWP20P90)        0.00       0.33 r
  library setup time                      -0.01       0.32
  data required time                                  0.32
  -----------------------------------------------------------
  data required time                                  0.32
  data arrival time                                  -0.32
  -----------------------------------------------------------
  slack (MET)                                         0.00


  Startpoint: inp_a[4] (input port clocked by clk)
  Endpoint: prod_reg[23]
            (rising edge-triggered flip-flop clocked by clk)
  Path Group: clk
  Path Type: max

  Des/Clust/Port     Wire Load Model       Library
  ------------------------------------------------
  mult               ZeroWireload          N16ADFP_StdCelltt0p8v25c

  Point                                    Incr       Path
  -----------------------------------------------------------
  clock clk (rise edge)                    0.00       0.00
  clock network delay (ideal)              0.00       0.00
  input external delay                     0.01       0.01 r
  inp_a[4] (in)                            0.00       0.01 r
  U98/ZN (XNR2D2BWP20P90)                  0.03       0.04 f
  U167/ZN (INVD4BWP20P90)                  0.01       0.05 r
  U168/ZN (CKND2BWP20P90)                  0.01       0.06 f
  U201/ZN (CKND2D8BWP20P90)                0.01       0.07 r
  U796/ZN (OAI22D1BWP20P90)                0.02       0.09 f
  U287/ZN (OAI21D1BWP20P90)                0.01       0.10 r
  U56/ZN (IOA21D1BWP20P90)                 0.02       0.12 f
  U816/S (FA1D1BWP20P90)                   0.05       0.17 r
  U52/ZN (OAI21D1BWP20P90)                 0.01       0.18 f
  U552/ZN (IOA21D1BWP20P90)                0.01       0.20 r
  U550/Z (XOR3D4BWP20P90)                  0.05       0.24 r
  U349/ZN (NR2D4BWP20P90)                  0.01       0.25 f
  U548/ZN (NR2D4BWP20P90)                  0.01       0.26 r
  U840/ZN (ND2D2BWP20P90)                  0.01       0.27 f
  U846/ZN (OAI21D4BWP20P90)                0.02       0.29 r
  U1068/ZN (AOI21D1BWP20P90)               0.02       0.30 f
  U1071/Z (XOR2D1BWP20P90)                 0.02       0.32 r
  prod_reg[23]/D (DFCNQD1BWP20P90)         0.00       0.32 r
  data arrival time                                   0.32

  clock clk (rise edge)                    0.34       0.34
  clock network delay (ideal)              0.00       0.34
  clock uncertainty                       -0.01       0.33
  prod_reg[23]/CP (DFCNQD1BWP20P90)        0.00       0.33 r
  library setup time                      -0.01       0.32
  data required time                                  0.32
  -----------------------------------------------------------
  data required time                                  0.32
  data arrival time                                  -0.32
  -----------------------------------------------------------
  slack (MET)                                         0.00


  Startpoint: inp_a[4] (input port clocked by clk)
  Endpoint: prod_reg[23]
            (rising edge-triggered flip-flop clocked by clk)
  Path Group: clk
  Path Type: max

  Des/Clust/Port     Wire Load Model       Library
  ------------------------------------------------
  mult               ZeroWireload          N16ADFP_StdCelltt0p8v25c

  Point                                    Incr       Path
  -----------------------------------------------------------
  clock clk (rise edge)                    0.00       0.00
  clock network delay (ideal)              0.00       0.00
  input external delay                     0.01       0.01 r
  inp_a[4] (in)                            0.00       0.01 r
  U98/ZN (XNR2D2BWP20P90)                  0.03       0.04 f
  U167/ZN (INVD4BWP20P90)                  0.01       0.05 r
  U168/ZN (CKND2BWP20P90)                  0.01       0.06 f
  U201/ZN (CKND2D8BWP20P90)                0.01       0.07 r
  U796/ZN (OAI22D1BWP20P90)                0.02       0.09 f
  U287/ZN (OAI21D1BWP20P90)                0.01       0.10 r
  U56/ZN (IOA21D1BWP20P90)                 0.02       0.12 f
  U816/S (FA1D1BWP20P90)                   0.05       0.17 r
  U52/ZN (OAI21D1BWP20P90)                 0.01       0.18 f
  U552/ZN (IOA21D1BWP20P90)                0.01       0.20 r
  U550/Z (XOR3D4BWP20P90)                  0.05       0.24 r
  U349/ZN (NR2D4BWP20P90)                  0.01       0.25 f
  U548/ZN (NR2D4BWP20P90)                  0.01       0.26 r
  U840/ZN (ND2D2BWP20P90)                  0.01       0.27 f
  U846/ZN (OAI21D4BWP20P90)                0.02       0.29 r
  U1068/ZN (AOI21D1BWP20P90)               0.02       0.30 f
  U1071/Z (XOR2D1BWP20P90)                 0.02       0.32 r
  prod_reg[23]/D (DFCNQD1BWP20P90)         0.00       0.32 r
  data arrival time                                   0.32

  clock clk (rise edge)                    0.34       0.34
  clock network delay (ideal)              0.00       0.34
  clock uncertainty                       -0.01       0.33
  prod_reg[23]/CP (DFCNQD1BWP20P90)        0.00       0.33 r
  library setup time                      -0.01       0.32
  data required time                                  0.32
  -----------------------------------------------------------
  data required time                                  0.32
  data arrival time                                  -0.32
  -----------------------------------------------------------
  slack (MET)                                         0.00


  Startpoint: inp_a[4] (input port clocked by clk)
  Endpoint: prod_reg[22]
            (rising edge-triggered flip-flop clocked by clk)
  Path Group: clk
  Path Type: max

  Des/Clust/Port     Wire Load Model       Library
  ------------------------------------------------
  mult               ZeroWireload          N16ADFP_StdCelltt0p8v25c

  Point                                    Incr       Path
  -----------------------------------------------------------
  clock clk (rise edge)                    0.00       0.00
  clock network delay (ideal)              0.00       0.00
  input external delay                     0.01       0.01 r
  inp_a[4] (in)                            0.00       0.01 r
  U98/ZN (XNR2D2BWP20P90)                  0.03       0.04 f
  U167/ZN (INVD4BWP20P90)                  0.01       0.05 r
  U168/ZN (CKND2BWP20P90)                  0.01       0.06 f
  U201/ZN (CKND2D8BWP20P90)                0.01       0.07 r
  U796/ZN (OAI22D1BWP20P90)                0.02       0.09 f
  U287/ZN (OAI21D1BWP20P90)                0.01       0.10 r
  U56/ZN (IOA21D1BWP20P90)                 0.02       0.12 f
  U816/S (FA1D1BWP20P90)                   0.05       0.17 r
  U52/ZN (OAI21D1BWP20P90)                 0.01       0.18 f
  U552/ZN (IOA21D1BWP20P90)                0.01       0.20 r
  U550/Z (XOR3D4BWP20P90)                  0.05       0.24 r
  U349/ZN (NR2D4BWP20P90)                  0.01       0.25 f
  U548/ZN (NR2D4BWP20P90)                  0.01       0.26 r
  U840/ZN (ND2D2BWP20P90)                  0.01       0.27 f
  U846/ZN (OAI21D4BWP20P90)                0.02       0.29 r
  U1055/ZN (AOI21D1BWP20P90)               0.02       0.30 f
  U1058/Z (XOR2D1BWP20P90)                 0.02       0.32 r
  prod_reg[22]/D (DFCNQD1BWP20P90)         0.00       0.32 r
  data arrival time                                   0.32

  clock clk (rise edge)                    0.34       0.34
  clock network delay (ideal)              0.00       0.34
  clock uncertainty                       -0.01       0.33
  prod_reg[22]/CP (DFCNQD1BWP20P90)        0.00       0.33 r
  library setup time                      -0.01       0.32
  data required time                                  0.32
  -----------------------------------------------------------
  data required time                                  0.32
  data arrival time                                  -0.32
  -----------------------------------------------------------
  slack (MET)                                         0.00


  Startpoint: inp_a[4] (input port clocked by clk)
  Endpoint: prod_reg[22]
            (rising edge-triggered flip-flop clocked by clk)
  Path Group: clk
  Path Type: max

  Des/Clust/Port     Wire Load Model       Library
  ------------------------------------------------
  mult               ZeroWireload          N16ADFP_StdCelltt0p8v25c

  Point                                    Incr       Path
  -----------------------------------------------------------
  clock clk (rise edge)                    0.00       0.00
  clock network delay (ideal)              0.00       0.00
  input external delay                     0.01       0.01 r
  inp_a[4] (in)                            0.00       0.01 r
  U98/ZN (XNR2D2BWP20P90)                  0.03       0.04 f
  U167/ZN (INVD4BWP20P90)                  0.01       0.05 r
  U168/ZN (CKND2BWP20P90)                  0.01       0.06 f
  U201/ZN (CKND2D8BWP20P90)                0.01       0.07 r
  U796/ZN (OAI22D1BWP20P90)                0.02       0.09 f
  U287/ZN (OAI21D1BWP20P90)                0.01       0.10 r
  U56/ZN (IOA21D1BWP20P90)                 0.02       0.12 f
  U816/S (FA1D1BWP20P90)                   0.05       0.17 r
  U52/ZN (OAI21D1BWP20P90)                 0.01       0.18 f
  U552/ZN (IOA21D1BWP20P90)                0.01       0.20 r
  U550/Z (XOR3D4BWP20P90)                  0.05       0.24 r
  U349/ZN (NR2D4BWP20P90)                  0.01       0.25 f
  U548/ZN (NR2D4BWP20P90)                  0.01       0.26 r
  U840/ZN (ND2D2BWP20P90)                  0.01       0.27 f
  U846/ZN (OAI21D4BWP20P90)                0.02       0.29 r
  U1055/ZN (AOI21D1BWP20P90)               0.02       0.30 f
  U1058/Z (XOR2D1BWP20P90)                 0.02       0.32 r
  prod_reg[22]/D (DFCNQD1BWP20P90)         0.00       0.32 r
  data arrival time                                   0.32

  clock clk (rise edge)                    0.34       0.34
  clock network delay (ideal)              0.00       0.34
  clock uncertainty                       -0.01       0.33
  prod_reg[22]/CP (DFCNQD1BWP20P90)        0.00       0.33 r
  library setup time                      -0.01       0.32
  data required time                                  0.32
  -----------------------------------------------------------
  data required time                                  0.32
  data arrival time                                  -0.32
  -----------------------------------------------------------
  slack (MET)                                         0.00


  Startpoint: inp_a[4] (input port clocked by clk)
  Endpoint: prod_reg[23]
            (rising edge-triggered flip-flop clocked by clk)
  Path Group: clk
  Path Type: max

  Des/Clust/Port     Wire Load Model       Library
  ------------------------------------------------
  mult               ZeroWireload          N16ADFP_StdCelltt0p8v25c

  Point                                    Incr       Path
  -----------------------------------------------------------
  clock clk (rise edge)                    0.00       0.00
  clock network delay (ideal)              0.00       0.00
  input external delay                     0.01       0.01 r
  inp_a[4] (in)                            0.00       0.01 r
  U98/ZN (XNR2D2BWP20P90)                  0.03       0.04 f
  U167/ZN (INVD4BWP20P90)                  0.01       0.05 r
  U168/ZN (CKND2BWP20P90)                  0.01       0.06 f
  U201/ZN (CKND2D8BWP20P90)                0.01       0.07 r
  U796/ZN (OAI22D1BWP20P90)                0.02       0.09 f
  U287/ZN (OAI21D1BWP20P90)                0.01       0.10 r
  U56/ZN (IOA21D1BWP20P90)                 0.02       0.12 f
  U816/S (FA1D1BWP20P90)                   0.05       0.17 r
  U52/ZN (OAI21D1BWP20P90)                 0.01       0.18 f
  U552/ZN (IOA21D1BWP20P90)                0.01       0.20 r
  U550/Z (XOR3D4BWP20P90)                  0.05       0.24 r
  U349/ZN (NR2D4BWP20P90)                  0.01       0.25 f
  U548/ZN (NR2D4BWP20P90)                  0.01       0.26 r
  U840/ZN (ND2D2BWP20P90)                  0.01       0.27 f
  U846/ZN (OAI21D4BWP20P90)                0.02       0.29 r
  U1068/ZN (AOI21D1BWP20P90)               0.02       0.30 f
  U1071/Z (XOR2D1BWP20P90)                 0.02       0.32 r
  prod_reg[23]/D (DFCNQD1BWP20P90)         0.00       0.32 r
  data arrival time                                   0.32

  clock clk (rise edge)                    0.34       0.34
  clock network delay (ideal)              0.00       0.34
  clock uncertainty                       -0.01       0.33
  prod_reg[23]/CP (DFCNQD1BWP20P90)        0.00       0.33 r
  library setup time                      -0.01       0.32
  data required time                                  0.32
  -----------------------------------------------------------
  data required time                                  0.32
  data arrival time                                  -0.32
  -----------------------------------------------------------
  slack (MET)                                         0.00


  Startpoint: inp_a[4] (input port clocked by clk)
  Endpoint: prod_reg[22]
            (rising edge-triggered flip-flop clocked by clk)
  Path Group: clk
  Path Type: max

  Des/Clust/Port     Wire Load Model       Library
  ------------------------------------------------
  mult               ZeroWireload          N16ADFP_StdCelltt0p8v25c

  Point                                    Incr       Path
  -----------------------------------------------------------
  clock clk (rise edge)                    0.00       0.00
  clock network delay (ideal)              0.00       0.00
  input external delay                     0.01       0.01 r
  inp_a[4] (in)                            0.00       0.01 r
  U98/ZN (XNR2D2BWP20P90)                  0.03       0.04 f
  U167/ZN (INVD4BWP20P90)                  0.01       0.05 r
  U168/ZN (CKND2BWP20P90)                  0.01       0.06 f
  U201/ZN (CKND2D8BWP20P90)                0.01       0.07 r
  U796/ZN (OAI22D1BWP20P90)                0.02       0.09 f
  U287/ZN (OAI21D1BWP20P90)                0.01       0.10 r
  U56/ZN (IOA21D1BWP20P90)                 0.02       0.12 f
  U816/S (FA1D1BWP20P90)                   0.05       0.17 r
  U52/ZN (OAI21D1BWP20P90)                 0.01       0.18 f
  U552/ZN (IOA21D1BWP20P90)                0.01       0.20 r
  U550/Z (XOR3D4BWP20P90)                  0.05       0.24 r
  U349/ZN (NR2D4BWP20P90)                  0.01       0.25 f
  U548/ZN (NR2D4BWP20P90)                  0.01       0.26 r
  U840/ZN (ND2D2BWP20P90)                  0.01       0.27 f
  U846/ZN (OAI21D4BWP20P90)                0.02       0.29 r
  U1055/ZN (AOI21D1BWP20P90)               0.02       0.30 f
  U1058/Z (XOR2D1BWP20P90)                 0.02       0.32 r
  prod_reg[22]/D (DFCNQD1BWP20P90)         0.00       0.32 r
  data arrival time                                   0.32

  clock clk (rise edge)                    0.34       0.34
  clock network delay (ideal)              0.00       0.34
  clock uncertainty                       -0.01       0.33
  prod_reg[22]/CP (DFCNQD1BWP20P90)        0.00       0.33 r
  library setup time                      -0.01       0.32
  data required time                                  0.32
  -----------------------------------------------------------
  data required time                                  0.32
  data arrival time                                  -0.32
  -----------------------------------------------------------
  slack (MET)                                         0.00


  Startpoint: inp_a[4] (input port clocked by clk)
  Endpoint: prod_reg[31]
            (rising edge-triggered flip-flop clocked by clk)
  Path Group: clk
  Path Type: max

  Des/Clust/Port     Wire Load Model       Library
  ------------------------------------------------
  mult               ZeroWireload          N16ADFP_StdCelltt0p8v25c

  Point                                    Incr       Path
  -----------------------------------------------------------
  clock clk (rise edge)                    0.00       0.00
  clock network delay (ideal)              0.00       0.00
  input external delay                     0.01       0.01 r
  inp_a[4] (in)                            0.00       0.01 r
  U98/ZN (XNR2D2BWP20P90)                  0.03       0.04 f
  U167/ZN (INVD4BWP20P90)                  0.01       0.05 r
  U168/ZN (CKND2BWP20P90)                  0.01       0.06 f
  U201/ZN (CKND2D8BWP20P90)                0.01       0.07 r
  U796/ZN (OAI22D1BWP20P90)                0.02       0.09 f
  U287/ZN (OAI21D1BWP20P90)                0.01       0.10 r
  U56/ZN (IOA21D1BWP20P90)                 0.02       0.12 f
  U816/S (FA1D1BWP20P90)                   0.05       0.17 r
  U52/ZN (OAI21D1BWP20P90)                 0.01       0.18 f
  U552/ZN (IOA21D1BWP20P90)                0.01       0.20 r
  U550/Z (XOR3D4BWP20P90)                  0.05       0.24 r
  U349/ZN (NR2D4BWP20P90)                  0.01       0.25 f
  U548/ZN (NR2D4BWP20P90)                  0.01       0.26 r
  U840/ZN (ND2D2BWP20P90)                  0.01       0.27 f
  U846/ZN (OAI21D4BWP20P90)                0.02       0.29 r
  U971/ZN (AOI21D1BWP20P90)                0.02       0.30 f
  U979/Z (XOR2D1BWP20P90)                  0.02       0.32 r
  prod_reg[31]/D (DFCNQD1BWP20P90)         0.00       0.32 r
  data arrival time                                   0.32

  clock clk (rise edge)                    0.34       0.34
  clock network delay (ideal)              0.00       0.34
  clock uncertainty                       -0.01       0.33
  prod_reg[31]/CP (DFCNQD1BWP20P90)        0.00       0.33 r
  library setup time                      -0.01       0.32
  data required time                                  0.32
  -----------------------------------------------------------
  data required time                                  0.32
  data arrival time                                  -0.32
  -----------------------------------------------------------
  slack (MET)                                         0.00


  Startpoint: inp_a[4] (input port clocked by clk)
  Endpoint: prod_reg[31]
            (rising edge-triggered flip-flop clocked by clk)
  Path Group: clk
  Path Type: max

  Des/Clust/Port     Wire Load Model       Library
  ------------------------------------------------
  mult               ZeroWireload          N16ADFP_StdCelltt0p8v25c

  Point                                    Incr       Path
  -----------------------------------------------------------
  clock clk (rise edge)                    0.00       0.00
  clock network delay (ideal)              0.00       0.00
  input external delay                     0.01       0.01 r
  inp_a[4] (in)                            0.00       0.01 r
  U98/ZN (XNR2D2BWP20P90)                  0.03       0.04 f
  U167/ZN (INVD4BWP20P90)                  0.01       0.05 r
  U168/ZN (CKND2BWP20P90)                  0.01       0.06 f
  U201/ZN (CKND2D8BWP20P90)                0.01       0.07 r
  U796/ZN (OAI22D1BWP20P90)                0.02       0.09 f
  U287/ZN (OAI21D1BWP20P90)                0.01       0.10 r
  U56/ZN (IOA21D1BWP20P90)                 0.02       0.12 f
  U816/S (FA1D1BWP20P90)                   0.05       0.17 r
  U52/ZN (OAI21D1BWP20P90)                 0.01       0.18 f
  U552/ZN (IOA21D1BWP20P90)                0.01       0.20 r
  U550/Z (XOR3D4BWP20P90)                  0.05       0.24 r
  U349/ZN (NR2D4BWP20P90)                  0.01       0.25 f
  U548/ZN (NR2D4BWP20P90)                  0.01       0.26 r
  U840/ZN (ND2D2BWP20P90)                  0.01       0.27 f
  U846/ZN (OAI21D4BWP20P90)                0.02       0.29 r
  U971/ZN (AOI21D1BWP20P90)                0.02       0.30 f
  U979/Z (XOR2D1BWP20P90)                  0.02       0.32 r
  prod_reg[31]/D (DFCNQD1BWP20P90)         0.00       0.32 r
  data arrival time                                   0.32

  clock clk (rise edge)                    0.34       0.34
  clock network delay (ideal)              0.00       0.34
  clock uncertainty                       -0.01       0.33
  prod_reg[31]/CP (DFCNQD1BWP20P90)        0.00       0.33 r
  library setup time                      -0.01       0.32
  data required time                                  0.32
  -----------------------------------------------------------
  data required time                                  0.32
  data arrival time                                  -0.32
  -----------------------------------------------------------
  slack (MET)                                         0.00


  Startpoint: inp_a[4] (input port clocked by clk)
  Endpoint: prod_reg[28]
            (rising edge-triggered flip-flop clocked by clk)
  Path Group: clk
  Path Type: max

  Des/Clust/Port     Wire Load Model       Library
  ------------------------------------------------
  mult               ZeroWireload          N16ADFP_StdCelltt0p8v25c

  Point                                    Incr       Path
  -----------------------------------------------------------
  clock clk (rise edge)                    0.00       0.00
  clock network delay (ideal)              0.00       0.00
  input external delay                     0.01       0.01 r
  inp_a[4] (in)                            0.00       0.01 r
  U98/ZN (XNR2D2BWP20P90)                  0.03       0.04 f
  U167/ZN (INVD4BWP20P90)                  0.01       0.05 r
  U168/ZN (CKND2BWP20P90)                  0.01       0.06 f
  U201/ZN (CKND2D8BWP20P90)                0.01       0.07 r
  U796/ZN (OAI22D1BWP20P90)                0.02       0.09 f
  U287/ZN (OAI21D1BWP20P90)                0.01       0.10 r
  U56/ZN (IOA21D1BWP20P90)                 0.02       0.12 f
  U816/S (FA1D1BWP20P90)                   0.05       0.17 r
  U52/ZN (OAI21D1BWP20P90)                 0.01       0.18 f
  U552/ZN (IOA21D1BWP20P90)                0.01       0.20 r
  U550/Z (XOR3D4BWP20P90)                  0.05       0.24 r
  U349/ZN (NR2D4BWP20P90)                  0.01       0.25 f
  U548/ZN (NR2D4BWP20P90)                  0.01       0.26 r
  U840/ZN (ND2D2BWP20P90)                  0.01       0.27 f
  U846/ZN (OAI21D4BWP20P90)                0.02       0.29 r
  U988/ZN (AOI21D1BWP20P90)                0.02       0.30 f
  U990/Z (XOR2D1BWP20P90)                  0.02       0.32 r
  prod_reg[28]/D (DFCNQD1BWP20P90)         0.00       0.32 r
  data arrival time                                   0.32

  clock clk (rise edge)                    0.34       0.34
  clock network delay (ideal)              0.00       0.34
  clock uncertainty                       -0.01       0.33
  prod_reg[28]/CP (DFCNQD1BWP20P90)        0.00       0.33 r
  library setup time                      -0.01       0.32
  data required time                                  0.32
  -----------------------------------------------------------
  data required time                                  0.32
  data arrival time                                  -0.32
  -----------------------------------------------------------
  slack (MET)                                         0.00


  Startpoint: inp_a[4] (input port clocked by clk)
  Endpoint: prod_reg[27]
            (rising edge-triggered flip-flop clocked by clk)
  Path Group: clk
  Path Type: max

  Des/Clust/Port     Wire Load Model       Library
  ------------------------------------------------
  mult               ZeroWireload          N16ADFP_StdCelltt0p8v25c

  Point                                    Incr       Path
  -----------------------------------------------------------
  clock clk (rise edge)                    0.00       0.00
  clock network delay (ideal)              0.00       0.00
  input external delay                     0.01       0.01 r
  inp_a[4] (in)                            0.00       0.01 r
  U98/ZN (XNR2D2BWP20P90)                  0.03       0.04 f
  U167/ZN (INVD4BWP20P90)                  0.01       0.05 r
  U168/ZN (CKND2BWP20P90)                  0.01       0.06 f
  U201/ZN (CKND2D8BWP20P90)                0.01       0.07 r
  U796/ZN (OAI22D1BWP20P90)                0.02       0.09 f
  U287/ZN (OAI21D1BWP20P90)                0.01       0.10 r
  U56/ZN (IOA21D1BWP20P90)                 0.02       0.12 f
  U816/S (FA1D1BWP20P90)                   0.05       0.17 r
  U52/ZN (OAI21D1BWP20P90)                 0.01       0.18 f
  U552/ZN (IOA21D1BWP20P90)                0.01       0.20 r
  U550/Z (XOR3D4BWP20P90)                  0.05       0.24 r
  U349/ZN (NR2D4BWP20P90)                  0.01       0.25 f
  U548/ZN (NR2D4BWP20P90)                  0.01       0.26 r
  U840/ZN (ND2D2BWP20P90)                  0.01       0.27 f
  U846/ZN (OAI21D4BWP20P90)                0.02       0.29 r
  U1033/ZN (AOI21D1BWP20P90)               0.02       0.30 f
  U1035/Z (XOR2D1BWP20P90)                 0.02       0.32 r
  prod_reg[27]/D (DFCNQD1BWP20P90)         0.00       0.32 r
  data arrival time                                   0.32

  clock clk (rise edge)                    0.34       0.34
  clock network delay (ideal)              0.00       0.34
  clock uncertainty                       -0.01       0.33
  prod_reg[27]/CP (DFCNQD1BWP20P90)        0.00       0.33 r
  library setup time                      -0.01       0.32
  data required time                                  0.32
  -----------------------------------------------------------
  data required time                                  0.32
  data arrival time                                  -0.32
  -----------------------------------------------------------
  slack (MET)                                         0.00


  Startpoint: inp_a[4] (input port clocked by clk)
  Endpoint: prod_reg[28]
            (rising edge-triggered flip-flop clocked by clk)
  Path Group: clk
  Path Type: max

  Des/Clust/Port     Wire Load Model       Library
  ------------------------------------------------
  mult               ZeroWireload          N16ADFP_StdCelltt0p8v25c

  Point                                    Incr       Path
  -----------------------------------------------------------
  clock clk (rise edge)                    0.00       0.00
  clock network delay (ideal)              0.00       0.00
  input external delay                     0.01       0.01 r
  inp_a[4] (in)                            0.00       0.01 r
  U98/ZN (XNR2D2BWP20P90)                  0.03       0.04 f
  U167/ZN (INVD4BWP20P90)                  0.01       0.05 r
  U168/ZN (CKND2BWP20P90)                  0.01       0.06 f
  U201/ZN (CKND2D8BWP20P90)                0.01       0.07 r
  U796/ZN (OAI22D1BWP20P90)                0.02       0.09 f
  U287/ZN (OAI21D1BWP20P90)                0.01       0.10 r
  U56/ZN (IOA21D1BWP20P90)                 0.02       0.12 f
  U816/S (FA1D1BWP20P90)                   0.05       0.17 r
  U52/ZN (OAI21D1BWP20P90)                 0.01       0.18 f
  U552/ZN (IOA21D1BWP20P90)                0.01       0.20 r
  U550/Z (XOR3D4BWP20P90)                  0.05       0.24 r
  U349/ZN (NR2D4BWP20P90)                  0.01       0.25 f
  U548/ZN (NR2D4BWP20P90)                  0.01       0.26 r
  U840/ZN (ND2D2BWP20P90)                  0.01       0.27 f
  U846/ZN (OAI21D4BWP20P90)                0.02       0.29 r
  U988/ZN (AOI21D1BWP20P90)                0.02       0.30 f
  U990/Z (XOR2D1BWP20P90)                  0.02       0.32 r
  prod_reg[28]/D (DFCNQD1BWP20P90)         0.00       0.32 r
  data arrival time                                   0.32

  clock clk (rise edge)                    0.34       0.34
  clock network delay (ideal)              0.00       0.34
  clock uncertainty                       -0.01       0.33
  prod_reg[28]/CP (DFCNQD1BWP20P90)        0.00       0.33 r
  library setup time                      -0.01       0.32
  data required time                                  0.32
  -----------------------------------------------------------
  data required time                                  0.32
  data arrival time                                  -0.32
  -----------------------------------------------------------
  slack (MET)                                         0.00


  Startpoint: inp_a[4] (input port clocked by clk)
  Endpoint: prod_reg[27]
            (rising edge-triggered flip-flop clocked by clk)
  Path Group: clk
  Path Type: max

  Des/Clust/Port     Wire Load Model       Library
  ------------------------------------------------
  mult               ZeroWireload          N16ADFP_StdCelltt0p8v25c

  Point                                    Incr       Path
  -----------------------------------------------------------
  clock clk (rise edge)                    0.00       0.00
  clock network delay (ideal)              0.00       0.00
  input external delay                     0.01       0.01 r
  inp_a[4] (in)                            0.00       0.01 r
  U98/ZN (XNR2D2BWP20P90)                  0.03       0.04 f
  U167/ZN (INVD4BWP20P90)                  0.01       0.05 r
  U168/ZN (CKND2BWP20P90)                  0.01       0.06 f
  U201/ZN (CKND2D8BWP20P90)                0.01       0.07 r
  U796/ZN (OAI22D1BWP20P90)                0.02       0.09 f
  U287/ZN (OAI21D1BWP20P90)                0.01       0.10 r
  U56/ZN (IOA21D1BWP20P90)                 0.02       0.12 f
  U816/S (FA1D1BWP20P90)                   0.05       0.17 r
  U52/ZN (OAI21D1BWP20P90)                 0.01       0.18 f
  U552/ZN (IOA21D1BWP20P90)                0.01       0.20 r
  U550/Z (XOR3D4BWP20P90)                  0.05       0.24 r
  U349/ZN (NR2D4BWP20P90)                  0.01       0.25 f
  U548/ZN (NR2D4BWP20P90)                  0.01       0.26 r
  U840/ZN (ND2D2BWP20P90)                  0.01       0.27 f
  U846/ZN (OAI21D4BWP20P90)                0.02       0.29 r
  U1033/ZN (AOI21D1BWP20P90)               0.02       0.30 f
  U1035/Z (XOR2D1BWP20P90)                 0.02       0.32 r
  prod_reg[27]/D (DFCNQD1BWP20P90)         0.00       0.32 r
  data arrival time                                   0.32

  clock clk (rise edge)                    0.34       0.34
  clock network delay (ideal)              0.00       0.34
  clock uncertainty                       -0.01       0.33
  prod_reg[27]/CP (DFCNQD1BWP20P90)        0.00       0.33 r
  library setup time                      -0.01       0.32
  data required time                                  0.32
  -----------------------------------------------------------
  data required time                                  0.32
  data arrival time                                  -0.32
  -----------------------------------------------------------
  slack (MET)                                         0.00


  Startpoint: inp_a[4] (input port clocked by clk)
  Endpoint: prod_reg[30]
            (rising edge-triggered flip-flop clocked by clk)
  Path Group: clk
  Path Type: max

  Des/Clust/Port     Wire Load Model       Library
  ------------------------------------------------
  mult               ZeroWireload          N16ADFP_StdCelltt0p8v25c

  Point                                    Incr       Path
  -----------------------------------------------------------
  clock clk (rise edge)                    0.00       0.00
  clock network delay (ideal)              0.00       0.00
  input external delay                     0.01       0.01 r
  inp_a[4] (in)                            0.00       0.01 r
  U98/ZN (XNR2D2BWP20P90)                  0.03       0.04 f
  U167/ZN (INVD4BWP20P90)                  0.01       0.05 r
  U168/ZN (CKND2BWP20P90)                  0.01       0.06 f
  U201/ZN (CKND2D8BWP20P90)                0.01       0.07 r
  U796/ZN (OAI22D1BWP20P90)                0.02       0.09 f
  U287/ZN (OAI21D1BWP20P90)                0.01       0.10 r
  U56/ZN (IOA21D1BWP20P90)                 0.02       0.12 f
  U816/S (FA1D1BWP20P90)                   0.05       0.17 r
  U52/ZN (OAI21D1BWP20P90)                 0.01       0.18 f
  U552/ZN (IOA21D1BWP20P90)                0.01       0.20 r
  U550/Z (XOR3D4BWP20P90)                  0.05       0.24 r
  U349/ZN (NR2D4BWP20P90)                  0.01       0.25 f
  U548/ZN (NR2D4BWP20P90)                  0.01       0.26 r
  U840/ZN (ND2D2BWP20P90)                  0.01       0.27 f
  U846/ZN (OAI21D4BWP20P90)                0.02       0.29 r
  U998/ZN (AOI21D1BWP20P90)                0.02       0.30 f
  U1001/Z (XOR2D1BWP20P90)                 0.02       0.32 r
  prod_reg[30]/D (DFCNQD1BWP20P90)         0.00       0.32 r
  data arrival time                                   0.32

  clock clk (rise edge)                    0.34       0.34
  clock network delay (ideal)              0.00       0.34
  clock uncertainty                       -0.01       0.33
  prod_reg[30]/CP (DFCNQD1BWP20P90)        0.00       0.33 r
  library setup time                      -0.01       0.32
  data required time                                  0.32
  -----------------------------------------------------------
  data required time                                  0.32
  data arrival time                                  -0.32
  -----------------------------------------------------------
  slack (MET)                                         0.00


  Startpoint: inp_a[4] (input port clocked by clk)
  Endpoint: prod_reg[28]
            (rising edge-triggered flip-flop clocked by clk)
  Path Group: clk
  Path Type: max

  Des/Clust/Port     Wire Load Model       Library
  ------------------------------------------------
  mult               ZeroWireload          N16ADFP_StdCelltt0p8v25c

  Point                                    Incr       Path
  -----------------------------------------------------------
  clock clk (rise edge)                    0.00       0.00
  clock network delay (ideal)              0.00       0.00
  input external delay                     0.01       0.01 r
  inp_a[4] (in)                            0.00       0.01 r
  U98/ZN (XNR2D2BWP20P90)                  0.03       0.04 f
  U167/ZN (INVD4BWP20P90)                  0.01       0.05 r
  U168/ZN (CKND2BWP20P90)                  0.01       0.06 f
  U201/ZN (CKND2D8BWP20P90)                0.01       0.07 r
  U796/ZN (OAI22D1BWP20P90)                0.02       0.09 f
  U287/ZN (OAI21D1BWP20P90)                0.01       0.10 r
  U56/ZN (IOA21D1BWP20P90)                 0.02       0.12 f
  U816/S (FA1D1BWP20P90)                   0.05       0.17 r
  U52/ZN (OAI21D1BWP20P90)                 0.01       0.18 f
  U552/ZN (IOA21D1BWP20P90)                0.01       0.20 r
  U550/Z (XOR3D4BWP20P90)                  0.05       0.24 r
  U349/ZN (NR2D4BWP20P90)                  0.01       0.25 f
  U548/ZN (NR2D4BWP20P90)                  0.01       0.26 r
  U840/ZN (ND2D2BWP20P90)                  0.01       0.27 f
  U846/ZN (OAI21D4BWP20P90)                0.02       0.29 r
  U988/ZN (AOI21D1BWP20P90)                0.02       0.30 f
  U990/Z (XOR2D1BWP20P90)                  0.02       0.32 r
  prod_reg[28]/D (DFCNQD1BWP20P90)         0.00       0.32 r
  data arrival time                                   0.32

  clock clk (rise edge)                    0.34       0.34
  clock network delay (ideal)              0.00       0.34
  clock uncertainty                       -0.01       0.33
  prod_reg[28]/CP (DFCNQD1BWP20P90)        0.00       0.33 r
  library setup time                      -0.01       0.32
  data required time                                  0.32
  -----------------------------------------------------------
  data required time                                  0.32
  data arrival time                                  -0.32
  -----------------------------------------------------------
  slack (MET)                                         0.00


  Startpoint: inp_a[4] (input port clocked by clk)
  Endpoint: prod_reg[27]
            (rising edge-triggered flip-flop clocked by clk)
  Path Group: clk
  Path Type: max

  Des/Clust/Port     Wire Load Model       Library
  ------------------------------------------------
  mult               ZeroWireload          N16ADFP_StdCelltt0p8v25c

  Point                                    Incr       Path
  -----------------------------------------------------------
  clock clk (rise edge)                    0.00       0.00
  clock network delay (ideal)              0.00       0.00
  input external delay                     0.01       0.01 r
  inp_a[4] (in)                            0.00       0.01 r
  U98/ZN (XNR2D2BWP20P90)                  0.03       0.04 f
  U167/ZN (INVD4BWP20P90)                  0.01       0.05 r
  U168/ZN (CKND2BWP20P90)                  0.01       0.06 f
  U201/ZN (CKND2D8BWP20P90)                0.01       0.07 r
  U796/ZN (OAI22D1BWP20P90)                0.02       0.09 f
  U287/ZN (OAI21D1BWP20P90)                0.01       0.10 r
  U56/ZN (IOA21D1BWP20P90)                 0.02       0.12 f
  U816/S (FA1D1BWP20P90)                   0.05       0.17 r
  U52/ZN (OAI21D1BWP20P90)                 0.01       0.18 f
  U552/ZN (IOA21D1BWP20P90)                0.01       0.20 r
  U550/Z (XOR3D4BWP20P90)                  0.05       0.24 r
  U349/ZN (NR2D4BWP20P90)                  0.01       0.25 f
  U548/ZN (NR2D4BWP20P90)                  0.01       0.26 r
  U840/ZN (ND2D2BWP20P90)                  0.01       0.27 f
  U846/ZN (OAI21D4BWP20P90)                0.02       0.29 r
  U1033/ZN (AOI21D1BWP20P90)               0.02       0.30 f
  U1035/Z (XOR2D1BWP20P90)                 0.02       0.32 r
  prod_reg[27]/D (DFCNQD1BWP20P90)         0.00       0.32 r
  data arrival time                                   0.32

  clock clk (rise edge)                    0.34       0.34
  clock network delay (ideal)              0.00       0.34
  clock uncertainty                       -0.01       0.33
  prod_reg[27]/CP (DFCNQD1BWP20P90)        0.00       0.33 r
  library setup time                      -0.01       0.32
  data required time                                  0.32
  -----------------------------------------------------------
  data required time                                  0.32
  data arrival time                                  -0.32
  -----------------------------------------------------------
  slack (MET)                                         0.00


  Startpoint: inp_a[4] (input port clocked by clk)
  Endpoint: prod_reg[30]
            (rising edge-triggered flip-flop clocked by clk)
  Path Group: clk
  Path Type: max

  Des/Clust/Port     Wire Load Model       Library
  ------------------------------------------------
  mult               ZeroWireload          N16ADFP_StdCelltt0p8v25c

  Point                                    Incr       Path
  -----------------------------------------------------------
  clock clk (rise edge)                    0.00       0.00
  clock network delay (ideal)              0.00       0.00
  input external delay                     0.01       0.01 r
  inp_a[4] (in)                            0.00       0.01 r
  U98/ZN (XNR2D2BWP20P90)                  0.03       0.04 f
  U167/ZN (INVD4BWP20P90)                  0.01       0.05 r
  U168/ZN (CKND2BWP20P90)                  0.01       0.06 f
  U201/ZN (CKND2D8BWP20P90)                0.01       0.07 r
  U796/ZN (OAI22D1BWP20P90)                0.02       0.09 f
  U287/ZN (OAI21D1BWP20P90)                0.01       0.10 r
  U56/ZN (IOA21D1BWP20P90)                 0.02       0.12 f
  U816/S (FA1D1BWP20P90)                   0.05       0.17 r
  U52/ZN (OAI21D1BWP20P90)                 0.01       0.18 f
  U552/ZN (IOA21D1BWP20P90)                0.01       0.20 r
  U550/Z (XOR3D4BWP20P90)                  0.05       0.24 r
  U349/ZN (NR2D4BWP20P90)                  0.01       0.25 f
  U548/ZN (NR2D4BWP20P90)                  0.01       0.26 r
  U840/ZN (ND2D2BWP20P90)                  0.01       0.27 f
  U846/ZN (OAI21D4BWP20P90)                0.02       0.29 r
  U998/ZN (AOI21D1BWP20P90)                0.02       0.30 f
  U1001/Z (XOR2D1BWP20P90)                 0.02       0.32 r
  prod_reg[30]/D (DFCNQD1BWP20P90)         0.00       0.32 r
  data arrival time                                   0.32

  clock clk (rise edge)                    0.34       0.34
  clock network delay (ideal)              0.00       0.34
  clock uncertainty                       -0.01       0.33
  prod_reg[30]/CP (DFCNQD1BWP20P90)        0.00       0.33 r
  library setup time                      -0.01       0.32
  data required time                                  0.32
  -----------------------------------------------------------
  data required time                                  0.32
  data arrival time                                  -0.32
  -----------------------------------------------------------
  slack (MET)                                         0.00


  Startpoint: inp_a[4] (input port clocked by clk)
  Endpoint: prod_reg[28]
            (rising edge-triggered flip-flop clocked by clk)
  Path Group: clk
  Path Type: max

  Des/Clust/Port     Wire Load Model       Library
  ------------------------------------------------
  mult               ZeroWireload          N16ADFP_StdCelltt0p8v25c

  Point                                    Incr       Path
  -----------------------------------------------------------
  clock clk (rise edge)                    0.00       0.00
  clock network delay (ideal)              0.00       0.00
  input external delay                     0.01       0.01 r
  inp_a[4] (in)                            0.00       0.01 r
  U98/ZN (XNR2D2BWP20P90)                  0.03       0.04 f
  U167/ZN (INVD4BWP20P90)                  0.01       0.05 r
  U168/ZN (CKND2BWP20P90)                  0.01       0.06 f
  U201/ZN (CKND2D8BWP20P90)                0.01       0.07 r
  U796/ZN (OAI22D1BWP20P90)                0.02       0.09 f
  U287/ZN (OAI21D1BWP20P90)                0.01       0.10 r
  U56/ZN (IOA21D1BWP20P90)                 0.02       0.12 f
  U816/S (FA1D1BWP20P90)                   0.05       0.17 r
  U52/ZN (OAI21D1BWP20P90)                 0.01       0.18 f
  U552/ZN (IOA21D1BWP20P90)                0.01       0.20 r
  U550/Z (XOR3D4BWP20P90)                  0.05       0.24 r
  U349/ZN (NR2D4BWP20P90)                  0.01       0.25 f
  U548/ZN (NR2D4BWP20P90)                  0.01       0.26 r
  U840/ZN (ND2D2BWP20P90)                  0.01       0.27 f
  U846/ZN (OAI21D4BWP20P90)                0.02       0.29 r
  U988/ZN (AOI21D1BWP20P90)                0.02       0.30 f
  U990/Z (XOR2D1BWP20P90)                  0.02       0.32 r
  prod_reg[28]/D (DFCNQD1BWP20P90)         0.00       0.32 r
  data arrival time                                   0.32

  clock clk (rise edge)                    0.34       0.34
  clock network delay (ideal)              0.00       0.34
  clock uncertainty                       -0.01       0.33
  prod_reg[28]/CP (DFCNQD1BWP20P90)        0.00       0.33 r
  library setup time                      -0.01       0.32
  data required time                                  0.32
  -----------------------------------------------------------
  data required time                                  0.32
  data arrival time                                  -0.32
  -----------------------------------------------------------
  slack (MET)                                         0.00


  Startpoint: inp_a[4] (input port clocked by clk)
  Endpoint: prod_reg[27]
            (rising edge-triggered flip-flop clocked by clk)
  Path Group: clk
  Path Type: max

  Des/Clust/Port     Wire Load Model       Library
  ------------------------------------------------
  mult               ZeroWireload          N16ADFP_StdCelltt0p8v25c

  Point                                    Incr       Path
  -----------------------------------------------------------
  clock clk (rise edge)                    0.00       0.00
  clock network delay (ideal)              0.00       0.00
  input external delay                     0.01       0.01 r
  inp_a[4] (in)                            0.00       0.01 r
  U98/ZN (XNR2D2BWP20P90)                  0.03       0.04 f
  U167/ZN (INVD4BWP20P90)                  0.01       0.05 r
  U168/ZN (CKND2BWP20P90)                  0.01       0.06 f
  U201/ZN (CKND2D8BWP20P90)                0.01       0.07 r
  U796/ZN (OAI22D1BWP20P90)                0.02       0.09 f
  U287/ZN (OAI21D1BWP20P90)                0.01       0.10 r
  U56/ZN (IOA21D1BWP20P90)                 0.02       0.12 f
  U816/S (FA1D1BWP20P90)                   0.05       0.17 r
  U52/ZN (OAI21D1BWP20P90)                 0.01       0.18 f
  U552/ZN (IOA21D1BWP20P90)                0.01       0.20 r
  U550/Z (XOR3D4BWP20P90)                  0.05       0.24 r
  U349/ZN (NR2D4BWP20P90)                  0.01       0.25 f
  U548/ZN (NR2D4BWP20P90)                  0.01       0.26 r
  U840/ZN (ND2D2BWP20P90)                  0.01       0.27 f
  U846/ZN (OAI21D4BWP20P90)                0.02       0.29 r
  U1033/ZN (AOI21D1BWP20P90)               0.02       0.30 f
  U1035/Z (XOR2D1BWP20P90)                 0.02       0.32 r
  prod_reg[27]/D (DFCNQD1BWP20P90)         0.00       0.32 r
  data arrival time                                   0.32

  clock clk (rise edge)                    0.34       0.34
  clock network delay (ideal)              0.00       0.34
  clock uncertainty                       -0.01       0.33
  prod_reg[27]/CP (DFCNQD1BWP20P90)        0.00       0.33 r
  library setup time                      -0.01       0.32
  data required time                                  0.32
  -----------------------------------------------------------
  data required time                                  0.32
  data arrival time                                  -0.32
  -----------------------------------------------------------
  slack (MET)                                         0.00


  Startpoint: inp_a[4] (input port clocked by clk)
  Endpoint: prod_reg[25]
            (rising edge-triggered flip-flop clocked by clk)
  Path Group: clk
  Path Type: max

  Des/Clust/Port     Wire Load Model       Library
  ------------------------------------------------
  mult               ZeroWireload          N16ADFP_StdCelltt0p8v25c

  Point                                    Incr       Path
  -----------------------------------------------------------
  clock clk (rise edge)                    0.00       0.00
  clock network delay (ideal)              0.00       0.00
  input external delay                     0.01       0.01 r
  inp_a[4] (in)                            0.00       0.01 r
  U98/ZN (XNR2D2BWP20P90)                  0.03       0.04 f
  U167/ZN (INVD4BWP20P90)                  0.01       0.05 r
  U168/ZN (CKND2BWP20P90)                  0.01       0.06 f
  U201/ZN (CKND2D8BWP20P90)                0.01       0.07 r
  U796/ZN (OAI22D1BWP20P90)                0.02       0.09 f
  U287/ZN (OAI21D1BWP20P90)                0.01       0.10 r
  U56/ZN (IOA21D1BWP20P90)                 0.02       0.12 f
  U816/S (FA1D1BWP20P90)                   0.05       0.17 r
  U52/ZN (OAI21D1BWP20P90)                 0.01       0.18 f
  U552/ZN (IOA21D1BWP20P90)                0.01       0.20 r
  U550/Z (XOR3D4BWP20P90)                  0.05       0.24 r
  U349/ZN (NR2D4BWP20P90)                  0.01       0.25 f
  U548/ZN (NR2D4BWP20P90)                  0.01       0.26 r
  U840/ZN (ND2D2BWP20P90)                  0.01       0.27 f
  U846/ZN (OAI21D4BWP20P90)                0.02       0.29 r
  U982/ZN (AOI21D1BWP20P90)                0.02       0.30 f
  U984/Z (XOR2D1BWP20P90)                  0.02       0.32 r
  prod_reg[25]/D (DFCNQD1BWP20P90)         0.00       0.32 r
  data arrival time                                   0.32

  clock clk (rise edge)                    0.34       0.34
  clock network delay (ideal)              0.00       0.34
  clock uncertainty                       -0.01       0.33
  prod_reg[25]/CP (DFCNQD1BWP20P90)        0.00       0.33 r
  library setup time                      -0.01       0.32
  data required time                                  0.32
  -----------------------------------------------------------
  data required time                                  0.32
  data arrival time                                  -0.32
  -----------------------------------------------------------
  slack (MET)                                         0.00


  Startpoint: inp_a[4] (input port clocked by clk)
  Endpoint: prod_reg[30]
            (rising edge-triggered flip-flop clocked by clk)
  Path Group: clk
  Path Type: max

  Des/Clust/Port     Wire Load Model       Library
  ------------------------------------------------
  mult               ZeroWireload          N16ADFP_StdCelltt0p8v25c

  Point                                    Incr       Path
  -----------------------------------------------------------
  clock clk (rise edge)                    0.00       0.00
  clock network delay (ideal)              0.00       0.00
  input external delay                     0.01       0.01 r
  inp_a[4] (in)                            0.00       0.01 r
  U98/ZN (XNR2D2BWP20P90)                  0.03       0.04 f
  U167/ZN (INVD4BWP20P90)                  0.01       0.05 r
  U168/ZN (CKND2BWP20P90)                  0.01       0.06 f
  U201/ZN (CKND2D8BWP20P90)                0.01       0.07 r
  U796/ZN (OAI22D1BWP20P90)                0.02       0.09 f
  U287/ZN (OAI21D1BWP20P90)                0.01       0.10 r
  U56/ZN (IOA21D1BWP20P90)                 0.02       0.12 f
  U816/S (FA1D1BWP20P90)                   0.05       0.17 r
  U52/ZN (OAI21D1BWP20P90)                 0.01       0.18 f
  U552/ZN (IOA21D1BWP20P90)                0.01       0.20 r
  U550/Z (XOR3D4BWP20P90)                  0.05       0.24 r
  U349/ZN (NR2D4BWP20P90)                  0.01       0.25 f
  U548/ZN (NR2D4BWP20P90)                  0.01       0.26 r
  U840/ZN (ND2D2BWP20P90)                  0.01       0.27 f
  U846/ZN (OAI21D4BWP20P90)                0.02       0.29 r
  U998/ZN (AOI21D1BWP20P90)                0.02       0.30 f
  U1001/Z (XOR2D1BWP20P90)                 0.02       0.32 r
  prod_reg[30]/D (DFCNQD1BWP20P90)         0.00       0.32 r
  data arrival time                                   0.32

  clock clk (rise edge)                    0.34       0.34
  clock network delay (ideal)              0.00       0.34
  clock uncertainty                       -0.01       0.33
  prod_reg[30]/CP (DFCNQD1BWP20P90)        0.00       0.33 r
  library setup time                      -0.01       0.32
  data required time                                  0.32
  -----------------------------------------------------------
  data required time                                  0.32
  data arrival time                                  -0.32
  -----------------------------------------------------------
  slack (MET)                                         0.00


  Startpoint: inp_a[4] (input port clocked by clk)
  Endpoint: prod_reg[25]
            (rising edge-triggered flip-flop clocked by clk)
  Path Group: clk
  Path Type: max

  Des/Clust/Port     Wire Load Model       Library
  ------------------------------------------------
  mult               ZeroWireload          N16ADFP_StdCelltt0p8v25c

  Point                                    Incr       Path
  -----------------------------------------------------------
  clock clk (rise edge)                    0.00       0.00
  clock network delay (ideal)              0.00       0.00
  input external delay                     0.01       0.01 r
  inp_a[4] (in)                            0.00       0.01 r
  U98/ZN (XNR2D2BWP20P90)                  0.03       0.04 f
  U167/ZN (INVD4BWP20P90)                  0.01       0.05 r
  U168/ZN (CKND2BWP20P90)                  0.01       0.06 f
  U201/ZN (CKND2D8BWP20P90)                0.01       0.07 r
  U796/ZN (OAI22D1BWP20P90)                0.02       0.09 f
  U287/ZN (OAI21D1BWP20P90)                0.01       0.10 r
  U56/ZN (IOA21D1BWP20P90)                 0.02       0.12 f
  U816/S (FA1D1BWP20P90)                   0.05       0.17 r
  U52/ZN (OAI21D1BWP20P90)                 0.01       0.18 f
  U552/ZN (IOA21D1BWP20P90)                0.01       0.20 r
  U550/Z (XOR3D4BWP20P90)                  0.05       0.24 r
  U349/ZN (NR2D4BWP20P90)                  0.01       0.25 f
  U548/ZN (NR2D4BWP20P90)                  0.01       0.26 r
  U840/ZN (ND2D2BWP20P90)                  0.01       0.27 f
  U846/ZN (OAI21D4BWP20P90)                0.02       0.29 r
  U982/ZN (AOI21D1BWP20P90)                0.02       0.30 f
  U984/Z (XOR2D1BWP20P90)                  0.02       0.32 r
  prod_reg[25]/D (DFCNQD1BWP20P90)         0.00       0.32 r
  data arrival time                                   0.32

  clock clk (rise edge)                    0.34       0.34
  clock network delay (ideal)              0.00       0.34
  clock uncertainty                       -0.01       0.33
  prod_reg[25]/CP (DFCNQD1BWP20P90)        0.00       0.33 r
  library setup time                      -0.01       0.32
  data required time                                  0.32
  -----------------------------------------------------------
  data required time                                  0.32
  data arrival time                                  -0.32
  -----------------------------------------------------------
  slack (MET)                                         0.00


  Startpoint: inp_a[4] (input port clocked by clk)
  Endpoint: prod_reg[30]
            (rising edge-triggered flip-flop clocked by clk)
  Path Group: clk
  Path Type: max

  Des/Clust/Port     Wire Load Model       Library
  ------------------------------------------------
  mult               ZeroWireload          N16ADFP_StdCelltt0p8v25c

  Point                                    Incr       Path
  -----------------------------------------------------------
  clock clk (rise edge)                    0.00       0.00
  clock network delay (ideal)              0.00       0.00
  input external delay                     0.01       0.01 r
  inp_a[4] (in)                            0.00       0.01 r
  U98/ZN (XNR2D2BWP20P90)                  0.03       0.04 f
  U167/ZN (INVD4BWP20P90)                  0.01       0.05 r
  U168/ZN (CKND2BWP20P90)                  0.01       0.06 f
  U201/ZN (CKND2D8BWP20P90)                0.01       0.07 r
  U796/ZN (OAI22D1BWP20P90)                0.02       0.09 f
  U287/ZN (OAI21D1BWP20P90)                0.01       0.10 r
  U56/ZN (IOA21D1BWP20P90)                 0.02       0.12 f
  U816/S (FA1D1BWP20P90)                   0.05       0.17 r
  U52/ZN (OAI21D1BWP20P90)                 0.01       0.18 f
  U552/ZN (IOA21D1BWP20P90)                0.01       0.20 r
  U550/Z (XOR3D4BWP20P90)                  0.05       0.24 r
  U349/ZN (NR2D4BWP20P90)                  0.01       0.25 f
  U548/ZN (NR2D4BWP20P90)                  0.01       0.26 r
  U840/ZN (ND2D2BWP20P90)                  0.01       0.27 f
  U846/ZN (OAI21D4BWP20P90)                0.02       0.29 r
  U998/ZN (AOI21D1BWP20P90)                0.02       0.30 f
  U1001/Z (XOR2D1BWP20P90)                 0.02       0.32 r
  prod_reg[30]/D (DFCNQD1BWP20P90)         0.00       0.32 r
  data arrival time                                   0.32

  clock clk (rise edge)                    0.34       0.34
  clock network delay (ideal)              0.00       0.34
  clock uncertainty                       -0.01       0.33
  prod_reg[30]/CP (DFCNQD1BWP20P90)        0.00       0.33 r
  library setup time                      -0.01       0.32
  data required time                                  0.32
  -----------------------------------------------------------
  data required time                                  0.32
  data arrival time                                  -0.32
  -----------------------------------------------------------
  slack (MET)                                         0.00


  Startpoint: inp_a[4] (input port clocked by clk)
  Endpoint: prod_reg[25]
            (rising edge-triggered flip-flop clocked by clk)
  Path Group: clk
  Path Type: max

  Des/Clust/Port     Wire Load Model       Library
  ------------------------------------------------
  mult               ZeroWireload          N16ADFP_StdCelltt0p8v25c

  Point                                    Incr       Path
  -----------------------------------------------------------
  clock clk (rise edge)                    0.00       0.00
  clock network delay (ideal)              0.00       0.00
  input external delay                     0.01       0.01 r
  inp_a[4] (in)                            0.00       0.01 r
  U98/ZN (XNR2D2BWP20P90)                  0.03       0.04 f
  U167/ZN (INVD4BWP20P90)                  0.01       0.05 r
  U168/ZN (CKND2BWP20P90)                  0.01       0.06 f
  U201/ZN (CKND2D8BWP20P90)                0.01       0.07 r
  U796/ZN (OAI22D1BWP20P90)                0.02       0.09 f
  U287/ZN (OAI21D1BWP20P90)                0.01       0.10 r
  U56/ZN (IOA21D1BWP20P90)                 0.02       0.12 f
  U816/S (FA1D1BWP20P90)                   0.05       0.17 r
  U52/ZN (OAI21D1BWP20P90)                 0.01       0.18 f
  U552/ZN (IOA21D1BWP20P90)                0.01       0.20 r
  U550/Z (XOR3D4BWP20P90)                  0.05       0.24 r
  U349/ZN (NR2D4BWP20P90)                  0.01       0.25 f
  U548/ZN (NR2D4BWP20P90)                  0.01       0.26 r
  U840/ZN (ND2D2BWP20P90)                  0.01       0.27 f
  U846/ZN (OAI21D4BWP20P90)                0.02       0.29 r
  U982/ZN (AOI21D1BWP20P90)                0.02       0.30 f
  U984/Z (XOR2D1BWP20P90)                  0.02       0.32 r
  prod_reg[25]/D (DFCNQD1BWP20P90)         0.00       0.32 r
  data arrival time                                   0.32

  clock clk (rise edge)                    0.34       0.34
  clock network delay (ideal)              0.00       0.34
  clock uncertainty                       -0.01       0.33
  prod_reg[25]/CP (DFCNQD1BWP20P90)        0.00       0.33 r
  library setup time                      -0.01       0.32
  data required time                                  0.32
  -----------------------------------------------------------
  data required time                                  0.32
  data arrival time                                  -0.32
  -----------------------------------------------------------
  slack (MET)                                         0.00


  Startpoint: inp_a[4] (input port clocked by clk)
  Endpoint: prod_reg[26]
            (rising edge-triggered flip-flop clocked by clk)
  Path Group: clk
  Path Type: max

  Des/Clust/Port     Wire Load Model       Library
  ------------------------------------------------
  mult               ZeroWireload          N16ADFP_StdCelltt0p8v25c

  Point                                    Incr       Path
  -----------------------------------------------------------
  clock clk (rise edge)                    0.00       0.00
  clock network delay (ideal)              0.00       0.00
  input external delay                     0.01       0.01 r
  inp_a[4] (in)                            0.00       0.01 r
  U98/ZN (XNR2D2BWP20P90)                  0.03       0.04 f
  U167/ZN (INVD4BWP20P90)                  0.01       0.05 r
  U168/ZN (CKND2BWP20P90)                  0.01       0.06 f
  U201/ZN (CKND2D8BWP20P90)                0.01       0.07 r
  U796/ZN (OAI22D1BWP20P90)                0.02       0.09 f
  U287/ZN (OAI21D1BWP20P90)                0.01       0.10 r
  U56/ZN (IOA21D1BWP20P90)                 0.02       0.12 f
  U816/S (FA1D1BWP20P90)                   0.05       0.17 r
  U52/ZN (OAI21D1BWP20P90)                 0.01       0.18 f
  U552/ZN (IOA21D1BWP20P90)                0.01       0.20 r
  U550/Z (XOR3D4BWP20P90)                  0.05       0.24 r
  U349/ZN (NR2D4BWP20P90)                  0.01       0.25 f
  U548/ZN (NR2D4BWP20P90)                  0.01       0.26 r
  U840/ZN (ND2D2BWP20P90)                  0.01       0.27 f
  U846/ZN (OAI21D4BWP20P90)                0.02       0.29 r
  U1074/ZN (AOI21D1BWP20P90)               0.02       0.30 f
  U1077/Z (XOR2D1BWP20P90)                 0.02       0.32 r
  prod_reg[26]/D (DFCNQD1BWP20P90)         0.00       0.32 r
  data arrival time                                   0.32

  clock clk (rise edge)                    0.34       0.34
  clock network delay (ideal)              0.00       0.34
  clock uncertainty                       -0.01       0.33
  prod_reg[26]/CP (DFCNQD1BWP20P90)        0.00       0.33 r
  library setup time                      -0.01       0.32
  data required time                                  0.32
  -----------------------------------------------------------
  data required time                                  0.32
  data arrival time                                  -0.32
  -----------------------------------------------------------
  slack (MET)                                         0.00


  Startpoint: inp_a[4] (input port clocked by clk)
  Endpoint: prod_reg[25]
            (rising edge-triggered flip-flop clocked by clk)
  Path Group: clk
  Path Type: max

  Des/Clust/Port     Wire Load Model       Library
  ------------------------------------------------
  mult               ZeroWireload          N16ADFP_StdCelltt0p8v25c

  Point                                    Incr       Path
  -----------------------------------------------------------
  clock clk (rise edge)                    0.00       0.00
  clock network delay (ideal)              0.00       0.00
  input external delay                     0.01       0.01 r
  inp_a[4] (in)                            0.00       0.01 r
  U98/ZN (XNR2D2BWP20P90)                  0.03       0.04 f
  U167/ZN (INVD4BWP20P90)                  0.01       0.05 r
  U168/ZN (CKND2BWP20P90)                  0.01       0.06 f
  U201/ZN (CKND2D8BWP20P90)                0.01       0.07 r
  U796/ZN (OAI22D1BWP20P90)                0.02       0.09 f
  U287/ZN (OAI21D1BWP20P90)                0.01       0.10 r
  U56/ZN (IOA21D1BWP20P90)                 0.02       0.12 f
  U816/S (FA1D1BWP20P90)                   0.05       0.17 r
  U52/ZN (OAI21D1BWP20P90)                 0.01       0.18 f
  U552/ZN (IOA21D1BWP20P90)                0.01       0.20 r
  U550/Z (XOR3D4BWP20P90)                  0.05       0.24 r
  U349/ZN (NR2D4BWP20P90)                  0.01       0.25 f
  U548/ZN (NR2D4BWP20P90)                  0.01       0.26 r
  U840/ZN (ND2D2BWP20P90)                  0.01       0.27 f
  U846/ZN (OAI21D4BWP20P90)                0.02       0.29 r
  U982/ZN (AOI21D1BWP20P90)                0.02       0.30 f
  U984/Z (XOR2D1BWP20P90)                  0.02       0.32 r
  prod_reg[25]/D (DFCNQD1BWP20P90)         0.00       0.32 r
  data arrival time                                   0.32

  clock clk (rise edge)                    0.34       0.34
  clock network delay (ideal)              0.00       0.34
  clock uncertainty                       -0.01       0.33
  prod_reg[25]/CP (DFCNQD1BWP20P90)        0.00       0.33 r
  library setup time                      -0.01       0.32
  data required time                                  0.32
  -----------------------------------------------------------
  data required time                                  0.32
  data arrival time                                  -0.32
  -----------------------------------------------------------
  slack (MET)                                         0.00


  Startpoint: inp_a[4] (input port clocked by clk)
  Endpoint: prod_reg[31]
            (rising edge-triggered flip-flop clocked by clk)
  Path Group: clk
  Path Type: max

  Des/Clust/Port     Wire Load Model       Library
  ------------------------------------------------
  mult               ZeroWireload          N16ADFP_StdCelltt0p8v25c

  Point                                    Incr       Path
  -----------------------------------------------------------
  clock clk (rise edge)                    0.00       0.00
  clock network delay (ideal)              0.00       0.00
  input external delay                     0.01       0.01 r
  inp_a[4] (in)                            0.00       0.01 r
  U98/ZN (XNR2D2BWP20P90)                  0.03       0.04 f
  U167/ZN (INVD4BWP20P90)                  0.01       0.05 r
  U168/ZN (CKND2BWP20P90)                  0.01       0.06 f
  U201/ZN (CKND2D8BWP20P90)                0.01       0.07 r
  U796/ZN (OAI22D1BWP20P90)                0.02       0.09 f
  U287/ZN (OAI21D1BWP20P90)                0.01       0.10 r
  U56/ZN (IOA21D1BWP20P90)                 0.02       0.12 f
  U816/S (FA1D1BWP20P90)                   0.05       0.17 r
  U52/ZN (OAI21D1BWP20P90)                 0.01       0.18 f
  U552/ZN (IOA21D1BWP20P90)                0.01       0.20 r
  U550/Z (XOR3D4BWP20P90)                  0.05       0.24 r
  U349/ZN (NR2D4BWP20P90)                  0.01       0.25 f
  U548/ZN (NR2D4BWP20P90)                  0.01       0.26 r
  U840/ZN (ND2D2BWP20P90)                  0.01       0.27 f
  U846/ZN (OAI21D4BWP20P90)                0.02       0.29 r
  U971/ZN (AOI21D1BWP20P90)                0.02       0.30 f
  U979/Z (XOR2D1BWP20P90)                  0.02       0.32 r
  prod_reg[31]/D (DFCNQD1BWP20P90)         0.00       0.32 r
  data arrival time                                   0.32

  clock clk (rise edge)                    0.34       0.34
  clock network delay (ideal)              0.00       0.34
  clock uncertainty                       -0.01       0.33
  prod_reg[31]/CP (DFCNQD1BWP20P90)        0.00       0.33 r
  library setup time                      -0.01       0.32
  data required time                                  0.32
  -----------------------------------------------------------
  data required time                                  0.32
  data arrival time                                  -0.32
  -----------------------------------------------------------
  slack (MET)                                         0.00


  Startpoint: inp_a[4] (input port clocked by clk)
  Endpoint: prod_reg[24]
            (rising edge-triggered flip-flop clocked by clk)
  Path Group: clk
  Path Type: max

  Des/Clust/Port     Wire Load Model       Library
  ------------------------------------------------
  mult               ZeroWireload          N16ADFP_StdCelltt0p8v25c

  Point                                    Incr       Path
  -----------------------------------------------------------
  clock clk (rise edge)                    0.00       0.00
  clock network delay (ideal)              0.00       0.00
  input external delay                     0.01       0.01 r
  inp_a[4] (in)                            0.00       0.01 r
  U98/ZN (XNR2D2BWP20P90)                  0.03       0.04 f
  U167/ZN (INVD4BWP20P90)                  0.01       0.05 r
  U168/ZN (CKND2BWP20P90)                  0.01       0.06 f
  U201/ZN (CKND2D8BWP20P90)                0.01       0.07 r
  U796/ZN (OAI22D1BWP20P90)                0.02       0.09 f
  U287/ZN (OAI21D1BWP20P90)                0.01       0.10 r
  U56/ZN (IOA21D1BWP20P90)                 0.02       0.12 f
  U816/S (FA1D1BWP20P90)                   0.05       0.17 r
  U52/ZN (OAI21D1BWP20P90)                 0.01       0.18 f
  U552/ZN (IOA21D1BWP20P90)                0.01       0.20 r
  U550/Z (XOR3D4BWP20P90)                  0.05       0.24 r
  U349/ZN (NR2D4BWP20P90)                  0.01       0.25 f
  U548/ZN (NR2D4BWP20P90)                  0.01       0.26 r
  U840/ZN (ND2D2BWP20P90)                  0.01       0.27 f
  U846/ZN (OAI21D4BWP20P90)                0.02       0.29 r
  U1061/ZN (AOI21D1BWP20P90)               0.02       0.30 f
  U1063/Z (XOR2D1BWP20P90)                 0.02       0.32 r
  prod_reg[24]/D (DFCNQD1BWP20P90)         0.00       0.32 r
  data arrival time                                   0.32

  clock clk (rise edge)                    0.34       0.34
  clock network delay (ideal)              0.00       0.34
  clock uncertainty                       -0.01       0.33
  prod_reg[24]/CP (DFCNQD1BWP20P90)        0.00       0.33 r
  library setup time                      -0.01       0.32
  data required time                                  0.32
  -----------------------------------------------------------
  data required time                                  0.32
  data arrival time                                  -0.32
  -----------------------------------------------------------
  slack (MET)                                         0.00


  Startpoint: inp_a[4] (input port clocked by clk)
  Endpoint: prod_reg[31]
            (rising edge-triggered flip-flop clocked by clk)
  Path Group: clk
  Path Type: max

  Des/Clust/Port     Wire Load Model       Library
  ------------------------------------------------
  mult               ZeroWireload          N16ADFP_StdCelltt0p8v25c

  Point                                    Incr       Path
  -----------------------------------------------------------
  clock clk (rise edge)                    0.00       0.00
  clock network delay (ideal)              0.00       0.00
  input external delay                     0.01       0.01 r
  inp_a[4] (in)                            0.00       0.01 r
  U98/ZN (XNR2D2BWP20P90)                  0.03       0.04 f
  U167/ZN (INVD4BWP20P90)                  0.01       0.05 r
  U168/ZN (CKND2BWP20P90)                  0.01       0.06 f
  U201/ZN (CKND2D8BWP20P90)                0.01       0.07 r
  U796/ZN (OAI22D1BWP20P90)                0.02       0.09 f
  U287/ZN (OAI21D1BWP20P90)                0.01       0.10 r
  U56/ZN (IOA21D1BWP20P90)                 0.02       0.12 f
  U816/S (FA1D1BWP20P90)                   0.05       0.17 r
  U52/ZN (OAI21D1BWP20P90)                 0.01       0.18 f
  U552/ZN (IOA21D1BWP20P90)                0.01       0.20 r
  U550/Z (XOR3D4BWP20P90)                  0.05       0.24 r
  U349/ZN (NR2D4BWP20P90)                  0.01       0.25 f
  U548/ZN (NR2D4BWP20P90)                  0.01       0.26 r
  U840/ZN (ND2D2BWP20P90)                  0.01       0.27 f
  U846/ZN (OAI21D4BWP20P90)                0.02       0.29 r
  U971/ZN (AOI21D1BWP20P90)                0.02       0.30 f
  U979/Z (XOR2D1BWP20P90)                  0.02       0.32 r
  prod_reg[31]/D (DFCNQD1BWP20P90)         0.00       0.32 r
  data arrival time                                   0.32

  clock clk (rise edge)                    0.34       0.34
  clock network delay (ideal)              0.00       0.34
  clock uncertainty                       -0.01       0.33
  prod_reg[31]/CP (DFCNQD1BWP20P90)        0.00       0.33 r
  library setup time                      -0.01       0.32
  data required time                                  0.32
  -----------------------------------------------------------
  data required time                                  0.32
  data arrival time                                  -0.32
  -----------------------------------------------------------
  slack (MET)                                         0.00


  Startpoint: inp_a[4] (input port clocked by clk)
  Endpoint: prod_reg[31]
            (rising edge-triggered flip-flop clocked by clk)
  Path Group: clk
  Path Type: max

  Des/Clust/Port     Wire Load Model       Library
  ------------------------------------------------
  mult               ZeroWireload          N16ADFP_StdCelltt0p8v25c

  Point                                    Incr       Path
  -----------------------------------------------------------
  clock clk (rise edge)                    0.00       0.00
  clock network delay (ideal)              0.00       0.00
  input external delay                     0.01       0.01 r
  inp_a[4] (in)                            0.00       0.01 r
  U98/ZN (XNR2D2BWP20P90)                  0.03       0.04 f
  U167/ZN (INVD4BWP20P90)                  0.01       0.05 r
  U168/ZN (CKND2BWP20P90)                  0.01       0.06 f
  U201/ZN (CKND2D8BWP20P90)                0.01       0.07 r
  U796/ZN (OAI22D1BWP20P90)                0.02       0.09 f
  U287/ZN (OAI21D1BWP20P90)                0.01       0.10 r
  U56/ZN (IOA21D1BWP20P90)                 0.02       0.12 f
  U816/S (FA1D1BWP20P90)                   0.05       0.17 r
  U52/ZN (OAI21D1BWP20P90)                 0.01       0.18 f
  U552/ZN (IOA21D1BWP20P90)                0.01       0.20 r
  U550/Z (XOR3D4BWP20P90)                  0.05       0.24 r
  U349/ZN (NR2D4BWP20P90)                  0.01       0.25 f
  U548/ZN (NR2D4BWP20P90)                  0.01       0.26 r
  U840/ZN (ND2D2BWP20P90)                  0.01       0.27 f
  U846/ZN (OAI21D4BWP20P90)                0.02       0.29 r
  U971/ZN (AOI21D1BWP20P90)                0.02       0.30 f
  U979/Z (XOR2D1BWP20P90)                  0.02       0.32 r
  prod_reg[31]/D (DFCNQD1BWP20P90)         0.00       0.32 r
  data arrival time                                   0.32

  clock clk (rise edge)                    0.34       0.34
  clock network delay (ideal)              0.00       0.34
  clock uncertainty                       -0.01       0.33
  prod_reg[31]/CP (DFCNQD1BWP20P90)        0.00       0.33 r
  library setup time                      -0.01       0.32
  data required time                                  0.32
  -----------------------------------------------------------
  data required time                                  0.32
  data arrival time                                  -0.32
  -----------------------------------------------------------
  slack (MET)                                         0.00


  Startpoint: inp_a[4] (input port clocked by clk)
  Endpoint: prod_reg[29]
            (rising edge-triggered flip-flop clocked by clk)
  Path Group: clk
  Path Type: max

  Des/Clust/Port     Wire Load Model       Library
  ------------------------------------------------
  mult               ZeroWireload          N16ADFP_StdCelltt0p8v25c

  Point                                    Incr       Path
  -----------------------------------------------------------
  clock clk (rise edge)                    0.00       0.00
  clock network delay (ideal)              0.00       0.00
  input external delay                     0.01       0.01 r
  inp_a[4] (in)                            0.00       0.01 r
  U98/ZN (XNR2D2BWP20P90)                  0.03       0.04 f
  U167/ZN (INVD4BWP20P90)                  0.01       0.05 r
  U168/ZN (CKND2BWP20P90)                  0.01       0.06 f
  U201/ZN (CKND2D8BWP20P90)                0.01       0.07 r
  U796/ZN (OAI22D1BWP20P90)                0.02       0.09 f
  U287/ZN (OAI21D1BWP20P90)                0.01       0.10 r
  U56/ZN (IOA21D1BWP20P90)                 0.02       0.12 f
  U816/S (FA1D1BWP20P90)                   0.05       0.17 r
  U52/ZN (OAI21D1BWP20P90)                 0.01       0.18 f
  U552/ZN (IOA21D1BWP20P90)                0.01       0.20 r
  U550/Z (XOR3D4BWP20P90)                  0.05       0.24 r
  U349/ZN (NR2D4BWP20P90)                  0.01       0.25 f
  U548/ZN (NR2D4BWP20P90)                  0.01       0.26 r
  U840/ZN (ND2D2BWP20P90)                  0.01       0.27 f
  U846/ZN (OAI21D4BWP20P90)                0.02       0.29 r
  U1040/ZN (AOI21D1BWP20P90)               0.02       0.30 f
  U1042/Z (XOR2D1BWP20P90)                 0.02       0.32 r
  prod_reg[29]/D (DFCNQD1BWP20P90)         0.00       0.32 r
  data arrival time                                   0.32

  clock clk (rise edge)                    0.34       0.34
  clock network delay (ideal)              0.00       0.34
  clock uncertainty                       -0.01       0.33
  prod_reg[29]/CP (DFCNQD1BWP20P90)        0.00       0.33 r
  library setup time                      -0.01       0.32
  data required time                                  0.32
  -----------------------------------------------------------
  data required time                                  0.32
  data arrival time                                  -0.32
  -----------------------------------------------------------
  slack (MET)                                         0.00


  Startpoint: inp_a[4] (input port clocked by clk)
  Endpoint: prod_reg[31]
            (rising edge-triggered flip-flop clocked by clk)
  Path Group: clk
  Path Type: max

  Des/Clust/Port     Wire Load Model       Library
  ------------------------------------------------
  mult               ZeroWireload          N16ADFP_StdCelltt0p8v25c

  Point                                    Incr       Path
  -----------------------------------------------------------
  clock clk (rise edge)                    0.00       0.00
  clock network delay (ideal)              0.00       0.00
  input external delay                     0.01       0.01 r
  inp_a[4] (in)                            0.00       0.01 r
  U98/ZN (XNR2D2BWP20P90)                  0.03       0.04 f
  U167/ZN (INVD4BWP20P90)                  0.01       0.05 r
  U168/ZN (CKND2BWP20P90)                  0.01       0.06 f
  U201/ZN (CKND2D8BWP20P90)                0.01       0.07 r
  U796/ZN (OAI22D1BWP20P90)                0.02       0.09 f
  U287/ZN (OAI21D1BWP20P90)                0.01       0.10 r
  U56/ZN (IOA21D1BWP20P90)                 0.02       0.12 f
  U816/S (FA1D1BWP20P90)                   0.05       0.17 r
  U52/ZN (OAI21D1BWP20P90)                 0.01       0.18 f
  U552/ZN (IOA21D1BWP20P90)                0.01       0.20 r
  U550/Z (XOR3D4BWP20P90)                  0.05       0.24 r
  U349/ZN (NR2D4BWP20P90)                  0.01       0.25 f
  U548/ZN (NR2D4BWP20P90)                  0.01       0.26 r
  U840/ZN (ND2D2BWP20P90)                  0.01       0.27 f
  U846/ZN (OAI21D4BWP20P90)                0.02       0.29 r
  U971/ZN (AOI21D1BWP20P90)                0.02       0.30 f
  U979/Z (XOR2D1BWP20P90)                  0.02       0.32 r
  prod_reg[31]/D (DFCNQD1BWP20P90)         0.00       0.32 r
  data arrival time                                   0.32

  clock clk (rise edge)                    0.34       0.34
  clock network delay (ideal)              0.00       0.34
  clock uncertainty                       -0.01       0.33
  prod_reg[31]/CP (DFCNQD1BWP20P90)        0.00       0.33 r
  library setup time                      -0.01       0.32
  data required time                                  0.32
  -----------------------------------------------------------
  data required time                                  0.32
  data arrival time                                  -0.32
  -----------------------------------------------------------
  slack (MET)                                         0.00


  Startpoint: inp_a[4] (input port clocked by clk)
  Endpoint: prod_reg[23]
            (rising edge-triggered flip-flop clocked by clk)
  Path Group: clk
  Path Type: max

  Des/Clust/Port     Wire Load Model       Library
  ------------------------------------------------
  mult               ZeroWireload          N16ADFP_StdCelltt0p8v25c

  Point                                    Incr       Path
  -----------------------------------------------------------
  clock clk (rise edge)                    0.00       0.00
  clock network delay (ideal)              0.00       0.00
  input external delay                     0.01       0.01 r
  inp_a[4] (in)                            0.00       0.01 r
  U98/ZN (XNR2D2BWP20P90)                  0.03       0.04 f
  U167/ZN (INVD4BWP20P90)                  0.01       0.05 r
  U168/ZN (CKND2BWP20P90)                  0.01       0.06 f
  U201/ZN (CKND2D8BWP20P90)                0.01       0.07 r
  U796/ZN (OAI22D1BWP20P90)                0.02       0.09 f
  U287/ZN (OAI21D1BWP20P90)                0.01       0.10 r
  U56/ZN (IOA21D1BWP20P90)                 0.02       0.12 f
  U816/S (FA1D1BWP20P90)                   0.05       0.17 r
  U52/ZN (OAI21D1BWP20P90)                 0.01       0.18 f
  U552/ZN (IOA21D1BWP20P90)                0.01       0.20 r
  U550/Z (XOR3D4BWP20P90)                  0.05       0.24 r
  U349/ZN (NR2D4BWP20P90)                  0.01       0.25 f
  U548/ZN (NR2D4BWP20P90)                  0.01       0.26 r
  U840/ZN (ND2D2BWP20P90)                  0.01       0.27 f
  U846/ZN (OAI21D4BWP20P90)                0.02       0.29 r
  U1068/ZN (AOI21D1BWP20P90)               0.02       0.30 f
  U1071/Z (XOR2D1BWP20P90)                 0.02       0.32 r
  prod_reg[23]/D (DFCNQD1BWP20P90)         0.00       0.32 r
  data arrival time                                   0.32

  clock clk (rise edge)                    0.34       0.34
  clock network delay (ideal)              0.00       0.34
  clock uncertainty                       -0.01       0.33
  prod_reg[23]/CP (DFCNQD1BWP20P90)        0.00       0.33 r
  library setup time                      -0.01       0.32
  data required time                                  0.32
  -----------------------------------------------------------
  data required time                                  0.32
  data arrival time                                  -0.32
  -----------------------------------------------------------
  slack (MET)                                         0.00


  Startpoint: inp_a[4] (input port clocked by clk)
  Endpoint: prod_reg[26]
            (rising edge-triggered flip-flop clocked by clk)
  Path Group: clk
  Path Type: max

  Des/Clust/Port     Wire Load Model       Library
  ------------------------------------------------
  mult               ZeroWireload          N16ADFP_StdCelltt0p8v25c

  Point                                    Incr       Path
  -----------------------------------------------------------
  clock clk (rise edge)                    0.00       0.00
  clock network delay (ideal)              0.00       0.00
  input external delay                     0.01       0.01 r
  inp_a[4] (in)                            0.00       0.01 r
  U98/ZN (XNR2D2BWP20P90)                  0.03       0.04 f
  U167/ZN (INVD4BWP20P90)                  0.01       0.05 r
  U168/ZN (CKND2BWP20P90)                  0.01       0.06 f
  U201/ZN (CKND2D8BWP20P90)                0.01       0.07 r
  U796/ZN (OAI22D1BWP20P90)                0.02       0.09 f
  U287/ZN (OAI21D1BWP20P90)                0.01       0.10 r
  U56/ZN (IOA21D1BWP20P90)                 0.02       0.12 f
  U816/S (FA1D1BWP20P90)                   0.05       0.17 r
  U52/ZN (OAI21D1BWP20P90)                 0.01       0.18 f
  U552/ZN (IOA21D1BWP20P90)                0.01       0.20 r
  U550/Z (XOR3D4BWP20P90)                  0.05       0.24 r
  U349/ZN (NR2D4BWP20P90)                  0.01       0.25 f
  U548/ZN (NR2D4BWP20P90)                  0.01       0.26 r
  U840/ZN (ND2D2BWP20P90)                  0.01       0.27 f
  U846/ZN (OAI21D4BWP20P90)                0.02       0.29 r
  U1074/ZN (AOI21D1BWP20P90)               0.02       0.30 f
  U1077/Z (XOR2D1BWP20P90)                 0.02       0.32 r
  prod_reg[26]/D (DFCNQD1BWP20P90)         0.00       0.32 r
  data arrival time                                   0.32

  clock clk (rise edge)                    0.34       0.34
  clock network delay (ideal)              0.00       0.34
  clock uncertainty                       -0.01       0.33
  prod_reg[26]/CP (DFCNQD1BWP20P90)        0.00       0.33 r
  library setup time                      -0.01       0.32
  data required time                                  0.32
  -----------------------------------------------------------
  data required time                                  0.32
  data arrival time                                  -0.32
  -----------------------------------------------------------
  slack (MET)                                         0.00


  Startpoint: inp_a[4] (input port clocked by clk)
  Endpoint: prod_reg[22]
            (rising edge-triggered flip-flop clocked by clk)
  Path Group: clk
  Path Type: max

  Des/Clust/Port     Wire Load Model       Library
  ------------------------------------------------
  mult               ZeroWireload          N16ADFP_StdCelltt0p8v25c

  Point                                    Incr       Path
  -----------------------------------------------------------
  clock clk (rise edge)                    0.00       0.00
  clock network delay (ideal)              0.00       0.00
  input external delay                     0.01       0.01 r
  inp_a[4] (in)                            0.00       0.01 r
  U98/ZN (XNR2D2BWP20P90)                  0.03       0.04 f
  U167/ZN (INVD4BWP20P90)                  0.01       0.05 r
  U168/ZN (CKND2BWP20P90)                  0.01       0.06 f
  U201/ZN (CKND2D8BWP20P90)                0.01       0.07 r
  U796/ZN (OAI22D1BWP20P90)                0.02       0.09 f
  U287/ZN (OAI21D1BWP20P90)                0.01       0.10 r
  U56/ZN (IOA21D1BWP20P90)                 0.02       0.12 f
  U816/S (FA1D1BWP20P90)                   0.05       0.17 r
  U52/ZN (OAI21D1BWP20P90)                 0.01       0.18 f
  U552/ZN (IOA21D1BWP20P90)                0.01       0.20 r
  U550/Z (XOR3D4BWP20P90)                  0.05       0.24 r
  U349/ZN (NR2D4BWP20P90)                  0.01       0.25 f
  U548/ZN (NR2D4BWP20P90)                  0.01       0.26 r
  U840/ZN (ND2D2BWP20P90)                  0.01       0.27 f
  U846/ZN (OAI21D4BWP20P90)                0.02       0.29 r
  U1055/ZN (AOI21D1BWP20P90)               0.02       0.30 f
  U1058/Z (XOR2D1BWP20P90)                 0.02       0.32 r
  prod_reg[22]/D (DFCNQD1BWP20P90)         0.00       0.32 r
  data arrival time                                   0.32

  clock clk (rise edge)                    0.34       0.34
  clock network delay (ideal)              0.00       0.34
  clock uncertainty                       -0.01       0.33
  prod_reg[22]/CP (DFCNQD1BWP20P90)        0.00       0.33 r
  library setup time                      -0.01       0.32
  data required time                                  0.32
  -----------------------------------------------------------
  data required time                                  0.32
  data arrival time                                  -0.32
  -----------------------------------------------------------
  slack (MET)                                         0.00


  Startpoint: inp_a[4] (input port clocked by clk)
  Endpoint: prod_reg[26]
            (rising edge-triggered flip-flop clocked by clk)
  Path Group: clk
  Path Type: max

  Des/Clust/Port     Wire Load Model       Library
  ------------------------------------------------
  mult               ZeroWireload          N16ADFP_StdCelltt0p8v25c

  Point                                    Incr       Path
  -----------------------------------------------------------
  clock clk (rise edge)                    0.00       0.00
  clock network delay (ideal)              0.00       0.00
  input external delay                     0.01       0.01 r
  inp_a[4] (in)                            0.00       0.01 r
  U98/ZN (XNR2D2BWP20P90)                  0.03       0.04 f
  U167/ZN (INVD4BWP20P90)                  0.01       0.05 r
  U168/ZN (CKND2BWP20P90)                  0.01       0.06 f
  U201/ZN (CKND2D8BWP20P90)                0.01       0.07 r
  U796/ZN (OAI22D1BWP20P90)                0.02       0.09 f
  U287/ZN (OAI21D1BWP20P90)                0.01       0.10 r
  U56/ZN (IOA21D1BWP20P90)                 0.02       0.12 f
  U816/S (FA1D1BWP20P90)                   0.05       0.17 r
  U52/ZN (OAI21D1BWP20P90)                 0.01       0.18 f
  U552/ZN (IOA21D1BWP20P90)                0.01       0.20 r
  U550/Z (XOR3D4BWP20P90)                  0.05       0.24 r
  U349/ZN (NR2D4BWP20P90)                  0.01       0.25 f
  U548/ZN (NR2D4BWP20P90)                  0.01       0.26 r
  U840/ZN (ND2D2BWP20P90)                  0.01       0.27 f
  U846/ZN (OAI21D4BWP20P90)                0.02       0.29 r
  U1074/ZN (AOI21D1BWP20P90)               0.02       0.30 f
  U1077/Z (XOR2D1BWP20P90)                 0.02       0.32 r
  prod_reg[26]/D (DFCNQD1BWP20P90)         0.00       0.32 r
  data arrival time                                   0.32

  clock clk (rise edge)                    0.34       0.34
  clock network delay (ideal)              0.00       0.34
  clock uncertainty                       -0.01       0.33
  prod_reg[26]/CP (DFCNQD1BWP20P90)        0.00       0.33 r
  library setup time                      -0.01       0.32
  data required time                                  0.32
  -----------------------------------------------------------
  data required time                                  0.32
  data arrival time                                  -0.32
  -----------------------------------------------------------
  slack (MET)                                         0.00


  Startpoint: inp_a[4] (input port clocked by clk)
  Endpoint: prod_reg[28]
            (rising edge-triggered flip-flop clocked by clk)
  Path Group: clk
  Path Type: max

  Des/Clust/Port     Wire Load Model       Library
  ------------------------------------------------
  mult               ZeroWireload          N16ADFP_StdCelltt0p8v25c

  Point                                    Incr       Path
  -----------------------------------------------------------
  clock clk (rise edge)                    0.00       0.00
  clock network delay (ideal)              0.00       0.00
  input external delay                     0.01       0.01 r
  inp_a[4] (in)                            0.00       0.01 r
  U98/ZN (XNR2D2BWP20P90)                  0.03       0.04 f
  U167/ZN (INVD4BWP20P90)                  0.01       0.05 r
  U168/ZN (CKND2BWP20P90)                  0.01       0.06 f
  U201/ZN (CKND2D8BWP20P90)                0.01       0.07 r
  U796/ZN (OAI22D1BWP20P90)                0.02       0.09 f
  U287/ZN (OAI21D1BWP20P90)                0.01       0.10 r
  U56/ZN (IOA21D1BWP20P90)                 0.02       0.12 f
  U816/S (FA1D1BWP20P90)                   0.05       0.17 r
  U52/ZN (OAI21D1BWP20P90)                 0.01       0.18 f
  U552/ZN (IOA21D1BWP20P90)                0.01       0.20 r
  U550/Z (XOR3D4BWP20P90)                  0.05       0.24 r
  U349/ZN (NR2D4BWP20P90)                  0.01       0.25 f
  U548/ZN (NR2D4BWP20P90)                  0.01       0.26 r
  U840/ZN (ND2D2BWP20P90)                  0.01       0.27 f
  U846/ZN (OAI21D4BWP20P90)                0.02       0.29 r
  U988/ZN (AOI21D1BWP20P90)                0.02       0.30 f
  U990/Z (XOR2D1BWP20P90)                  0.02       0.32 r
  prod_reg[28]/D (DFCNQD1BWP20P90)         0.00       0.32 r
  data arrival time                                   0.32

  clock clk (rise edge)                    0.34       0.34
  clock network delay (ideal)              0.00       0.34
  clock uncertainty                       -0.01       0.33
  prod_reg[28]/CP (DFCNQD1BWP20P90)        0.00       0.33 r
  library setup time                      -0.01       0.32
  data required time                                  0.32
  -----------------------------------------------------------
  data required time                                  0.32
  data arrival time                                  -0.32
  -----------------------------------------------------------
  slack (MET)                                         0.00


  Startpoint: inp_a[4] (input port clocked by clk)
  Endpoint: prod_reg[27]
            (rising edge-triggered flip-flop clocked by clk)
  Path Group: clk
  Path Type: max

  Des/Clust/Port     Wire Load Model       Library
  ------------------------------------------------
  mult               ZeroWireload          N16ADFP_StdCelltt0p8v25c

  Point                                    Incr       Path
  -----------------------------------------------------------
  clock clk (rise edge)                    0.00       0.00
  clock network delay (ideal)              0.00       0.00
  input external delay                     0.01       0.01 r
  inp_a[4] (in)                            0.00       0.01 r
  U98/ZN (XNR2D2BWP20P90)                  0.03       0.04 f
  U167/ZN (INVD4BWP20P90)                  0.01       0.05 r
  U168/ZN (CKND2BWP20P90)                  0.01       0.06 f
  U201/ZN (CKND2D8BWP20P90)                0.01       0.07 r
  U796/ZN (OAI22D1BWP20P90)                0.02       0.09 f
  U287/ZN (OAI21D1BWP20P90)                0.01       0.10 r
  U56/ZN (IOA21D1BWP20P90)                 0.02       0.12 f
  U816/S (FA1D1BWP20P90)                   0.05       0.17 r
  U52/ZN (OAI21D1BWP20P90)                 0.01       0.18 f
  U552/ZN (IOA21D1BWP20P90)                0.01       0.20 r
  U550/Z (XOR3D4BWP20P90)                  0.05       0.24 r
  U349/ZN (NR2D4BWP20P90)                  0.01       0.25 f
  U548/ZN (NR2D4BWP20P90)                  0.01       0.26 r
  U840/ZN (ND2D2BWP20P90)                  0.01       0.27 f
  U846/ZN (OAI21D4BWP20P90)                0.02       0.29 r
  U1033/ZN (AOI21D1BWP20P90)               0.02       0.30 f
  U1035/Z (XOR2D1BWP20P90)                 0.02       0.32 r
  prod_reg[27]/D (DFCNQD1BWP20P90)         0.00       0.32 r
  data arrival time                                   0.32

  clock clk (rise edge)                    0.34       0.34
  clock network delay (ideal)              0.00       0.34
  clock uncertainty                       -0.01       0.33
  prod_reg[27]/CP (DFCNQD1BWP20P90)        0.00       0.33 r
  library setup time                      -0.01       0.32
  data required time                                  0.32
  -----------------------------------------------------------
  data required time                                  0.32
  data arrival time                                  -0.32
  -----------------------------------------------------------
  slack (MET)                                         0.00


  Startpoint: inp_a[4] (input port clocked by clk)
  Endpoint: prod_reg[24]
            (rising edge-triggered flip-flop clocked by clk)
  Path Group: clk
  Path Type: max

  Des/Clust/Port     Wire Load Model       Library
  ------------------------------------------------
  mult               ZeroWireload          N16ADFP_StdCelltt0p8v25c

  Point                                    Incr       Path
  -----------------------------------------------------------
  clock clk (rise edge)                    0.00       0.00
  clock network delay (ideal)              0.00       0.00
  input external delay                     0.01       0.01 r
  inp_a[4] (in)                            0.00       0.01 r
  U98/ZN (XNR2D2BWP20P90)                  0.03       0.04 f
  U167/ZN (INVD4BWP20P90)                  0.01       0.05 r
  U168/ZN (CKND2BWP20P90)                  0.01       0.06 f
  U201/ZN (CKND2D8BWP20P90)                0.01       0.07 r
  U796/ZN (OAI22D1BWP20P90)                0.02       0.09 f
  U287/ZN (OAI21D1BWP20P90)                0.01       0.10 r
  U56/ZN (IOA21D1BWP20P90)                 0.02       0.12 f
  U816/S (FA1D1BWP20P90)                   0.05       0.17 r
  U52/ZN (OAI21D1BWP20P90)                 0.01       0.18 f
  U552/ZN (IOA21D1BWP20P90)                0.01       0.20 r
  U550/Z (XOR3D4BWP20P90)                  0.05       0.24 r
  U349/ZN (NR2D4BWP20P90)                  0.01       0.25 f
  U548/ZN (NR2D4BWP20P90)                  0.01       0.26 r
  U840/ZN (ND2D2BWP20P90)                  0.01       0.27 f
  U846/ZN (OAI21D4BWP20P90)                0.02       0.29 r
  U1061/ZN (AOI21D1BWP20P90)               0.02       0.30 f
  U1063/Z (XOR2D1BWP20P90)                 0.02       0.32 r
  prod_reg[24]/D (DFCNQD1BWP20P90)         0.00       0.32 r
  data arrival time                                   0.32

  clock clk (rise edge)                    0.34       0.34
  clock network delay (ideal)              0.00       0.34
  clock uncertainty                       -0.01       0.33
  prod_reg[24]/CP (DFCNQD1BWP20P90)        0.00       0.33 r
  library setup time                      -0.01       0.32
  data required time                                  0.32
  -----------------------------------------------------------
  data required time                                  0.32
  data arrival time                                  -0.32
  -----------------------------------------------------------
  slack (MET)                                         0.00


1
