 
****************************************
Report : timing
        -path full
        -delay max
        -nworst 100
        -max_paths 100
Design : mult
Version: V-2023.12-SP5
Date   : Tue Sep 22 17:37:17 2026
****************************************

Operating Conditions: tt0p8v25c   Library: N16ADFP_StdCelltt0p8v25c
Wire Load Model Mode: segmented

  Startpoint: inp_a[9] (input port clocked by clk)
  Endpoint: prod_reg[31]
            (rising edge-triggered flip-flop clocked by clk)
  Path Group: clk
  Path Type: max

  Des/Clust/Port     Wire Load Model       Library
  ------------------------------------------------
  mult               ZeroWireload          N16ADFP_StdCelltt0p8v25c

  Point                                    Incr       Path
  -----------------------------------------------------------
  clock clk (rise edge)                    0.00       0.00
  clock network delay (ideal)              0.00       0.00
  input external delay                     0.01       0.01 r
  inp_a[9] (in)                            0.00       0.01 r
  U114/Z (CKBD1BWP20P90)                   0.02       0.03 r
  U106/Z (XOR2D1BWP20P90)                  0.02       0.06 f
  U107/ZN (INVD1BWP20P90)                  0.01       0.07 r
  U63/ZN (ND2D2BWP20P90)                   0.01       0.08 f
  U84/ZN (CKND2BWP20P90)                   0.01       0.08 r
  U41/ZN (INVD1BWP20P90)                   0.02       0.10 f
  U498/ZN (OAI22D1BWP20P90)                0.02       0.13 r
  U513/S (FA1D1BWP20P90)                   0.05       0.18 f
  U530/CO (FA1D2BWP20P90)                  0.03       0.21 f
  U542/S (FA1D1BWP20P90)                   0.05       0.25 r
  U551/S (FA1D1BWP20P90)                   0.04       0.30 f
  U532/ZN (NR2D1BWP20P90)                  0.01       0.31 r
  U575/ZN (OAI21D1BWP20P90)                0.01       0.33 f
  U124/ZN (AOI21D1BWP20P90)                0.02       0.34 r
  U680/ZN (OAI21D1BWP20P90)                0.01       0.36 f
  U681/ZN (AOI21D1BWP20P90)                0.01       0.37 r
  U690/ZN (OAI21D1BWP20P90)                0.01       0.38 f
  U698/ZN (XNR2D1BWP20P90)                 0.02       0.40 r
  prod_reg[31]/D (DFCNQD2BWP20P90)         0.00       0.40 r
  data arrival time                                   0.40

  clock clk (rise edge)                    0.42       0.42
  clock network delay (ideal)              0.00       0.42
  clock uncertainty                       -0.01       0.41
  prod_reg[31]/CP (DFCNQD2BWP20P90)        0.00       0.41 r
  library setup time                      -0.01       0.40
  data required time                                  0.40
  -----------------------------------------------------------
  data required time                                  0.40
  data arrival time                                  -0.40
  -----------------------------------------------------------
  slack (MET)                                         0.00


  Startpoint: inp_a[3] (input port clocked by clk)
  Endpoint: prod_reg[24]
            (rising edge-triggered flip-flop clocked by clk)
  Path Group: clk
  Path Type: max

  Des/Clust/Port     Wire Load Model       Library
  ------------------------------------------------
  mult               ZeroWireload          N16ADFP_StdCelltt0p8v25c

  Point                                    Incr       Path
  -----------------------------------------------------------
  clock clk (rise edge)                    0.00       0.00
  clock network delay (ideal)              0.00       0.00
  input external delay                     0.01       0.01 r
  inp_a[3] (in)                            0.01       0.02 r
  U94/Z (CKBD1BWP20P90)                    0.04       0.05 r
  U67/Z (XOR2D1BWP20P90)                   0.03       0.08 f
  U99/ZN (ND2D4BWP20P90)                   0.01       0.10 r
  U136/ZN (OAI22D1BWP20P90)                0.02       0.11 f
  U194/CO (FA1D1BWP20P90)                  0.04       0.15 f
  U193/S (FA1D1BWP20P90)                   0.05       0.20 r
  U231/S (FA1D1BWP20P90)                   0.05       0.25 f
  U258/S (FA1D1BWP20P90)                   0.05       0.30 r
  U286/ZN (NR2D1BWP20P90)                  0.01       0.31 f
  U305/ZN (NR2D1BWP20P90)                  0.01       0.32 r
  U54/ZN (ND2D1BWP20P90)                   0.01       0.33 f
  U489/ZN (OAI21D2BWP20P90)                0.02       0.35 r
  U580/ZN (AOI21D2BWP20P90)                0.02       0.37 f
  U712/Z (CKBD1BWP20P90)                   0.01       0.38 f
  U52/Z (XOR2D1BWP20P90)                   0.02       0.40 r
  prod_reg[24]/D (DFCNQD2BWP20P90)         0.00       0.40 r
  data arrival time                                   0.40

  clock clk (rise edge)                    0.42       0.42
  clock network delay (ideal)              0.00       0.42
  clock uncertainty                       -0.01       0.41
  prod_reg[24]/CP (DFCNQD2BWP20P90)        0.00       0.41 r
  library setup time                      -0.01       0.40
  data required time                                  0.40
  -----------------------------------------------------------
  data required time                                  0.40
  data arrival time                                  -0.40
  -----------------------------------------------------------
  slack (MET)                                         0.00


  Startpoint: inp_a[3] (input port clocked by clk)
  Endpoint: prod_reg[26]
            (rising edge-triggered flip-flop clocked by clk)
  Path Group: clk
  Path Type: max

  Des/Clust/Port     Wire Load Model       Library
  ------------------------------------------------
  mult               ZeroWireload          N16ADFP_StdCelltt0p8v25c

  Point                                    Incr       Path
  -----------------------------------------------------------
  clock clk (rise edge)                    0.00       0.00
  clock network delay (ideal)              0.00       0.00
  input external delay                     0.01       0.01 r
  inp_a[3] (in)                            0.01       0.02 r
  U94/Z (CKBD1BWP20P90)                    0.04       0.05 r
  U67/Z (XOR2D1BWP20P90)                   0.03       0.08 f
  U99/ZN (ND2D4BWP20P90)                   0.01       0.10 r
  U136/ZN (OAI22D1BWP20P90)                0.02       0.11 f
  U194/CO (FA1D1BWP20P90)                  0.04       0.15 f
  U193/S (FA1D1BWP20P90)                   0.05       0.20 r
  U231/S (FA1D1BWP20P90)                   0.05       0.25 f
  U258/S (FA1D1BWP20P90)                   0.05       0.30 r
  U286/ZN (NR2D1BWP20P90)                  0.01       0.31 f
  U305/ZN (NR2D1BWP20P90)                  0.01       0.32 r
  U54/ZN (ND2D1BWP20P90)                   0.01       0.33 f
  U489/ZN (OAI21D2BWP20P90)                0.02       0.35 r
  U708/ZN (AOI21D2BWP20P90)                0.02       0.37 f
  U709/Z (CKBD1BWP20P90)                   0.01       0.38 f
  U51/Z (XOR2D1BWP20P90)                   0.02       0.40 r
  prod_reg[26]/D (DFCNQD2BWP20P90)         0.00       0.40 r
  data arrival time                                   0.40

  clock clk (rise edge)                    0.42       0.42
  clock network delay (ideal)              0.00       0.42
  clock uncertainty                       -0.01       0.41
  prod_reg[26]/CP (DFCNQD2BWP20P90)        0.00       0.41 r
  library setup time                      -0.01       0.40
  data required time                                  0.40
  -----------------------------------------------------------
  data required time                                  0.40
  data arrival time                                  -0.40
  -----------------------------------------------------------
  slack (MET)                                         0.00


  Startpoint: inp_a[9] (input port clocked by clk)
  Endpoint: prod_reg[31]
            (rising edge-triggered flip-flop clocked by clk)
  Path Group: clk
  Path Type: max

  Des/Clust/Port     Wire Load Model       Library
  ------------------------------------------------
  mult               ZeroWireload          N16ADFP_StdCelltt0p8v25c

  Point                                    Incr       Path
  -----------------------------------------------------------
  clock clk (rise edge)                    0.00       0.00
  clock network delay (ideal)              0.00       0.00
  input external delay                     0.01       0.01 r
  inp_a[9] (in)                            0.00       0.01 r
  U114/Z (CKBD1BWP20P90)                   0.02       0.03 r
  U106/Z (XOR2D1BWP20P90)                  0.02       0.06 f
  U107/ZN (INVD1BWP20P90)                  0.01       0.07 r
  U63/ZN (ND2D2BWP20P90)                   0.01       0.08 f
  U84/ZN (CKND2BWP20P90)                   0.01       0.08 r
  U41/ZN (INVD1BWP20P90)                   0.02       0.10 f
  U498/ZN (OAI22D1BWP20P90)                0.02       0.13 r
  U513/S (FA1D1BWP20P90)                   0.05       0.18 f
  U530/CO (FA1D2BWP20P90)                  0.03       0.21 f
  U542/S (FA1D1BWP20P90)                   0.05       0.25 r
  U551/S (FA1D1BWP20P90)                   0.04       0.30 f
  U532/ZN (NR2D1BWP20P90)                  0.01       0.31 r
  U575/ZN (OAI21D1BWP20P90)                0.01       0.33 f
  U124/ZN (AOI21D1BWP20P90)                0.02       0.34 r
  U680/ZN (OAI21D1BWP20P90)                0.01       0.36 f
  U681/ZN (AOI21D1BWP20P90)                0.01       0.37 r
  U690/ZN (OAI21D1BWP20P90)                0.01       0.38 f
  U698/ZN (XNR2D1BWP20P90)                 0.02       0.40 r
  prod_reg[31]/D (DFCNQD2BWP20P90)         0.00       0.40 r
  data arrival time                                   0.40

  clock clk (rise edge)                    0.42       0.42
  clock network delay (ideal)              0.00       0.42
  clock uncertainty                       -0.01       0.41
  prod_reg[31]/CP (DFCNQD2BWP20P90)        0.00       0.41 r
  library setup time                      -0.01       0.40
  data required time                                  0.40
  -----------------------------------------------------------
  data required time                                  0.40
  data arrival time                                  -0.40
  -----------------------------------------------------------
  slack (MET)                                         0.00


  Startpoint: inp_a[3] (input port clocked by clk)
  Endpoint: prod_reg[28]
            (rising edge-triggered flip-flop clocked by clk)
  Path Group: clk
  Path Type: max

  Des/Clust/Port     Wire Load Model       Library
  ------------------------------------------------
  mult               ZeroWireload          N16ADFP_StdCelltt0p8v25c

  Point                                    Incr       Path
  -----------------------------------------------------------
  clock clk (rise edge)                    0.00       0.00
  clock network delay (ideal)              0.00       0.00
  input external delay                     0.01       0.01 r
  inp_a[3] (in)                            0.01       0.02 r
  U94/Z (CKBD1BWP20P90)                    0.04       0.05 r
  U67/Z (XOR2D1BWP20P90)                   0.03       0.08 f
  U99/ZN (ND2D4BWP20P90)                   0.01       0.10 r
  U136/ZN (OAI22D1BWP20P90)                0.02       0.11 f
  U194/CO (FA1D1BWP20P90)                  0.04       0.15 f
  U193/S (FA1D1BWP20P90)                   0.05       0.20 r
  U231/S (FA1D1BWP20P90)                   0.05       0.25 f
  U258/S (FA1D1BWP20P90)                   0.05       0.30 r
  U286/ZN (NR2D1BWP20P90)                  0.01       0.31 f
  U305/ZN (NR2D1BWP20P90)                  0.01       0.32 r
  U54/ZN (ND2D1BWP20P90)                   0.01       0.33 f
  U489/ZN (OAI21D2BWP20P90)                0.02       0.35 r
  U708/ZN (AOI21D2BWP20P90)                0.02       0.37 f
  U785/ZN (OAI21D1BWP20P90)                0.01       0.38 r
  U787/ZN (XNR2D1BWP20P90)                 0.02       0.40 r
  prod_reg[28]/D (DFCNQD2BWP20P90)         0.00       0.40 r
  data arrival time                                   0.40

  clock clk (rise edge)                    0.42       0.42
  clock network delay (ideal)              0.00       0.42
  clock uncertainty                       -0.01       0.41
  prod_reg[28]/CP (DFCNQD2BWP20P90)        0.00       0.41 r
  library setup time                      -0.01       0.40
  data required time                                  0.40
  -----------------------------------------------------------
  data required time                                  0.40
  data arrival time                                  -0.40
  -----------------------------------------------------------
  slack (MET)                                         0.00


  Startpoint: inp_a[3] (input port clocked by clk)
  Endpoint: prod_reg[25]
            (rising edge-triggered flip-flop clocked by clk)
  Path Group: clk
  Path Type: max

  Des/Clust/Port     Wire Load Model       Library
  ------------------------------------------------
  mult               ZeroWireload          N16ADFP_StdCelltt0p8v25c

  Point                                    Incr       Path
  -----------------------------------------------------------
  clock clk (rise edge)                    0.00       0.00
  clock network delay (ideal)              0.00       0.00
  input external delay                     0.01       0.01 r
  inp_a[3] (in)                            0.01       0.02 r
  U94/Z (CKBD1BWP20P90)                    0.04       0.05 r
  U67/Z (XOR2D1BWP20P90)                   0.03       0.08 f
  U99/ZN (ND2D4BWP20P90)                   0.01       0.10 r
  U136/ZN (OAI22D1BWP20P90)                0.02       0.11 f
  U194/CO (FA1D1BWP20P90)                  0.04       0.15 f
  U193/S (FA1D1BWP20P90)                   0.05       0.20 r
  U231/S (FA1D1BWP20P90)                   0.05       0.25 f
  U258/S (FA1D1BWP20P90)                   0.05       0.30 r
  U286/ZN (NR2D1BWP20P90)                  0.01       0.31 f
  U305/ZN (NR2D1BWP20P90)                  0.01       0.32 r
  U54/ZN (ND2D1BWP20P90)                   0.01       0.33 f
  U489/ZN (OAI21D2BWP20P90)                0.02       0.35 r
  U580/ZN (AOI21D2BWP20P90)                0.02       0.37 f
  U792/ZN (OAI21D1BWP20P90)                0.01       0.38 r
  U794/ZN (XNR2D1BWP20P90)                 0.02       0.40 r
  prod_reg[25]/D (DFCNQD2BWP20P90)         0.00       0.40 r
  data arrival time                                   0.40

  clock clk (rise edge)                    0.42       0.42
  clock network delay (ideal)              0.00       0.42
  clock uncertainty                       -0.01       0.41
  prod_reg[25]/CP (DFCNQD2BWP20P90)        0.00       0.41 r
  library setup time                      -0.01       0.40
  data required time                                  0.40
  -----------------------------------------------------------
  data required time                                  0.40
  data arrival time                                  -0.40
  -----------------------------------------------------------
  slack (MET)                                         0.00


  Startpoint: inp_a[3] (input port clocked by clk)
  Endpoint: prod_reg[29]
            (rising edge-triggered flip-flop clocked by clk)
  Path Group: clk
  Path Type: max

  Des/Clust/Port     Wire Load Model       Library
  ------------------------------------------------
  mult               ZeroWireload          N16ADFP_StdCelltt0p8v25c

  Point                                    Incr       Path
  -----------------------------------------------------------
  clock clk (rise edge)                    0.00       0.00
  clock network delay (ideal)              0.00       0.00
  input external delay                     0.01       0.01 r
  inp_a[3] (in)                            0.01       0.02 r
  U94/Z (CKBD1BWP20P90)                    0.04       0.05 r
  U67/Z (XOR2D1BWP20P90)                   0.03       0.08 f
  U99/ZN (ND2D4BWP20P90)                   0.01       0.10 r
  U136/ZN (OAI22D1BWP20P90)                0.02       0.11 f
  U194/CO (FA1D1BWP20P90)                  0.04       0.15 f
  U193/S (FA1D1BWP20P90)                   0.05       0.20 r
  U231/S (FA1D1BWP20P90)                   0.05       0.25 f
  U258/S (FA1D1BWP20P90)                   0.05       0.30 r
  U286/ZN (NR2D1BWP20P90)                  0.01       0.31 f
  U305/ZN (NR2D1BWP20P90)                  0.01       0.32 r
  U54/ZN (ND2D1BWP20P90)                   0.01       0.33 f
  U489/ZN (OAI21D2BWP20P90)                0.02       0.35 r
  U580/ZN (AOI21D2BWP20P90)                0.02       0.37 f
  U664/ZN (OAI21D1BWP20P90)                0.01       0.38 r
  U675/ZN (XNR2D1BWP20P90)                 0.02       0.40 r
  prod_reg[29]/D (DFCNQD2BWP20P90)         0.00       0.40 r
  data arrival time                                   0.40

  clock clk (rise edge)                    0.42       0.42
  clock network delay (ideal)              0.00       0.42
  clock uncertainty                       -0.01       0.41
  prod_reg[29]/CP (DFCNQD2BWP20P90)        0.00       0.41 r
  library setup time                      -0.01       0.40
  data required time                                  0.40
  -----------------------------------------------------------
  data required time                                  0.40
  data arrival time                                  -0.40
  -----------------------------------------------------------
  slack (MET)                                         0.00


  Startpoint: inp_a[3] (input port clocked by clk)
  Endpoint: prod_reg[27]
            (rising edge-triggered flip-flop clocked by clk)
  Path Group: clk
  Path Type: max

  Des/Clust/Port     Wire Load Model       Library
  ------------------------------------------------
  mult               ZeroWireload          N16ADFP_StdCelltt0p8v25c

  Point                                    Incr       Path
  -----------------------------------------------------------
  clock clk (rise edge)                    0.00       0.00
  clock network delay (ideal)              0.00       0.00
  input external delay                     0.01       0.01 r
  inp_a[3] (in)                            0.01       0.02 r
  U94/Z (CKBD1BWP20P90)                    0.04       0.05 r
  U67/Z (XOR2D1BWP20P90)                   0.03       0.08 f
  U99/ZN (ND2D4BWP20P90)                   0.01       0.10 r
  U136/ZN (OAI22D1BWP20P90)                0.02       0.11 f
  U194/CO (FA1D1BWP20P90)                  0.04       0.15 f
  U193/S (FA1D1BWP20P90)                   0.05       0.20 r
  U231/S (FA1D1BWP20P90)                   0.05       0.25 f
  U258/S (FA1D1BWP20P90)                   0.05       0.30 r
  U286/ZN (NR2D1BWP20P90)                  0.01       0.31 f
  U305/ZN (NR2D1BWP20P90)                  0.01       0.32 r
  U54/ZN (ND2D1BWP20P90)                   0.01       0.33 f
  U489/ZN (OAI21D2BWP20P90)                0.02       0.35 r
  U708/ZN (AOI21D2BWP20P90)                0.02       0.37 f
  U788/ZN (OAI21D1BWP20P90)                0.01       0.38 r
  U791/ZN (XNR2D1BWP20P90)                 0.02       0.40 r
  prod_reg[27]/D (DFCNQD2BWP20P90)         0.00       0.40 r
  data arrival time                                   0.40

  clock clk (rise edge)                    0.42       0.42
  clock network delay (ideal)              0.00       0.42
  clock uncertainty                       -0.01       0.41
  prod_reg[27]/CP (DFCNQD2BWP20P90)        0.00       0.41 r
  library setup time                      -0.01       0.40
  data required time                                  0.40
  -----------------------------------------------------------
  data required time                                  0.40
  data arrival time                                  -0.40
  -----------------------------------------------------------
  slack (MET)                                         0.00


  Startpoint: inp_a[3] (input port clocked by clk)
  Endpoint: prod_reg[22]
            (rising edge-triggered flip-flop clocked by clk)
  Path Group: clk
  Path Type: max

  Des/Clust/Port     Wire Load Model       Library
  ------------------------------------------------
  mult               ZeroWireload          N16ADFP_StdCelltt0p8v25c

  Point                                    Incr       Path
  -----------------------------------------------------------
  clock clk (rise edge)                    0.00       0.00
  clock network delay (ideal)              0.00       0.00
  input external delay                     0.01       0.01 r
  inp_a[3] (in)                            0.01       0.02 r
  U94/Z (CKBD1BWP20P90)                    0.04       0.05 r
  U67/Z (XOR2D1BWP20P90)                   0.03       0.08 f
  U99/ZN (ND2D4BWP20P90)                   0.01       0.10 r
  U136/ZN (OAI22D1BWP20P90)                0.02       0.11 f
  U194/CO (FA1D1BWP20P90)                  0.04       0.15 f
  U193/S (FA1D1BWP20P90)                   0.05       0.20 r
  U231/S (FA1D1BWP20P90)                   0.05       0.25 f
  U258/S (FA1D1BWP20P90)                   0.05       0.30 r
  U286/ZN (NR2D1BWP20P90)                  0.01       0.31 f
  U305/ZN (NR2D1BWP20P90)                  0.01       0.32 r
  U54/ZN (ND2D1BWP20P90)                   0.01       0.33 f
  U489/ZN (OAI21D2BWP20P90)                0.02       0.35 r
  U699/ZN (AOI21D1BWP20P90)                0.02       0.37 f
  U129/Z (CKBD1BWP20P90)                   0.01       0.38 f
  U53/Z (XOR2D1BWP20P90)                   0.02       0.40 r
  prod_reg[22]/D (DFCNQD2BWP20P90)         0.00       0.40 r
  data arrival time                                   0.40

  clock clk (rise edge)                    0.42       0.42
  clock network delay (ideal)              0.00       0.42
  clock uncertainty                       -0.01       0.41
  prod_reg[22]/CP (DFCNQD2BWP20P90)        0.00       0.41 r
  library setup time                      -0.01       0.40
  data required time                                  0.40
  -----------------------------------------------------------
  data required time                                  0.40
  data arrival time                                  -0.40
  -----------------------------------------------------------
  slack (MET)                                         0.00


  Startpoint: inp_a[3] (input port clocked by clk)
  Endpoint: prod_reg[30]
            (rising edge-triggered flip-flop clocked by clk)
  Path Group: clk
  Path Type: max

  Des/Clust/Port     Wire Load Model       Library
  ------------------------------------------------
  mult               ZeroWireload          N16ADFP_StdCelltt0p8v25c

  Point                                    Incr       Path
  -----------------------------------------------------------
  clock clk (rise edge)                    0.00       0.00
  clock network delay (ideal)              0.00       0.00
  input external delay                     0.01       0.01 r
  inp_a[3] (in)                            0.01       0.02 r
  U94/Z (CKBD1BWP20P90)                    0.04       0.05 r
  U67/Z (XOR2D1BWP20P90)                   0.03       0.08 f
  U99/ZN (ND2D4BWP20P90)                   0.01       0.10 r
  U136/ZN (OAI22D1BWP20P90)                0.02       0.11 f
  U194/CO (FA1D1BWP20P90)                  0.04       0.15 f
  U193/S (FA1D1BWP20P90)                   0.05       0.20 r
  U231/S (FA1D1BWP20P90)                   0.05       0.25 f
  U258/S (FA1D1BWP20P90)                   0.05       0.30 r
  U286/ZN (NR2D1BWP20P90)                  0.01       0.31 f
  U305/ZN (NR2D1BWP20P90)                  0.01       0.32 r
  U54/ZN (ND2D1BWP20P90)                   0.01       0.33 f
  U489/ZN (OAI21D2BWP20P90)                0.02       0.35 r
  U681/ZN (AOI21D1BWP20P90)                0.02       0.37 f
  U130/Z (CKBD1BWP20P90)                   0.01       0.38 f
  U50/Z (XOR2D1BWP20P90)                   0.02       0.40 r
  prod_reg[30]/D (DFCNQD2BWP20P90)         0.00       0.40 r
  data arrival time                                   0.40

  clock clk (rise edge)                    0.42       0.42
  clock network delay (ideal)              0.00       0.42
  clock uncertainty                       -0.01       0.41
  prod_reg[30]/CP (DFCNQD2BWP20P90)        0.00       0.41 r
  library setup time                      -0.01       0.40
  data required time                                  0.40
  -----------------------------------------------------------
  data required time                                  0.40
  data arrival time                                  -0.40
  -----------------------------------------------------------
  slack (MET)                                         0.00


  Startpoint: inp_a[9] (input port clocked by clk)
  Endpoint: prod_reg[31]
            (rising edge-triggered flip-flop clocked by clk)
  Path Group: clk
  Path Type: max

  Des/Clust/Port     Wire Load Model       Library
  ------------------------------------------------
  mult               ZeroWireload          N16ADFP_StdCelltt0p8v25c

  Point                                    Incr       Path
  -----------------------------------------------------------
  clock clk (rise edge)                    0.00       0.00
  clock network delay (ideal)              0.00       0.00
  input external delay                     0.01       0.01 r
  inp_a[9] (in)                            0.00       0.01 r
  U114/Z (CKBD1BWP20P90)                   0.02       0.03 r
  U106/Z (XOR2D1BWP20P90)                  0.02       0.06 f
  U107/ZN (INVD1BWP20P90)                  0.01       0.07 r
  U63/ZN (ND2D2BWP20P90)                   0.01       0.08 f
  U84/ZN (CKND2BWP20P90)                   0.01       0.08 r
  U41/ZN (INVD1BWP20P90)                   0.02       0.10 f
  U498/ZN (OAI22D1BWP20P90)                0.02       0.13 r
  U513/S (FA1D1BWP20P90)                   0.05       0.18 f
  U530/CO (FA1D2BWP20P90)                  0.03       0.20 f
  U542/S (FA1D1BWP20P90)                   0.05       0.25 r
  U551/S (FA1D1BWP20P90)                   0.04       0.30 f
  U532/ZN (NR2D1BWP20P90)                  0.01       0.31 r
  U575/ZN (OAI21D1BWP20P90)                0.01       0.33 f
  U124/ZN (AOI21D1BWP20P90)                0.02       0.34 r
  U680/ZN (OAI21D1BWP20P90)                0.01       0.36 f
  U681/ZN (AOI21D1BWP20P90)                0.01       0.37 r
  U690/ZN (OAI21D1BWP20P90)                0.01       0.38 f
  U698/ZN (XNR2D1BWP20P90)                 0.02       0.40 r
  prod_reg[31]/D (DFCNQD2BWP20P90)         0.00       0.40 r
  data arrival time                                   0.40

  clock clk (rise edge)                    0.42       0.42
  clock network delay (ideal)              0.00       0.42
  clock uncertainty                       -0.01       0.41
  prod_reg[31]/CP (DFCNQD2BWP20P90)        0.00       0.41 r
  library setup time                      -0.01       0.40
  data required time                                  0.40
  -----------------------------------------------------------
  data required time                                  0.40
  data arrival time                                  -0.40
  -----------------------------------------------------------
  slack (MET)                                         0.00


  Startpoint: inp_a[9] (input port clocked by clk)
  Endpoint: prod_reg[31]
            (rising edge-triggered flip-flop clocked by clk)
  Path Group: clk
  Path Type: max

  Des/Clust/Port     Wire Load Model       Library
  ------------------------------------------------
  mult               ZeroWireload          N16ADFP_StdCelltt0p8v25c

  Point                                    Incr       Path
  -----------------------------------------------------------
  clock clk (rise edge)                    0.00       0.00
  clock network delay (ideal)              0.00       0.00
  input external delay                     0.01       0.01 r
  inp_a[9] (in)                            0.00       0.01 r
  U114/Z (CKBD1BWP20P90)                   0.02       0.03 r
  U106/Z (XOR2D1BWP20P90)                  0.02       0.06 f
  U107/ZN (INVD1BWP20P90)                  0.01       0.07 r
  U63/ZN (ND2D2BWP20P90)                   0.01       0.08 f
  U84/ZN (CKND2BWP20P90)                   0.01       0.08 r
  U41/ZN (INVD1BWP20P90)                   0.02       0.10 f
  U498/ZN (OAI22D1BWP20P90)                0.02       0.12 r
  U513/S (FA1D1BWP20P90)                   0.05       0.18 f
  U530/CO (FA1D2BWP20P90)                  0.03       0.20 f
  U542/S (FA1D1BWP20P90)                   0.05       0.25 r
  U551/S (FA1D1BWP20P90)                   0.04       0.30 f
  U532/ZN (NR2D1BWP20P90)                  0.01       0.31 r
  U575/ZN (OAI21D1BWP20P90)                0.01       0.33 f
  U124/ZN (AOI21D1BWP20P90)                0.02       0.34 r
  U680/ZN (OAI21D1BWP20P90)                0.01       0.36 f
  U681/ZN (AOI21D1BWP20P90)                0.01       0.37 r
  U690/ZN (OAI21D1BWP20P90)                0.01       0.38 f
  U698/ZN (XNR2D1BWP20P90)                 0.02       0.40 r
  prod_reg[31]/D (DFCNQD2BWP20P90)         0.00       0.40 r
  data arrival time                                   0.40

  clock clk (rise edge)                    0.42       0.42
  clock network delay (ideal)              0.00       0.42
  clock uncertainty                       -0.01       0.41
  prod_reg[31]/CP (DFCNQD2BWP20P90)        0.00       0.41 r
  library setup time                      -0.01       0.40
  data required time                                  0.40
  -----------------------------------------------------------
  data required time                                  0.40
  data arrival time                                  -0.40
  -----------------------------------------------------------
  slack (MET)                                         0.00


  Startpoint: inp_a[3] (input port clocked by clk)
  Endpoint: prod_reg[23]
            (rising edge-triggered flip-flop clocked by clk)
  Path Group: clk
  Path Type: max

  Des/Clust/Port     Wire Load Model       Library
  ------------------------------------------------
  mult               ZeroWireload          N16ADFP_StdCelltt0p8v25c

  Point                                    Incr       Path
  -----------------------------------------------------------
  clock clk (rise edge)                    0.00       0.00
  clock network delay (ideal)              0.00       0.00
  input external delay                     0.01       0.01 r
  inp_a[3] (in)                            0.01       0.02 r
  U94/Z (CKBD1BWP20P90)                    0.04       0.05 r
  U67/Z (XOR2D1BWP20P90)                   0.03       0.08 f
  U99/ZN (ND2D4BWP20P90)                   0.01       0.10 r
  U136/ZN (OAI22D1BWP20P90)                0.02       0.11 f
  U194/CO (FA1D1BWP20P90)                  0.04       0.15 f
  U193/S (FA1D1BWP20P90)                   0.05       0.20 r
  U231/S (FA1D1BWP20P90)                   0.05       0.25 f
  U258/S (FA1D1BWP20P90)                   0.05       0.30 r
  U286/ZN (NR2D1BWP20P90)                  0.01       0.31 f
  U305/ZN (NR2D1BWP20P90)                  0.01       0.32 r
  U54/ZN (ND2D1BWP20P90)                   0.01       0.33 f
  U489/ZN (OAI21D2BWP20P90)                0.02       0.35 r
  U699/ZN (AOI21D1BWP20P90)                0.02       0.37 f
  U700/ZN (OAI21D1BWP20P90)                0.01       0.38 r
  U703/ZN (XNR2D1BWP20P90)                 0.02       0.40 r
  prod_reg[23]/D (DFCNQD2BWP20P90)         0.00       0.40 r
  data arrival time                                   0.40

  clock clk (rise edge)                    0.42       0.42
  clock network delay (ideal)              0.00       0.42
  clock uncertainty                       -0.01       0.41
  prod_reg[23]/CP (DFCNQD2BWP20P90)        0.00       0.41 r
  library setup time                      -0.01       0.40
  data required time                                  0.40
  -----------------------------------------------------------
  data required time                                  0.40
  data arrival time                                  -0.40
  -----------------------------------------------------------
  slack (MET)                                         0.00


  Startpoint: inp_a[3] (input port clocked by clk)
  Endpoint: prod_reg[31]
            (rising edge-triggered flip-flop clocked by clk)
  Path Group: clk
  Path Type: max

  Des/Clust/Port     Wire Load Model       Library
  ------------------------------------------------
  mult               ZeroWireload          N16ADFP_StdCelltt0p8v25c

  Point                                    Incr       Path
  -----------------------------------------------------------
  clock clk (rise edge)                    0.00       0.00
  clock network delay (ideal)              0.00       0.00
  input external delay                     0.01       0.01 r
  inp_a[3] (in)                            0.01       0.02 r
  U94/Z (CKBD1BWP20P90)                    0.04       0.05 r
  U67/Z (XOR2D1BWP20P90)                   0.03       0.08 f
  U99/ZN (ND2D4BWP20P90)                   0.01       0.10 r
  U136/ZN (OAI22D1BWP20P90)                0.02       0.11 f
  U194/CO (FA1D1BWP20P90)                  0.04       0.15 f
  U193/S (FA1D1BWP20P90)                   0.05       0.20 r
  U231/S (FA1D1BWP20P90)                   0.05       0.25 f
  U258/S (FA1D1BWP20P90)                   0.05       0.30 r
  U286/ZN (NR2D1BWP20P90)                  0.01       0.31 f
  U305/ZN (NR2D1BWP20P90)                  0.01       0.32 r
  U54/ZN (ND2D1BWP20P90)                   0.01       0.33 f
  U489/ZN (OAI21D2BWP20P90)                0.02       0.35 r
  U681/ZN (AOI21D1BWP20P90)                0.02       0.37 f
  U690/ZN (OAI21D1BWP20P90)                0.01       0.38 r
  U698/ZN (XNR2D1BWP20P90)                 0.02       0.40 r
  prod_reg[31]/D (DFCNQD2BWP20P90)         0.00       0.40 r
  data arrival time                                   0.40

  clock clk (rise edge)                    0.42       0.42
  clock network delay (ideal)              0.00       0.42
  clock uncertainty                       -0.01       0.41
  prod_reg[31]/CP (DFCNQD2BWP20P90)        0.00       0.41 r
  library setup time                      -0.01       0.40
  data required time                                  0.40
  -----------------------------------------------------------
  data required time                                  0.40
  data arrival time                                  -0.40
  -----------------------------------------------------------
  slack (MET)                                         0.00


  Startpoint: inp_a[3] (input port clocked by clk)
  Endpoint: prod_reg[24]
            (rising edge-triggered flip-flop clocked by clk)
  Path Group: clk
  Path Type: max

  Des/Clust/Port     Wire Load Model       Library
  ------------------------------------------------
  mult               ZeroWireload          N16ADFP_StdCelltt0p8v25c

  Point                                    Incr       Path
  -----------------------------------------------------------
  clock clk (rise edge)                    0.00       0.00
  clock network delay (ideal)              0.00       0.00
  input external delay                     0.01       0.01 f
  inp_a[3] (in)                            0.01       0.02 f
  U94/Z (CKBD1BWP20P90)                    0.04       0.05 f
  U67/Z (XOR2D1BWP20P90)                   0.03       0.09 r
  U99/ZN (ND2D4BWP20P90)                   0.02       0.10 f
  U200/ZN (OAI22D1BWP20P90)                0.02       0.12 r
  U252/S (FA1D1BWP20P90)                   0.05       0.17 f
  U35/CO (FA1D1BWP20P90)                   0.03       0.20 f
  U253/Z (XOR3D1BWP20P90)                  0.05       0.25 f
  U511/S (FA1D1BWP20P90)                   0.05       0.30 r
  U256/ZN (NR2D1BWP20P90)                  0.01       0.31 f
  U257/ZN (NR2D1BWP20P90)                  0.01       0.32 r
  U54/ZN (ND2D1BWP20P90)                   0.01       0.33 f
  U489/ZN (OAI21D2BWP20P90)                0.02       0.35 r
  U580/ZN (AOI21D2BWP20P90)                0.02       0.37 f
  U712/Z (CKBD1BWP20P90)                   0.01       0.38 f
  U52/Z (XOR2D1BWP20P90)                   0.02       0.40 r
  prod_reg[24]/D (DFCNQD2BWP20P90)         0.00       0.40 r
  data arrival time                                   0.40

  clock clk (rise edge)                    0.42       0.42
  clock network delay (ideal)              0.00       0.42
  clock uncertainty                       -0.01       0.41
  prod_reg[24]/CP (DFCNQD2BWP20P90)        0.00       0.41 r
  library setup time                      -0.01       0.40
  data required time                                  0.40
  -----------------------------------------------------------
  data required time                                  0.40
  data arrival time                                  -0.40
  -----------------------------------------------------------
  slack (MET)                                         0.00


  Startpoint: inp_a[3] (input port clocked by clk)
  Endpoint: prod_reg[26]
            (rising edge-triggered flip-flop clocked by clk)
  Path Group: clk
  Path Type: max

  Des/Clust/Port     Wire Load Model       Library
  ------------------------------------------------
  mult               ZeroWireload          N16ADFP_StdCelltt0p8v25c

  Point                                    Incr       Path
  -----------------------------------------------------------
  clock clk (rise edge)                    0.00       0.00
  clock network delay (ideal)              0.00       0.00
  input external delay                     0.01       0.01 f
  inp_a[3] (in)                            0.01       0.02 f
  U94/Z (CKBD1BWP20P90)                    0.04       0.05 f
  U67/Z (XOR2D1BWP20P90)                   0.03       0.09 r
  U99/ZN (ND2D4BWP20P90)                   0.02       0.10 f
  U200/ZN (OAI22D1BWP20P90)                0.02       0.12 r
  U252/S (FA1D1BWP20P90)                   0.05       0.17 f
  U35/CO (FA1D1BWP20P90)                   0.03       0.20 f
  U253/Z (XOR3D1BWP20P90)                  0.05       0.25 f
  U511/S (FA1D1BWP20P90)                   0.05       0.30 r
  U256/ZN (NR2D1BWP20P90)                  0.01       0.31 f
  U257/ZN (NR2D1BWP20P90)                  0.01       0.32 r
  U54/ZN (ND2D1BWP20P90)                   0.01       0.33 f
  U489/ZN (OAI21D2BWP20P90)                0.02       0.35 r
  U708/ZN (AOI21D2BWP20P90)                0.02       0.37 f
  U709/Z (CKBD1BWP20P90)                   0.01       0.38 f
  U51/Z (XOR2D1BWP20P90)                   0.02       0.40 r
  prod_reg[26]/D (DFCNQD2BWP20P90)         0.00       0.40 r
  data arrival time                                   0.40

  clock clk (rise edge)                    0.42       0.42
  clock network delay (ideal)              0.00       0.42
  clock uncertainty                       -0.01       0.41
  prod_reg[26]/CP (DFCNQD2BWP20P90)        0.00       0.41 r
  library setup time                      -0.01       0.40
  data required time                                  0.40
  -----------------------------------------------------------
  data required time                                  0.40
  data arrival time                                  -0.40
  -----------------------------------------------------------
  slack (MET)                                         0.00


  Startpoint: inp_a[9] (input port clocked by clk)
  Endpoint: prod_reg[31]
            (rising edge-triggered flip-flop clocked by clk)
  Path Group: clk
  Path Type: max

  Des/Clust/Port     Wire Load Model       Library
  ------------------------------------------------
  mult               ZeroWireload          N16ADFP_StdCelltt0p8v25c

  Point                                    Incr       Path
  -----------------------------------------------------------
  clock clk (rise edge)                    0.00       0.00
  clock network delay (ideal)              0.00       0.00
  input external delay                     0.01       0.01 r
  inp_a[9] (in)                            0.00       0.01 r
  U114/Z (CKBD1BWP20P90)                   0.02       0.03 r
  U106/Z (XOR2D1BWP20P90)                  0.02       0.06 f
  U107/ZN (INVD1BWP20P90)                  0.01       0.07 r
  U63/ZN (ND2D2BWP20P90)                   0.01       0.08 f
  U84/ZN (CKND2BWP20P90)                   0.01       0.08 r
  U41/ZN (INVD1BWP20P90)                   0.02       0.10 f
  U498/ZN (OAI22D1BWP20P90)                0.02       0.13 r
  U513/S (FA1D1BWP20P90)                   0.05       0.18 f
  U530/CO (FA1D2BWP20P90)                  0.03       0.21 f
  U542/S (FA1D1BWP20P90)                   0.05       0.25 r
  U551/S (FA1D1BWP20P90)                   0.04       0.30 f
  U532/ZN (NR2D1BWP20P90)                  0.01       0.31 r
  U575/ZN (OAI21D1BWP20P90)                0.01       0.33 f
  U124/ZN (AOI21D1BWP20P90)                0.02       0.34 r
  U680/ZN (OAI21D1BWP20P90)                0.01       0.35 f
  U681/ZN (AOI21D1BWP20P90)                0.01       0.37 r
  U690/ZN (OAI21D1BWP20P90)                0.01       0.38 f
  U698/ZN (XNR2D1BWP20P90)                 0.02       0.40 r
  prod_reg[31]/D (DFCNQD2BWP20P90)         0.00       0.40 r
  data arrival time                                   0.40

  clock clk (rise edge)                    0.42       0.42
  clock network delay (ideal)              0.00       0.42
  clock uncertainty                       -0.01       0.41
  prod_reg[31]/CP (DFCNQD2BWP20P90)        0.00       0.41 r
  library setup time                      -0.01       0.40
  data required time                                  0.40
  -----------------------------------------------------------
  data required time                                  0.40
  data arrival time                                  -0.40
  -----------------------------------------------------------
  slack (MET)                                         0.00


  Startpoint: inp_a[3] (input port clocked by clk)
  Endpoint: prod_reg[23]
            (rising edge-triggered flip-flop clocked by clk)
  Path Group: clk
  Path Type: max

  Des/Clust/Port     Wire Load Model       Library
  ------------------------------------------------
  mult               ZeroWireload          N16ADFP_StdCelltt0p8v25c

  Point                                    Incr       Path
  -----------------------------------------------------------
  clock clk (rise edge)                    0.00       0.00
  clock network delay (ideal)              0.00       0.00
  input external delay                     0.01       0.01 f
  inp_a[3] (in)                            0.01       0.02 f
  U94/Z (CKBD1BWP20P90)                    0.04       0.05 f
  U67/Z (XOR2D1BWP20P90)                   0.03       0.09 r
  U99/ZN (ND2D4BWP20P90)                   0.02       0.10 f
  U136/ZN (OAI22D1BWP20P90)                0.02       0.12 r
  U194/CO (FA1D1BWP20P90)                  0.03       0.15 r
  U193/S (FA1D1BWP20P90)                   0.05       0.20 f
  U231/S (FA1D1BWP20P90)                   0.05       0.25 r
  U258/S (FA1D1BWP20P90)                   0.04       0.30 f
  U286/ZN (NR2D1BWP20P90)                  0.01       0.31 r
  U485/ZN (OAI21D1BWP20P90)                0.01       0.32 f
  U127/ZN (AOI21D1BWP20P90)                0.01       0.34 r
  U489/ZN (OAI21D2BWP20P90)                0.01       0.35 f
  U699/ZN (AOI21D1BWP20P90)                0.02       0.37 r
  U700/ZN (OAI21D1BWP20P90)                0.01       0.38 f
  U703/ZN (XNR2D1BWP20P90)                 0.02       0.40 r
  prod_reg[23]/D (DFCNQD2BWP20P90)         0.00       0.40 r
  data arrival time                                   0.40

  clock clk (rise edge)                    0.42       0.42
  clock network delay (ideal)              0.00       0.42
  clock uncertainty                       -0.01       0.41
  prod_reg[23]/CP (DFCNQD2BWP20P90)        0.00       0.41 r
  library setup time                      -0.01       0.40
  data required time                                  0.40
  -----------------------------------------------------------
  data required time                                  0.40
  data arrival time                                  -0.40
  -----------------------------------------------------------
  slack (MET)                                         0.00


  Startpoint: inp_a[9] (input port clocked by clk)
  Endpoint: prod_reg[31]
            (rising edge-triggered flip-flop clocked by clk)
  Path Group: clk
  Path Type: max

  Des/Clust/Port     Wire Load Model       Library
  ------------------------------------------------
  mult               ZeroWireload          N16ADFP_StdCelltt0p8v25c

  Point                                    Incr       Path
  -----------------------------------------------------------
  clock clk (rise edge)                    0.00       0.00
  clock network delay (ideal)              0.00       0.00
  input external delay                     0.01       0.01 r
  inp_a[9] (in)                            0.00       0.01 r
  U114/Z (CKBD1BWP20P90)                   0.02       0.03 r
  U106/Z (XOR2D1BWP20P90)                  0.02       0.06 f
  U107/ZN (INVD1BWP20P90)                  0.01       0.07 r
  U63/ZN (ND2D2BWP20P90)                   0.01       0.08 f
  U84/ZN (CKND2BWP20P90)                   0.01       0.08 r
  U41/ZN (INVD1BWP20P90)                   0.02       0.10 f
  U498/ZN (OAI22D1BWP20P90)                0.02       0.13 r
  U513/S (FA1D1BWP20P90)                   0.05       0.18 f
  U530/CO (FA1D2BWP20P90)                  0.03       0.20 f
  U542/S (FA1D1BWP20P90)                   0.05       0.25 r
  U551/S (FA1D1BWP20P90)                   0.04       0.30 f
  U532/ZN (NR2D1BWP20P90)                  0.01       0.31 r
  U575/ZN (OAI21D1BWP20P90)                0.01       0.33 f
  U124/ZN (AOI21D1BWP20P90)                0.02       0.34 r
  U680/ZN (OAI21D1BWP20P90)                0.01       0.35 f
  U681/ZN (AOI21D1BWP20P90)                0.01       0.37 r
  U690/ZN (OAI21D1BWP20P90)                0.01       0.38 f
  U698/ZN (XNR2D1BWP20P90)                 0.02       0.40 r
  prod_reg[31]/D (DFCNQD2BWP20P90)         0.00       0.40 r
  data arrival time                                   0.40

  clock clk (rise edge)                    0.42       0.42
  clock network delay (ideal)              0.00       0.42
  clock uncertainty                       -0.01       0.41
  prod_reg[31]/CP (DFCNQD2BWP20P90)        0.00       0.41 r
  library setup time                      -0.01       0.40
  data required time                                  0.40
  -----------------------------------------------------------
  data required time                                  0.40
  data arrival time                                  -0.40
  -----------------------------------------------------------
  slack (MET)                                         0.00


  Startpoint: inp_a[3] (input port clocked by clk)
  Endpoint: prod_reg[24]
            (rising edge-triggered flip-flop clocked by clk)
  Path Group: clk
  Path Type: max

  Des/Clust/Port     Wire Load Model       Library
  ------------------------------------------------
  mult               ZeroWireload          N16ADFP_StdCelltt0p8v25c

  Point                                    Incr       Path
  -----------------------------------------------------------
  clock clk (rise edge)                    0.00       0.00
  clock network delay (ideal)              0.00       0.00
  input external delay                     0.01       0.01 r
  inp_a[3] (in)                            0.01       0.02 r
  U94/Z (CKBD1BWP20P90)                    0.04       0.05 r
  U67/Z (XOR2D1BWP20P90)                   0.03       0.08 f
  U99/ZN (ND2D4BWP20P90)                   0.01       0.10 r
  U136/ZN (OAI22D1BWP20P90)                0.02       0.11 f
  U194/CO (FA1D1BWP20P90)                  0.04       0.15 f
  U193/S (FA1D1BWP20P90)                   0.05       0.20 r
  U231/S (FA1D1BWP20P90)                   0.05       0.25 f
  U258/S (FA1D1BWP20P90)                   0.05       0.30 r
  U286/ZN (NR2D1BWP20P90)                  0.01       0.31 f
  U305/ZN (NR2D1BWP20P90)                  0.01       0.32 r
  U54/ZN (ND2D1BWP20P90)                   0.01       0.33 f
  U489/ZN (OAI21D2BWP20P90)                0.02       0.35 r
  U580/ZN (AOI21D2BWP20P90)                0.02       0.37 f
  U712/Z (CKBD1BWP20P90)                   0.01       0.38 f
  U52/Z (XOR2D1BWP20P90)                   0.02       0.40 r
  prod_reg[24]/D (DFCNQD2BWP20P90)         0.00       0.40 r
  data arrival time                                   0.40

  clock clk (rise edge)                    0.42       0.42
  clock network delay (ideal)              0.00       0.42
  clock uncertainty                       -0.01       0.41
  prod_reg[24]/CP (DFCNQD2BWP20P90)        0.00       0.41 r
  library setup time                      -0.01       0.40
  data required time                                  0.40
  -----------------------------------------------------------
  data required time                                  0.40
  data arrival time                                  -0.40
  -----------------------------------------------------------
  slack (MET)                                         0.00


  Startpoint: inp_a[3] (input port clocked by clk)
  Endpoint: prod_reg[26]
            (rising edge-triggered flip-flop clocked by clk)
  Path Group: clk
  Path Type: max

  Des/Clust/Port     Wire Load Model       Library
  ------------------------------------------------
  mult               ZeroWireload          N16ADFP_StdCelltt0p8v25c

  Point                                    Incr       Path
  -----------------------------------------------------------
  clock clk (rise edge)                    0.00       0.00
  clock network delay (ideal)              0.00       0.00
  input external delay                     0.01       0.01 r
  inp_a[3] (in)                            0.01       0.02 r
  U94/Z (CKBD1BWP20P90)                    0.04       0.05 r
  U67/Z (XOR2D1BWP20P90)                   0.03       0.08 f
  U99/ZN (ND2D4BWP20P90)                   0.01       0.10 r
  U136/ZN (OAI22D1BWP20P90)                0.02       0.11 f
  U194/CO (FA1D1BWP20P90)                  0.04       0.15 f
  U193/S (FA1D1BWP20P90)                   0.05       0.20 r
  U231/S (FA1D1BWP20P90)                   0.05       0.25 f
  U258/S (FA1D1BWP20P90)                   0.05       0.30 r
  U286/ZN (NR2D1BWP20P90)                  0.01       0.31 f
  U305/ZN (NR2D1BWP20P90)                  0.01       0.32 r
  U54/ZN (ND2D1BWP20P90)                   0.01       0.33 f
  U489/ZN (OAI21D2BWP20P90)                0.02       0.35 r
  U708/ZN (AOI21D2BWP20P90)                0.02       0.37 f
  U709/Z (CKBD1BWP20P90)                   0.01       0.38 f
  U51/Z (XOR2D1BWP20P90)                   0.02       0.40 r
  prod_reg[26]/D (DFCNQD2BWP20P90)         0.00       0.40 r
  data arrival time                                   0.40

  clock clk (rise edge)                    0.42       0.42
  clock network delay (ideal)              0.00       0.42
  clock uncertainty                       -0.01       0.41
  prod_reg[26]/CP (DFCNQD2BWP20P90)        0.00       0.41 r
  library setup time                      -0.01       0.40
  data required time                                  0.40
  -----------------------------------------------------------
  data required time                                  0.40
  data arrival time                                  -0.40
  -----------------------------------------------------------
  slack (MET)                                         0.00


  Startpoint: inp_a[9] (input port clocked by clk)
  Endpoint: prod_reg[31]
            (rising edge-triggered flip-flop clocked by clk)
  Path Group: clk
  Path Type: max

  Des/Clust/Port     Wire Load Model       Library
  ------------------------------------------------
  mult               ZeroWireload          N16ADFP_StdCelltt0p8v25c

  Point                                    Incr       Path
  -----------------------------------------------------------
  clock clk (rise edge)                    0.00       0.00
  clock network delay (ideal)              0.00       0.00
  input external delay                     0.01       0.01 r
  inp_a[9] (in)                            0.00       0.01 r
  U114/Z (CKBD1BWP20P90)                   0.02       0.03 r
  U106/Z (XOR2D1BWP20P90)                  0.02       0.06 f
  U107/ZN (INVD1BWP20P90)                  0.01       0.07 r
  U63/ZN (ND2D2BWP20P90)                   0.01       0.08 f
  U84/ZN (CKND2BWP20P90)                   0.01       0.08 r
  U41/ZN (INVD1BWP20P90)                   0.02       0.10 f
  U498/ZN (OAI22D1BWP20P90)                0.02       0.12 r
  U513/S (FA1D1BWP20P90)                   0.05       0.18 f
  U530/CO (FA1D2BWP20P90)                  0.03       0.20 f
  U542/S (FA1D1BWP20P90)                   0.05       0.25 r
  U551/S (FA1D1BWP20P90)                   0.04       0.30 f
  U532/ZN (NR2D1BWP20P90)                  0.01       0.31 r
  U575/ZN (OAI21D1BWP20P90)                0.01       0.33 f
  U124/ZN (AOI21D1BWP20P90)                0.02       0.34 r
  U680/ZN (OAI21D1BWP20P90)                0.01       0.35 f
  U681/ZN (AOI21D1BWP20P90)                0.01       0.37 r
  U690/ZN (OAI21D1BWP20P90)                0.01       0.38 f
  U698/ZN (XNR2D1BWP20P90)                 0.02       0.40 r
  prod_reg[31]/D (DFCNQD2BWP20P90)         0.00       0.40 r
  data arrival time                                   0.40

  clock clk (rise edge)                    0.42       0.42
  clock network delay (ideal)              0.00       0.42
  clock uncertainty                       -0.01       0.41
  prod_reg[31]/CP (DFCNQD2BWP20P90)        0.00       0.41 r
  library setup time                      -0.01       0.40
  data required time                                  0.40
  -----------------------------------------------------------
  data required time                                  0.40
  data arrival time                                  -0.40
  -----------------------------------------------------------
  slack (MET)                                         0.00


  Startpoint: inp_a[3] (input port clocked by clk)
  Endpoint: prod_reg[28]
            (rising edge-triggered flip-flop clocked by clk)
  Path Group: clk
  Path Type: max

  Des/Clust/Port     Wire Load Model       Library
  ------------------------------------------------
  mult               ZeroWireload          N16ADFP_StdCelltt0p8v25c

  Point                                    Incr       Path
  -----------------------------------------------------------
  clock clk (rise edge)                    0.00       0.00
  clock network delay (ideal)              0.00       0.00
  input external delay                     0.01       0.01 f
  inp_a[3] (in)                            0.01       0.02 f
  U94/Z (CKBD1BWP20P90)                    0.04       0.05 f
  U67/Z (XOR2D1BWP20P90)                   0.03       0.09 r
  U99/ZN (ND2D4BWP20P90)                   0.02       0.10 f
  U200/ZN (OAI22D1BWP20P90)                0.02       0.12 r
  U252/S (FA1D1BWP20P90)                   0.05       0.17 f
  U35/CO (FA1D1BWP20P90)                   0.03       0.20 f
  U253/Z (XOR3D1BWP20P90)                  0.05       0.25 f
  U511/S (FA1D1BWP20P90)                   0.05       0.30 r
  U256/ZN (NR2D1BWP20P90)                  0.01       0.31 f
  U257/ZN (NR2D1BWP20P90)                  0.01       0.32 r
  U54/ZN (ND2D1BWP20P90)                   0.01       0.33 f
  U489/ZN (OAI21D2BWP20P90)                0.02       0.35 r
  U708/ZN (AOI21D2BWP20P90)                0.02       0.37 f
  U785/ZN (OAI21D1BWP20P90)                0.01       0.38 r
  U787/ZN (XNR2D1BWP20P90)                 0.02       0.40 r
  prod_reg[28]/D (DFCNQD2BWP20P90)         0.00       0.40 r
  data arrival time                                   0.40

  clock clk (rise edge)                    0.42       0.42
  clock network delay (ideal)              0.00       0.42
  clock uncertainty                       -0.01       0.41
  prod_reg[28]/CP (DFCNQD2BWP20P90)        0.00       0.41 r
  library setup time                      -0.01       0.40
  data required time                                  0.40
  -----------------------------------------------------------
  data required time                                  0.40
  data arrival time                                  -0.40
  -----------------------------------------------------------
  slack (MET)                                         0.00


  Startpoint: inp_a[3] (input port clocked by clk)
  Endpoint: prod_reg[25]
            (rising edge-triggered flip-flop clocked by clk)
  Path Group: clk
  Path Type: max

  Des/Clust/Port     Wire Load Model       Library
  ------------------------------------------------
  mult               ZeroWireload          N16ADFP_StdCelltt0p8v25c

  Point                                    Incr       Path
  -----------------------------------------------------------
  clock clk (rise edge)                    0.00       0.00
  clock network delay (ideal)              0.00       0.00
  input external delay                     0.01       0.01 f
  inp_a[3] (in)                            0.01       0.02 f
  U94/Z (CKBD1BWP20P90)                    0.04       0.05 f
  U67/Z (XOR2D1BWP20P90)                   0.03       0.09 r
  U99/ZN (ND2D4BWP20P90)                   0.02       0.10 f
  U200/ZN (OAI22D1BWP20P90)                0.02       0.12 r
  U252/S (FA1D1BWP20P90)                   0.05       0.17 f
  U35/CO (FA1D1BWP20P90)                   0.03       0.20 f
  U253/Z (XOR3D1BWP20P90)                  0.05       0.25 f
  U511/S (FA1D1BWP20P90)                   0.05       0.30 r
  U256/ZN (NR2D1BWP20P90)                  0.01       0.31 f
  U257/ZN (NR2D1BWP20P90)                  0.01       0.32 r
  U54/ZN (ND2D1BWP20P90)                   0.01       0.33 f
  U489/ZN (OAI21D2BWP20P90)                0.02       0.35 r
  U580/ZN (AOI21D2BWP20P90)                0.02       0.37 f
  U792/ZN (OAI21D1BWP20P90)                0.01       0.38 r
  U794/ZN (XNR2D1BWP20P90)                 0.02       0.40 r
  prod_reg[25]/D (DFCNQD2BWP20P90)         0.00       0.40 r
  data arrival time                                   0.40

  clock clk (rise edge)                    0.42       0.42
  clock network delay (ideal)              0.00       0.42
  clock uncertainty                       -0.01       0.41
  prod_reg[25]/CP (DFCNQD2BWP20P90)        0.00       0.41 r
  library setup time                      -0.01       0.40
  data required time                                  0.40
  -----------------------------------------------------------
  data required time                                  0.40
  data arrival time                                  -0.40
  -----------------------------------------------------------
  slack (MET)                                         0.00


  Startpoint: inp_a[3] (input port clocked by clk)
  Endpoint: prod_reg[29]
            (rising edge-triggered flip-flop clocked by clk)
  Path Group: clk
  Path Type: max

  Des/Clust/Port     Wire Load Model       Library
  ------------------------------------------------
  mult               ZeroWireload          N16ADFP_StdCelltt0p8v25c

  Point                                    Incr       Path
  -----------------------------------------------------------
  clock clk (rise edge)                    0.00       0.00
  clock network delay (ideal)              0.00       0.00
  input external delay                     0.01       0.01 f
  inp_a[3] (in)                            0.01       0.02 f
  U94/Z (CKBD1BWP20P90)                    0.04       0.05 f
  U67/Z (XOR2D1BWP20P90)                   0.03       0.09 r
  U99/ZN (ND2D4BWP20P90)                   0.02       0.10 f
  U200/ZN (OAI22D1BWP20P90)                0.02       0.12 r
  U252/S (FA1D1BWP20P90)                   0.05       0.17 f
  U35/CO (FA1D1BWP20P90)                   0.03       0.20 f
  U253/Z (XOR3D1BWP20P90)                  0.05       0.25 f
  U511/S (FA1D1BWP20P90)                   0.05       0.30 r
  U256/ZN (NR2D1BWP20P90)                  0.01       0.31 f
  U257/ZN (NR2D1BWP20P90)                  0.01       0.32 r
  U54/ZN (ND2D1BWP20P90)                   0.01       0.33 f
  U489/ZN (OAI21D2BWP20P90)                0.02       0.35 r
  U580/ZN (AOI21D2BWP20P90)                0.02       0.37 f
  U664/ZN (OAI21D1BWP20P90)                0.01       0.38 r
  U675/ZN (XNR2D1BWP20P90)                 0.02       0.40 r
  prod_reg[29]/D (DFCNQD2BWP20P90)         0.00       0.40 r
  data arrival time                                   0.40

  clock clk (rise edge)                    0.42       0.42
  clock network delay (ideal)              0.00       0.42
  clock uncertainty                       -0.01       0.41
  prod_reg[29]/CP (DFCNQD2BWP20P90)        0.00       0.41 r
  library setup time                      -0.01       0.40
  data required time                                  0.40
  -----------------------------------------------------------
  data required time                                  0.40
  data arrival time                                  -0.40
  -----------------------------------------------------------
  slack (MET)                                         0.00


  Startpoint: inp_a[3] (input port clocked by clk)
  Endpoint: prod_reg[27]
            (rising edge-triggered flip-flop clocked by clk)
  Path Group: clk
  Path Type: max

  Des/Clust/Port     Wire Load Model       Library
  ------------------------------------------------
  mult               ZeroWireload          N16ADFP_StdCelltt0p8v25c

  Point                                    Incr       Path
  -----------------------------------------------------------
  clock clk (rise edge)                    0.00       0.00
  clock network delay (ideal)              0.00       0.00
  input external delay                     0.01       0.01 f
  inp_a[3] (in)                            0.01       0.02 f
  U94/Z (CKBD1BWP20P90)                    0.04       0.05 f
  U67/Z (XOR2D1BWP20P90)                   0.03       0.09 r
  U99/ZN (ND2D4BWP20P90)                   0.02       0.10 f
  U200/ZN (OAI22D1BWP20P90)                0.02       0.12 r
  U252/S (FA1D1BWP20P90)                   0.05       0.17 f
  U35/CO (FA1D1BWP20P90)                   0.03       0.20 f
  U253/Z (XOR3D1BWP20P90)                  0.05       0.25 f
  U511/S (FA1D1BWP20P90)                   0.05       0.30 r
  U256/ZN (NR2D1BWP20P90)                  0.01       0.31 f
  U257/ZN (NR2D1BWP20P90)                  0.01       0.32 r
  U54/ZN (ND2D1BWP20P90)                   0.01       0.33 f
  U489/ZN (OAI21D2BWP20P90)                0.02       0.35 r
  U708/ZN (AOI21D2BWP20P90)                0.02       0.37 f
  U788/ZN (OAI21D1BWP20P90)                0.01       0.38 r
  U791/ZN (XNR2D1BWP20P90)                 0.02       0.40 r
  prod_reg[27]/D (DFCNQD2BWP20P90)         0.00       0.40 r
  data arrival time                                   0.40

  clock clk (rise edge)                    0.42       0.42
  clock network delay (ideal)              0.00       0.42
  clock uncertainty                       -0.01       0.41
  prod_reg[27]/CP (DFCNQD2BWP20P90)        0.00       0.41 r
  library setup time                      -0.01       0.40
  data required time                                  0.40
  -----------------------------------------------------------
  data required time                                  0.40
  data arrival time                                  -0.40
  -----------------------------------------------------------
  slack (MET)                                         0.00


  Startpoint: inp_a[3] (input port clocked by clk)
  Endpoint: prod_reg[24]
            (rising edge-triggered flip-flop clocked by clk)
  Path Group: clk
  Path Type: max

  Des/Clust/Port     Wire Load Model       Library
  ------------------------------------------------
  mult               ZeroWireload          N16ADFP_StdCelltt0p8v25c

  Point                                    Incr       Path
  -----------------------------------------------------------
  clock clk (rise edge)                    0.00       0.00
  clock network delay (ideal)              0.00       0.00
  input external delay                     0.01       0.01 r
  inp_a[3] (in)                            0.01       0.02 r
  U94/Z (CKBD1BWP20P90)                    0.04       0.05 r
  U67/Z (XOR2D1BWP20P90)                   0.03       0.08 f
  U99/ZN (ND2D4BWP20P90)                   0.01       0.10 r
  U136/ZN (OAI22D1BWP20P90)                0.02       0.11 f
  U194/CO (FA1D1BWP20P90)                  0.04       0.15 f
  U193/S (FA1D1BWP20P90)                   0.05       0.20 r
  U231/S (FA1D1BWP20P90)                   0.05       0.25 f
  U258/S (FA1D1BWP20P90)                   0.05       0.30 r
  U286/ZN (NR2D1BWP20P90)                  0.01       0.31 f
  U305/ZN (NR2D1BWP20P90)                  0.01       0.32 r
  U54/ZN (ND2D1BWP20P90)                   0.01       0.33 f
  U489/ZN (OAI21D2BWP20P90)                0.02       0.35 r
  U580/ZN (AOI21D2BWP20P90)                0.02       0.37 f
  U712/Z (CKBD1BWP20P90)                   0.01       0.38 f
  U52/Z (XOR2D1BWP20P90)                   0.02       0.40 r
  prod_reg[24]/D (DFCNQD2BWP20P90)         0.00       0.40 r
  data arrival time                                   0.40

  clock clk (rise edge)                    0.42       0.42
  clock network delay (ideal)              0.00       0.42
  clock uncertainty                       -0.01       0.41
  prod_reg[24]/CP (DFCNQD2BWP20P90)        0.00       0.41 r
  library setup time                      -0.01       0.40
  data required time                                  0.40
  -----------------------------------------------------------
  data required time                                  0.40
  data arrival time                                  -0.40
  -----------------------------------------------------------
  slack (MET)                                         0.00


  Startpoint: inp_a[3] (input port clocked by clk)
  Endpoint: prod_reg[26]
            (rising edge-triggered flip-flop clocked by clk)
  Path Group: clk
  Path Type: max

  Des/Clust/Port     Wire Load Model       Library
  ------------------------------------------------
  mult               ZeroWireload          N16ADFP_StdCelltt0p8v25c

  Point                                    Incr       Path
  -----------------------------------------------------------
  clock clk (rise edge)                    0.00       0.00
  clock network delay (ideal)              0.00       0.00
  input external delay                     0.01       0.01 r
  inp_a[3] (in)                            0.01       0.02 r
  U94/Z (CKBD1BWP20P90)                    0.04       0.05 r
  U67/Z (XOR2D1BWP20P90)                   0.03       0.08 f
  U99/ZN (ND2D4BWP20P90)                   0.01       0.10 r
  U136/ZN (OAI22D1BWP20P90)                0.02       0.11 f
  U194/CO (FA1D1BWP20P90)                  0.04       0.15 f
  U193/S (FA1D1BWP20P90)                   0.05       0.20 r
  U231/S (FA1D1BWP20P90)                   0.05       0.25 f
  U258/S (FA1D1BWP20P90)                   0.05       0.30 r
  U286/ZN (NR2D1BWP20P90)                  0.01       0.31 f
  U305/ZN (NR2D1BWP20P90)                  0.01       0.32 r
  U54/ZN (ND2D1BWP20P90)                   0.01       0.33 f
  U489/ZN (OAI21D2BWP20P90)                0.02       0.35 r
  U708/ZN (AOI21D2BWP20P90)                0.02       0.37 f
  U709/Z (CKBD1BWP20P90)                   0.01       0.38 f
  U51/Z (XOR2D1BWP20P90)                   0.02       0.40 r
  prod_reg[26]/D (DFCNQD2BWP20P90)         0.00       0.40 r
  data arrival time                                   0.40

  clock clk (rise edge)                    0.42       0.42
  clock network delay (ideal)              0.00       0.42
  clock uncertainty                       -0.01       0.41
  prod_reg[26]/CP (DFCNQD2BWP20P90)        0.00       0.41 r
  library setup time                      -0.01       0.40
  data required time                                  0.40
  -----------------------------------------------------------
  data required time                                  0.40
  data arrival time                                  -0.40
  -----------------------------------------------------------
  slack (MET)                                         0.00


  Startpoint: inp_a[3] (input port clocked by clk)
  Endpoint: prod_reg[24]
            (rising edge-triggered flip-flop clocked by clk)
  Path Group: clk
  Path Type: max

  Des/Clust/Port     Wire Load Model       Library
  ------------------------------------------------
  mult               ZeroWireload          N16ADFP_StdCelltt0p8v25c

  Point                                    Incr       Path
  -----------------------------------------------------------
  clock clk (rise edge)                    0.00       0.00
  clock network delay (ideal)              0.00       0.00
  input external delay                     0.01       0.01 f
  inp_a[3] (in)                            0.01       0.02 f
  U94/Z (CKBD1BWP20P90)                    0.04       0.05 f
  U67/Z (XOR2D1BWP20P90)                   0.03       0.08 f
  U99/ZN (ND2D4BWP20P90)                   0.01       0.10 r
  U136/ZN (OAI22D1BWP20P90)                0.02       0.11 f
  U194/CO (FA1D1BWP20P90)                  0.04       0.15 f
  U193/S (FA1D1BWP20P90)                   0.05       0.20 r
  U231/S (FA1D1BWP20P90)                   0.05       0.25 f
  U258/S (FA1D1BWP20P90)                   0.05       0.30 r
  U286/ZN (NR2D1BWP20P90)                  0.01       0.31 f
  U305/ZN (NR2D1BWP20P90)                  0.01       0.32 r
  U54/ZN (ND2D1BWP20P90)                   0.01       0.33 f
  U489/ZN (OAI21D2BWP20P90)                0.02       0.35 r
  U580/ZN (AOI21D2BWP20P90)                0.02       0.37 f
  U712/Z (CKBD1BWP20P90)                   0.01       0.38 f
  U52/Z (XOR2D1BWP20P90)                   0.02       0.40 r
  prod_reg[24]/D (DFCNQD2BWP20P90)         0.00       0.40 r
  data arrival time                                   0.40

  clock clk (rise edge)                    0.42       0.42
  clock network delay (ideal)              0.00       0.42
  clock uncertainty                       -0.01       0.41
  prod_reg[24]/CP (DFCNQD2BWP20P90)        0.00       0.41 r
  library setup time                      -0.01       0.40
  data required time                                  0.40
  -----------------------------------------------------------
  data required time                                  0.40
  data arrival time                                  -0.40
  -----------------------------------------------------------
  slack (MET)                                         0.00


  Startpoint: inp_a[3] (input port clocked by clk)
  Endpoint: prod_reg[26]
            (rising edge-triggered flip-flop clocked by clk)
  Path Group: clk
  Path Type: max

  Des/Clust/Port     Wire Load Model       Library
  ------------------------------------------------
  mult               ZeroWireload          N16ADFP_StdCelltt0p8v25c

  Point                                    Incr       Path
  -----------------------------------------------------------
  clock clk (rise edge)                    0.00       0.00
  clock network delay (ideal)              0.00       0.00
  input external delay                     0.01       0.01 f
  inp_a[3] (in)                            0.01       0.02 f
  U94/Z (CKBD1BWP20P90)                    0.04       0.05 f
  U67/Z (XOR2D1BWP20P90)                   0.03       0.08 f
  U99/ZN (ND2D4BWP20P90)                   0.01       0.10 r
  U136/ZN (OAI22D1BWP20P90)                0.02       0.11 f
  U194/CO (FA1D1BWP20P90)                  0.04       0.15 f
  U193/S (FA1D1BWP20P90)                   0.05       0.20 r
  U231/S (FA1D1BWP20P90)                   0.05       0.25 f
  U258/S (FA1D1BWP20P90)                   0.05       0.30 r
  U286/ZN (NR2D1BWP20P90)                  0.01       0.31 f
  U305/ZN (NR2D1BWP20P90)                  0.01       0.32 r
  U54/ZN (ND2D1BWP20P90)                   0.01       0.33 f
  U489/ZN (OAI21D2BWP20P90)                0.02       0.35 r
  U708/ZN (AOI21D2BWP20P90)                0.02       0.37 f
  U709/Z (CKBD1BWP20P90)                   0.01       0.38 f
  U51/Z (XOR2D1BWP20P90)                   0.02       0.40 r
  prod_reg[26]/D (DFCNQD2BWP20P90)         0.00       0.40 r
  data arrival time                                   0.40

  clock clk (rise edge)                    0.42       0.42
  clock network delay (ideal)              0.00       0.42
  clock uncertainty                       -0.01       0.41
  prod_reg[26]/CP (DFCNQD2BWP20P90)        0.00       0.41 r
  library setup time                      -0.01       0.40
  data required time                                  0.40
  -----------------------------------------------------------
  data required time                                  0.40
  data arrival time                                  -0.40
  -----------------------------------------------------------
  slack (MET)                                         0.00


  Startpoint: inp_a[3] (input port clocked by clk)
  Endpoint: prod_reg[31]
            (rising edge-triggered flip-flop clocked by clk)
  Path Group: clk
  Path Type: max

  Des/Clust/Port     Wire Load Model       Library
  ------------------------------------------------
  mult               ZeroWireload          N16ADFP_StdCelltt0p8v25c

  Point                                    Incr       Path
  -----------------------------------------------------------
  clock clk (rise edge)                    0.00       0.00
  clock network delay (ideal)              0.00       0.00
  input external delay                     0.01       0.01 f
  inp_a[3] (in)                            0.01       0.02 f
  U94/Z (CKBD1BWP20P90)                    0.04       0.05 f
  U67/Z (XOR2D1BWP20P90)                   0.03       0.09 r
  U99/ZN (ND2D4BWP20P90)                   0.02       0.10 f
  U136/ZN (OAI22D1BWP20P90)                0.02       0.12 r
  U194/CO (FA1D1BWP20P90)                  0.03       0.15 r
  U193/S (FA1D1BWP20P90)                   0.05       0.20 f
  U231/S (FA1D1BWP20P90)                   0.05       0.25 r
  U258/S (FA1D1BWP20P90)                   0.04       0.30 f
  U286/ZN (NR2D1BWP20P90)                  0.01       0.31 r
  U485/ZN (OAI21D1BWP20P90)                0.01       0.32 f
  U127/ZN (AOI21D1BWP20P90)                0.01       0.34 r
  U489/ZN (OAI21D2BWP20P90)                0.01       0.35 f
  U681/ZN (AOI21D1BWP20P90)                0.02       0.37 r
  U690/ZN (OAI21D1BWP20P90)                0.01       0.38 f
  U698/ZN (XNR2D1BWP20P90)                 0.02       0.40 r
  prod_reg[31]/D (DFCNQD2BWP20P90)         0.00       0.40 r
  data arrival time                                   0.40

  clock clk (rise edge)                    0.42       0.42
  clock network delay (ideal)              0.00       0.42
  clock uncertainty                       -0.01       0.41
  prod_reg[31]/CP (DFCNQD2BWP20P90)        0.00       0.41 r
  library setup time                      -0.01       0.40
  data required time                                  0.40
  -----------------------------------------------------------
  data required time                                  0.40
  data arrival time                                  -0.40
  -----------------------------------------------------------
  slack (MET)                                         0.00


  Startpoint: inp_a[3] (input port clocked by clk)
  Endpoint: prod_reg[22]
            (rising edge-triggered flip-flop clocked by clk)
  Path Group: clk
  Path Type: max

  Des/Clust/Port     Wire Load Model       Library
  ------------------------------------------------
  mult               ZeroWireload          N16ADFP_StdCelltt0p8v25c

  Point                                    Incr       Path
  -----------------------------------------------------------
  clock clk (rise edge)                    0.00       0.00
  clock network delay (ideal)              0.00       0.00
  input external delay                     0.01       0.01 f
  inp_a[3] (in)                            0.01       0.02 f
  U94/Z (CKBD1BWP20P90)                    0.04       0.05 f
  U67/Z (XOR2D1BWP20P90)                   0.03       0.09 r
  U99/ZN (ND2D4BWP20P90)                   0.02       0.10 f
  U200/ZN (OAI22D1BWP20P90)                0.02       0.12 r
  U252/S (FA1D1BWP20P90)                   0.05       0.17 f
  U35/CO (FA1D1BWP20P90)                   0.03       0.20 f
  U253/Z (XOR3D1BWP20P90)                  0.05       0.25 f
  U511/S (FA1D1BWP20P90)                   0.05       0.30 r
  U256/ZN (NR2D1BWP20P90)                  0.01       0.31 f
  U257/ZN (NR2D1BWP20P90)                  0.01       0.32 r
  U54/ZN (ND2D1BWP20P90)                   0.01       0.33 f
  U489/ZN (OAI21D2BWP20P90)                0.02       0.35 r
  U699/ZN (AOI21D1BWP20P90)                0.02       0.37 f
  U129/Z (CKBD1BWP20P90)                   0.01       0.38 f
  U53/Z (XOR2D1BWP20P90)                   0.02       0.40 r
  prod_reg[22]/D (DFCNQD2BWP20P90)         0.00       0.40 r
  data arrival time                                   0.40

  clock clk (rise edge)                    0.42       0.42
  clock network delay (ideal)              0.00       0.42
  clock uncertainty                       -0.01       0.41
  prod_reg[22]/CP (DFCNQD2BWP20P90)        0.00       0.41 r
  library setup time                      -0.01       0.40
  data required time                                  0.40
  -----------------------------------------------------------
  data required time                                  0.40
  data arrival time                                  -0.40
  -----------------------------------------------------------
  slack (MET)                                         0.00


  Startpoint: inp_a[3] (input port clocked by clk)
  Endpoint: prod_reg[30]
            (rising edge-triggered flip-flop clocked by clk)
  Path Group: clk
  Path Type: max

  Des/Clust/Port     Wire Load Model       Library
  ------------------------------------------------
  mult               ZeroWireload          N16ADFP_StdCelltt0p8v25c

  Point                                    Incr       Path
  -----------------------------------------------------------
  clock clk (rise edge)                    0.00       0.00
  clock network delay (ideal)              0.00       0.00
  input external delay                     0.01       0.01 f
  inp_a[3] (in)                            0.01       0.02 f
  U94/Z (CKBD1BWP20P90)                    0.04       0.05 f
  U67/Z (XOR2D1BWP20P90)                   0.03       0.09 r
  U99/ZN (ND2D4BWP20P90)                   0.02       0.10 f
  U200/ZN (OAI22D1BWP20P90)                0.02       0.12 r
  U252/S (FA1D1BWP20P90)                   0.05       0.17 f
  U35/CO (FA1D1BWP20P90)                   0.03       0.20 f
  U253/Z (XOR3D1BWP20P90)                  0.05       0.25 f
  U511/S (FA1D1BWP20P90)                   0.05       0.30 r
  U256/ZN (NR2D1BWP20P90)                  0.01       0.31 f
  U257/ZN (NR2D1BWP20P90)                  0.01       0.32 r
  U54/ZN (ND2D1BWP20P90)                   0.01       0.33 f
  U489/ZN (OAI21D2BWP20P90)                0.02       0.35 r
  U681/ZN (AOI21D1BWP20P90)                0.02       0.37 f
  U130/Z (CKBD1BWP20P90)                   0.01       0.38 f
  U50/Z (XOR2D1BWP20P90)                   0.02       0.40 r
  prod_reg[30]/D (DFCNQD2BWP20P90)         0.00       0.40 r
  data arrival time                                   0.40

  clock clk (rise edge)                    0.42       0.42
  clock network delay (ideal)              0.00       0.42
  clock uncertainty                       -0.01       0.41
  prod_reg[30]/CP (DFCNQD2BWP20P90)        0.00       0.41 r
  library setup time                      -0.01       0.40
  data required time                                  0.40
  -----------------------------------------------------------
  data required time                                  0.40
  data arrival time                                  -0.40
  -----------------------------------------------------------
  slack (MET)                                         0.00


  Startpoint: inp_a[3] (input port clocked by clk)
  Endpoint: prod_reg[28]
            (rising edge-triggered flip-flop clocked by clk)
  Path Group: clk
  Path Type: max

  Des/Clust/Port     Wire Load Model       Library
  ------------------------------------------------
  mult               ZeroWireload          N16ADFP_StdCelltt0p8v25c

  Point                                    Incr       Path
  -----------------------------------------------------------
  clock clk (rise edge)                    0.00       0.00
  clock network delay (ideal)              0.00       0.00
  input external delay                     0.01       0.01 r
  inp_a[3] (in)                            0.01       0.02 r
  U94/Z (CKBD1BWP20P90)                    0.04       0.05 r
  U67/Z (XOR2D1BWP20P90)                   0.03       0.08 f
  U99/ZN (ND2D4BWP20P90)                   0.01       0.10 r
  U136/ZN (OAI22D1BWP20P90)                0.02       0.11 f
  U194/CO (FA1D1BWP20P90)                  0.04       0.15 f
  U193/S (FA1D1BWP20P90)                   0.05       0.20 r
  U231/S (FA1D1BWP20P90)                   0.05       0.25 f
  U258/S (FA1D1BWP20P90)                   0.05       0.30 r
  U286/ZN (NR2D1BWP20P90)                  0.01       0.31 f
  U305/ZN (NR2D1BWP20P90)                  0.01       0.32 r
  U54/ZN (ND2D1BWP20P90)                   0.01       0.33 f
  U489/ZN (OAI21D2BWP20P90)                0.02       0.35 r
  U708/ZN (AOI21D2BWP20P90)                0.02       0.37 f
  U785/ZN (OAI21D1BWP20P90)                0.01       0.38 r
  U787/ZN (XNR2D1BWP20P90)                 0.02       0.40 r
  prod_reg[28]/D (DFCNQD2BWP20P90)         0.00       0.40 r
  data arrival time                                   0.40

  clock clk (rise edge)                    0.42       0.42
  clock network delay (ideal)              0.00       0.42
  clock uncertainty                       -0.01       0.41
  prod_reg[28]/CP (DFCNQD2BWP20P90)        0.00       0.41 r
  library setup time                      -0.01       0.40
  data required time                                  0.40
  -----------------------------------------------------------
  data required time                                  0.40
  data arrival time                                  -0.40
  -----------------------------------------------------------
  slack (MET)                                         0.00


  Startpoint: inp_a[3] (input port clocked by clk)
  Endpoint: prod_reg[25]
            (rising edge-triggered flip-flop clocked by clk)
  Path Group: clk
  Path Type: max

  Des/Clust/Port     Wire Load Model       Library
  ------------------------------------------------
  mult               ZeroWireload          N16ADFP_StdCelltt0p8v25c

  Point                                    Incr       Path
  -----------------------------------------------------------
  clock clk (rise edge)                    0.00       0.00
  clock network delay (ideal)              0.00       0.00
  input external delay                     0.01       0.01 r
  inp_a[3] (in)                            0.01       0.02 r
  U94/Z (CKBD1BWP20P90)                    0.04       0.05 r
  U67/Z (XOR2D1BWP20P90)                   0.03       0.08 f
  U99/ZN (ND2D4BWP20P90)                   0.01       0.10 r
  U136/ZN (OAI22D1BWP20P90)                0.02       0.11 f
  U194/CO (FA1D1BWP20P90)                  0.04       0.15 f
  U193/S (FA1D1BWP20P90)                   0.05       0.20 r
  U231/S (FA1D1BWP20P90)                   0.05       0.25 f
  U258/S (FA1D1BWP20P90)                   0.05       0.30 r
  U286/ZN (NR2D1BWP20P90)                  0.01       0.31 f
  U305/ZN (NR2D1BWP20P90)                  0.01       0.32 r
  U54/ZN (ND2D1BWP20P90)                   0.01       0.33 f
  U489/ZN (OAI21D2BWP20P90)                0.02       0.35 r
  U580/ZN (AOI21D2BWP20P90)                0.02       0.37 f
  U792/ZN (OAI21D1BWP20P90)                0.01       0.38 r
  U794/ZN (XNR2D1BWP20P90)                 0.02       0.40 r
  prod_reg[25]/D (DFCNQD2BWP20P90)         0.00       0.40 r
  data arrival time                                   0.40

  clock clk (rise edge)                    0.42       0.42
  clock network delay (ideal)              0.00       0.42
  clock uncertainty                       -0.01       0.41
  prod_reg[25]/CP (DFCNQD2BWP20P90)        0.00       0.41 r
  library setup time                      -0.01       0.40
  data required time                                  0.40
  -----------------------------------------------------------
  data required time                                  0.40
  data arrival time                                  -0.40
  -----------------------------------------------------------
  slack (MET)                                         0.00


  Startpoint: inp_a[3] (input port clocked by clk)
  Endpoint: prod_reg[29]
            (rising edge-triggered flip-flop clocked by clk)
  Path Group: clk
  Path Type: max

  Des/Clust/Port     Wire Load Model       Library
  ------------------------------------------------
  mult               ZeroWireload          N16ADFP_StdCelltt0p8v25c

  Point                                    Incr       Path
  -----------------------------------------------------------
  clock clk (rise edge)                    0.00       0.00
  clock network delay (ideal)              0.00       0.00
  input external delay                     0.01       0.01 r
  inp_a[3] (in)                            0.01       0.02 r
  U94/Z (CKBD1BWP20P90)                    0.04       0.05 r
  U67/Z (XOR2D1BWP20P90)                   0.03       0.08 f
  U99/ZN (ND2D4BWP20P90)                   0.01       0.10 r
  U136/ZN (OAI22D1BWP20P90)                0.02       0.11 f
  U194/CO (FA1D1BWP20P90)                  0.04       0.15 f
  U193/S (FA1D1BWP20P90)                   0.05       0.20 r
  U231/S (FA1D1BWP20P90)                   0.05       0.25 f
  U258/S (FA1D1BWP20P90)                   0.05       0.30 r
  U286/ZN (NR2D1BWP20P90)                  0.01       0.31 f
  U305/ZN (NR2D1BWP20P90)                  0.01       0.32 r
  U54/ZN (ND2D1BWP20P90)                   0.01       0.33 f
  U489/ZN (OAI21D2BWP20P90)                0.02       0.35 r
  U580/ZN (AOI21D2BWP20P90)                0.02       0.37 f
  U664/ZN (OAI21D1BWP20P90)                0.01       0.38 r
  U675/ZN (XNR2D1BWP20P90)                 0.02       0.40 r
  prod_reg[29]/D (DFCNQD2BWP20P90)         0.00       0.40 r
  data arrival time                                   0.40

  clock clk (rise edge)                    0.42       0.42
  clock network delay (ideal)              0.00       0.42
  clock uncertainty                       -0.01       0.41
  prod_reg[29]/CP (DFCNQD2BWP20P90)        0.00       0.41 r
  library setup time                      -0.01       0.40
  data required time                                  0.40
  -----------------------------------------------------------
  data required time                                  0.40
  data arrival time                                  -0.40
  -----------------------------------------------------------
  slack (MET)                                         0.00


  Startpoint: inp_a[3] (input port clocked by clk)
  Endpoint: prod_reg[27]
            (rising edge-triggered flip-flop clocked by clk)
  Path Group: clk
  Path Type: max

  Des/Clust/Port     Wire Load Model       Library
  ------------------------------------------------
  mult               ZeroWireload          N16ADFP_StdCelltt0p8v25c

  Point                                    Incr       Path
  -----------------------------------------------------------
  clock clk (rise edge)                    0.00       0.00
  clock network delay (ideal)              0.00       0.00
  input external delay                     0.01       0.01 r
  inp_a[3] (in)                            0.01       0.02 r
  U94/Z (CKBD1BWP20P90)                    0.04       0.05 r
  U67/Z (XOR2D1BWP20P90)                   0.03       0.08 f
  U99/ZN (ND2D4BWP20P90)                   0.01       0.10 r
  U136/ZN (OAI22D1BWP20P90)                0.02       0.11 f
  U194/CO (FA1D1BWP20P90)                  0.04       0.15 f
  U193/S (FA1D1BWP20P90)                   0.05       0.20 r
  U231/S (FA1D1BWP20P90)                   0.05       0.25 f
  U258/S (FA1D1BWP20P90)                   0.05       0.30 r
  U286/ZN (NR2D1BWP20P90)                  0.01       0.31 f
  U305/ZN (NR2D1BWP20P90)                  0.01       0.32 r
  U54/ZN (ND2D1BWP20P90)                   0.01       0.33 f
  U489/ZN (OAI21D2BWP20P90)                0.02       0.35 r
  U708/ZN (AOI21D2BWP20P90)                0.02       0.37 f
  U788/ZN (OAI21D1BWP20P90)                0.01       0.38 r
  U791/ZN (XNR2D1BWP20P90)                 0.02       0.40 r
  prod_reg[27]/D (DFCNQD2BWP20P90)         0.00       0.40 r
  data arrival time                                   0.40

  clock clk (rise edge)                    0.42       0.42
  clock network delay (ideal)              0.00       0.42
  clock uncertainty                       -0.01       0.41
  prod_reg[27]/CP (DFCNQD2BWP20P90)        0.00       0.41 r
  library setup time                      -0.01       0.40
  data required time                                  0.40
  -----------------------------------------------------------
  data required time                                  0.40
  data arrival time                                  -0.40
  -----------------------------------------------------------
  slack (MET)                                         0.00


  Startpoint: inp_a[3] (input port clocked by clk)
  Endpoint: prod_reg[22]
            (rising edge-triggered flip-flop clocked by clk)
  Path Group: clk
  Path Type: max

  Des/Clust/Port     Wire Load Model       Library
  ------------------------------------------------
  mult               ZeroWireload          N16ADFP_StdCelltt0p8v25c

  Point                                    Incr       Path
  -----------------------------------------------------------
  clock clk (rise edge)                    0.00       0.00
  clock network delay (ideal)              0.00       0.00
  input external delay                     0.01       0.01 r
  inp_a[3] (in)                            0.01       0.02 r
  U94/Z (CKBD1BWP20P90)                    0.04       0.05 r
  U67/Z (XOR2D1BWP20P90)                   0.03       0.08 f
  U99/ZN (ND2D4BWP20P90)                   0.01       0.10 r
  U136/ZN (OAI22D1BWP20P90)                0.02       0.11 f
  U194/CO (FA1D1BWP20P90)                  0.04       0.15 f
  U193/S (FA1D1BWP20P90)                   0.05       0.20 r
  U231/S (FA1D1BWP20P90)                   0.05       0.25 f
  U258/S (FA1D1BWP20P90)                   0.05       0.30 r
  U286/ZN (NR2D1BWP20P90)                  0.01       0.31 f
  U305/ZN (NR2D1BWP20P90)                  0.01       0.32 r
  U54/ZN (ND2D1BWP20P90)                   0.01       0.33 f
  U489/ZN (OAI21D2BWP20P90)                0.02       0.35 r
  U699/ZN (AOI21D1BWP20P90)                0.02       0.37 f
  U129/Z (CKBD1BWP20P90)                   0.01       0.38 f
  U53/Z (XOR2D1BWP20P90)                   0.02       0.40 r
  prod_reg[22]/D (DFCNQD2BWP20P90)         0.00       0.40 r
  data arrival time                                   0.40

  clock clk (rise edge)                    0.42       0.42
  clock network delay (ideal)              0.00       0.42
  clock uncertainty                       -0.01       0.41
  prod_reg[22]/CP (DFCNQD2BWP20P90)        0.00       0.41 r
  library setup time                      -0.01       0.40
  data required time                                  0.40
  -----------------------------------------------------------
  data required time                                  0.40
  data arrival time                                  -0.40
  -----------------------------------------------------------
  slack (MET)                                         0.00


  Startpoint: inp_a[3] (input port clocked by clk)
  Endpoint: prod_reg[30]
            (rising edge-triggered flip-flop clocked by clk)
  Path Group: clk
  Path Type: max

  Des/Clust/Port     Wire Load Model       Library
  ------------------------------------------------
  mult               ZeroWireload          N16ADFP_StdCelltt0p8v25c

  Point                                    Incr       Path
  -----------------------------------------------------------
  clock clk (rise edge)                    0.00       0.00
  clock network delay (ideal)              0.00       0.00
  input external delay                     0.01       0.01 r
  inp_a[3] (in)                            0.01       0.02 r
  U94/Z (CKBD1BWP20P90)                    0.04       0.05 r
  U67/Z (XOR2D1BWP20P90)                   0.03       0.08 f
  U99/ZN (ND2D4BWP20P90)                   0.01       0.10 r
  U136/ZN (OAI22D1BWP20P90)                0.02       0.11 f
  U194/CO (FA1D1BWP20P90)                  0.04       0.15 f
  U193/S (FA1D1BWP20P90)                   0.05       0.20 r
  U231/S (FA1D1BWP20P90)                   0.05       0.25 f
  U258/S (FA1D1BWP20P90)                   0.05       0.30 r
  U286/ZN (NR2D1BWP20P90)                  0.01       0.31 f
  U305/ZN (NR2D1BWP20P90)                  0.01       0.32 r
  U54/ZN (ND2D1BWP20P90)                   0.01       0.33 f
  U489/ZN (OAI21D2BWP20P90)                0.02       0.35 r
  U681/ZN (AOI21D1BWP20P90)                0.02       0.37 f
  U130/Z (CKBD1BWP20P90)                   0.01       0.38 f
  U50/Z (XOR2D1BWP20P90)                   0.02       0.40 r
  prod_reg[30]/D (DFCNQD2BWP20P90)         0.00       0.40 r
  data arrival time                                   0.40

  clock clk (rise edge)                    0.42       0.42
  clock network delay (ideal)              0.00       0.42
  clock uncertainty                       -0.01       0.41
  prod_reg[30]/CP (DFCNQD2BWP20P90)        0.00       0.41 r
  library setup time                      -0.01       0.40
  data required time                                  0.40
  -----------------------------------------------------------
  data required time                                  0.40
  data arrival time                                  -0.40
  -----------------------------------------------------------
  slack (MET)                                         0.00


  Startpoint: inp_a[3] (input port clocked by clk)
  Endpoint: prod_reg[28]
            (rising edge-triggered flip-flop clocked by clk)
  Path Group: clk
  Path Type: max

  Des/Clust/Port     Wire Load Model       Library
  ------------------------------------------------
  mult               ZeroWireload          N16ADFP_StdCelltt0p8v25c

  Point                                    Incr       Path
  -----------------------------------------------------------
  clock clk (rise edge)                    0.00       0.00
  clock network delay (ideal)              0.00       0.00
  input external delay                     0.01       0.01 r
  inp_a[3] (in)                            0.01       0.02 r
  U94/Z (CKBD1BWP20P90)                    0.04       0.05 r
  U67/Z (XOR2D1BWP20P90)                   0.03       0.08 f
  U99/ZN (ND2D4BWP20P90)                   0.01       0.10 r
  U136/ZN (OAI22D1BWP20P90)                0.02       0.11 f
  U194/CO (FA1D1BWP20P90)                  0.04       0.15 f
  U193/S (FA1D1BWP20P90)                   0.05       0.20 r
  U231/S (FA1D1BWP20P90)                   0.05       0.25 f
  U258/S (FA1D1BWP20P90)                   0.05       0.30 r
  U286/ZN (NR2D1BWP20P90)                  0.01       0.31 f
  U305/ZN (NR2D1BWP20P90)                  0.01       0.32 r
  U54/ZN (ND2D1BWP20P90)                   0.01       0.33 f
  U489/ZN (OAI21D2BWP20P90)                0.02       0.35 r
  U708/ZN (AOI21D2BWP20P90)                0.02       0.37 f
  U785/ZN (OAI21D1BWP20P90)                0.01       0.38 r
  U787/ZN (XNR2D1BWP20P90)                 0.02       0.40 r
  prod_reg[28]/D (DFCNQD2BWP20P90)         0.00       0.40 r
  data arrival time                                   0.40

  clock clk (rise edge)                    0.42       0.42
  clock network delay (ideal)              0.00       0.42
  clock uncertainty                       -0.01       0.41
  prod_reg[28]/CP (DFCNQD2BWP20P90)        0.00       0.41 r
  library setup time                      -0.01       0.40
  data required time                                  0.40
  -----------------------------------------------------------
  data required time                                  0.40
  data arrival time                                  -0.40
  -----------------------------------------------------------
  slack (MET)                                         0.00


  Startpoint: inp_a[3] (input port clocked by clk)
  Endpoint: prod_reg[25]
            (rising edge-triggered flip-flop clocked by clk)
  Path Group: clk
  Path Type: max

  Des/Clust/Port     Wire Load Model       Library
  ------------------------------------------------
  mult               ZeroWireload          N16ADFP_StdCelltt0p8v25c

  Point                                    Incr       Path
  -----------------------------------------------------------
  clock clk (rise edge)                    0.00       0.00
  clock network delay (ideal)              0.00       0.00
  input external delay                     0.01       0.01 r
  inp_a[3] (in)                            0.01       0.02 r
  U94/Z (CKBD1BWP20P90)                    0.04       0.05 r
  U67/Z (XOR2D1BWP20P90)                   0.03       0.08 f
  U99/ZN (ND2D4BWP20P90)                   0.01       0.10 r
  U136/ZN (OAI22D1BWP20P90)                0.02       0.11 f
  U194/CO (FA1D1BWP20P90)                  0.04       0.15 f
  U193/S (FA1D1BWP20P90)                   0.05       0.20 r
  U231/S (FA1D1BWP20P90)                   0.05       0.25 f
  U258/S (FA1D1BWP20P90)                   0.05       0.30 r
  U286/ZN (NR2D1BWP20P90)                  0.01       0.31 f
  U305/ZN (NR2D1BWP20P90)                  0.01       0.32 r
  U54/ZN (ND2D1BWP20P90)                   0.01       0.33 f
  U489/ZN (OAI21D2BWP20P90)                0.02       0.35 r
  U580/ZN (AOI21D2BWP20P90)                0.02       0.37 f
  U792/ZN (OAI21D1BWP20P90)                0.01       0.38 r
  U794/ZN (XNR2D1BWP20P90)                 0.02       0.40 r
  prod_reg[25]/D (DFCNQD2BWP20P90)         0.00       0.40 r
  data arrival time                                   0.40

  clock clk (rise edge)                    0.42       0.42
  clock network delay (ideal)              0.00       0.42
  clock uncertainty                       -0.01       0.41
  prod_reg[25]/CP (DFCNQD2BWP20P90)        0.00       0.41 r
  library setup time                      -0.01       0.40
  data required time                                  0.40
  -----------------------------------------------------------
  data required time                                  0.40
  data arrival time                                  -0.40
  -----------------------------------------------------------
  slack (MET)                                         0.00


  Startpoint: inp_a[3] (input port clocked by clk)
  Endpoint: prod_reg[29]
            (rising edge-triggered flip-flop clocked by clk)
  Path Group: clk
  Path Type: max

  Des/Clust/Port     Wire Load Model       Library
  ------------------------------------------------
  mult               ZeroWireload          N16ADFP_StdCelltt0p8v25c

  Point                                    Incr       Path
  -----------------------------------------------------------
  clock clk (rise edge)                    0.00       0.00
  clock network delay (ideal)              0.00       0.00
  input external delay                     0.01       0.01 r
  inp_a[3] (in)                            0.01       0.02 r
  U94/Z (CKBD1BWP20P90)                    0.04       0.05 r
  U67/Z (XOR2D1BWP20P90)                   0.03       0.08 f
  U99/ZN (ND2D4BWP20P90)                   0.01       0.10 r
  U136/ZN (OAI22D1BWP20P90)                0.02       0.11 f
  U194/CO (FA1D1BWP20P90)                  0.04       0.15 f
  U193/S (FA1D1BWP20P90)                   0.05       0.20 r
  U231/S (FA1D1BWP20P90)                   0.05       0.25 f
  U258/S (FA1D1BWP20P90)                   0.05       0.30 r
  U286/ZN (NR2D1BWP20P90)                  0.01       0.31 f
  U305/ZN (NR2D1BWP20P90)                  0.01       0.32 r
  U54/ZN (ND2D1BWP20P90)                   0.01       0.33 f
  U489/ZN (OAI21D2BWP20P90)                0.02       0.35 r
  U580/ZN (AOI21D2BWP20P90)                0.02       0.37 f
  U664/ZN (OAI21D1BWP20P90)                0.01       0.38 r
  U675/ZN (XNR2D1BWP20P90)                 0.02       0.40 r
  prod_reg[29]/D (DFCNQD2BWP20P90)         0.00       0.40 r
  data arrival time                                   0.40

  clock clk (rise edge)                    0.42       0.42
  clock network delay (ideal)              0.00       0.42
  clock uncertainty                       -0.01       0.41
  prod_reg[29]/CP (DFCNQD2BWP20P90)        0.00       0.41 r
  library setup time                      -0.01       0.40
  data required time                                  0.40
  -----------------------------------------------------------
  data required time                                  0.40
  data arrival time                                  -0.40
  -----------------------------------------------------------
  slack (MET)                                         0.00


  Startpoint: inp_a[3] (input port clocked by clk)
  Endpoint: prod_reg[27]
            (rising edge-triggered flip-flop clocked by clk)
  Path Group: clk
  Path Type: max

  Des/Clust/Port     Wire Load Model       Library
  ------------------------------------------------
  mult               ZeroWireload          N16ADFP_StdCelltt0p8v25c

  Point                                    Incr       Path
  -----------------------------------------------------------
  clock clk (rise edge)                    0.00       0.00
  clock network delay (ideal)              0.00       0.00
  input external delay                     0.01       0.01 r
  inp_a[3] (in)                            0.01       0.02 r
  U94/Z (CKBD1BWP20P90)                    0.04       0.05 r
  U67/Z (XOR2D1BWP20P90)                   0.03       0.08 f
  U99/ZN (ND2D4BWP20P90)                   0.01       0.10 r
  U136/ZN (OAI22D1BWP20P90)                0.02       0.11 f
  U194/CO (FA1D1BWP20P90)                  0.04       0.15 f
  U193/S (FA1D1BWP20P90)                   0.05       0.20 r
  U231/S (FA1D1BWP20P90)                   0.05       0.25 f
  U258/S (FA1D1BWP20P90)                   0.05       0.30 r
  U286/ZN (NR2D1BWP20P90)                  0.01       0.31 f
  U305/ZN (NR2D1BWP20P90)                  0.01       0.32 r
  U54/ZN (ND2D1BWP20P90)                   0.01       0.33 f
  U489/ZN (OAI21D2BWP20P90)                0.02       0.35 r
  U708/ZN (AOI21D2BWP20P90)                0.02       0.37 f
  U788/ZN (OAI21D1BWP20P90)                0.01       0.38 r
  U791/ZN (XNR2D1BWP20P90)                 0.02       0.40 r
  prod_reg[27]/D (DFCNQD2BWP20P90)         0.00       0.40 r
  data arrival time                                   0.40

  clock clk (rise edge)                    0.42       0.42
  clock network delay (ideal)              0.00       0.42
  clock uncertainty                       -0.01       0.41
  prod_reg[27]/CP (DFCNQD2BWP20P90)        0.00       0.41 r
  library setup time                      -0.01       0.40
  data required time                                  0.40
  -----------------------------------------------------------
  data required time                                  0.40
  data arrival time                                  -0.40
  -----------------------------------------------------------
  slack (MET)                                         0.00


  Startpoint: inp_a[3] (input port clocked by clk)
  Endpoint: prod_reg[28]
            (rising edge-triggered flip-flop clocked by clk)
  Path Group: clk
  Path Type: max

  Des/Clust/Port     Wire Load Model       Library
  ------------------------------------------------
  mult               ZeroWireload          N16ADFP_StdCelltt0p8v25c

  Point                                    Incr       Path
  -----------------------------------------------------------
  clock clk (rise edge)                    0.00       0.00
  clock network delay (ideal)              0.00       0.00
  input external delay                     0.01       0.01 f
  inp_a[3] (in)                            0.01       0.02 f
  U94/Z (CKBD1BWP20P90)                    0.04       0.05 f
  U67/Z (XOR2D1BWP20P90)                   0.03       0.08 f
  U99/ZN (ND2D4BWP20P90)                   0.01       0.10 r
  U136/ZN (OAI22D1BWP20P90)                0.02       0.11 f
  U194/CO (FA1D1BWP20P90)                  0.04       0.15 f
  U193/S (FA1D1BWP20P90)                   0.05       0.20 r
  U231/S (FA1D1BWP20P90)                   0.05       0.25 f
  U258/S (FA1D1BWP20P90)                   0.05       0.30 r
  U286/ZN (NR2D1BWP20P90)                  0.01       0.31 f
  U305/ZN (NR2D1BWP20P90)                  0.01       0.32 r
  U54/ZN (ND2D1BWP20P90)                   0.01       0.33 f
  U489/ZN (OAI21D2BWP20P90)                0.02       0.35 r
  U708/ZN (AOI21D2BWP20P90)                0.02       0.37 f
  U785/ZN (OAI21D1BWP20P90)                0.01       0.38 r
  U787/ZN (XNR2D1BWP20P90)                 0.02       0.40 r
  prod_reg[28]/D (DFCNQD2BWP20P90)         0.00       0.40 r
  data arrival time                                   0.40

  clock clk (rise edge)                    0.42       0.42
  clock network delay (ideal)              0.00       0.42
  clock uncertainty                       -0.01       0.41
  prod_reg[28]/CP (DFCNQD2BWP20P90)        0.00       0.41 r
  library setup time                      -0.01       0.40
  data required time                                  0.40
  -----------------------------------------------------------
  data required time                                  0.40
  data arrival time                                  -0.40
  -----------------------------------------------------------
  slack (MET)                                         0.00


  Startpoint: inp_a[3] (input port clocked by clk)
  Endpoint: prod_reg[25]
            (rising edge-triggered flip-flop clocked by clk)
  Path Group: clk
  Path Type: max

  Des/Clust/Port     Wire Load Model       Library
  ------------------------------------------------
  mult               ZeroWireload          N16ADFP_StdCelltt0p8v25c

  Point                                    Incr       Path
  -----------------------------------------------------------
  clock clk (rise edge)                    0.00       0.00
  clock network delay (ideal)              0.00       0.00
  input external delay                     0.01       0.01 f
  inp_a[3] (in)                            0.01       0.02 f
  U94/Z (CKBD1BWP20P90)                    0.04       0.05 f
  U67/Z (XOR2D1BWP20P90)                   0.03       0.08 f
  U99/ZN (ND2D4BWP20P90)                   0.01       0.10 r
  U136/ZN (OAI22D1BWP20P90)                0.02       0.11 f
  U194/CO (FA1D1BWP20P90)                  0.04       0.15 f
  U193/S (FA1D1BWP20P90)                   0.05       0.20 r
  U231/S (FA1D1BWP20P90)                   0.05       0.25 f
  U258/S (FA1D1BWP20P90)                   0.05       0.30 r
  U286/ZN (NR2D1BWP20P90)                  0.01       0.31 f
  U305/ZN (NR2D1BWP20P90)                  0.01       0.32 r
  U54/ZN (ND2D1BWP20P90)                   0.01       0.33 f
  U489/ZN (OAI21D2BWP20P90)                0.02       0.35 r
  U580/ZN (AOI21D2BWP20P90)                0.02       0.37 f
  U792/ZN (OAI21D1BWP20P90)                0.01       0.38 r
  U794/ZN (XNR2D1BWP20P90)                 0.02       0.40 r
  prod_reg[25]/D (DFCNQD2BWP20P90)         0.00       0.40 r
  data arrival time                                   0.40

  clock clk (rise edge)                    0.42       0.42
  clock network delay (ideal)              0.00       0.42
  clock uncertainty                       -0.01       0.41
  prod_reg[25]/CP (DFCNQD2BWP20P90)        0.00       0.41 r
  library setup time                      -0.01       0.40
  data required time                                  0.40
  -----------------------------------------------------------
  data required time                                  0.40
  data arrival time                                  -0.40
  -----------------------------------------------------------
  slack (MET)                                         0.00


  Startpoint: inp_a[3] (input port clocked by clk)
  Endpoint: prod_reg[29]
            (rising edge-triggered flip-flop clocked by clk)
  Path Group: clk
  Path Type: max

  Des/Clust/Port     Wire Load Model       Library
  ------------------------------------------------
  mult               ZeroWireload          N16ADFP_StdCelltt0p8v25c

  Point                                    Incr       Path
  -----------------------------------------------------------
  clock clk (rise edge)                    0.00       0.00
  clock network delay (ideal)              0.00       0.00
  input external delay                     0.01       0.01 f
  inp_a[3] (in)                            0.01       0.02 f
  U94/Z (CKBD1BWP20P90)                    0.04       0.05 f
  U67/Z (XOR2D1BWP20P90)                   0.03       0.08 f
  U99/ZN (ND2D4BWP20P90)                   0.01       0.10 r
  U136/ZN (OAI22D1BWP20P90)                0.02       0.11 f
  U194/CO (FA1D1BWP20P90)                  0.04       0.15 f
  U193/S (FA1D1BWP20P90)                   0.05       0.20 r
  U231/S (FA1D1BWP20P90)                   0.05       0.25 f
  U258/S (FA1D1BWP20P90)                   0.05       0.30 r
  U286/ZN (NR2D1BWP20P90)                  0.01       0.31 f
  U305/ZN (NR2D1BWP20P90)                  0.01       0.32 r
  U54/ZN (ND2D1BWP20P90)                   0.01       0.33 f
  U489/ZN (OAI21D2BWP20P90)                0.02       0.35 r
  U580/ZN (AOI21D2BWP20P90)                0.02       0.37 f
  U664/ZN (OAI21D1BWP20P90)                0.01       0.38 r
  U675/ZN (XNR2D1BWP20P90)                 0.02       0.40 r
  prod_reg[29]/D (DFCNQD2BWP20P90)         0.00       0.40 r
  data arrival time                                   0.40

  clock clk (rise edge)                    0.42       0.42
  clock network delay (ideal)              0.00       0.42
  clock uncertainty                       -0.01       0.41
  prod_reg[29]/CP (DFCNQD2BWP20P90)        0.00       0.41 r
  library setup time                      -0.01       0.40
  data required time                                  0.40
  -----------------------------------------------------------
  data required time                                  0.40
  data arrival time                                  -0.40
  -----------------------------------------------------------
  slack (MET)                                         0.00


  Startpoint: inp_a[3] (input port clocked by clk)
  Endpoint: prod_reg[27]
            (rising edge-triggered flip-flop clocked by clk)
  Path Group: clk
  Path Type: max

  Des/Clust/Port     Wire Load Model       Library
  ------------------------------------------------
  mult               ZeroWireload          N16ADFP_StdCelltt0p8v25c

  Point                                    Incr       Path
  -----------------------------------------------------------
  clock clk (rise edge)                    0.00       0.00
  clock network delay (ideal)              0.00       0.00
  input external delay                     0.01       0.01 f
  inp_a[3] (in)                            0.01       0.02 f
  U94/Z (CKBD1BWP20P90)                    0.04       0.05 f
  U67/Z (XOR2D1BWP20P90)                   0.03       0.08 f
  U99/ZN (ND2D4BWP20P90)                   0.01       0.10 r
  U136/ZN (OAI22D1BWP20P90)                0.02       0.11 f
  U194/CO (FA1D1BWP20P90)                  0.04       0.15 f
  U193/S (FA1D1BWP20P90)                   0.05       0.20 r
  U231/S (FA1D1BWP20P90)                   0.05       0.25 f
  U258/S (FA1D1BWP20P90)                   0.05       0.30 r
  U286/ZN (NR2D1BWP20P90)                  0.01       0.31 f
  U305/ZN (NR2D1BWP20P90)                  0.01       0.32 r
  U54/ZN (ND2D1BWP20P90)                   0.01       0.33 f
  U489/ZN (OAI21D2BWP20P90)                0.02       0.35 r
  U708/ZN (AOI21D2BWP20P90)                0.02       0.37 f
  U788/ZN (OAI21D1BWP20P90)                0.01       0.38 r
  U791/ZN (XNR2D1BWP20P90)                 0.02       0.40 r
  prod_reg[27]/D (DFCNQD2BWP20P90)         0.00       0.40 r
  data arrival time                                   0.40

  clock clk (rise edge)                    0.42       0.42
  clock network delay (ideal)              0.00       0.42
  clock uncertainty                       -0.01       0.41
  prod_reg[27]/CP (DFCNQD2BWP20P90)        0.00       0.41 r
  library setup time                      -0.01       0.40
  data required time                                  0.40
  -----------------------------------------------------------
  data required time                                  0.40
  data arrival time                                  -0.40
  -----------------------------------------------------------
  slack (MET)                                         0.00


  Startpoint: inp_a[9] (input port clocked by clk)
  Endpoint: prod_reg[31]
            (rising edge-triggered flip-flop clocked by clk)
  Path Group: clk
  Path Type: max

  Des/Clust/Port     Wire Load Model       Library
  ------------------------------------------------
  mult               ZeroWireload          N16ADFP_StdCelltt0p8v25c

  Point                                    Incr       Path
  -----------------------------------------------------------
  clock clk (rise edge)                    0.00       0.00
  clock network delay (ideal)              0.00       0.00
  input external delay                     0.01       0.01 r
  inp_a[9] (in)                            0.00       0.01 r
  U114/Z (CKBD1BWP20P90)                   0.02       0.03 r
  U106/Z (XOR2D1BWP20P90)                  0.02       0.06 f
  U107/ZN (INVD1BWP20P90)                  0.01       0.07 r
  U63/ZN (ND2D2BWP20P90)                   0.01       0.08 f
  U84/ZN (CKND2BWP20P90)                   0.01       0.08 r
  U41/ZN (INVD1BWP20P90)                   0.02       0.10 f
  U498/ZN (OAI22D1BWP20P90)                0.02       0.13 r
  U513/S (FA1D1BWP20P90)                   0.05       0.18 f
  U530/CO (FA1D2BWP20P90)                  0.03       0.21 f
  U542/S (FA1D1BWP20P90)                   0.05       0.25 r
  U551/S (FA1D1BWP20P90)                   0.04       0.30 f
  U532/ZN (NR2D1BWP20P90)                  0.01       0.31 r
  U575/ZN (OAI21D1BWP20P90)                0.01       0.33 f
  U124/ZN (AOI21D1BWP20P90)                0.02       0.34 r
  U680/ZN (OAI21D1BWP20P90)                0.01       0.35 f
  U681/ZN (AOI21D1BWP20P90)                0.01       0.37 r
  U690/ZN (OAI21D1BWP20P90)                0.01       0.38 f
  U698/ZN (XNR2D1BWP20P90)                 0.02       0.40 r
  prod_reg[31]/D (DFCNQD2BWP20P90)         0.00       0.40 r
  data arrival time                                   0.40

  clock clk (rise edge)                    0.42       0.42
  clock network delay (ideal)              0.00       0.42
  clock uncertainty                       -0.01       0.41
  prod_reg[31]/CP (DFCNQD2BWP20P90)        0.00       0.41 r
  library setup time                      -0.01       0.40
  data required time                                  0.40
  -----------------------------------------------------------
  data required time                                  0.40
  data arrival time                                  -0.40
  -----------------------------------------------------------
  slack (MET)                                         0.00


  Startpoint: inp_a[3] (input port clocked by clk)
  Endpoint: prod_reg[23]
            (rising edge-triggered flip-flop clocked by clk)
  Path Group: clk
  Path Type: max

  Des/Clust/Port     Wire Load Model       Library
  ------------------------------------------------
  mult               ZeroWireload          N16ADFP_StdCelltt0p8v25c

  Point                                    Incr       Path
  -----------------------------------------------------------
  clock clk (rise edge)                    0.00       0.00
  clock network delay (ideal)              0.00       0.00
  input external delay                     0.01       0.01 f
  inp_a[3] (in)                            0.01       0.02 f
  U94/Z (CKBD1BWP20P90)                    0.04       0.05 f
  U67/Z (XOR2D1BWP20P90)                   0.03       0.09 r
  U99/ZN (ND2D4BWP20P90)                   0.02       0.10 f
  U136/ZN (OAI22D1BWP20P90)                0.02       0.12 r
  U194/CO (FA1D1BWP20P90)                  0.03       0.15 r
  U193/S (FA1D1BWP20P90)                   0.05       0.20 f
  U231/S (FA1D1BWP20P90)                   0.05       0.25 r
  U258/S (FA1D1BWP20P90)                   0.04       0.30 f
  U286/ZN (NR2D1BWP20P90)                  0.01       0.31 r
  U485/ZN (OAI21D1BWP20P90)                0.01       0.32 f
  U127/ZN (AOI21D1BWP20P90)                0.01       0.34 r
  U489/ZN (OAI21D2BWP20P90)                0.01       0.35 f
  U699/ZN (AOI21D1BWP20P90)                0.02       0.37 r
  U700/ZN (OAI21D1BWP20P90)                0.01       0.38 f
  U703/ZN (XNR2D1BWP20P90)                 0.02       0.40 r
  prod_reg[23]/D (DFCNQD2BWP20P90)         0.00       0.40 r
  data arrival time                                   0.40

  clock clk (rise edge)                    0.42       0.42
  clock network delay (ideal)              0.00       0.42
  clock uncertainty                       -0.01       0.41
  prod_reg[23]/CP (DFCNQD2BWP20P90)        0.00       0.41 r
  library setup time                      -0.01       0.40
  data required time                                  0.40
  -----------------------------------------------------------
  data required time                                  0.40
  data arrival time                                  -0.40
  -----------------------------------------------------------
  slack (MET)                                         0.00


  Startpoint: inp_a[3] (input port clocked by clk)
  Endpoint: prod_reg[23]
            (rising edge-triggered flip-flop clocked by clk)
  Path Group: clk
  Path Type: max

  Des/Clust/Port     Wire Load Model       Library
  ------------------------------------------------
  mult               ZeroWireload          N16ADFP_StdCelltt0p8v25c

  Point                                    Incr       Path
  -----------------------------------------------------------
  clock clk (rise edge)                    0.00       0.00
  clock network delay (ideal)              0.00       0.00
  input external delay                     0.01       0.01 f
  inp_a[3] (in)                            0.01       0.02 f
  U94/Z (CKBD1BWP20P90)                    0.04       0.05 f
  U67/Z (XOR2D1BWP20P90)                   0.03       0.09 r
  U99/ZN (ND2D4BWP20P90)                   0.02       0.10 f
  U200/ZN (OAI22D1BWP20P90)                0.02       0.12 r
  U252/S (FA1D1BWP20P90)                   0.05       0.17 f
  U35/CO (FA1D1BWP20P90)                   0.03       0.20 f
  U253/Z (XOR3D1BWP20P90)                  0.05       0.25 f
  U511/S (FA1D1BWP20P90)                   0.05       0.30 r
  U256/ZN (NR2D1BWP20P90)                  0.01       0.31 f
  U257/ZN (NR2D1BWP20P90)                  0.01       0.32 r
  U54/ZN (ND2D1BWP20P90)                   0.01       0.33 f
  U489/ZN (OAI21D2BWP20P90)                0.02       0.35 r
  U699/ZN (AOI21D1BWP20P90)                0.02       0.37 f
  U700/ZN (OAI21D1BWP20P90)                0.01       0.38 r
  U703/ZN (XNR2D1BWP20P90)                 0.02       0.40 r
  prod_reg[23]/D (DFCNQD2BWP20P90)         0.00       0.40 r
  data arrival time                                   0.40

  clock clk (rise edge)                    0.42       0.42
  clock network delay (ideal)              0.00       0.42
  clock uncertainty                       -0.01       0.41
  prod_reg[23]/CP (DFCNQD2BWP20P90)        0.00       0.41 r
  library setup time                      -0.01       0.40
  data required time                                  0.40
  -----------------------------------------------------------
  data required time                                  0.40
  data arrival time                                  -0.40
  -----------------------------------------------------------
  slack (MET)                                         0.00


  Startpoint: inp_a[3] (input port clocked by clk)
  Endpoint: prod_reg[31]
            (rising edge-triggered flip-flop clocked by clk)
  Path Group: clk
  Path Type: max

  Des/Clust/Port     Wire Load Model       Library
  ------------------------------------------------
  mult               ZeroWireload          N16ADFP_StdCelltt0p8v25c

  Point                                    Incr       Path
  -----------------------------------------------------------
  clock clk (rise edge)                    0.00       0.00
  clock network delay (ideal)              0.00       0.00
  input external delay                     0.01       0.01 f
  inp_a[3] (in)                            0.01       0.02 f
  U94/Z (CKBD1BWP20P90)                    0.04       0.05 f
  U67/Z (XOR2D1BWP20P90)                   0.03       0.09 r
  U99/ZN (ND2D4BWP20P90)                   0.02       0.10 f
  U200/ZN (OAI22D1BWP20P90)                0.02       0.12 r
  U252/S (FA1D1BWP20P90)                   0.05       0.17 f
  U35/CO (FA1D1BWP20P90)                   0.03       0.20 f
  U253/Z (XOR3D1BWP20P90)                  0.05       0.25 f
  U511/S (FA1D1BWP20P90)                   0.05       0.30 r
  U256/ZN (NR2D1BWP20P90)                  0.01       0.31 f
  U257/ZN (NR2D1BWP20P90)                  0.01       0.32 r
  U54/ZN (ND2D1BWP20P90)                   0.01       0.33 f
  U489/ZN (OAI21D2BWP20P90)                0.02       0.35 r
  U681/ZN (AOI21D1BWP20P90)                0.02       0.37 f
  U690/ZN (OAI21D1BWP20P90)                0.01       0.38 r
  U698/ZN (XNR2D1BWP20P90)                 0.02       0.40 r
  prod_reg[31]/D (DFCNQD2BWP20P90)         0.00       0.40 r
  data arrival time                                   0.40

  clock clk (rise edge)                    0.42       0.42
  clock network delay (ideal)              0.00       0.42
  clock uncertainty                       -0.01       0.41
  prod_reg[31]/CP (DFCNQD2BWP20P90)        0.00       0.41 r
  library setup time                      -0.01       0.40
  data required time                                  0.40
  -----------------------------------------------------------
  data required time                                  0.40
  data arrival time                                  -0.40
  -----------------------------------------------------------
  slack (MET)                                         0.00


  Startpoint: inp_a[3] (input port clocked by clk)
  Endpoint: prod_reg[22]
            (rising edge-triggered flip-flop clocked by clk)
  Path Group: clk
  Path Type: max

  Des/Clust/Port     Wire Load Model       Library
  ------------------------------------------------
  mult               ZeroWireload          N16ADFP_StdCelltt0p8v25c

  Point                                    Incr       Path
  -----------------------------------------------------------
  clock clk (rise edge)                    0.00       0.00
  clock network delay (ideal)              0.00       0.00
  input external delay                     0.01       0.01 r
  inp_a[3] (in)                            0.01       0.02 r
  U94/Z (CKBD1BWP20P90)                    0.04       0.05 r
  U67/Z (XOR2D1BWP20P90)                   0.03       0.08 f
  U99/ZN (ND2D4BWP20P90)                   0.01       0.10 r
  U136/ZN (OAI22D1BWP20P90)                0.02       0.11 f
  U194/CO (FA1D1BWP20P90)                  0.04       0.15 f
  U193/S (FA1D1BWP20P90)                   0.05       0.20 r
  U231/S (FA1D1BWP20P90)                   0.05       0.25 f
  U258/S (FA1D1BWP20P90)                   0.05       0.30 r
  U286/ZN (NR2D1BWP20P90)                  0.01       0.31 f
  U305/ZN (NR2D1BWP20P90)                  0.01       0.32 r
  U54/ZN (ND2D1BWP20P90)                   0.01       0.33 f
  U489/ZN (OAI21D2BWP20P90)                0.02       0.35 r
  U699/ZN (AOI21D1BWP20P90)                0.02       0.37 f
  U129/Z (CKBD1BWP20P90)                   0.01       0.38 f
  U53/Z (XOR2D1BWP20P90)                   0.02       0.40 r
  prod_reg[22]/D (DFCNQD2BWP20P90)         0.00       0.40 r
  data arrival time                                   0.40

  clock clk (rise edge)                    0.42       0.42
  clock network delay (ideal)              0.00       0.42
  clock uncertainty                       -0.01       0.41
  prod_reg[22]/CP (DFCNQD2BWP20P90)        0.00       0.41 r
  library setup time                      -0.01       0.40
  data required time                                  0.40
  -----------------------------------------------------------
  data required time                                  0.40
  data arrival time                                  -0.40
  -----------------------------------------------------------
  slack (MET)                                         0.00


  Startpoint: inp_a[3] (input port clocked by clk)
  Endpoint: prod_reg[30]
            (rising edge-triggered flip-flop clocked by clk)
  Path Group: clk
  Path Type: max

  Des/Clust/Port     Wire Load Model       Library
  ------------------------------------------------
  mult               ZeroWireload          N16ADFP_StdCelltt0p8v25c

  Point                                    Incr       Path
  -----------------------------------------------------------
  clock clk (rise edge)                    0.00       0.00
  clock network delay (ideal)              0.00       0.00
  input external delay                     0.01       0.01 r
  inp_a[3] (in)                            0.01       0.02 r
  U94/Z (CKBD1BWP20P90)                    0.04       0.05 r
  U67/Z (XOR2D1BWP20P90)                   0.03       0.08 f
  U99/ZN (ND2D4BWP20P90)                   0.01       0.10 r
  U136/ZN (OAI22D1BWP20P90)                0.02       0.11 f
  U194/CO (FA1D1BWP20P90)                  0.04       0.15 f
  U193/S (FA1D1BWP20P90)                   0.05       0.20 r
  U231/S (FA1D1BWP20P90)                   0.05       0.25 f
  U258/S (FA1D1BWP20P90)                   0.05       0.30 r
  U286/ZN (NR2D1BWP20P90)                  0.01       0.31 f
  U305/ZN (NR2D1BWP20P90)                  0.01       0.32 r
  U54/ZN (ND2D1BWP20P90)                   0.01       0.33 f
  U489/ZN (OAI21D2BWP20P90)                0.02       0.35 r
  U681/ZN (AOI21D1BWP20P90)                0.02       0.37 f
  U130/Z (CKBD1BWP20P90)                   0.01       0.38 f
  U50/Z (XOR2D1BWP20P90)                   0.02       0.40 r
  prod_reg[30]/D (DFCNQD2BWP20P90)         0.00       0.40 r
  data arrival time                                   0.40

  clock clk (rise edge)                    0.42       0.42
  clock network delay (ideal)              0.00       0.42
  clock uncertainty                       -0.01       0.41
  prod_reg[30]/CP (DFCNQD2BWP20P90)        0.00       0.41 r
  library setup time                      -0.01       0.40
  data required time                                  0.40
  -----------------------------------------------------------
  data required time                                  0.40
  data arrival time                                  -0.40
  -----------------------------------------------------------
  slack (MET)                                         0.00


  Startpoint: inp_a[3] (input port clocked by clk)
  Endpoint: prod_reg[24]
            (rising edge-triggered flip-flop clocked by clk)
  Path Group: clk
  Path Type: max

  Des/Clust/Port     Wire Load Model       Library
  ------------------------------------------------
  mult               ZeroWireload          N16ADFP_StdCelltt0p8v25c

  Point                                    Incr       Path
  -----------------------------------------------------------
  clock clk (rise edge)                    0.00       0.00
  clock network delay (ideal)              0.00       0.00
  input external delay                     0.01       0.01 f
  inp_a[3] (in)                            0.01       0.02 f
  U94/Z (CKBD1BWP20P90)                    0.04       0.05 f
  U67/Z (XOR2D1BWP20P90)                   0.03       0.09 r
  U99/ZN (ND2D4BWP20P90)                   0.02       0.10 f
  U200/ZN (OAI22D1BWP20P90)                0.02       0.12 r
  U252/S (FA1D1BWP20P90)                   0.05       0.17 f
  U35/CO (FA1D1BWP20P90)                   0.03       0.20 f
  U253/Z (XOR3D1BWP20P90)                  0.05       0.25 f
  U511/S (FA1D1BWP20P90)                   0.05       0.30 r
  U256/ZN (NR2D1BWP20P90)                  0.01       0.31 f
  U257/ZN (NR2D1BWP20P90)                  0.01       0.32 r
  U54/ZN (ND2D1BWP20P90)                   0.01       0.33 f
  U489/ZN (OAI21D2BWP20P90)                0.02       0.35 r
  U580/ZN (AOI21D2BWP20P90)                0.02       0.37 f
  U712/Z (CKBD1BWP20P90)                   0.01       0.38 f
  U52/Z (XOR2D1BWP20P90)                   0.02       0.40 r
  prod_reg[24]/D (DFCNQD2BWP20P90)         0.00       0.40 r
  data arrival time                                   0.40

  clock clk (rise edge)                    0.42       0.42
  clock network delay (ideal)              0.00       0.42
  clock uncertainty                       -0.01       0.41
  prod_reg[24]/CP (DFCNQD2BWP20P90)        0.00       0.41 r
  library setup time                      -0.01       0.40
  data required time                                  0.40
  -----------------------------------------------------------
  data required time                                  0.40
  data arrival time                                  -0.40
  -----------------------------------------------------------
  slack (MET)                                         0.00


  Startpoint: inp_a[3] (input port clocked by clk)
  Endpoint: prod_reg[26]
            (rising edge-triggered flip-flop clocked by clk)
  Path Group: clk
  Path Type: max

  Des/Clust/Port     Wire Load Model       Library
  ------------------------------------------------
  mult               ZeroWireload          N16ADFP_StdCelltt0p8v25c

  Point                                    Incr       Path
  -----------------------------------------------------------
  clock clk (rise edge)                    0.00       0.00
  clock network delay (ideal)              0.00       0.00
  input external delay                     0.01       0.01 f
  inp_a[3] (in)                            0.01       0.02 f
  U94/Z (CKBD1BWP20P90)                    0.04       0.05 f
  U67/Z (XOR2D1BWP20P90)                   0.03       0.09 r
  U99/ZN (ND2D4BWP20P90)                   0.02       0.10 f
  U200/ZN (OAI22D1BWP20P90)                0.02       0.12 r
  U252/S (FA1D1BWP20P90)                   0.05       0.17 f
  U35/CO (FA1D1BWP20P90)                   0.03       0.20 f
  U253/Z (XOR3D1BWP20P90)                  0.05       0.25 f
  U511/S (FA1D1BWP20P90)                   0.05       0.30 r
  U256/ZN (NR2D1BWP20P90)                  0.01       0.31 f
  U257/ZN (NR2D1BWP20P90)                  0.01       0.32 r
  U54/ZN (ND2D1BWP20P90)                   0.01       0.33 f
  U489/ZN (OAI21D2BWP20P90)                0.02       0.35 r
  U708/ZN (AOI21D2BWP20P90)                0.02       0.37 f
  U709/Z (CKBD1BWP20P90)                   0.01       0.38 f
  U51/Z (XOR2D1BWP20P90)                   0.02       0.40 r
  prod_reg[26]/D (DFCNQD2BWP20P90)         0.00       0.40 r
  data arrival time                                   0.40

  clock clk (rise edge)                    0.42       0.42
  clock network delay (ideal)              0.00       0.42
  clock uncertainty                       -0.01       0.41
  prod_reg[26]/CP (DFCNQD2BWP20P90)        0.00       0.41 r
  library setup time                      -0.01       0.40
  data required time                                  0.40
  -----------------------------------------------------------
  data required time                                  0.40
  data arrival time                                  -0.40
  -----------------------------------------------------------
  slack (MET)                                         0.00


  Startpoint: inp_a[9] (input port clocked by clk)
  Endpoint: prod_reg[27]
            (rising edge-triggered flip-flop clocked by clk)
  Path Group: clk
  Path Type: max

  Des/Clust/Port     Wire Load Model       Library
  ------------------------------------------------
  mult               ZeroWireload          N16ADFP_StdCelltt0p8v25c

  Point                                    Incr       Path
  -----------------------------------------------------------
  clock clk (rise edge)                    0.00       0.00
  clock network delay (ideal)              0.00       0.00
  input external delay                     0.01       0.01 r
  inp_a[9] (in)                            0.00       0.01 r
  U114/Z (CKBD1BWP20P90)                   0.02       0.03 r
  U106/Z (XOR2D1BWP20P90)                  0.02       0.06 f
  U107/ZN (INVD1BWP20P90)                  0.01       0.07 r
  U63/ZN (ND2D2BWP20P90)                   0.01       0.08 f
  U84/ZN (CKND2BWP20P90)                   0.01       0.08 r
  U41/ZN (INVD1BWP20P90)                   0.02       0.10 f
  U498/ZN (OAI22D1BWP20P90)                0.02       0.13 r
  U513/S (FA1D1BWP20P90)                   0.05       0.18 f
  U530/CO (FA1D2BWP20P90)                  0.03       0.21 f
  U542/S (FA1D1BWP20P90)                   0.05       0.25 r
  U551/S (FA1D1BWP20P90)                   0.04       0.30 f
  U532/ZN (NR2D1BWP20P90)                  0.01       0.31 r
  U575/ZN (OAI21D1BWP20P90)                0.01       0.33 f
  U124/ZN (AOI21D1BWP20P90)                0.02       0.34 r
  U707/ZN (OAI21D1BWP20P90)                0.01       0.36 f
  U708/ZN (AOI21D2BWP20P90)                0.01       0.37 r
  U788/ZN (OAI21D1BWP20P90)                0.01       0.38 f
  U791/ZN (XNR2D1BWP20P90)                 0.02       0.40 r
  prod_reg[27]/D (DFCNQD2BWP20P90)         0.00       0.40 r
  data arrival time                                   0.40

  clock clk (rise edge)                    0.42       0.42
  clock network delay (ideal)              0.00       0.42
  clock uncertainty                       -0.01       0.41
  prod_reg[27]/CP (DFCNQD2BWP20P90)        0.00       0.41 r
  library setup time                      -0.01       0.40
  data required time                                  0.40
  -----------------------------------------------------------
  data required time                                  0.40
  data arrival time                                  -0.40
  -----------------------------------------------------------
  slack (MET)                                         0.00


  Startpoint: inp_a[3] (input port clocked by clk)
  Endpoint: prod_reg[22]
            (rising edge-triggered flip-flop clocked by clk)
  Path Group: clk
  Path Type: max

  Des/Clust/Port     Wire Load Model       Library
  ------------------------------------------------
  mult               ZeroWireload          N16ADFP_StdCelltt0p8v25c

  Point                                    Incr       Path
  -----------------------------------------------------------
  clock clk (rise edge)                    0.00       0.00
  clock network delay (ideal)              0.00       0.00
  input external delay                     0.01       0.01 f
  inp_a[3] (in)                            0.01       0.02 f
  U94/Z (CKBD1BWP20P90)                    0.04       0.05 f
  U67/Z (XOR2D1BWP20P90)                   0.03       0.08 f
  U99/ZN (ND2D4BWP20P90)                   0.01       0.10 r
  U136/ZN (OAI22D1BWP20P90)                0.02       0.11 f
  U194/CO (FA1D1BWP20P90)                  0.04       0.15 f
  U193/S (FA1D1BWP20P90)                   0.05       0.20 r
  U231/S (FA1D1BWP20P90)                   0.05       0.25 f
  U258/S (FA1D1BWP20P90)                   0.05       0.30 r
  U286/ZN (NR2D1BWP20P90)                  0.01       0.31 f
  U305/ZN (NR2D1BWP20P90)                  0.01       0.32 r
  U54/ZN (ND2D1BWP20P90)                   0.01       0.33 f
  U489/ZN (OAI21D2BWP20P90)                0.02       0.35 r
  U699/ZN (AOI21D1BWP20P90)                0.02       0.37 f
  U129/Z (CKBD1BWP20P90)                   0.01       0.38 f
  U53/Z (XOR2D1BWP20P90)                   0.02       0.40 r
  prod_reg[22]/D (DFCNQD2BWP20P90)         0.00       0.40 r
  data arrival time                                   0.40

  clock clk (rise edge)                    0.42       0.42
  clock network delay (ideal)              0.00       0.42
  clock uncertainty                       -0.01       0.41
  prod_reg[22]/CP (DFCNQD2BWP20P90)        0.00       0.41 r
  library setup time                      -0.01       0.40
  data required time                                  0.40
  -----------------------------------------------------------
  data required time                                  0.40
  data arrival time                                  -0.40
  -----------------------------------------------------------
  slack (MET)                                         0.00


  Startpoint: inp_a[3] (input port clocked by clk)
  Endpoint: prod_reg[30]
            (rising edge-triggered flip-flop clocked by clk)
  Path Group: clk
  Path Type: max

  Des/Clust/Port     Wire Load Model       Library
  ------------------------------------------------
  mult               ZeroWireload          N16ADFP_StdCelltt0p8v25c

  Point                                    Incr       Path
  -----------------------------------------------------------
  clock clk (rise edge)                    0.00       0.00
  clock network delay (ideal)              0.00       0.00
  input external delay                     0.01       0.01 f
  inp_a[3] (in)                            0.01       0.02 f
  U94/Z (CKBD1BWP20P90)                    0.04       0.05 f
  U67/Z (XOR2D1BWP20P90)                   0.03       0.08 f
  U99/ZN (ND2D4BWP20P90)                   0.01       0.10 r
  U136/ZN (OAI22D1BWP20P90)                0.02       0.11 f
  U194/CO (FA1D1BWP20P90)                  0.04       0.15 f
  U193/S (FA1D1BWP20P90)                   0.05       0.20 r
  U231/S (FA1D1BWP20P90)                   0.05       0.25 f
  U258/S (FA1D1BWP20P90)                   0.05       0.30 r
  U286/ZN (NR2D1BWP20P90)                  0.01       0.31 f
  U305/ZN (NR2D1BWP20P90)                  0.01       0.32 r
  U54/ZN (ND2D1BWP20P90)                   0.01       0.33 f
  U489/ZN (OAI21D2BWP20P90)                0.02       0.35 r
  U681/ZN (AOI21D1BWP20P90)                0.02       0.37 f
  U130/Z (CKBD1BWP20P90)                   0.01       0.38 f
  U50/Z (XOR2D1BWP20P90)                   0.02       0.40 r
  prod_reg[30]/D (DFCNQD2BWP20P90)         0.00       0.40 r
  data arrival time                                   0.40

  clock clk (rise edge)                    0.42       0.42
  clock network delay (ideal)              0.00       0.42
  clock uncertainty                       -0.01       0.41
  prod_reg[30]/CP (DFCNQD2BWP20P90)        0.00       0.41 r
  library setup time                      -0.01       0.40
  data required time                                  0.40
  -----------------------------------------------------------
  data required time                                  0.40
  data arrival time                                  -0.40
  -----------------------------------------------------------
  slack (MET)                                         0.00


  Startpoint: inp_a[3] (input port clocked by clk)
  Endpoint: prod_reg[24]
            (rising edge-triggered flip-flop clocked by clk)
  Path Group: clk
  Path Type: max

  Des/Clust/Port     Wire Load Model       Library
  ------------------------------------------------
  mult               ZeroWireload          N16ADFP_StdCelltt0p8v25c

  Point                                    Incr       Path
  -----------------------------------------------------------
  clock clk (rise edge)                    0.00       0.00
  clock network delay (ideal)              0.00       0.00
  input external delay                     0.01       0.01 f
  inp_a[3] (in)                            0.01       0.02 f
  U94/Z (CKBD1BWP20P90)                    0.04       0.05 f
  U67/Z (XOR2D1BWP20P90)                   0.03       0.09 r
  U99/ZN (ND2D4BWP20P90)                   0.02       0.10 f
  U200/ZN (OAI22D1BWP20P90)                0.02       0.12 r
  U252/S (FA1D1BWP20P90)                   0.05       0.17 f
  U35/CO (FA1D1BWP20P90)                   0.03       0.20 f
  U253/Z (XOR3D1BWP20P90)                  0.05       0.25 f
  U511/S (FA1D1BWP20P90)                   0.05       0.30 r
  U256/ZN (NR2D1BWP20P90)                  0.01       0.31 f
  U257/ZN (NR2D1BWP20P90)                  0.01       0.32 r
  U54/ZN (ND2D1BWP20P90)                   0.01       0.33 f
  U489/ZN (OAI21D2BWP20P90)                0.02       0.35 r
  U580/ZN (AOI21D2BWP20P90)                0.02       0.37 f
  U712/Z (CKBD1BWP20P90)                   0.01       0.38 f
  U52/Z (XOR2D1BWP20P90)                   0.02       0.40 r
  prod_reg[24]/D (DFCNQD2BWP20P90)         0.00       0.40 r
  data arrival time                                   0.40

  clock clk (rise edge)                    0.42       0.42
  clock network delay (ideal)              0.00       0.42
  clock uncertainty                       -0.01       0.41
  prod_reg[24]/CP (DFCNQD2BWP20P90)        0.00       0.41 r
  library setup time                      -0.01       0.40
  data required time                                  0.40
  -----------------------------------------------------------
  data required time                                  0.40
  data arrival time                                  -0.40
  -----------------------------------------------------------
  slack (MET)                                         0.00


  Startpoint: inp_a[3] (input port clocked by clk)
  Endpoint: prod_reg[26]
            (rising edge-triggered flip-flop clocked by clk)
  Path Group: clk
  Path Type: max

  Des/Clust/Port     Wire Load Model       Library
  ------------------------------------------------
  mult               ZeroWireload          N16ADFP_StdCelltt0p8v25c

  Point                                    Incr       Path
  -----------------------------------------------------------
  clock clk (rise edge)                    0.00       0.00
  clock network delay (ideal)              0.00       0.00
  input external delay                     0.01       0.01 f
  inp_a[3] (in)                            0.01       0.02 f
  U94/Z (CKBD1BWP20P90)                    0.04       0.05 f
  U67/Z (XOR2D1BWP20P90)                   0.03       0.09 r
  U99/ZN (ND2D4BWP20P90)                   0.02       0.10 f
  U200/ZN (OAI22D1BWP20P90)                0.02       0.12 r
  U252/S (FA1D1BWP20P90)                   0.05       0.17 f
  U35/CO (FA1D1BWP20P90)                   0.03       0.20 f
  U253/Z (XOR3D1BWP20P90)                  0.05       0.25 f
  U511/S (FA1D1BWP20P90)                   0.05       0.30 r
  U256/ZN (NR2D1BWP20P90)                  0.01       0.31 f
  U257/ZN (NR2D1BWP20P90)                  0.01       0.32 r
  U54/ZN (ND2D1BWP20P90)                   0.01       0.33 f
  U489/ZN (OAI21D2BWP20P90)                0.02       0.35 r
  U708/ZN (AOI21D2BWP20P90)                0.02       0.37 f
  U709/Z (CKBD1BWP20P90)                   0.01       0.38 f
  U51/Z (XOR2D1BWP20P90)                   0.02       0.40 r
  prod_reg[26]/D (DFCNQD2BWP20P90)         0.00       0.40 r
  data arrival time                                   0.40

  clock clk (rise edge)                    0.42       0.42
  clock network delay (ideal)              0.00       0.42
  clock uncertainty                       -0.01       0.41
  prod_reg[26]/CP (DFCNQD2BWP20P90)        0.00       0.41 r
  library setup time                      -0.01       0.40
  data required time                                  0.40
  -----------------------------------------------------------
  data required time                                  0.40
  data arrival time                                  -0.40
  -----------------------------------------------------------
  slack (MET)                                         0.00


  Startpoint: inp_a[3] (input port clocked by clk)
  Endpoint: prod_reg[23]
            (rising edge-triggered flip-flop clocked by clk)
  Path Group: clk
  Path Type: max

  Des/Clust/Port     Wire Load Model       Library
  ------------------------------------------------
  mult               ZeroWireload          N16ADFP_StdCelltt0p8v25c

  Point                                    Incr       Path
  -----------------------------------------------------------
  clock clk (rise edge)                    0.00       0.00
  clock network delay (ideal)              0.00       0.00
  input external delay                     0.01       0.01 f
  inp_a[3] (in)                            0.01       0.02 f
  U94/Z (CKBD1BWP20P90)                    0.04       0.05 f
  U67/Z (XOR2D1BWP20P90)                   0.03       0.09 r
  U99/ZN (ND2D4BWP20P90)                   0.02       0.10 f
  U136/ZN (OAI22D1BWP20P90)                0.02       0.12 r
  U194/CO (FA1D1BWP20P90)                  0.03       0.15 r
  U193/S (FA1D1BWP20P90)                   0.05       0.20 f
  U231/S (FA1D1BWP20P90)                   0.05       0.25 r
  U258/S (FA1D1BWP20P90)                   0.04       0.30 f
  U286/ZN (NR2D1BWP20P90)                  0.01       0.31 r
  U485/ZN (OAI21D1BWP20P90)                0.01       0.32 f
  U127/ZN (AOI21D1BWP20P90)                0.01       0.34 r
  U489/ZN (OAI21D2BWP20P90)                0.01       0.35 f
  U699/ZN (AOI21D1BWP20P90)                0.02       0.37 r
  U700/ZN (OAI21D1BWP20P90)                0.01       0.38 f
  U703/ZN (XNR2D1BWP20P90)                 0.02       0.40 r
  prod_reg[23]/D (DFCNQD2BWP20P90)         0.00       0.40 r
  data arrival time                                   0.40

  clock clk (rise edge)                    0.42       0.42
  clock network delay (ideal)              0.00       0.42
  clock uncertainty                       -0.01       0.41
  prod_reg[23]/CP (DFCNQD2BWP20P90)        0.00       0.41 r
  library setup time                      -0.01       0.40
  data required time                                  0.40
  -----------------------------------------------------------
  data required time                                  0.40
  data arrival time                                  -0.40
  -----------------------------------------------------------
  slack (MET)                                         0.00


  Startpoint: inp_a[3] (input port clocked by clk)
  Endpoint: prod_reg[23]
            (rising edge-triggered flip-flop clocked by clk)
  Path Group: clk
  Path Type: max

  Des/Clust/Port     Wire Load Model       Library
  ------------------------------------------------
  mult               ZeroWireload          N16ADFP_StdCelltt0p8v25c

  Point                                    Incr       Path
  -----------------------------------------------------------
  clock clk (rise edge)                    0.00       0.00
  clock network delay (ideal)              0.00       0.00
  input external delay                     0.01       0.01 r
  inp_a[3] (in)                            0.01       0.02 r
  U94/Z (CKBD1BWP20P90)                    0.04       0.05 r
  U67/Z (XOR2D1BWP20P90)                   0.03       0.08 f
  U99/ZN (ND2D4BWP20P90)                   0.01       0.10 r
  U136/ZN (OAI22D1BWP20P90)                0.02       0.11 f
  U194/CO (FA1D1BWP20P90)                  0.04       0.15 f
  U193/S (FA1D1BWP20P90)                   0.05       0.20 r
  U231/S (FA1D1BWP20P90)                   0.05       0.25 f
  U258/S (FA1D1BWP20P90)                   0.05       0.30 r
  U286/ZN (NR2D1BWP20P90)                  0.01       0.31 f
  U305/ZN (NR2D1BWP20P90)                  0.01       0.32 r
  U54/ZN (ND2D1BWP20P90)                   0.01       0.33 f
  U489/ZN (OAI21D2BWP20P90)                0.02       0.35 r
  U699/ZN (AOI21D1BWP20P90)                0.02       0.37 f
  U700/ZN (OAI21D1BWP20P90)                0.01       0.38 r
  U703/ZN (XNR2D1BWP20P90)                 0.02       0.40 r
  prod_reg[23]/D (DFCNQD2BWP20P90)         0.00       0.40 r
  data arrival time                                   0.40

  clock clk (rise edge)                    0.42       0.42
  clock network delay (ideal)              0.00       0.42
  clock uncertainty                       -0.01       0.41
  prod_reg[23]/CP (DFCNQD2BWP20P90)        0.00       0.41 r
  library setup time                      -0.01       0.40
  data required time                                  0.40
  -----------------------------------------------------------
  data required time                                  0.40
  data arrival time                                  -0.40
  -----------------------------------------------------------
  slack (MET)                                         0.00


  Startpoint: inp_a[3] (input port clocked by clk)
  Endpoint: prod_reg[31]
            (rising edge-triggered flip-flop clocked by clk)
  Path Group: clk
  Path Type: max

  Des/Clust/Port     Wire Load Model       Library
  ------------------------------------------------
  mult               ZeroWireload          N16ADFP_StdCelltt0p8v25c

  Point                                    Incr       Path
  -----------------------------------------------------------
  clock clk (rise edge)                    0.00       0.00
  clock network delay (ideal)              0.00       0.00
  input external delay                     0.01       0.01 r
  inp_a[3] (in)                            0.01       0.02 r
  U94/Z (CKBD1BWP20P90)                    0.04       0.05 r
  U67/Z (XOR2D1BWP20P90)                   0.03       0.08 f
  U99/ZN (ND2D4BWP20P90)                   0.01       0.10 r
  U136/ZN (OAI22D1BWP20P90)                0.02       0.11 f
  U194/CO (FA1D1BWP20P90)                  0.04       0.15 f
  U193/S (FA1D1BWP20P90)                   0.05       0.20 r
  U231/S (FA1D1BWP20P90)                   0.05       0.25 f
  U258/S (FA1D1BWP20P90)                   0.05       0.30 r
  U286/ZN (NR2D1BWP20P90)                  0.01       0.31 f
  U305/ZN (NR2D1BWP20P90)                  0.01       0.32 r
  U54/ZN (ND2D1BWP20P90)                   0.01       0.33 f
  U489/ZN (OAI21D2BWP20P90)                0.02       0.35 r
  U681/ZN (AOI21D1BWP20P90)                0.02       0.37 f
  U690/ZN (OAI21D1BWP20P90)                0.01       0.38 r
  U698/ZN (XNR2D1BWP20P90)                 0.02       0.40 r
  prod_reg[31]/D (DFCNQD2BWP20P90)         0.00       0.40 r
  data arrival time                                   0.40

  clock clk (rise edge)                    0.42       0.42
  clock network delay (ideal)              0.00       0.42
  clock uncertainty                       -0.01       0.41
  prod_reg[31]/CP (DFCNQD2BWP20P90)        0.00       0.41 r
  library setup time                      -0.01       0.40
  data required time                                  0.40
  -----------------------------------------------------------
  data required time                                  0.40
  data arrival time                                  -0.40
  -----------------------------------------------------------
  slack (MET)                                         0.00


  Startpoint: inp_a[9] (input port clocked by clk)
  Endpoint: prod_reg[31]
            (rising edge-triggered flip-flop clocked by clk)
  Path Group: clk
  Path Type: max

  Des/Clust/Port     Wire Load Model       Library
  ------------------------------------------------
  mult               ZeroWireload          N16ADFP_StdCelltt0p8v25c

  Point                                    Incr       Path
  -----------------------------------------------------------
  clock clk (rise edge)                    0.00       0.00
  clock network delay (ideal)              0.00       0.00
  input external delay                     0.01       0.01 r
  inp_a[9] (in)                            0.00       0.01 r
  U114/Z (CKBD1BWP20P90)                   0.02       0.03 r
  U106/Z (XOR2D1BWP20P90)                  0.02       0.06 f
  U107/ZN (INVD1BWP20P90)                  0.01       0.07 r
  U63/ZN (ND2D2BWP20P90)                   0.01       0.08 f
  U84/ZN (CKND2BWP20P90)                   0.01       0.08 r
  U41/ZN (INVD1BWP20P90)                   0.02       0.10 f
  U498/ZN (OAI22D1BWP20P90)                0.02       0.13 r
  U513/S (FA1D1BWP20P90)                   0.05       0.18 f
  U530/CO (FA1D2BWP20P90)                  0.03       0.20 f
  U542/S (FA1D1BWP20P90)                   0.05       0.25 r
  U551/S (FA1D1BWP20P90)                   0.04       0.30 f
  U532/ZN (NR2D1BWP20P90)                  0.01       0.31 r
  U575/ZN (OAI21D1BWP20P90)                0.01       0.33 f
  U124/ZN (AOI21D1BWP20P90)                0.02       0.34 r
  U680/ZN (OAI21D1BWP20P90)                0.01       0.35 f
  U681/ZN (AOI21D1BWP20P90)                0.01       0.37 r
  U690/ZN (OAI21D1BWP20P90)                0.01       0.38 f
  U698/ZN (XNR2D1BWP20P90)                 0.02       0.40 r
  prod_reg[31]/D (DFCNQD2BWP20P90)         0.00       0.40 r
  data arrival time                                   0.40

  clock clk (rise edge)                    0.42       0.42
  clock network delay (ideal)              0.00       0.42
  clock uncertainty                       -0.01       0.41
  prod_reg[31]/CP (DFCNQD2BWP20P90)        0.00       0.41 r
  library setup time                      -0.01       0.40
  data required time                                  0.40
  -----------------------------------------------------------
  data required time                                  0.40
  data arrival time                                  -0.40
  -----------------------------------------------------------
  slack (MET)                                         0.00


  Startpoint: inp_a[3] (input port clocked by clk)
  Endpoint: prod_reg[23]
            (rising edge-triggered flip-flop clocked by clk)
  Path Group: clk
  Path Type: max

  Des/Clust/Port     Wire Load Model       Library
  ------------------------------------------------
  mult               ZeroWireload          N16ADFP_StdCelltt0p8v25c

  Point                                    Incr       Path
  -----------------------------------------------------------
  clock clk (rise edge)                    0.00       0.00
  clock network delay (ideal)              0.00       0.00
  input external delay                     0.01       0.01 f
  inp_a[3] (in)                            0.01       0.02 f
  U94/Z (CKBD1BWP20P90)                    0.04       0.05 f
  U67/Z (XOR2D1BWP20P90)                   0.03       0.09 r
  U99/ZN (ND2D4BWP20P90)                   0.02       0.10 f
  U136/ZN (OAI22D1BWP20P90)                0.02       0.12 r
  U194/CO (FA1D1BWP20P90)                  0.03       0.15 r
  U193/S (FA1D1BWP20P90)                   0.05       0.20 f
  U231/S (FA1D1BWP20P90)                   0.05       0.25 r
  U258/S (FA1D1BWP20P90)                   0.04       0.30 f
  U286/ZN (NR2D1BWP20P90)                  0.01       0.31 r
  U485/ZN (OAI21D1BWP20P90)                0.01       0.32 f
  U127/ZN (AOI21D1BWP20P90)                0.01       0.34 r
  U489/ZN (OAI21D2BWP20P90)                0.01       0.35 f
  U699/ZN (AOI21D1BWP20P90)                0.02       0.37 r
  U700/ZN (OAI21D1BWP20P90)                0.01       0.38 f
  U703/ZN (XNR2D1BWP20P90)                 0.02       0.40 r
  prod_reg[23]/D (DFCNQD2BWP20P90)         0.00       0.40 r
  data arrival time                                   0.40

  clock clk (rise edge)                    0.42       0.42
  clock network delay (ideal)              0.00       0.42
  clock uncertainty                       -0.01       0.41
  prod_reg[23]/CP (DFCNQD2BWP20P90)        0.00       0.41 r
  library setup time                      -0.01       0.40
  data required time                                  0.40
  -----------------------------------------------------------
  data required time                                  0.40
  data arrival time                                  -0.40
  -----------------------------------------------------------
  slack (MET)                                         0.00


  Startpoint: inp_a[9] (input port clocked by clk)
  Endpoint: prod_reg[31]
            (rising edge-triggered flip-flop clocked by clk)
  Path Group: clk
  Path Type: max

  Des/Clust/Port     Wire Load Model       Library
  ------------------------------------------------
  mult               ZeroWireload          N16ADFP_StdCelltt0p8v25c

  Point                                    Incr       Path
  -----------------------------------------------------------
  clock clk (rise edge)                    0.00       0.00
  clock network delay (ideal)              0.00       0.00
  input external delay                     0.01       0.01 r
  inp_a[9] (in)                            0.00       0.01 r
  U114/Z (CKBD1BWP20P90)                   0.02       0.03 r
  U106/Z (XOR2D1BWP20P90)                  0.02       0.06 f
  U107/ZN (INVD1BWP20P90)                  0.01       0.07 r
  U63/ZN (ND2D2BWP20P90)                   0.01       0.08 f
  U84/ZN (CKND2BWP20P90)                   0.01       0.08 r
  U41/ZN (INVD1BWP20P90)                   0.02       0.10 f
  U498/ZN (OAI22D1BWP20P90)                0.02       0.13 r
  U513/S (FA1D1BWP20P90)                   0.05       0.18 f
  U530/CO (FA1D2BWP20P90)                  0.03       0.20 f
  U542/S (FA1D1BWP20P90)                   0.05       0.25 r
  U551/S (FA1D1BWP20P90)                   0.04       0.30 f
  U532/ZN (NR2D1BWP20P90)                  0.01       0.31 r
  U575/ZN (OAI21D1BWP20P90)                0.01       0.33 f
  U124/ZN (AOI21D1BWP20P90)                0.02       0.34 r
  U680/ZN (OAI21D1BWP20P90)                0.01       0.35 f
  U681/ZN (AOI21D1BWP20P90)                0.01       0.37 r
  U690/ZN (OAI21D1BWP20P90)                0.01       0.38 f
  U698/ZN (XNR2D1BWP20P90)                 0.02       0.40 r
  prod_reg[31]/D (DFCNQD2BWP20P90)         0.00       0.40 r
  data arrival time                                   0.40

  clock clk (rise edge)                    0.42       0.42
  clock network delay (ideal)              0.00       0.42
  clock uncertainty                       -0.01       0.41
  prod_reg[31]/CP (DFCNQD2BWP20P90)        0.00       0.41 r
  library setup time                      -0.01       0.40
  data required time                                  0.40
  -----------------------------------------------------------
  data required time                                  0.40
  data arrival time                                  -0.40
  -----------------------------------------------------------
  slack (MET)                                         0.00


  Startpoint: inp_a[3] (input port clocked by clk)
  Endpoint: prod_reg[24]
            (rising edge-triggered flip-flop clocked by clk)
  Path Group: clk
  Path Type: max

  Des/Clust/Port     Wire Load Model       Library
  ------------------------------------------------
  mult               ZeroWireload          N16ADFP_StdCelltt0p8v25c

  Point                                    Incr       Path
  -----------------------------------------------------------
  clock clk (rise edge)                    0.00       0.00
  clock network delay (ideal)              0.00       0.00
  input external delay                     0.01       0.01 f
  inp_a[3] (in)                            0.01       0.02 f
  U94/Z (CKBD1BWP20P90)                    0.04       0.05 f
  U67/Z (XOR2D1BWP20P90)                   0.03       0.09 r
  U99/ZN (ND2D4BWP20P90)                   0.02       0.10 f
  U200/ZN (OAI22D1BWP20P90)                0.02       0.12 r
  U252/S (FA1D1BWP20P90)                   0.05       0.17 f
  U35/CO (FA1D1BWP20P90)                   0.03       0.20 f
  U253/Z (XOR3D1BWP20P90)                  0.05       0.25 f
  U511/S (FA1D1BWP20P90)                   0.05       0.30 r
  U256/ZN (NR2D1BWP20P90)                  0.01       0.31 f
  U257/ZN (NR2D1BWP20P90)                  0.01       0.32 r
  U54/ZN (ND2D1BWP20P90)                   0.01       0.33 f
  U489/ZN (OAI21D2BWP20P90)                0.02       0.35 r
  U580/ZN (AOI21D2BWP20P90)                0.02       0.37 f
  U712/Z (CKBD1BWP20P90)                   0.01       0.38 f
  U52/Z (XOR2D1BWP20P90)                   0.02       0.40 r
  prod_reg[24]/D (DFCNQD2BWP20P90)         0.00       0.40 r
  data arrival time                                   0.40

  clock clk (rise edge)                    0.42       0.42
  clock network delay (ideal)              0.00       0.42
  clock uncertainty                       -0.01       0.41
  prod_reg[24]/CP (DFCNQD2BWP20P90)        0.00       0.41 r
  library setup time                      -0.01       0.40
  data required time                                  0.40
  -----------------------------------------------------------
  data required time                                  0.40
  data arrival time                                  -0.40
  -----------------------------------------------------------
  slack (MET)                                         0.00


  Startpoint: inp_a[3] (input port clocked by clk)
  Endpoint: prod_reg[26]
            (rising edge-triggered flip-flop clocked by clk)
  Path Group: clk
  Path Type: max

  Des/Clust/Port     Wire Load Model       Library
  ------------------------------------------------
  mult               ZeroWireload          N16ADFP_StdCelltt0p8v25c

  Point                                    Incr       Path
  -----------------------------------------------------------
  clock clk (rise edge)                    0.00       0.00
  clock network delay (ideal)              0.00       0.00
  input external delay                     0.01       0.01 f
  inp_a[3] (in)                            0.01       0.02 f
  U94/Z (CKBD1BWP20P90)                    0.04       0.05 f
  U67/Z (XOR2D1BWP20P90)                   0.03       0.09 r
  U99/ZN (ND2D4BWP20P90)                   0.02       0.10 f
  U200/ZN (OAI22D1BWP20P90)                0.02       0.12 r
  U252/S (FA1D1BWP20P90)                   0.05       0.17 f
  U35/CO (FA1D1BWP20P90)                   0.03       0.20 f
  U253/Z (XOR3D1BWP20P90)                  0.05       0.25 f
  U511/S (FA1D1BWP20P90)                   0.05       0.30 r
  U256/ZN (NR2D1BWP20P90)                  0.01       0.31 f
  U257/ZN (NR2D1BWP20P90)                  0.01       0.32 r
  U54/ZN (ND2D1BWP20P90)                   0.01       0.33 f
  U489/ZN (OAI21D2BWP20P90)                0.02       0.35 r
  U708/ZN (AOI21D2BWP20P90)                0.02       0.37 f
  U709/Z (CKBD1BWP20P90)                   0.01       0.38 f
  U51/Z (XOR2D1BWP20P90)                   0.02       0.40 r
  prod_reg[26]/D (DFCNQD2BWP20P90)         0.00       0.40 r
  data arrival time                                   0.40

  clock clk (rise edge)                    0.42       0.42
  clock network delay (ideal)              0.00       0.42
  clock uncertainty                       -0.01       0.41
  prod_reg[26]/CP (DFCNQD2BWP20P90)        0.00       0.41 r
  library setup time                      -0.01       0.40
  data required time                                  0.40
  -----------------------------------------------------------
  data required time                                  0.40
  data arrival time                                  -0.40
  -----------------------------------------------------------
  slack (MET)                                         0.00


  Startpoint: inp_a[3] (input port clocked by clk)
  Endpoint: prod_reg[23]
            (rising edge-triggered flip-flop clocked by clk)
  Path Group: clk
  Path Type: max

  Des/Clust/Port     Wire Load Model       Library
  ------------------------------------------------
  mult               ZeroWireload          N16ADFP_StdCelltt0p8v25c

  Point                                    Incr       Path
  -----------------------------------------------------------
  clock clk (rise edge)                    0.00       0.00
  clock network delay (ideal)              0.00       0.00
  input external delay                     0.01       0.01 f
  inp_a[3] (in)                            0.01       0.02 f
  U94/Z (CKBD1BWP20P90)                    0.04       0.05 f
  U67/Z (XOR2D1BWP20P90)                   0.03       0.09 r
  U99/ZN (ND2D4BWP20P90)                   0.02       0.10 f
  U136/ZN (OAI22D1BWP20P90)                0.02       0.12 r
  U194/CO (FA1D1BWP20P90)                  0.03       0.15 r
  U193/S (FA1D1BWP20P90)                   0.05       0.20 f
  U231/S (FA1D1BWP20P90)                   0.05       0.25 r
  U258/S (FA1D1BWP20P90)                   0.04       0.30 f
  U286/ZN (NR2D1BWP20P90)                  0.01       0.31 r
  U485/ZN (OAI21D1BWP20P90)                0.01       0.32 f
  U127/ZN (AOI21D1BWP20P90)                0.01       0.34 r
  U489/ZN (OAI21D2BWP20P90)                0.01       0.35 f
  U699/ZN (AOI21D1BWP20P90)                0.02       0.37 r
  U700/ZN (OAI21D1BWP20P90)                0.01       0.38 f
  U703/ZN (XNR2D1BWP20P90)                 0.02       0.40 r
  prod_reg[23]/D (DFCNQD2BWP20P90)         0.00       0.40 r
  data arrival time                                   0.40

  clock clk (rise edge)                    0.42       0.42
  clock network delay (ideal)              0.00       0.42
  clock uncertainty                       -0.01       0.41
  prod_reg[23]/CP (DFCNQD2BWP20P90)        0.00       0.41 r
  library setup time                      -0.01       0.40
  data required time                                  0.40
  -----------------------------------------------------------
  data required time                                  0.40
  data arrival time                                  -0.40
  -----------------------------------------------------------
  slack (MET)                                         0.00


  Startpoint: inp_a[9] (input port clocked by clk)
  Endpoint: prod_reg[28]
            (rising edge-triggered flip-flop clocked by clk)
  Path Group: clk
  Path Type: max

  Des/Clust/Port     Wire Load Model       Library
  ------------------------------------------------
  mult               ZeroWireload          N16ADFP_StdCelltt0p8v25c

  Point                                    Incr       Path
  -----------------------------------------------------------
  clock clk (rise edge)                    0.00       0.00
  clock network delay (ideal)              0.00       0.00
  input external delay                     0.01       0.01 r
  inp_a[9] (in)                            0.00       0.01 r
  U114/Z (CKBD1BWP20P90)                   0.02       0.03 r
  U106/Z (XOR2D1BWP20P90)                  0.02       0.06 f
  U107/ZN (INVD1BWP20P90)                  0.01       0.07 r
  U63/ZN (ND2D2BWP20P90)                   0.01       0.08 f
  U84/ZN (CKND2BWP20P90)                   0.01       0.08 r
  U41/ZN (INVD1BWP20P90)                   0.02       0.10 f
  U498/ZN (OAI22D1BWP20P90)                0.02       0.13 r
  U513/S (FA1D1BWP20P90)                   0.05       0.18 f
  U530/CO (FA1D2BWP20P90)                  0.03       0.21 f
  U542/S (FA1D1BWP20P90)                   0.05       0.25 r
  U551/S (FA1D1BWP20P90)                   0.04       0.30 f
  U532/ZN (NR2D1BWP20P90)                  0.01       0.31 r
  U575/ZN (OAI21D1BWP20P90)                0.01       0.33 f
  U124/ZN (AOI21D1BWP20P90)                0.02       0.34 r
  U707/ZN (OAI21D1BWP20P90)                0.01       0.36 f
  U708/ZN (AOI21D2BWP20P90)                0.01       0.37 r
  U785/ZN (OAI21D1BWP20P90)                0.01       0.38 f
  U787/ZN (XNR2D1BWP20P90)                 0.02       0.40 r
  prod_reg[28]/D (DFCNQD2BWP20P90)         0.00       0.40 r
  data arrival time                                   0.40

  clock clk (rise edge)                    0.42       0.42
  clock network delay (ideal)              0.00       0.42
  clock uncertainty                       -0.01       0.41
  prod_reg[28]/CP (DFCNQD2BWP20P90)        0.00       0.41 r
  library setup time                      -0.01       0.40
  data required time                                  0.40
  -----------------------------------------------------------
  data required time                                  0.40
  data arrival time                                  -0.40
  -----------------------------------------------------------
  slack (MET)                                         0.00


  Startpoint: inp_a[3] (input port clocked by clk)
  Endpoint: prod_reg[23]
            (rising edge-triggered flip-flop clocked by clk)
  Path Group: clk
  Path Type: max

  Des/Clust/Port     Wire Load Model       Library
  ------------------------------------------------
  mult               ZeroWireload          N16ADFP_StdCelltt0p8v25c

  Point                                    Incr       Path
  -----------------------------------------------------------
  clock clk (rise edge)                    0.00       0.00
  clock network delay (ideal)              0.00       0.00
  input external delay                     0.01       0.01 f
  inp_a[3] (in)                            0.01       0.02 f
  U94/Z (CKBD1BWP20P90)                    0.04       0.05 f
  U67/Z (XOR2D1BWP20P90)                   0.03       0.09 r
  U99/ZN (ND2D4BWP20P90)                   0.02       0.10 f
  U136/ZN (OAI22D1BWP20P90)                0.02       0.12 r
  U194/CO (FA1D1BWP20P90)                  0.03       0.15 r
  U193/S (FA1D1BWP20P90)                   0.05       0.20 f
  U231/S (FA1D1BWP20P90)                   0.05       0.25 r
  U258/S (FA1D1BWP20P90)                   0.04       0.30 f
  U286/ZN (NR2D1BWP20P90)                  0.01       0.31 r
  U485/ZN (OAI21D1BWP20P90)                0.01       0.32 f
  U127/ZN (AOI21D1BWP20P90)                0.01       0.34 r
  U489/ZN (OAI21D2BWP20P90)                0.01       0.35 f
  U699/ZN (AOI21D1BWP20P90)                0.02       0.37 r
  U700/ZN (OAI21D1BWP20P90)                0.01       0.38 f
  U703/ZN (XNR2D1BWP20P90)                 0.02       0.40 r
  prod_reg[23]/D (DFCNQD2BWP20P90)         0.00       0.40 r
  data arrival time                                   0.40

  clock clk (rise edge)                    0.42       0.42
  clock network delay (ideal)              0.00       0.42
  clock uncertainty                       -0.01       0.41
  prod_reg[23]/CP (DFCNQD2BWP20P90)        0.00       0.41 r
  library setup time                      -0.01       0.40
  data required time                                  0.40
  -----------------------------------------------------------
  data required time                                  0.40
  data arrival time                                  -0.40
  -----------------------------------------------------------
  slack (MET)                                         0.00


  Startpoint: inp_a[3] (input port clocked by clk)
  Endpoint: prod_reg[31]
            (rising edge-triggered flip-flop clocked by clk)
  Path Group: clk
  Path Type: max

  Des/Clust/Port     Wire Load Model       Library
  ------------------------------------------------
  mult               ZeroWireload          N16ADFP_StdCelltt0p8v25c

  Point                                    Incr       Path
  -----------------------------------------------------------
  clock clk (rise edge)                    0.00       0.00
  clock network delay (ideal)              0.00       0.00
  input external delay                     0.01       0.01 f
  inp_a[3] (in)                            0.01       0.02 f
  U94/Z (CKBD1BWP20P90)                    0.04       0.05 f
  U67/Z (XOR2D1BWP20P90)                   0.03       0.09 r
  U99/ZN (ND2D4BWP20P90)                   0.02       0.10 f
  U136/ZN (OAI22D1BWP20P90)                0.02       0.12 r
  U194/CO (FA1D1BWP20P90)                  0.03       0.15 r
  U193/S (FA1D1BWP20P90)                   0.05       0.20 f
  U231/S (FA1D1BWP20P90)                   0.05       0.25 r
  U258/S (FA1D1BWP20P90)                   0.04       0.30 f
  U286/ZN (NR2D1BWP20P90)                  0.01       0.31 r
  U485/ZN (OAI21D1BWP20P90)                0.01       0.32 f
  U127/ZN (AOI21D1BWP20P90)                0.01       0.34 r
  U489/ZN (OAI21D2BWP20P90)                0.01       0.35 f
  U681/ZN (AOI21D1BWP20P90)                0.02       0.37 r
  U690/ZN (OAI21D1BWP20P90)                0.01       0.38 f
  U698/ZN (XNR2D1BWP20P90)                 0.02       0.40 r
  prod_reg[31]/D (DFCNQD2BWP20P90)         0.00       0.40 r
  data arrival time                                   0.40

  clock clk (rise edge)                    0.42       0.42
  clock network delay (ideal)              0.00       0.42
  clock uncertainty                       -0.01       0.41
  prod_reg[31]/CP (DFCNQD2BWP20P90)        0.00       0.41 r
  library setup time                      -0.01       0.40
  data required time                                  0.40
  -----------------------------------------------------------
  data required time                                  0.40
  data arrival time                                  -0.40
  -----------------------------------------------------------
  slack (MET)                                         0.00


  Startpoint: inp_a[3] (input port clocked by clk)
  Endpoint: prod_reg[23]
            (rising edge-triggered flip-flop clocked by clk)
  Path Group: clk
  Path Type: max

  Des/Clust/Port     Wire Load Model       Library
  ------------------------------------------------
  mult               ZeroWireload          N16ADFP_StdCelltt0p8v25c

  Point                                    Incr       Path
  -----------------------------------------------------------
  clock clk (rise edge)                    0.00       0.00
  clock network delay (ideal)              0.00       0.00
  input external delay                     0.01       0.01 r
  inp_a[3] (in)                            0.01       0.02 r
  U94/Z (CKBD1BWP20P90)                    0.04       0.05 r
  U67/Z (XOR2D1BWP20P90)                   0.03       0.08 f
  U99/ZN (ND2D4BWP20P90)                   0.01       0.10 r
  U136/ZN (OAI22D1BWP20P90)                0.02       0.11 f
  U194/CO (FA1D1BWP20P90)                  0.04       0.15 f
  U193/S (FA1D1BWP20P90)                   0.05       0.20 r
  U231/S (FA1D1BWP20P90)                   0.05       0.25 f
  U258/S (FA1D1BWP20P90)                   0.05       0.30 r
  U286/ZN (NR2D1BWP20P90)                  0.01       0.31 f
  U305/ZN (NR2D1BWP20P90)                  0.01       0.32 r
  U54/ZN (ND2D1BWP20P90)                   0.01       0.33 f
  U489/ZN (OAI21D2BWP20P90)                0.02       0.35 r
  U699/ZN (AOI21D1BWP20P90)                0.02       0.37 f
  U700/ZN (OAI21D1BWP20P90)                0.01       0.38 r
  U703/ZN (XNR2D1BWP20P90)                 0.02       0.40 r
  prod_reg[23]/D (DFCNQD2BWP20P90)         0.00       0.40 r
  data arrival time                                   0.40

  clock clk (rise edge)                    0.42       0.42
  clock network delay (ideal)              0.00       0.42
  clock uncertainty                       -0.01       0.41
  prod_reg[23]/CP (DFCNQD2BWP20P90)        0.00       0.41 r
  library setup time                      -0.01       0.40
  data required time                                  0.40
  -----------------------------------------------------------
  data required time                                  0.40
  data arrival time                                  -0.40
  -----------------------------------------------------------
  slack (MET)                                         0.00


  Startpoint: inp_a[3] (input port clocked by clk)
  Endpoint: prod_reg[31]
            (rising edge-triggered flip-flop clocked by clk)
  Path Group: clk
  Path Type: max

  Des/Clust/Port     Wire Load Model       Library
  ------------------------------------------------
  mult               ZeroWireload          N16ADFP_StdCelltt0p8v25c

  Point                                    Incr       Path
  -----------------------------------------------------------
  clock clk (rise edge)                    0.00       0.00
  clock network delay (ideal)              0.00       0.00
  input external delay                     0.01       0.01 r
  inp_a[3] (in)                            0.01       0.02 r
  U94/Z (CKBD1BWP20P90)                    0.04       0.05 r
  U67/Z (XOR2D1BWP20P90)                   0.03       0.08 f
  U99/ZN (ND2D4BWP20P90)                   0.01       0.10 r
  U136/ZN (OAI22D1BWP20P90)                0.02       0.11 f
  U194/CO (FA1D1BWP20P90)                  0.04       0.15 f
  U193/S (FA1D1BWP20P90)                   0.05       0.20 r
  U231/S (FA1D1BWP20P90)                   0.05       0.25 f
  U258/S (FA1D1BWP20P90)                   0.05       0.30 r
  U286/ZN (NR2D1BWP20P90)                  0.01       0.31 f
  U305/ZN (NR2D1BWP20P90)                  0.01       0.32 r
  U54/ZN (ND2D1BWP20P90)                   0.01       0.33 f
  U489/ZN (OAI21D2BWP20P90)                0.02       0.35 r
  U681/ZN (AOI21D1BWP20P90)                0.02       0.37 f
  U690/ZN (OAI21D1BWP20P90)                0.01       0.38 r
  U698/ZN (XNR2D1BWP20P90)                 0.02       0.40 r
  prod_reg[31]/D (DFCNQD2BWP20P90)         0.00       0.40 r
  data arrival time                                   0.40

  clock clk (rise edge)                    0.42       0.42
  clock network delay (ideal)              0.00       0.42
  clock uncertainty                       -0.01       0.41
  prod_reg[31]/CP (DFCNQD2BWP20P90)        0.00       0.41 r
  library setup time                      -0.01       0.40
  data required time                                  0.40
  -----------------------------------------------------------
  data required time                                  0.40
  data arrival time                                  -0.40
  -----------------------------------------------------------
  slack (MET)                                         0.00


  Startpoint: inp_a[3] (input port clocked by clk)
  Endpoint: prod_reg[28]
            (rising edge-triggered flip-flop clocked by clk)
  Path Group: clk
  Path Type: max

  Des/Clust/Port     Wire Load Model       Library
  ------------------------------------------------
  mult               ZeroWireload          N16ADFP_StdCelltt0p8v25c

  Point                                    Incr       Path
  -----------------------------------------------------------
  clock clk (rise edge)                    0.00       0.00
  clock network delay (ideal)              0.00       0.00
  input external delay                     0.01       0.01 f
  inp_a[3] (in)                            0.01       0.02 f
  U94/Z (CKBD1BWP20P90)                    0.04       0.05 f
  U67/Z (XOR2D1BWP20P90)                   0.03       0.09 r
  U99/ZN (ND2D4BWP20P90)                   0.02       0.10 f
  U200/ZN (OAI22D1BWP20P90)                0.02       0.12 r
  U252/S (FA1D1BWP20P90)                   0.05       0.17 f
  U35/CO (FA1D1BWP20P90)                   0.03       0.20 f
  U253/Z (XOR3D1BWP20P90)                  0.05       0.25 f
  U511/S (FA1D1BWP20P90)                   0.05       0.30 r
  U256/ZN (NR2D1BWP20P90)                  0.01       0.31 f
  U257/ZN (NR2D1BWP20P90)                  0.01       0.32 r
  U54/ZN (ND2D1BWP20P90)                   0.01       0.33 f
  U489/ZN (OAI21D2BWP20P90)                0.02       0.35 r
  U708/ZN (AOI21D2BWP20P90)                0.02       0.37 f
  U785/ZN (OAI21D1BWP20P90)                0.01       0.38 r
  U787/ZN (XNR2D1BWP20P90)                 0.02       0.40 r
  prod_reg[28]/D (DFCNQD2BWP20P90)         0.00       0.40 r
  data arrival time                                   0.40

  clock clk (rise edge)                    0.42       0.42
  clock network delay (ideal)              0.00       0.42
  clock uncertainty                       -0.01       0.41
  prod_reg[28]/CP (DFCNQD2BWP20P90)        0.00       0.41 r
  library setup time                      -0.01       0.40
  data required time                                  0.40
  -----------------------------------------------------------
  data required time                                  0.40
  data arrival time                                  -0.40
  -----------------------------------------------------------
  slack (MET)                                         0.00


  Startpoint: inp_a[3] (input port clocked by clk)
  Endpoint: prod_reg[25]
            (rising edge-triggered flip-flop clocked by clk)
  Path Group: clk
  Path Type: max

  Des/Clust/Port     Wire Load Model       Library
  ------------------------------------------------
  mult               ZeroWireload          N16ADFP_StdCelltt0p8v25c

  Point                                    Incr       Path
  -----------------------------------------------------------
  clock clk (rise edge)                    0.00       0.00
  clock network delay (ideal)              0.00       0.00
  input external delay                     0.01       0.01 f
  inp_a[3] (in)                            0.01       0.02 f
  U94/Z (CKBD1BWP20P90)                    0.04       0.05 f
  U67/Z (XOR2D1BWP20P90)                   0.03       0.09 r
  U99/ZN (ND2D4BWP20P90)                   0.02       0.10 f
  U200/ZN (OAI22D1BWP20P90)                0.02       0.12 r
  U252/S (FA1D1BWP20P90)                   0.05       0.17 f
  U35/CO (FA1D1BWP20P90)                   0.03       0.20 f
  U253/Z (XOR3D1BWP20P90)                  0.05       0.25 f
  U511/S (FA1D1BWP20P90)                   0.05       0.30 r
  U256/ZN (NR2D1BWP20P90)                  0.01       0.31 f
  U257/ZN (NR2D1BWP20P90)                  0.01       0.32 r
  U54/ZN (ND2D1BWP20P90)                   0.01       0.33 f
  U489/ZN (OAI21D2BWP20P90)                0.02       0.35 r
  U580/ZN (AOI21D2BWP20P90)                0.02       0.37 f
  U792/ZN (OAI21D1BWP20P90)                0.01       0.38 r
  U794/ZN (XNR2D1BWP20P90)                 0.02       0.40 r
  prod_reg[25]/D (DFCNQD2BWP20P90)         0.00       0.40 r
  data arrival time                                   0.40

  clock clk (rise edge)                    0.42       0.42
  clock network delay (ideal)              0.00       0.42
  clock uncertainty                       -0.01       0.41
  prod_reg[25]/CP (DFCNQD2BWP20P90)        0.00       0.41 r
  library setup time                      -0.01       0.40
  data required time                                  0.40
  -----------------------------------------------------------
  data required time                                  0.40
  data arrival time                                  -0.40
  -----------------------------------------------------------
  slack (MET)                                         0.00


  Startpoint: inp_a[3] (input port clocked by clk)
  Endpoint: prod_reg[29]
            (rising edge-triggered flip-flop clocked by clk)
  Path Group: clk
  Path Type: max

  Des/Clust/Port     Wire Load Model       Library
  ------------------------------------------------
  mult               ZeroWireload          N16ADFP_StdCelltt0p8v25c

  Point                                    Incr       Path
  -----------------------------------------------------------
  clock clk (rise edge)                    0.00       0.00
  clock network delay (ideal)              0.00       0.00
  input external delay                     0.01       0.01 f
  inp_a[3] (in)                            0.01       0.02 f
  U94/Z (CKBD1BWP20P90)                    0.04       0.05 f
  U67/Z (XOR2D1BWP20P90)                   0.03       0.09 r
  U99/ZN (ND2D4BWP20P90)                   0.02       0.10 f
  U200/ZN (OAI22D1BWP20P90)                0.02       0.12 r
  U252/S (FA1D1BWP20P90)                   0.05       0.17 f
  U35/CO (FA1D1BWP20P90)                   0.03       0.20 f
  U253/Z (XOR3D1BWP20P90)                  0.05       0.25 f
  U511/S (FA1D1BWP20P90)                   0.05       0.30 r
  U256/ZN (NR2D1BWP20P90)                  0.01       0.31 f
  U257/ZN (NR2D1BWP20P90)                  0.01       0.32 r
  U54/ZN (ND2D1BWP20P90)                   0.01       0.33 f
  U489/ZN (OAI21D2BWP20P90)                0.02       0.35 r
  U580/ZN (AOI21D2BWP20P90)                0.02       0.37 f
  U664/ZN (OAI21D1BWP20P90)                0.01       0.38 r
  U675/ZN (XNR2D1BWP20P90)                 0.02       0.40 r
  prod_reg[29]/D (DFCNQD2BWP20P90)         0.00       0.40 r
  data arrival time                                   0.40

  clock clk (rise edge)                    0.42       0.42
  clock network delay (ideal)              0.00       0.42
  clock uncertainty                       -0.01       0.41
  prod_reg[29]/CP (DFCNQD2BWP20P90)        0.00       0.41 r
  library setup time                      -0.01       0.40
  data required time                                  0.40
  -----------------------------------------------------------
  data required time                                  0.40
  data arrival time                                  -0.40
  -----------------------------------------------------------
  slack (MET)                                         0.00


  Startpoint: inp_a[3] (input port clocked by clk)
  Endpoint: prod_reg[27]
            (rising edge-triggered flip-flop clocked by clk)
  Path Group: clk
  Path Type: max

  Des/Clust/Port     Wire Load Model       Library
  ------------------------------------------------
  mult               ZeroWireload          N16ADFP_StdCelltt0p8v25c

  Point                                    Incr       Path
  -----------------------------------------------------------
  clock clk (rise edge)                    0.00       0.00
  clock network delay (ideal)              0.00       0.00
  input external delay                     0.01       0.01 f
  inp_a[3] (in)                            0.01       0.02 f
  U94/Z (CKBD1BWP20P90)                    0.04       0.05 f
  U67/Z (XOR2D1BWP20P90)                   0.03       0.09 r
  U99/ZN (ND2D4BWP20P90)                   0.02       0.10 f
  U200/ZN (OAI22D1BWP20P90)                0.02       0.12 r
  U252/S (FA1D1BWP20P90)                   0.05       0.17 f
  U35/CO (FA1D1BWP20P90)                   0.03       0.20 f
  U253/Z (XOR3D1BWP20P90)                  0.05       0.25 f
  U511/S (FA1D1BWP20P90)                   0.05       0.30 r
  U256/ZN (NR2D1BWP20P90)                  0.01       0.31 f
  U257/ZN (NR2D1BWP20P90)                  0.01       0.32 r
  U54/ZN (ND2D1BWP20P90)                   0.01       0.33 f
  U489/ZN (OAI21D2BWP20P90)                0.02       0.35 r
  U708/ZN (AOI21D2BWP20P90)                0.02       0.37 f
  U788/ZN (OAI21D1BWP20P90)                0.01       0.38 r
  U791/ZN (XNR2D1BWP20P90)                 0.02       0.40 r
  prod_reg[27]/D (DFCNQD2BWP20P90)         0.00       0.40 r
  data arrival time                                   0.40

  clock clk (rise edge)                    0.42       0.42
  clock network delay (ideal)              0.00       0.42
  clock uncertainty                       -0.01       0.41
  prod_reg[27]/CP (DFCNQD2BWP20P90)        0.00       0.41 r
  library setup time                      -0.01       0.40
  data required time                                  0.40
  -----------------------------------------------------------
  data required time                                  0.40
  data arrival time                                  -0.40
  -----------------------------------------------------------
  slack (MET)                                         0.00


  Startpoint: inp_a[9] (input port clocked by clk)
  Endpoint: prod_reg[31]
            (rising edge-triggered flip-flop clocked by clk)
  Path Group: clk
  Path Type: max

  Des/Clust/Port     Wire Load Model       Library
  ------------------------------------------------
  mult               ZeroWireload          N16ADFP_StdCelltt0p8v25c

  Point                                    Incr       Path
  -----------------------------------------------------------
  clock clk (rise edge)                    0.00       0.00
  clock network delay (ideal)              0.00       0.00
  input external delay                     0.01       0.01 r
  inp_a[9] (in)                            0.00       0.01 r
  U114/Z (CKBD1BWP20P90)                   0.02       0.03 r
  U106/Z (XOR2D1BWP20P90)                  0.02       0.06 f
  U107/ZN (INVD1BWP20P90)                  0.01       0.07 r
  U63/ZN (ND2D2BWP20P90)                   0.01       0.08 f
  U84/ZN (CKND2BWP20P90)                   0.01       0.08 r
  U41/ZN (INVD1BWP20P90)                   0.02       0.10 f
  U498/ZN (OAI22D1BWP20P90)                0.02       0.12 r
  U513/S (FA1D1BWP20P90)                   0.05       0.18 f
  U530/CO (FA1D2BWP20P90)                  0.03       0.20 f
  U542/S (FA1D1BWP20P90)                   0.05       0.25 r
  U551/S (FA1D1BWP20P90)                   0.04       0.30 f
  U532/ZN (NR2D1BWP20P90)                  0.01       0.31 r
  U575/ZN (OAI21D1BWP20P90)                0.01       0.33 f
  U124/ZN (AOI21D1BWP20P90)                0.02       0.34 r
  U680/ZN (OAI21D1BWP20P90)                0.01       0.35 f
  U681/ZN (AOI21D1BWP20P90)                0.01       0.37 r
  U690/ZN (OAI21D1BWP20P90)                0.01       0.38 f
  U698/ZN (XNR2D1BWP20P90)                 0.02       0.40 r
  prod_reg[31]/D (DFCNQD2BWP20P90)         0.00       0.40 r
  data arrival time                                   0.40

  clock clk (rise edge)                    0.42       0.42
  clock network delay (ideal)              0.00       0.42
  clock uncertainty                       -0.01       0.41
  prod_reg[31]/CP (DFCNQD2BWP20P90)        0.00       0.41 r
  library setup time                      -0.01       0.40
  data required time                                  0.40
  -----------------------------------------------------------
  data required time                                  0.40
  data arrival time                                  -0.40
  -----------------------------------------------------------
  slack (MET)                                         0.00


  Startpoint: inp_a[3] (input port clocked by clk)
  Endpoint: prod_reg[23]
            (rising edge-triggered flip-flop clocked by clk)
  Path Group: clk
  Path Type: max

  Des/Clust/Port     Wire Load Model       Library
  ------------------------------------------------
  mult               ZeroWireload          N16ADFP_StdCelltt0p8v25c

  Point                                    Incr       Path
  -----------------------------------------------------------
  clock clk (rise edge)                    0.00       0.00
  clock network delay (ideal)              0.00       0.00
  input external delay                     0.01       0.01 f
  inp_a[3] (in)                            0.01       0.02 f
  U94/Z (CKBD1BWP20P90)                    0.04       0.05 f
  U67/Z (XOR2D1BWP20P90)                   0.03       0.09 r
  U99/ZN (ND2D4BWP20P90)                   0.02       0.10 f
  U136/ZN (OAI22D1BWP20P90)                0.02       0.12 r
  U194/CO (FA1D1BWP20P90)                  0.03       0.15 r
  U193/S (FA1D1BWP20P90)                   0.05       0.20 f
  U231/S (FA1D1BWP20P90)                   0.05       0.25 r
  U258/S (FA1D1BWP20P90)                   0.04       0.30 f
  U286/ZN (NR2D1BWP20P90)                  0.01       0.31 r
  U485/ZN (OAI21D1BWP20P90)                0.01       0.32 f
  U127/ZN (AOI21D1BWP20P90)                0.01       0.34 r
  U489/ZN (OAI21D2BWP20P90)                0.01       0.35 f
  U699/ZN (AOI21D1BWP20P90)                0.02       0.37 r
  U700/ZN (OAI21D1BWP20P90)                0.01       0.38 f
  U703/ZN (XNR2D1BWP20P90)                 0.02       0.40 r
  prod_reg[23]/D (DFCNQD2BWP20P90)         0.00       0.40 r
  data arrival time                                   0.40

  clock clk (rise edge)                    0.42       0.42
  clock network delay (ideal)              0.00       0.42
  clock uncertainty                       -0.01       0.41
  prod_reg[23]/CP (DFCNQD2BWP20P90)        0.00       0.41 r
  library setup time                      -0.01       0.40
  data required time                                  0.40
  -----------------------------------------------------------
  data required time                                  0.40
  data arrival time                                  -0.40
  -----------------------------------------------------------
  slack (MET)                                         0.00


  Startpoint: inp_a[3] (input port clocked by clk)
  Endpoint: prod_reg[23]
            (rising edge-triggered flip-flop clocked by clk)
  Path Group: clk
  Path Type: max

  Des/Clust/Port     Wire Load Model       Library
  ------------------------------------------------
  mult               ZeroWireload          N16ADFP_StdCelltt0p8v25c

  Point                                    Incr       Path
  -----------------------------------------------------------
  clock clk (rise edge)                    0.00       0.00
  clock network delay (ideal)              0.00       0.00
  input external delay                     0.01       0.01 f
  inp_a[3] (in)                            0.01       0.02 f
  U94/Z (CKBD1BWP20P90)                    0.04       0.05 f
  U67/Z (XOR2D1BWP20P90)                   0.03       0.08 f
  U99/ZN (ND2D4BWP20P90)                   0.01       0.10 r
  U136/ZN (OAI22D1BWP20P90)                0.02       0.11 f
  U194/CO (FA1D1BWP20P90)                  0.04       0.15 f
  U193/S (FA1D1BWP20P90)                   0.05       0.20 r
  U231/S (FA1D1BWP20P90)                   0.05       0.25 f
  U258/S (FA1D1BWP20P90)                   0.05       0.30 r
  U286/ZN (NR2D1BWP20P90)                  0.01       0.31 f
  U305/ZN (NR2D1BWP20P90)                  0.01       0.32 r
  U54/ZN (ND2D1BWP20P90)                   0.01       0.33 f
  U489/ZN (OAI21D2BWP20P90)                0.02       0.35 r
  U699/ZN (AOI21D1BWP20P90)                0.02       0.37 f
  U700/ZN (OAI21D1BWP20P90)                0.01       0.38 r
  U703/ZN (XNR2D1BWP20P90)                 0.02       0.40 r
  prod_reg[23]/D (DFCNQD2BWP20P90)         0.00       0.40 r
  data arrival time                                   0.40

  clock clk (rise edge)                    0.42       0.42
  clock network delay (ideal)              0.00       0.42
  clock uncertainty                       -0.01       0.41
  prod_reg[23]/CP (DFCNQD2BWP20P90)        0.00       0.41 r
  library setup time                      -0.01       0.40
  data required time                                  0.40
  -----------------------------------------------------------
  data required time                                  0.40
  data arrival time                                  -0.40
  -----------------------------------------------------------
  slack (MET)                                         0.00


  Startpoint: inp_a[3] (input port clocked by clk)
  Endpoint: prod_reg[31]
            (rising edge-triggered flip-flop clocked by clk)
  Path Group: clk
  Path Type: max

  Des/Clust/Port     Wire Load Model       Library
  ------------------------------------------------
  mult               ZeroWireload          N16ADFP_StdCelltt0p8v25c

  Point                                    Incr       Path
  -----------------------------------------------------------
  clock clk (rise edge)                    0.00       0.00
  clock network delay (ideal)              0.00       0.00
  input external delay                     0.01       0.01 f
  inp_a[3] (in)                            0.01       0.02 f
  U94/Z (CKBD1BWP20P90)                    0.04       0.05 f
  U67/Z (XOR2D1BWP20P90)                   0.03       0.08 f
  U99/ZN (ND2D4BWP20P90)                   0.01       0.10 r
  U136/ZN (OAI22D1BWP20P90)                0.02       0.11 f
  U194/CO (FA1D1BWP20P90)                  0.04       0.15 f
  U193/S (FA1D1BWP20P90)                   0.05       0.20 r
  U231/S (FA1D1BWP20P90)                   0.05       0.25 f
  U258/S (FA1D1BWP20P90)                   0.05       0.30 r
  U286/ZN (NR2D1BWP20P90)                  0.01       0.31 f
  U305/ZN (NR2D1BWP20P90)                  0.01       0.32 r
  U54/ZN (ND2D1BWP20P90)                   0.01       0.33 f
  U489/ZN (OAI21D2BWP20P90)                0.02       0.35 r
  U681/ZN (AOI21D1BWP20P90)                0.02       0.37 f
  U690/ZN (OAI21D1BWP20P90)                0.01       0.38 r
  U698/ZN (XNR2D1BWP20P90)                 0.02       0.40 r
  prod_reg[31]/D (DFCNQD2BWP20P90)         0.00       0.40 r
  data arrival time                                   0.40

  clock clk (rise edge)                    0.42       0.42
  clock network delay (ideal)              0.00       0.42
  clock uncertainty                       -0.01       0.41
  prod_reg[31]/CP (DFCNQD2BWP20P90)        0.00       0.41 r
  library setup time                      -0.01       0.40
  data required time                                  0.40
  -----------------------------------------------------------
  data required time                                  0.40
  data arrival time                                  -0.40
  -----------------------------------------------------------
  slack (MET)                                         0.00


  Startpoint: inp_a[3] (input port clocked by clk)
  Endpoint: prod_reg[22]
            (rising edge-triggered flip-flop clocked by clk)
  Path Group: clk
  Path Type: max

  Des/Clust/Port     Wire Load Model       Library
  ------------------------------------------------
  mult               ZeroWireload          N16ADFP_StdCelltt0p8v25c

  Point                                    Incr       Path
  -----------------------------------------------------------
  clock clk (rise edge)                    0.00       0.00
  clock network delay (ideal)              0.00       0.00
  input external delay                     0.01       0.01 f
  inp_a[3] (in)                            0.01       0.02 f
  U94/Z (CKBD1BWP20P90)                    0.04       0.05 f
  U67/Z (XOR2D1BWP20P90)                   0.03       0.09 r
  U99/ZN (ND2D4BWP20P90)                   0.02       0.10 f
  U200/ZN (OAI22D1BWP20P90)                0.02       0.12 r
  U252/S (FA1D1BWP20P90)                   0.05       0.17 f
  U35/CO (FA1D1BWP20P90)                   0.03       0.20 f
  U253/Z (XOR3D1BWP20P90)                  0.05       0.25 f
  U511/S (FA1D1BWP20P90)                   0.05       0.30 r
  U256/ZN (NR2D1BWP20P90)                  0.01       0.31 f
  U257/ZN (NR2D1BWP20P90)                  0.01       0.32 r
  U54/ZN (ND2D1BWP20P90)                   0.01       0.33 f
  U489/ZN (OAI21D2BWP20P90)                0.02       0.35 r
  U699/ZN (AOI21D1BWP20P90)                0.02       0.37 f
  U129/Z (CKBD1BWP20P90)                   0.01       0.38 f
  U53/Z (XOR2D1BWP20P90)                   0.02       0.40 r
  prod_reg[22]/D (DFCNQD2BWP20P90)         0.00       0.40 r
  data arrival time                                   0.40

  clock clk (rise edge)                    0.42       0.42
  clock network delay (ideal)              0.00       0.42
  clock uncertainty                       -0.01       0.41
  prod_reg[22]/CP (DFCNQD2BWP20P90)        0.00       0.41 r
  library setup time                      -0.01       0.40
  data required time                                  0.40
  -----------------------------------------------------------
  data required time                                  0.40
  data arrival time                                  -0.40
  -----------------------------------------------------------
  slack (MET)                                         0.00


  Startpoint: inp_a[3] (input port clocked by clk)
  Endpoint: prod_reg[30]
            (rising edge-triggered flip-flop clocked by clk)
  Path Group: clk
  Path Type: max

  Des/Clust/Port     Wire Load Model       Library
  ------------------------------------------------
  mult               ZeroWireload          N16ADFP_StdCelltt0p8v25c

  Point                                    Incr       Path
  -----------------------------------------------------------
  clock clk (rise edge)                    0.00       0.00
  clock network delay (ideal)              0.00       0.00
  input external delay                     0.01       0.01 f
  inp_a[3] (in)                            0.01       0.02 f
  U94/Z (CKBD1BWP20P90)                    0.04       0.05 f
  U67/Z (XOR2D1BWP20P90)                   0.03       0.09 r
  U99/ZN (ND2D4BWP20P90)                   0.02       0.10 f
  U200/ZN (OAI22D1BWP20P90)                0.02       0.12 r
  U252/S (FA1D1BWP20P90)                   0.05       0.17 f
  U35/CO (FA1D1BWP20P90)                   0.03       0.20 f
  U253/Z (XOR3D1BWP20P90)                  0.05       0.25 f
  U511/S (FA1D1BWP20P90)                   0.05       0.30 r
  U256/ZN (NR2D1BWP20P90)                  0.01       0.31 f
  U257/ZN (NR2D1BWP20P90)                  0.01       0.32 r
  U54/ZN (ND2D1BWP20P90)                   0.01       0.33 f
  U489/ZN (OAI21D2BWP20P90)                0.02       0.35 r
  U681/ZN (AOI21D1BWP20P90)                0.02       0.37 f
  U130/Z (CKBD1BWP20P90)                   0.01       0.38 f
  U50/Z (XOR2D1BWP20P90)                   0.02       0.40 r
  prod_reg[30]/D (DFCNQD2BWP20P90)         0.00       0.40 r
  data arrival time                                   0.40

  clock clk (rise edge)                    0.42       0.42
  clock network delay (ideal)              0.00       0.42
  clock uncertainty                       -0.01       0.41
  prod_reg[30]/CP (DFCNQD2BWP20P90)        0.00       0.41 r
  library setup time                      -0.01       0.40
  data required time                                  0.40
  -----------------------------------------------------------
  data required time                                  0.40
  data arrival time                                  -0.40
  -----------------------------------------------------------
  slack (MET)                                         0.00


  Startpoint: inp_a[3] (input port clocked by clk)
  Endpoint: prod_reg[31]
            (rising edge-triggered flip-flop clocked by clk)
  Path Group: clk
  Path Type: max

  Des/Clust/Port     Wire Load Model       Library
  ------------------------------------------------
  mult               ZeroWireload          N16ADFP_StdCelltt0p8v25c

  Point                                    Incr       Path
  -----------------------------------------------------------
  clock clk (rise edge)                    0.00       0.00
  clock network delay (ideal)              0.00       0.00
  input external delay                     0.01       0.01 f
  inp_a[3] (in)                            0.01       0.02 f
  U94/Z (CKBD1BWP20P90)                    0.04       0.05 f
  U67/Z (XOR2D1BWP20P90)                   0.03       0.09 r
  U99/ZN (ND2D4BWP20P90)                   0.02       0.10 f
  U136/ZN (OAI22D1BWP20P90)                0.02       0.12 r
  U194/CO (FA1D1BWP20P90)                  0.03       0.15 r
  U193/S (FA1D1BWP20P90)                   0.05       0.20 f
  U231/S (FA1D1BWP20P90)                   0.05       0.25 r
  U258/S (FA1D1BWP20P90)                   0.04       0.30 f
  U286/ZN (NR2D1BWP20P90)                  0.01       0.31 r
  U485/ZN (OAI21D1BWP20P90)                0.01       0.32 f
  U127/ZN (AOI21D1BWP20P90)                0.01       0.34 r
  U489/ZN (OAI21D2BWP20P90)                0.01       0.35 f
  U681/ZN (AOI21D1BWP20P90)                0.02       0.37 r
  U690/ZN (OAI21D1BWP20P90)                0.01       0.38 f
  U698/ZN (XNR2D1BWP20P90)                 0.02       0.40 r
  prod_reg[31]/D (DFCNQD2BWP20P90)         0.00       0.40 r
  data arrival time                                   0.40

  clock clk (rise edge)                    0.42       0.42
  clock network delay (ideal)              0.00       0.42
  clock uncertainty                       -0.01       0.41
  prod_reg[31]/CP (DFCNQD2BWP20P90)        0.00       0.41 r
  library setup time                      -0.01       0.40
  data required time                                  0.40
  -----------------------------------------------------------
  data required time                                  0.40
  data arrival time                                  -0.40
  -----------------------------------------------------------
  slack (MET)                                         0.00


  Startpoint: inp_a[3] (input port clocked by clk)
  Endpoint: prod_reg[31]
            (rising edge-triggered flip-flop clocked by clk)
  Path Group: clk
  Path Type: max

  Des/Clust/Port     Wire Load Model       Library
  ------------------------------------------------
  mult               ZeroWireload          N16ADFP_StdCelltt0p8v25c

  Point                                    Incr       Path
  -----------------------------------------------------------
  clock clk (rise edge)                    0.00       0.00
  clock network delay (ideal)              0.00       0.00
  input external delay                     0.01       0.01 f
  inp_a[3] (in)                            0.01       0.02 f
  U94/Z (CKBD1BWP20P90)                    0.04       0.05 f
  U67/Z (XOR2D1BWP20P90)                   0.03       0.09 r
  U99/ZN (ND2D4BWP20P90)                   0.02       0.10 f
  U136/ZN (OAI22D1BWP20P90)                0.02       0.12 r
  U194/CO (FA1D1BWP20P90)                  0.03       0.15 r
  U193/S (FA1D1BWP20P90)                   0.05       0.20 f
  U231/S (FA1D1BWP20P90)                   0.05       0.25 r
  U258/S (FA1D1BWP20P90)                   0.04       0.30 f
  U286/ZN (NR2D1BWP20P90)                  0.01       0.31 r
  U485/ZN (OAI21D1BWP20P90)                0.01       0.32 f
  U127/ZN (AOI21D1BWP20P90)                0.01       0.34 r
  U489/ZN (OAI21D2BWP20P90)                0.01       0.35 f
  U681/ZN (AOI21D1BWP20P90)                0.02       0.37 r
  U690/ZN (OAI21D1BWP20P90)                0.01       0.38 f
  U698/ZN (XNR2D1BWP20P90)                 0.02       0.40 r
  prod_reg[31]/D (DFCNQD2BWP20P90)         0.00       0.40 r
  data arrival time                                   0.40

  clock clk (rise edge)                    0.42       0.42
  clock network delay (ideal)              0.00       0.42
  clock uncertainty                       -0.01       0.41
  prod_reg[31]/CP (DFCNQD2BWP20P90)        0.00       0.41 r
  library setup time                      -0.01       0.40
  data required time                                  0.40
  -----------------------------------------------------------
  data required time                                  0.40
  data arrival time                                  -0.40
  -----------------------------------------------------------
  slack (MET)                                         0.00


  Startpoint: inp_a[3] (input port clocked by clk)
  Endpoint: prod_reg[28]
            (rising edge-triggered flip-flop clocked by clk)
  Path Group: clk
  Path Type: max

  Des/Clust/Port     Wire Load Model       Library
  ------------------------------------------------
  mult               ZeroWireload          N16ADFP_StdCelltt0p8v25c

  Point                                    Incr       Path
  -----------------------------------------------------------
  clock clk (rise edge)                    0.00       0.00
  clock network delay (ideal)              0.00       0.00
  input external delay                     0.01       0.01 f
  inp_a[3] (in)                            0.01       0.02 f
  U94/Z (CKBD1BWP20P90)                    0.04       0.05 f
  U67/Z (XOR2D1BWP20P90)                   0.03       0.09 r
  U99/ZN (ND2D4BWP20P90)                   0.02       0.10 f
  U200/ZN (OAI22D1BWP20P90)                0.02       0.12 r
  U252/S (FA1D1BWP20P90)                   0.05       0.17 f
  U35/CO (FA1D1BWP20P90)                   0.03       0.20 f
  U253/Z (XOR3D1BWP20P90)                  0.05       0.25 f
  U511/S (FA1D1BWP20P90)                   0.05       0.30 r
  U256/ZN (NR2D1BWP20P90)                  0.01       0.31 f
  U257/ZN (NR2D1BWP20P90)                  0.01       0.32 r
  U54/ZN (ND2D1BWP20P90)                   0.01       0.33 f
  U489/ZN (OAI21D2BWP20P90)                0.02       0.35 r
  U708/ZN (AOI21D2BWP20P90)                0.02       0.37 f
  U785/ZN (OAI21D1BWP20P90)                0.01       0.38 r
  U787/ZN (XNR2D1BWP20P90)                 0.02       0.40 r
  prod_reg[28]/D (DFCNQD2BWP20P90)         0.00       0.40 r
  data arrival time                                   0.40

  clock clk (rise edge)                    0.42       0.42
  clock network delay (ideal)              0.00       0.42
  clock uncertainty                       -0.01       0.41
  prod_reg[28]/CP (DFCNQD2BWP20P90)        0.00       0.41 r
  library setup time                      -0.01       0.40
  data required time                                  0.40
  -----------------------------------------------------------
  data required time                                  0.40
  data arrival time                                  -0.40
  -----------------------------------------------------------
  slack (MET)                                         0.00


  Startpoint: inp_a[3] (input port clocked by clk)
  Endpoint: prod_reg[25]
            (rising edge-triggered flip-flop clocked by clk)
  Path Group: clk
  Path Type: max

  Des/Clust/Port     Wire Load Model       Library
  ------------------------------------------------
  mult               ZeroWireload          N16ADFP_StdCelltt0p8v25c

  Point                                    Incr       Path
  -----------------------------------------------------------
  clock clk (rise edge)                    0.00       0.00
  clock network delay (ideal)              0.00       0.00
  input external delay                     0.01       0.01 f
  inp_a[3] (in)                            0.01       0.02 f
  U94/Z (CKBD1BWP20P90)                    0.04       0.05 f
  U67/Z (XOR2D1BWP20P90)                   0.03       0.09 r
  U99/ZN (ND2D4BWP20P90)                   0.02       0.10 f
  U200/ZN (OAI22D1BWP20P90)                0.02       0.12 r
  U252/S (FA1D1BWP20P90)                   0.05       0.17 f
  U35/CO (FA1D1BWP20P90)                   0.03       0.20 f
  U253/Z (XOR3D1BWP20P90)                  0.05       0.25 f
  U511/S (FA1D1BWP20P90)                   0.05       0.30 r
  U256/ZN (NR2D1BWP20P90)                  0.01       0.31 f
  U257/ZN (NR2D1BWP20P90)                  0.01       0.32 r
  U54/ZN (ND2D1BWP20P90)                   0.01       0.33 f
  U489/ZN (OAI21D2BWP20P90)                0.02       0.35 r
  U580/ZN (AOI21D2BWP20P90)                0.02       0.37 f
  U792/ZN (OAI21D1BWP20P90)                0.01       0.38 r
  U794/ZN (XNR2D1BWP20P90)                 0.02       0.40 r
  prod_reg[25]/D (DFCNQD2BWP20P90)         0.00       0.40 r
  data arrival time                                   0.40

  clock clk (rise edge)                    0.42       0.42
  clock network delay (ideal)              0.00       0.42
  clock uncertainty                       -0.01       0.41
  prod_reg[25]/CP (DFCNQD2BWP20P90)        0.00       0.41 r
  library setup time                      -0.01       0.40
  data required time                                  0.40
  -----------------------------------------------------------
  data required time                                  0.40
  data arrival time                                  -0.40
  -----------------------------------------------------------
  slack (MET)                                         0.00


  Startpoint: inp_a[3] (input port clocked by clk)
  Endpoint: prod_reg[29]
            (rising edge-triggered flip-flop clocked by clk)
  Path Group: clk
  Path Type: max

  Des/Clust/Port     Wire Load Model       Library
  ------------------------------------------------
  mult               ZeroWireload          N16ADFP_StdCelltt0p8v25c

  Point                                    Incr       Path
  -----------------------------------------------------------
  clock clk (rise edge)                    0.00       0.00
  clock network delay (ideal)              0.00       0.00
  input external delay                     0.01       0.01 f
  inp_a[3] (in)                            0.01       0.02 f
  U94/Z (CKBD1BWP20P90)                    0.04       0.05 f
  U67/Z (XOR2D1BWP20P90)                   0.03       0.09 r
  U99/ZN (ND2D4BWP20P90)                   0.02       0.10 f
  U200/ZN (OAI22D1BWP20P90)                0.02       0.12 r
  U252/S (FA1D1BWP20P90)                   0.05       0.17 f
  U35/CO (FA1D1BWP20P90)                   0.03       0.20 f
  U253/Z (XOR3D1BWP20P90)                  0.05       0.25 f
  U511/S (FA1D1BWP20P90)                   0.05       0.30 r
  U256/ZN (NR2D1BWP20P90)                  0.01       0.31 f
  U257/ZN (NR2D1BWP20P90)                  0.01       0.32 r
  U54/ZN (ND2D1BWP20P90)                   0.01       0.33 f
  U489/ZN (OAI21D2BWP20P90)                0.02       0.35 r
  U580/ZN (AOI21D2BWP20P90)                0.02       0.37 f
  U664/ZN (OAI21D1BWP20P90)                0.01       0.38 r
  U675/ZN (XNR2D1BWP20P90)                 0.02       0.40 r
  prod_reg[29]/D (DFCNQD2BWP20P90)         0.00       0.40 r
  data arrival time                                   0.40

  clock clk (rise edge)                    0.42       0.42
  clock network delay (ideal)              0.00       0.42
  clock uncertainty                       -0.01       0.41
  prod_reg[29]/CP (DFCNQD2BWP20P90)        0.00       0.41 r
  library setup time                      -0.01       0.40
  data required time                                  0.40
  -----------------------------------------------------------
  data required time                                  0.40
  data arrival time                                  -0.40
  -----------------------------------------------------------
  slack (MET)                                         0.00


  Startpoint: inp_a[3] (input port clocked by clk)
  Endpoint: prod_reg[27]
            (rising edge-triggered flip-flop clocked by clk)
  Path Group: clk
  Path Type: max

  Des/Clust/Port     Wire Load Model       Library
  ------------------------------------------------
  mult               ZeroWireload          N16ADFP_StdCelltt0p8v25c

  Point                                    Incr       Path
  -----------------------------------------------------------
  clock clk (rise edge)                    0.00       0.00
  clock network delay (ideal)              0.00       0.00
  input external delay                     0.01       0.01 f
  inp_a[3] (in)                            0.01       0.02 f
  U94/Z (CKBD1BWP20P90)                    0.04       0.05 f
  U67/Z (XOR2D1BWP20P90)                   0.03       0.09 r
  U99/ZN (ND2D4BWP20P90)                   0.02       0.10 f
  U200/ZN (OAI22D1BWP20P90)                0.02       0.12 r
  U252/S (FA1D1BWP20P90)                   0.05       0.17 f
  U35/CO (FA1D1BWP20P90)                   0.03       0.20 f
  U253/Z (XOR3D1BWP20P90)                  0.05       0.25 f
  U511/S (FA1D1BWP20P90)                   0.05       0.30 r
  U256/ZN (NR2D1BWP20P90)                  0.01       0.31 f
  U257/ZN (NR2D1BWP20P90)                  0.01       0.32 r
  U54/ZN (ND2D1BWP20P90)                   0.01       0.33 f
  U489/ZN (OAI21D2BWP20P90)                0.02       0.35 r
  U708/ZN (AOI21D2BWP20P90)                0.02       0.37 f
  U788/ZN (OAI21D1BWP20P90)                0.01       0.38 r
  U791/ZN (XNR2D1BWP20P90)                 0.02       0.40 r
  prod_reg[27]/D (DFCNQD2BWP20P90)         0.00       0.40 r
  data arrival time                                   0.40

  clock clk (rise edge)                    0.42       0.42
  clock network delay (ideal)              0.00       0.42
  clock uncertainty                       -0.01       0.41
  prod_reg[27]/CP (DFCNQD2BWP20P90)        0.00       0.41 r
  library setup time                      -0.01       0.40
  data required time                                  0.40
  -----------------------------------------------------------
  data required time                                  0.40
  data arrival time                                  -0.40
  -----------------------------------------------------------
  slack (MET)                                         0.00


  Startpoint: inp_a[3] (input port clocked by clk)
  Endpoint: prod_reg[31]
            (rising edge-triggered flip-flop clocked by clk)
  Path Group: clk
  Path Type: max

  Des/Clust/Port     Wire Load Model       Library
  ------------------------------------------------
  mult               ZeroWireload          N16ADFP_StdCelltt0p8v25c

  Point                                    Incr       Path
  -----------------------------------------------------------
  clock clk (rise edge)                    0.00       0.00
  clock network delay (ideal)              0.00       0.00
  input external delay                     0.01       0.01 f
  inp_a[3] (in)                            0.01       0.02 f
  U94/Z (CKBD1BWP20P90)                    0.04       0.05 f
  U67/Z (XOR2D1BWP20P90)                   0.03       0.09 r
  U99/ZN (ND2D4BWP20P90)                   0.02       0.10 f
  U136/ZN (OAI22D1BWP20P90)                0.02       0.12 r
  U194/CO (FA1D1BWP20P90)                  0.03       0.15 r
  U193/S (FA1D1BWP20P90)                   0.05       0.20 f
  U231/S (FA1D1BWP20P90)                   0.05       0.25 r
  U258/S (FA1D1BWP20P90)                   0.04       0.30 f
  U286/ZN (NR2D1BWP20P90)                  0.01       0.31 r
  U485/ZN (OAI21D1BWP20P90)                0.01       0.32 f
  U127/ZN (AOI21D1BWP20P90)                0.01       0.34 r
  U489/ZN (OAI21D2BWP20P90)                0.01       0.35 f
  U681/ZN (AOI21D1BWP20P90)                0.02       0.37 r
  U690/ZN (OAI21D1BWP20P90)                0.01       0.38 f
  U698/ZN (XNR2D1BWP20P90)                 0.02       0.40 r
  prod_reg[31]/D (DFCNQD2BWP20P90)         0.00       0.40 r
  data arrival time                                   0.40

  clock clk (rise edge)                    0.42       0.42
  clock network delay (ideal)              0.00       0.42
  clock uncertainty                       -0.01       0.41
  prod_reg[31]/CP (DFCNQD2BWP20P90)        0.00       0.41 r
  library setup time                      -0.01       0.40
  data required time                                  0.40
  -----------------------------------------------------------
  data required time                                  0.40
  data arrival time                                  -0.40
  -----------------------------------------------------------
  slack (MET)                                         0.00


  Startpoint: inp_a[3] (input port clocked by clk)
  Endpoint: prod_reg[22]
            (rising edge-triggered flip-flop clocked by clk)
  Path Group: clk
  Path Type: max

  Des/Clust/Port     Wire Load Model       Library
  ------------------------------------------------
  mult               ZeroWireload          N16ADFP_StdCelltt0p8v25c

  Point                                    Incr       Path
  -----------------------------------------------------------
  clock clk (rise edge)                    0.00       0.00
  clock network delay (ideal)              0.00       0.00
  input external delay                     0.01       0.01 f
  inp_a[3] (in)                            0.01       0.02 f
  U94/Z (CKBD1BWP20P90)                    0.04       0.05 f
  U67/Z (XOR2D1BWP20P90)                   0.03       0.09 r
  U99/ZN (ND2D4BWP20P90)                   0.02       0.10 f
  U200/ZN (OAI22D1BWP20P90)                0.02       0.12 r
  U252/S (FA1D1BWP20P90)                   0.05       0.17 f
  U35/CO (FA1D1BWP20P90)                   0.03       0.20 f
  U253/Z (XOR3D1BWP20P90)                  0.05       0.25 f
  U511/S (FA1D1BWP20P90)                   0.05       0.30 r
  U256/ZN (NR2D1BWP20P90)                  0.01       0.31 f
  U257/ZN (NR2D1BWP20P90)                  0.01       0.32 r
  U54/ZN (ND2D1BWP20P90)                   0.01       0.33 f
  U489/ZN (OAI21D2BWP20P90)                0.02       0.35 r
  U699/ZN (AOI21D1BWP20P90)                0.02       0.37 f
  U129/Z (CKBD1BWP20P90)                   0.01       0.38 f
  U53/Z (XOR2D1BWP20P90)                   0.02       0.40 r
  prod_reg[22]/D (DFCNQD2BWP20P90)         0.00       0.40 r
  data arrival time                                   0.40

  clock clk (rise edge)                    0.42       0.42
  clock network delay (ideal)              0.00       0.42
  clock uncertainty                       -0.01       0.41
  prod_reg[22]/CP (DFCNQD2BWP20P90)        0.00       0.41 r
  library setup time                      -0.01       0.40
  data required time                                  0.40
  -----------------------------------------------------------
  data required time                                  0.40
  data arrival time                                  -0.40
  -----------------------------------------------------------
  slack (MET)                                         0.00


  Startpoint: inp_a[3] (input port clocked by clk)
  Endpoint: prod_reg[30]
            (rising edge-triggered flip-flop clocked by clk)
  Path Group: clk
  Path Type: max

  Des/Clust/Port     Wire Load Model       Library
  ------------------------------------------------
  mult               ZeroWireload          N16ADFP_StdCelltt0p8v25c

  Point                                    Incr       Path
  -----------------------------------------------------------
  clock clk (rise edge)                    0.00       0.00
  clock network delay (ideal)              0.00       0.00
  input external delay                     0.01       0.01 f
  inp_a[3] (in)                            0.01       0.02 f
  U94/Z (CKBD1BWP20P90)                    0.04       0.05 f
  U67/Z (XOR2D1BWP20P90)                   0.03       0.09 r
  U99/ZN (ND2D4BWP20P90)                   0.02       0.10 f
  U200/ZN (OAI22D1BWP20P90)                0.02       0.12 r
  U252/S (FA1D1BWP20P90)                   0.05       0.17 f
  U35/CO (FA1D1BWP20P90)                   0.03       0.20 f
  U253/Z (XOR3D1BWP20P90)                  0.05       0.25 f
  U511/S (FA1D1BWP20P90)                   0.05       0.30 r
  U256/ZN (NR2D1BWP20P90)                  0.01       0.31 f
  U257/ZN (NR2D1BWP20P90)                  0.01       0.32 r
  U54/ZN (ND2D1BWP20P90)                   0.01       0.33 f
  U489/ZN (OAI21D2BWP20P90)                0.02       0.35 r
  U681/ZN (AOI21D1BWP20P90)                0.02       0.37 f
  U130/Z (CKBD1BWP20P90)                   0.01       0.38 f
  U50/Z (XOR2D1BWP20P90)                   0.02       0.40 r
  prod_reg[30]/D (DFCNQD2BWP20P90)         0.00       0.40 r
  data arrival time                                   0.40

  clock clk (rise edge)                    0.42       0.42
  clock network delay (ideal)              0.00       0.42
  clock uncertainty                       -0.01       0.41
  prod_reg[30]/CP (DFCNQD2BWP20P90)        0.00       0.41 r
  library setup time                      -0.01       0.40
  data required time                                  0.40
  -----------------------------------------------------------
  data required time                                  0.40
  data arrival time                                  -0.40
  -----------------------------------------------------------
  slack (MET)                                         0.00


  Startpoint: inp_a[3] (input port clocked by clk)
  Endpoint: prod_reg[31]
            (rising edge-triggered flip-flop clocked by clk)
  Path Group: clk
  Path Type: max

  Des/Clust/Port     Wire Load Model       Library
  ------------------------------------------------
  mult               ZeroWireload          N16ADFP_StdCelltt0p8v25c

  Point                                    Incr       Path
  -----------------------------------------------------------
  clock clk (rise edge)                    0.00       0.00
  clock network delay (ideal)              0.00       0.00
  input external delay                     0.01       0.01 f
  inp_a[3] (in)                            0.01       0.02 f
  U94/Z (CKBD1BWP20P90)                    0.04       0.05 f
  U67/Z (XOR2D1BWP20P90)                   0.03       0.09 r
  U99/ZN (ND2D4BWP20P90)                   0.02       0.10 f
  U136/ZN (OAI22D1BWP20P90)                0.02       0.12 r
  U194/CO (FA1D1BWP20P90)                  0.03       0.15 r
  U193/S (FA1D1BWP20P90)                   0.05       0.20 f
  U231/S (FA1D1BWP20P90)                   0.05       0.25 r
  U258/S (FA1D1BWP20P90)                   0.04       0.30 f
  U286/ZN (NR2D1BWP20P90)                  0.01       0.31 r
  U485/ZN (OAI21D1BWP20P90)                0.01       0.32 f
  U127/ZN (AOI21D1BWP20P90)                0.01       0.34 r
  U489/ZN (OAI21D2BWP20P90)                0.01       0.35 f
  U681/ZN (AOI21D1BWP20P90)                0.02       0.37 r
  U690/ZN (OAI21D1BWP20P90)                0.01       0.38 f
  U698/ZN (XNR2D1BWP20P90)                 0.02       0.40 r
  prod_reg[31]/D (DFCNQD2BWP20P90)         0.00       0.40 r
  data arrival time                                   0.40

  clock clk (rise edge)                    0.42       0.42
  clock network delay (ideal)              0.00       0.42
  clock uncertainty                       -0.01       0.41
  prod_reg[31]/CP (DFCNQD2BWP20P90)        0.00       0.41 r
  library setup time                      -0.01       0.40
  data required time                                  0.40
  -----------------------------------------------------------
  data required time                                  0.40
  data arrival time                                  -0.40
  -----------------------------------------------------------
  slack (MET)                                         0.00


  Startpoint: inp_a[3] (input port clocked by clk)
  Endpoint: prod_reg[28]
            (rising edge-triggered flip-flop clocked by clk)
  Path Group: clk
  Path Type: max

  Des/Clust/Port     Wire Load Model       Library
  ------------------------------------------------
  mult               ZeroWireload          N16ADFP_StdCelltt0p8v25c

  Point                                    Incr       Path
  -----------------------------------------------------------
  clock clk (rise edge)                    0.00       0.00
  clock network delay (ideal)              0.00       0.00
  input external delay                     0.01       0.01 f
  inp_a[3] (in)                            0.01       0.02 f
  U94/Z (CKBD1BWP20P90)                    0.04       0.05 f
  U67/Z (XOR2D1BWP20P90)                   0.03       0.09 r
  U99/ZN (ND2D4BWP20P90)                   0.02       0.10 f
  U200/ZN (OAI22D1BWP20P90)                0.02       0.12 r
  U252/S (FA1D1BWP20P90)                   0.05       0.17 f
  U35/CO (FA1D1BWP20P90)                   0.03       0.20 f
  U253/Z (XOR3D1BWP20P90)                  0.05       0.25 f
  U511/S (FA1D1BWP20P90)                   0.05       0.30 r
  U256/ZN (NR2D1BWP20P90)                  0.01       0.31 f
  U257/ZN (NR2D1BWP20P90)                  0.01       0.32 r
  U54/ZN (ND2D1BWP20P90)                   0.01       0.33 f
  U489/ZN (OAI21D2BWP20P90)                0.02       0.35 r
  U708/ZN (AOI21D2BWP20P90)                0.02       0.37 f
  U785/ZN (OAI21D1BWP20P90)                0.01       0.38 r
  U787/ZN (XNR2D1BWP20P90)                 0.02       0.40 r
  prod_reg[28]/D (DFCNQD2BWP20P90)         0.00       0.40 r
  data arrival time                                   0.40

  clock clk (rise edge)                    0.42       0.42
  clock network delay (ideal)              0.00       0.42
  clock uncertainty                       -0.01       0.41
  prod_reg[28]/CP (DFCNQD2BWP20P90)        0.00       0.41 r
  library setup time                      -0.01       0.40
  data required time                                  0.40
  -----------------------------------------------------------
  data required time                                  0.40
  data arrival time                                  -0.40
  -----------------------------------------------------------
  slack (MET)                                         0.00


  Startpoint: inp_a[3] (input port clocked by clk)
  Endpoint: prod_reg[25]
            (rising edge-triggered flip-flop clocked by clk)
  Path Group: clk
  Path Type: max

  Des/Clust/Port     Wire Load Model       Library
  ------------------------------------------------
  mult               ZeroWireload          N16ADFP_StdCelltt0p8v25c

  Point                                    Incr       Path
  -----------------------------------------------------------
  clock clk (rise edge)                    0.00       0.00
  clock network delay (ideal)              0.00       0.00
  input external delay                     0.01       0.01 f
  inp_a[3] (in)                            0.01       0.02 f
  U94/Z (CKBD1BWP20P90)                    0.04       0.05 f
  U67/Z (XOR2D1BWP20P90)                   0.03       0.09 r
  U99/ZN (ND2D4BWP20P90)                   0.02       0.10 f
  U200/ZN (OAI22D1BWP20P90)                0.02       0.12 r
  U252/S (FA1D1BWP20P90)                   0.05       0.17 f
  U35/CO (FA1D1BWP20P90)                   0.03       0.20 f
  U253/Z (XOR3D1BWP20P90)                  0.05       0.25 f
  U511/S (FA1D1BWP20P90)                   0.05       0.30 r
  U256/ZN (NR2D1BWP20P90)                  0.01       0.31 f
  U257/ZN (NR2D1BWP20P90)                  0.01       0.32 r
  U54/ZN (ND2D1BWP20P90)                   0.01       0.33 f
  U489/ZN (OAI21D2BWP20P90)                0.02       0.35 r
  U580/ZN (AOI21D2BWP20P90)                0.02       0.37 f
  U792/ZN (OAI21D1BWP20P90)                0.01       0.38 r
  U794/ZN (XNR2D1BWP20P90)                 0.02       0.40 r
  prod_reg[25]/D (DFCNQD2BWP20P90)         0.00       0.40 r
  data arrival time                                   0.40

  clock clk (rise edge)                    0.42       0.42
  clock network delay (ideal)              0.00       0.42
  clock uncertainty                       -0.01       0.41
  prod_reg[25]/CP (DFCNQD2BWP20P90)        0.00       0.41 r
  library setup time                      -0.01       0.40
  data required time                                  0.40
  -----------------------------------------------------------
  data required time                                  0.40
  data arrival time                                  -0.40
  -----------------------------------------------------------
  slack (MET)                                         0.00


  Startpoint: inp_a[3] (input port clocked by clk)
  Endpoint: prod_reg[29]
            (rising edge-triggered flip-flop clocked by clk)
  Path Group: clk
  Path Type: max

  Des/Clust/Port     Wire Load Model       Library
  ------------------------------------------------
  mult               ZeroWireload          N16ADFP_StdCelltt0p8v25c

  Point                                    Incr       Path
  -----------------------------------------------------------
  clock clk (rise edge)                    0.00       0.00
  clock network delay (ideal)              0.00       0.00
  input external delay                     0.01       0.01 f
  inp_a[3] (in)                            0.01       0.02 f
  U94/Z (CKBD1BWP20P90)                    0.04       0.05 f
  U67/Z (XOR2D1BWP20P90)                   0.03       0.09 r
  U99/ZN (ND2D4BWP20P90)                   0.02       0.10 f
  U200/ZN (OAI22D1BWP20P90)                0.02       0.12 r
  U252/S (FA1D1BWP20P90)                   0.05       0.17 f
  U35/CO (FA1D1BWP20P90)                   0.03       0.20 f
  U253/Z (XOR3D1BWP20P90)                  0.05       0.25 f
  U511/S (FA1D1BWP20P90)                   0.05       0.30 r
  U256/ZN (NR2D1BWP20P90)                  0.01       0.31 f
  U257/ZN (NR2D1BWP20P90)                  0.01       0.32 r
  U54/ZN (ND2D1BWP20P90)                   0.01       0.33 f
  U489/ZN (OAI21D2BWP20P90)                0.02       0.35 r
  U580/ZN (AOI21D2BWP20P90)                0.02       0.37 f
  U664/ZN (OAI21D1BWP20P90)                0.01       0.38 r
  U675/ZN (XNR2D1BWP20P90)                 0.02       0.40 r
  prod_reg[29]/D (DFCNQD2BWP20P90)         0.00       0.40 r
  data arrival time                                   0.40

  clock clk (rise edge)                    0.42       0.42
  clock network delay (ideal)              0.00       0.42
  clock uncertainty                       -0.01       0.41
  prod_reg[29]/CP (DFCNQD2BWP20P90)        0.00       0.41 r
  library setup time                      -0.01       0.40
  data required time                                  0.40
  -----------------------------------------------------------
  data required time                                  0.40
  data arrival time                                  -0.40
  -----------------------------------------------------------
  slack (MET)                                         0.00


  Startpoint: inp_a[3] (input port clocked by clk)
  Endpoint: prod_reg[27]
            (rising edge-triggered flip-flop clocked by clk)
  Path Group: clk
  Path Type: max

  Des/Clust/Port     Wire Load Model       Library
  ------------------------------------------------
  mult               ZeroWireload          N16ADFP_StdCelltt0p8v25c

  Point                                    Incr       Path
  -----------------------------------------------------------
  clock clk (rise edge)                    0.00       0.00
  clock network delay (ideal)              0.00       0.00
  input external delay                     0.01       0.01 f
  inp_a[3] (in)                            0.01       0.02 f
  U94/Z (CKBD1BWP20P90)                    0.04       0.05 f
  U67/Z (XOR2D1BWP20P90)                   0.03       0.09 r
  U99/ZN (ND2D4BWP20P90)                   0.02       0.10 f
  U200/ZN (OAI22D1BWP20P90)                0.02       0.12 r
  U252/S (FA1D1BWP20P90)                   0.05       0.17 f
  U35/CO (FA1D1BWP20P90)                   0.03       0.20 f
  U253/Z (XOR3D1BWP20P90)                  0.05       0.25 f
  U511/S (FA1D1BWP20P90)                   0.05       0.30 r
  U256/ZN (NR2D1BWP20P90)                  0.01       0.31 f
  U257/ZN (NR2D1BWP20P90)                  0.01       0.32 r
  U54/ZN (ND2D1BWP20P90)                   0.01       0.33 f
  U489/ZN (OAI21D2BWP20P90)                0.02       0.35 r
  U708/ZN (AOI21D2BWP20P90)                0.02       0.37 f
  U788/ZN (OAI21D1BWP20P90)                0.01       0.38 r
  U791/ZN (XNR2D1BWP20P90)                 0.02       0.40 r
  prod_reg[27]/D (DFCNQD2BWP20P90)         0.00       0.40 r
  data arrival time                                   0.40

  clock clk (rise edge)                    0.42       0.42
  clock network delay (ideal)              0.00       0.42
  clock uncertainty                       -0.01       0.41
  prod_reg[27]/CP (DFCNQD2BWP20P90)        0.00       0.41 r
  library setup time                      -0.01       0.40
  data required time                                  0.40
  -----------------------------------------------------------
  data required time                                  0.40
  data arrival time                                  -0.40
  -----------------------------------------------------------
  slack (MET)                                         0.00


  Startpoint: inp_a[3] (input port clocked by clk)
  Endpoint: prod_reg[23]
            (rising edge-triggered flip-flop clocked by clk)
  Path Group: clk
  Path Type: max

  Des/Clust/Port     Wire Load Model       Library
  ------------------------------------------------
  mult               ZeroWireload          N16ADFP_StdCelltt0p8v25c

  Point                                    Incr       Path
  -----------------------------------------------------------
  clock clk (rise edge)                    0.00       0.00
  clock network delay (ideal)              0.00       0.00
  input external delay                     0.01       0.01 f
  inp_a[3] (in)                            0.01       0.02 f
  U94/Z (CKBD1BWP20P90)                    0.04       0.05 f
  U67/Z (XOR2D1BWP20P90)                   0.03       0.09 r
  U99/ZN (ND2D4BWP20P90)                   0.02       0.10 f
  U220/ZN (OAI22D1BWP20P90)                0.02       0.12 r
  U281/S (FA1D1BWP20P90)                   0.05       0.17 f
  U473/CO (FA1D1BWP20P90)                  0.03       0.20 f
  U303/S (FA1D1BWP20P90)                   0.05       0.25 r
  U471/S (FA1D1BWP20P90)                   0.04       0.30 f
  U475/ZN (NR2D1BWP20P90)                  0.01       0.31 r
  U482/ZN (OAI21D1BWP20P90)                0.01       0.33 f
  U72/ZN (AOI21D2BWP20P90)                 0.01       0.34 r
  U489/ZN (OAI21D2BWP20P90)                0.02       0.35 f
  U699/ZN (AOI21D1BWP20P90)                0.02       0.37 r
  U700/ZN (OAI21D1BWP20P90)                0.01       0.38 f
  U703/ZN (XNR2D1BWP20P90)                 0.02       0.40 r
  prod_reg[23]/D (DFCNQD2BWP20P90)         0.00       0.40 r
  data arrival time                                   0.40

  clock clk (rise edge)                    0.42       0.42
  clock network delay (ideal)              0.00       0.42
  clock uncertainty                       -0.01       0.41
  prod_reg[23]/CP (DFCNQD2BWP20P90)        0.00       0.41 r
  library setup time                      -0.01       0.40
  data required time                                  0.40
  -----------------------------------------------------------
  data required time                                  0.40
  data arrival time                                  -0.40
  -----------------------------------------------------------
  slack (MET)                                         0.00


  Startpoint: inp_a[3] (input port clocked by clk)
  Endpoint: prod_reg[23]
            (rising edge-triggered flip-flop clocked by clk)
  Path Group: clk
  Path Type: max

  Des/Clust/Port     Wire Load Model       Library
  ------------------------------------------------
  mult               ZeroWireload          N16ADFP_StdCelltt0p8v25c

  Point                                    Incr       Path
  -----------------------------------------------------------
  clock clk (rise edge)                    0.00       0.00
  clock network delay (ideal)              0.00       0.00
  input external delay                     0.01       0.01 f
  inp_a[3] (in)                            0.01       0.02 f
  U94/Z (CKBD1BWP20P90)                    0.04       0.05 f
  U67/Z (XOR2D1BWP20P90)                   0.03       0.09 r
  U99/ZN (ND2D4BWP20P90)                   0.02       0.10 f
  U136/ZN (OAI22D1BWP20P90)                0.02       0.12 r
  U194/CO (FA1D1BWP20P90)                  0.03       0.15 r
  U193/S (FA1D1BWP20P90)                   0.05       0.20 f
  U231/S (FA1D1BWP20P90)                   0.05       0.25 r
  U258/S (FA1D1BWP20P90)                   0.04       0.30 f
  U286/ZN (NR2D1BWP20P90)                  0.01       0.31 r
  U485/ZN (OAI21D1BWP20P90)                0.01       0.32 f
  U127/ZN (AOI21D1BWP20P90)                0.01       0.34 r
  U489/ZN (OAI21D2BWP20P90)                0.01       0.35 f
  U699/ZN (AOI21D1BWP20P90)                0.02       0.37 r
  U700/ZN (OAI21D1BWP20P90)                0.01       0.38 f
  U703/ZN (XNR2D1BWP20P90)                 0.02       0.40 r
  prod_reg[23]/D (DFCNQD2BWP20P90)         0.00       0.40 r
  data arrival time                                   0.40

  clock clk (rise edge)                    0.42       0.42
  clock network delay (ideal)              0.00       0.42
  clock uncertainty                       -0.01       0.41
  prod_reg[23]/CP (DFCNQD2BWP20P90)        0.00       0.41 r
  library setup time                      -0.01       0.40
  data required time                                  0.40
  -----------------------------------------------------------
  data required time                                  0.40
  data arrival time                                  -0.40
  -----------------------------------------------------------
  slack (MET)                                         0.00


1
