1
 
****************************************
Report : design
Design : mult
Version: V-2023.12-SP5
Date   : Tue Sep 22 17:36:57 2026
****************************************

Design allows ideal nets on clock nets.

Library(s) Used:

    N16ADFP_StdCelltt0p8v25c (File: /classes/ece5746/tsmcN16/Executable_Package/Collaterals/IP/stdcell/N16ADFP_StdCell/NLDM/N16ADFP_StdCelltt0p8v25c.db)

Local Link Library:

    {N16ADFP_StdCelltt0p8v25c.db}

Flip-Flop Types:

    No flip-flop types specified.

Latch Types:

    No latch types specified.

Operating Conditions:


    Operating Condition Name : tt0p8v25c
    Library : N16ADFP_StdCelltt0p8v25c
    Process :   1.00
    Temperature :  25.00
    Voltage :   0.80
    Interconnect Model : balanced_tree

Wire Loading Model:

    Selected automatically from the total cell area.

Name           :   ZeroWireload
Location       :   N16ADFP_StdCelltt0p8v25c
Resistance     :   1e-05
Capacitance    :   1
Area           :   0
Slope          :   0
Fanout   Length   Points Average Cap Std Deviation
--------------------------------------------------------------
     1     0.00
     2     0.00
     3     0.00
     4     0.00
     5     0.00
     6     0.00
     7     0.00
     8     0.00
     9     0.00
    10     0.00
    11     0.00
    12     0.00
    13     0.00
    14     0.00
    15     0.00
    16     0.00
    17     0.00
    18     0.00
    19     0.00
    20     0.00



Wire Loading Model Mode: segmented.

Timing Ranges:

    No timing ranges specified.

Pin Input Delays:

    None specified.

Pin Output Delays:

    None specified.

Disabled Timing Arcs:

    No arcs disabled.

Required Licenses:

    DesignWare

Design Parameters:

    None specified.
1
 
****************************************
Report : cell
Design : mult
Version: V-2023.12-SP5
Date   : Tue Sep 22 17:36:57 2026
****************************************

Attributes:
    b - black box (unknown)
    h - hierarchical
    n - noncombinational
    r - removable
    u - contains unmapped logic

Cell                      Reference       Library             Area  Attributes
--------------------------------------------------------------------------------
U35                       XNR2D1BWP20P90  N16ADFP_StdCelltt0p8v25c
                                                          0.518400  
U36                       XNR2D1BWP20P90  N16ADFP_StdCelltt0p8v25c
                                                          0.518400  
U37                       XNR2D1BWP20P90  N16ADFP_StdCelltt0p8v25c
                                                          0.518400  
U38                       FA1D1BWP20P90   N16ADFP_StdCelltt0p8v25c
                                                          1.036800  r
U39                       INVD1BWP20P90   N16ADFP_StdCelltt0p8v25c
                                                          0.155520  
U40                       CKND2BWP20P90   N16ADFP_StdCelltt0p8v25c
                                                          0.207360  
U41                       INVD1BWP20P90   N16ADFP_StdCelltt0p8v25c
                                                          0.155520  
U42                       ND2D1BWP20P90   N16ADFP_StdCelltt0p8v25c
                                                          0.207360  
U43                       INVD1BWP20P90   N16ADFP_StdCelltt0p8v25c
                                                          0.155520  
U44                       INVD1BWP20P90   N16ADFP_StdCelltt0p8v25c
                                                          0.155520  
U45                       CKBD1BWP20P90   N16ADFP_StdCelltt0p8v25c
                                                          0.207360  
U46                       OAI21D1BWP20P90 N16ADFP_StdCelltt0p8v25c
                                                          0.259200  
U47                       XNR2D1BWP20P90  N16ADFP_StdCelltt0p8v25c
                                                          0.518400  
U48                       AN2D1BWP20P90   N16ADFP_StdCelltt0p8v25c
                                                          0.259200  
U49                       INVD1BWP20P90   N16ADFP_StdCelltt0p8v25c
                                                          0.155520  
U50                       ND2D1BWP20P90   N16ADFP_StdCelltt0p8v25c
                                                          0.207360  
U51                       AN2D1BWP20P90   N16ADFP_StdCelltt0p8v25c
                                                          0.259200  
U52                       AN2D1BWP20P90   N16ADFP_StdCelltt0p8v25c
                                                          0.259200  
U53                       AN2D1BWP20P90   N16ADFP_StdCelltt0p8v25c
                                                          0.259200  
U54                       AN2D1BWP20P90   N16ADFP_StdCelltt0p8v25c
                                                          0.259200  
U55                       XOR3D1BWP20P90  N16ADFP_StdCelltt0p8v25c
                                                          0.984960  
U56                       HA1D1BWP20P90   N16ADFP_StdCelltt0p8v25c
                                                          0.881280  r
U57                       HA1D1BWP20P90   N16ADFP_StdCelltt0p8v25c
                                                          0.881280  r
U58                       HA1D1BWP20P90   N16ADFP_StdCelltt0p8v25c
                                                          0.881280  r
U59                       HA1D1BWP20P90   N16ADFP_StdCelltt0p8v25c
                                                          0.881280  r
U60                       HA1D1BWP20P90   N16ADFP_StdCelltt0p8v25c
                                                          0.881280  r
U61                       HA1D1BWP20P90   N16ADFP_StdCelltt0p8v25c
                                                          0.881280  r
U62                       HA1D1BWP20P90   N16ADFP_StdCelltt0p8v25c
                                                          0.881280  r
U63                       XOR2D1BWP20P90  N16ADFP_StdCelltt0p8v25c
                                                          0.518400  
U64                       AN2D1BWP20P90   N16ADFP_StdCelltt0p8v25c
                                                          0.259200  
U65                       XNR2D1BWP20P90  N16ADFP_StdCelltt0p8v25c
                                                          0.518400  
U66                       XNR2D1BWP20P90  N16ADFP_StdCelltt0p8v25c
                                                          0.518400  
U67                       XNR2D1BWP20P90  N16ADFP_StdCelltt0p8v25c
                                                          0.518400  
U68                       INVD1BWP20P90   N16ADFP_StdCelltt0p8v25c
                                                          0.155520  
U69                       INVD1BWP20P90   N16ADFP_StdCelltt0p8v25c
                                                          0.155520  
U70                       INVD1BWP20P90   N16ADFP_StdCelltt0p8v25c
                                                          0.155520  
U71                       INVD1BWP20P90   N16ADFP_StdCelltt0p8v25c
                                                          0.155520  
U72                       INVD1BWP20P90   N16ADFP_StdCelltt0p8v25c
                                                          0.155520  
U73                       CKND2BWP20P90   N16ADFP_StdCelltt0p8v25c
                                                          0.207360  
U74                       INVD1BWP20P90   N16ADFP_StdCelltt0p8v25c
                                                          0.155520  
U75                       INVD1BWP20P90   N16ADFP_StdCelltt0p8v25c
                                                          0.155520  
U76                       INVD1BWP20P90   N16ADFP_StdCelltt0p8v25c
                                                          0.155520  
U77                       INVD1BWP20P90   N16ADFP_StdCelltt0p8v25c
                                                          0.155520  
U78                       INVD1BWP20P90   N16ADFP_StdCelltt0p8v25c
                                                          0.155520  
U79                       INVD1BWP20P90   N16ADFP_StdCelltt0p8v25c
                                                          0.155520  
U80                       INVD1BWP20P90   N16ADFP_StdCelltt0p8v25c
                                                          0.155520  
U81                       INVD1BWP20P90   N16ADFP_StdCelltt0p8v25c
                                                          0.155520  
U82                       INVD1BWP20P90   N16ADFP_StdCelltt0p8v25c
                                                          0.155520  
U83                       INVD1BWP20P90   N16ADFP_StdCelltt0p8v25c
                                                          0.155520  
U84                       INVD1BWP20P90   N16ADFP_StdCelltt0p8v25c
                                                          0.155520  
U85                       INVD1BWP20P90   N16ADFP_StdCelltt0p8v25c
                                                          0.155520  
U86                       INVD1BWP20P90   N16ADFP_StdCelltt0p8v25c
                                                          0.155520  
U87                       INVD1BWP20P90   N16ADFP_StdCelltt0p8v25c
                                                          0.155520  
U88                       INVD1BWP20P90   N16ADFP_StdCelltt0p8v25c
                                                          0.155520  
U89                       OAI22D1BWP20P90 N16ADFP_StdCelltt0p8v25c
                                                          0.311040  
U90                       INVD1BWP20P90   N16ADFP_StdCelltt0p8v25c
                                                          0.155520  
U91                       CKBD1BWP20P90   N16ADFP_StdCelltt0p8v25c
                                                          0.207360  
U92                       INVD1BWP20P90   N16ADFP_StdCelltt0p8v25c
                                                          0.155520  
U93                       XOR2D1BWP20P90  N16ADFP_StdCelltt0p8v25c
                                                          0.518400  
U94                       INVD1BWP20P90   N16ADFP_StdCelltt0p8v25c
                                                          0.155520  
U95                       INVD1BWP20P90   N16ADFP_StdCelltt0p8v25c
                                                          0.155520  
U96                       CKBD1BWP20P90   N16ADFP_StdCelltt0p8v25c
                                                          0.207360  
U97                       CKBD1BWP20P90   N16ADFP_StdCelltt0p8v25c
                                                          0.207360  
U98                       CKBD1BWP20P90   N16ADFP_StdCelltt0p8v25c
                                                          0.207360  
U99                       XOR2D1BWP20P90  N16ADFP_StdCelltt0p8v25c
                                                          0.518400  
U100                      INVD1BWP20P90   N16ADFP_StdCelltt0p8v25c
                                                          0.155520  
U101                      INVD1BWP20P90   N16ADFP_StdCelltt0p8v25c
                                                          0.155520  
U102                      CKBD1BWP20P90   N16ADFP_StdCelltt0p8v25c
                                                          0.207360  
U103                      CKBD1BWP20P90   N16ADFP_StdCelltt0p8v25c
                                                          0.207360  
U104                      OR2D1BWP20P90   N16ADFP_StdCelltt0p8v25c
                                                          0.259200  
U105                      OR2D1BWP20P90   N16ADFP_StdCelltt0p8v25c
                                                          0.259200  
U106                      BUFFD2BWP20P90  N16ADFP_StdCelltt0p8v25c
                                                          0.259200  
U107                      BUFFD2BWP20P90  N16ADFP_StdCelltt0p8v25c
                                                          0.259200  
U108                      CKBD1BWP20P90   N16ADFP_StdCelltt0p8v25c
                                                          0.207360  
U109                      NR2D1BWP20P90   N16ADFP_StdCelltt0p8v25c
                                                          0.207360  
U110                      AOI21D1BWP20P90 N16ADFP_StdCelltt0p8v25c
                                                          0.259200  
U111                      AOI21D1BWP20P90 N16ADFP_StdCelltt0p8v25c
                                                          0.259200  
U112                      INVD1BWP20P90   N16ADFP_StdCelltt0p8v25c
                                                          0.155520  
U113                      INVD1BWP20P90   N16ADFP_StdCelltt0p8v25c
                                                          0.155520  
U114                      XNR2D1BWP20P90  N16ADFP_StdCelltt0p8v25c
                                                          0.518400  
U115                      INVD1BWP20P90   N16ADFP_StdCelltt0p8v25c
                                                          0.155520  
U116                      NR2D1BWP20P90   N16ADFP_StdCelltt0p8v25c
                                                          0.207360  
U117                      INVD1BWP20P90   N16ADFP_StdCelltt0p8v25c
                                                          0.155520  
U118                      XOR2D1BWP20P90  N16ADFP_StdCelltt0p8v25c
                                                          0.518400  
U119                      XNR2D1BWP20P90  N16ADFP_StdCelltt0p8v25c
                                                          0.518400  
U120                      XNR2D1BWP20P90  N16ADFP_StdCelltt0p8v25c
                                                          0.518400  
U121                      OAI22D1BWP20P90 N16ADFP_StdCelltt0p8v25c
                                                          0.311040  
U122                      XOR2D1BWP20P90  N16ADFP_StdCelltt0p8v25c
                                                          0.518400  
U123                      XNR2D1BWP20P90  N16ADFP_StdCelltt0p8v25c
                                                          0.518400  
U124                      XNR2D1BWP20P90  N16ADFP_StdCelltt0p8v25c
                                                          0.518400  
U125                      OAI22D1BWP20P90 N16ADFP_StdCelltt0p8v25c
                                                          0.311040  
U126                      XOR2D1BWP20P90  N16ADFP_StdCelltt0p8v25c
                                                          0.518400  
U127                      XNR2D1BWP20P90  N16ADFP_StdCelltt0p8v25c
                                                          0.518400  
U128                      XNR2D1BWP20P90  N16ADFP_StdCelltt0p8v25c
                                                          0.518400  
U129                      OAI22D1BWP20P90 N16ADFP_StdCelltt0p8v25c
                                                          0.311040  
U130                      XOR2D1BWP20P90  N16ADFP_StdCelltt0p8v25c
                                                          0.518400  
U131                      XNR2D1BWP20P90  N16ADFP_StdCelltt0p8v25c
                                                          0.518400  
U132                      XNR2D1BWP20P90  N16ADFP_StdCelltt0p8v25c
                                                          0.518400  
U133                      OAI22D1BWP20P90 N16ADFP_StdCelltt0p8v25c
                                                          0.311040  
U134                      XNR2D1BWP20P90  N16ADFP_StdCelltt0p8v25c
                                                          0.518400  
U135                      XNR2D1BWP20P90  N16ADFP_StdCelltt0p8v25c
                                                          0.518400  
U136                      OAI22D1BWP20P90 N16ADFP_StdCelltt0p8v25c
                                                          0.311040  
U137                      XNR2D2BWP20P90  N16ADFP_StdCelltt0p8v25c
                                                          0.570240  
U138                      XOR2D1BWP20P90  N16ADFP_StdCelltt0p8v25c
                                                          0.518400  
U139                      XNR2D1BWP20P90  N16ADFP_StdCelltt0p8v25c
                                                          0.518400  
U140                      XNR2D1BWP20P90  N16ADFP_StdCelltt0p8v25c
                                                          0.518400  
U141                      OAI22D1BWP20P90 N16ADFP_StdCelltt0p8v25c
                                                          0.311040  
U142                      XNR2D2BWP20P90  N16ADFP_StdCelltt0p8v25c
                                                          0.570240  
U143                      XOR2D1BWP20P90  N16ADFP_StdCelltt0p8v25c
                                                          0.518400  
U144                      XNR2D1BWP20P90  N16ADFP_StdCelltt0p8v25c
                                                          0.518400  
U145                      XNR2D1BWP20P90  N16ADFP_StdCelltt0p8v25c
                                                          0.518400  
U146                      OAI22D1BWP20P90 N16ADFP_StdCelltt0p8v25c
                                                          0.311040  
U147                      INVD1BWP20P90   N16ADFP_StdCelltt0p8v25c
                                                          0.155520  
U148                      XNR2D1BWP20P90  N16ADFP_StdCelltt0p8v25c
                                                          0.518400  
U149                      XNR2D1BWP20P90  N16ADFP_StdCelltt0p8v25c
                                                          0.518400  
U150                      OAI22D1BWP20P90 N16ADFP_StdCelltt0p8v25c
                                                          0.311040  
U151                      XNR2D1BWP20P90  N16ADFP_StdCelltt0p8v25c
                                                          0.518400  
U152                      XNR2D1BWP20P90  N16ADFP_StdCelltt0p8v25c
                                                          0.518400  
U153                      OAI22D1BWP20P90 N16ADFP_StdCelltt0p8v25c
                                                          0.311040  
U154                      INVD1BWP20P90   N16ADFP_StdCelltt0p8v25c
                                                          0.155520  
U155                      XNR2D1BWP20P90  N16ADFP_StdCelltt0p8v25c
                                                          0.518400  
U156                      XNR2D1BWP20P90  N16ADFP_StdCelltt0p8v25c
                                                          0.518400  
U157                      OAI22D1BWP20P90 N16ADFP_StdCelltt0p8v25c
                                                          0.311040  
U158                      INR2D1BWP20P90  N16ADFP_StdCelltt0p8v25c
                                                          0.259200  
U159                      XNR2D1BWP20P90  N16ADFP_StdCelltt0p8v25c
                                                          0.518400  
U160                      OAI22D1BWP20P90 N16ADFP_StdCelltt0p8v25c
                                                          0.311040  
U161                      XNR2D1BWP20P90  N16ADFP_StdCelltt0p8v25c
                                                          0.518400  
U162                      OAI22D1BWP20P90 N16ADFP_StdCelltt0p8v25c
                                                          0.311040  
U163                      XNR2D1BWP20P90  N16ADFP_StdCelltt0p8v25c
                                                          0.518400  
U164                      XNR2D1BWP20P90  N16ADFP_StdCelltt0p8v25c
                                                          0.518400  
U165                      OAI22D1BWP20P90 N16ADFP_StdCelltt0p8v25c
                                                          0.311040  
U166                      XNR2D1BWP20P90  N16ADFP_StdCelltt0p8v25c
                                                          0.518400  
U167                      XNR2D1BWP20P90  N16ADFP_StdCelltt0p8v25c
                                                          0.518400  
U168                      OAI22D1BWP20P90 N16ADFP_StdCelltt0p8v25c
                                                          0.311040  
U169                      XNR2D1BWP20P90  N16ADFP_StdCelltt0p8v25c
                                                          0.518400  
U170                      OAI22D1BWP20P90 N16ADFP_StdCelltt0p8v25c
                                                          0.311040  
U171                      XNR2D1BWP20P90  N16ADFP_StdCelltt0p8v25c
                                                          0.518400  
U172                      XNR2D1BWP20P90  N16ADFP_StdCelltt0p8v25c
                                                          0.518400  
U173                      OAI22D1BWP20P90 N16ADFP_StdCelltt0p8v25c
                                                          0.311040  
U174                      XNR2D1BWP20P90  N16ADFP_StdCelltt0p8v25c
                                                          0.518400  
U175                      OAI22D1BWP20P90 N16ADFP_StdCelltt0p8v25c
                                                          0.311040  
U176                      XNR2D1BWP20P90  N16ADFP_StdCelltt0p8v25c
                                                          0.518400  
U177                      OAI22D1BWP20P90 N16ADFP_StdCelltt0p8v25c
                                                          0.311040  
U178                      XNR2D1BWP20P90  N16ADFP_StdCelltt0p8v25c
                                                          0.518400  
U179                      XNR2D1BWP20P90  N16ADFP_StdCelltt0p8v25c
                                                          0.518400  
U180                      OAI22D1BWP20P90 N16ADFP_StdCelltt0p8v25c
                                                          0.311040  
U181                      IND2D1BWP20P90  N16ADFP_StdCelltt0p8v25c
                                                          0.259200  
U182                      OAI22D1BWP20P90 N16ADFP_StdCelltt0p8v25c
                                                          0.311040  
U183                      XNR2D1BWP20P90  N16ADFP_StdCelltt0p8v25c
                                                          0.518400  
U184                      XNR2D1BWP20P90  N16ADFP_StdCelltt0p8v25c
                                                          0.518400  
U185                      OAI22D1BWP20P90 N16ADFP_StdCelltt0p8v25c
                                                          0.311040  
U186                      FA1D1BWP20P90   N16ADFP_StdCelltt0p8v25c
                                                          1.036800  r
U187                      FA1D1BWP20P90   N16ADFP_StdCelltt0p8v25c
                                                          1.036800  r
U188                      FA1D1BWP20P90   N16ADFP_StdCelltt0p8v25c
                                                          1.036800  r
U189                      INR2D1BWP20P90  N16ADFP_StdCelltt0p8v25c
                                                          0.259200  
U190                      OAI22D1BWP20P90 N16ADFP_StdCelltt0p8v25c
                                                          0.311040  
U191                      OAI22D1BWP20P90 N16ADFP_StdCelltt0p8v25c
                                                          0.311040  
U192                      OAI22D1BWP20P90 N16ADFP_StdCelltt0p8v25c
                                                          0.311040  
U193                      OAI22D1BWP20P90 N16ADFP_StdCelltt0p8v25c
                                                          0.311040  
U194                      OAI22D1BWP20P90 N16ADFP_StdCelltt0p8v25c
                                                          0.311040  
U195                      OAI22D1BWP20P90 N16ADFP_StdCelltt0p8v25c
                                                          0.311040  
U196                      OAI22D1BWP20P90 N16ADFP_StdCelltt0p8v25c
                                                          0.311040  
U197                      OAI22D1BWP20P90 N16ADFP_StdCelltt0p8v25c
                                                          0.311040  
U198                      FA1D1BWP20P90   N16ADFP_StdCelltt0p8v25c
                                                          1.036800  r
U199                      FA1D1BWP20P90   N16ADFP_StdCelltt0p8v25c
                                                          1.036800  r
U200                      FA1D1BWP20P90   N16ADFP_StdCelltt0p8v25c
                                                          1.036800  r
U201                      FA1D1BWP20P90   N16ADFP_StdCelltt0p8v25c
                                                          1.036800  r
U202                      XNR2D1BWP20P90  N16ADFP_StdCelltt0p8v25c
                                                          0.518400  
U203                      OAI22D1BWP20P90 N16ADFP_StdCelltt0p8v25c
                                                          0.311040  
U204                      XNR2D1BWP20P90  N16ADFP_StdCelltt0p8v25c
                                                          0.518400  
U205                      OAI22D1BWP20P90 N16ADFP_StdCelltt0p8v25c
                                                          0.311040  
U206                      XNR2D1BWP20P90  N16ADFP_StdCelltt0p8v25c
                                                          0.518400  
U207                      OAI22D1BWP20P90 N16ADFP_StdCelltt0p8v25c
                                                          0.311040  
U208                      XNR2D1BWP20P90  N16ADFP_StdCelltt0p8v25c
                                                          0.518400  
U209                      OAI22D1BWP20P90 N16ADFP_StdCelltt0p8v25c
                                                          0.311040  
U210                      FA1D1BWP20P90   N16ADFP_StdCelltt0p8v25c
                                                          1.036800  r
U211                      XNR2D1BWP20P90  N16ADFP_StdCelltt0p8v25c
                                                          0.518400  
U212                      OAI22D1BWP20P90 N16ADFP_StdCelltt0p8v25c
                                                          0.311040  
U213                      XNR2D1BWP20P90  N16ADFP_StdCelltt0p8v25c
                                                          0.518400  
U214                      OAI22D1BWP20P90 N16ADFP_StdCelltt0p8v25c
                                                          0.311040  
U215                      XNR2D1BWP20P90  N16ADFP_StdCelltt0p8v25c
                                                          0.518400  
U216                      OAI22D1BWP20P90 N16ADFP_StdCelltt0p8v25c
                                                          0.311040  
U217                      XNR2D1BWP20P90  N16ADFP_StdCelltt0p8v25c
                                                          0.518400  
U218                      OAI22D1BWP20P90 N16ADFP_StdCelltt0p8v25c
                                                          0.311040  
U219                      XNR2D1BWP20P90  N16ADFP_StdCelltt0p8v25c
                                                          0.518400  
U220                      OAI22D1BWP20P90 N16ADFP_StdCelltt0p8v25c
                                                          0.311040  
U221                      INVD1BWP20P90   N16ADFP_StdCelltt0p8v25c
                                                          0.155520  
U222                      IND2D1BWP20P90  N16ADFP_StdCelltt0p8v25c
                                                          0.259200  
U223                      OAI22D1BWP20P90 N16ADFP_StdCelltt0p8v25c
                                                          0.311040  
U224                      FA1D1BWP20P90   N16ADFP_StdCelltt0p8v25c
                                                          1.036800  r
U225                      FA1D1BWP20P90   N16ADFP_StdCelltt0p8v25c
                                                          1.036800  r
U226                      NR2D1BWP20P90   N16ADFP_StdCelltt0p8v25c
                                                          0.207360  
U227                      FA1D1BWP20P90   N16ADFP_StdCelltt0p8v25c
                                                          1.036800  r
U228                      FA1D1BWP20P90   N16ADFP_StdCelltt0p8v25c
                                                          1.036800  r
U229                      FA1D1BWP20P90   N16ADFP_StdCelltt0p8v25c
                                                          1.036800  r
U230                      INR2D1BWP20P90  N16ADFP_StdCelltt0p8v25c
                                                          0.259200  
U231                      XNR2D1BWP20P90  N16ADFP_StdCelltt0p8v25c
                                                          0.518400  
U232                      OAI22D1BWP20P90 N16ADFP_StdCelltt0p8v25c
                                                          0.311040  
U233                      XNR2D1BWP20P90  N16ADFP_StdCelltt0p8v25c
                                                          0.518400  
U234                      OAI22D1BWP20P90 N16ADFP_StdCelltt0p8v25c
                                                          0.311040  
U235                      XNR2D1BWP20P90  N16ADFP_StdCelltt0p8v25c
                                                          0.518400  
U236                      OAI22D1BWP20P90 N16ADFP_StdCelltt0p8v25c
                                                          0.311040  
U237                      XNR2D1BWP20P90  N16ADFP_StdCelltt0p8v25c
                                                          0.518400  
U238                      OAI22D1BWP20P90 N16ADFP_StdCelltt0p8v25c
                                                          0.311040  
U239                      XNR2D1BWP20P90  N16ADFP_StdCelltt0p8v25c
                                                          0.518400  
U240                      OAI22D1BWP20P90 N16ADFP_StdCelltt0p8v25c
                                                          0.311040  
U241                      FA1D1BWP20P90   N16ADFP_StdCelltt0p8v25c
                                                          1.036800  r
U242                      FA1D1BWP20P90   N16ADFP_StdCelltt0p8v25c
                                                          1.036800  r
U243                      NR2D1BWP20P90   N16ADFP_StdCelltt0p8v25c
                                                          0.207360  
U244                      NR2D1BWP20P90   N16ADFP_StdCelltt0p8v25c
                                                          0.207360  
U245                      FA1D1BWP20P90   N16ADFP_StdCelltt0p8v25c
                                                          1.036800  r
U246                      FA1D1BWP20P90   N16ADFP_StdCelltt0p8v25c
                                                          1.036800  r
U247                      FA1D1BWP20P90   N16ADFP_StdCelltt0p8v25c
                                                          1.036800  r
U248                      XNR2D1BWP20P90  N16ADFP_StdCelltt0p8v25c
                                                          0.518400  
U249                      OAI22D1BWP20P90 N16ADFP_StdCelltt0p8v25c
                                                          0.311040  
U250                      XNR2D1BWP20P90  N16ADFP_StdCelltt0p8v25c
                                                          0.518400  
U251                      OAI22D1BWP20P90 N16ADFP_StdCelltt0p8v25c
                                                          0.311040  
U252                      XNR2D1BWP20P90  N16ADFP_StdCelltt0p8v25c
                                                          0.518400  
U253                      OAI22D1BWP20P90 N16ADFP_StdCelltt0p8v25c
                                                          0.311040  
U254                      XNR2D1BWP20P90  N16ADFP_StdCelltt0p8v25c
                                                          0.518400  
U255                      OAI22D1BWP20P90 N16ADFP_StdCelltt0p8v25c
                                                          0.311040  
U256                      INVD1BWP20P90   N16ADFP_StdCelltt0p8v25c
                                                          0.155520  
U257                      IND2D1BWP20P90  N16ADFP_StdCelltt0p8v25c
                                                          0.259200  
U258                      OAI22D1BWP20P90 N16ADFP_StdCelltt0p8v25c
                                                          0.311040  
U259                      XNR2D1BWP20P90  N16ADFP_StdCelltt0p8v25c
                                                          0.518400  
U260                      OAI22D1BWP20P90 N16ADFP_StdCelltt0p8v25c
                                                          0.311040  
U261                      FA1D1BWP20P90   N16ADFP_StdCelltt0p8v25c
                                                          1.036800  r
U262                      FA1D1BWP20P90   N16ADFP_StdCelltt0p8v25c
                                                          1.036800  r
U263                      NR2D1BWP20P90   N16ADFP_StdCelltt0p8v25c
                                                          0.207360  
U264                      FA1D1BWP20P90   N16ADFP_StdCelltt0p8v25c
                                                          1.036800  r
U265                      FA1D1BWP20P90   N16ADFP_StdCelltt0p8v25c
                                                          1.036800  r
U266                      FA1D1BWP20P90   N16ADFP_StdCelltt0p8v25c
                                                          1.036800  r
U267                      FA1D1BWP20P90   N16ADFP_StdCelltt0p8v25c
                                                          1.036800  r
U268                      XNR2D1BWP20P90  N16ADFP_StdCelltt0p8v25c
                                                          0.518400  
U269                      OAI22D1BWP20P90 N16ADFP_StdCelltt0p8v25c
                                                          0.311040  
U270                      XNR2D1BWP20P90  N16ADFP_StdCelltt0p8v25c
                                                          0.518400  
U271                      OAI22D1BWP20P90 N16ADFP_StdCelltt0p8v25c
                                                          0.311040  
U272                      FA1D1BWP20P90   N16ADFP_StdCelltt0p8v25c
                                                          1.036800  r
U273                      NR2D1BWP20P90   N16ADFP_StdCelltt0p8v25c
                                                          0.207360  
U274                      NR2D1BWP20P90   N16ADFP_StdCelltt0p8v25c
                                                          0.207360  
U275                      FA1D1BWP20P90   N16ADFP_StdCelltt0p8v25c
                                                          1.036800  r
U276                      XNR2D1BWP20P90  N16ADFP_StdCelltt0p8v25c
                                                          0.518400  
U277                      XNR2D1BWP20P90  N16ADFP_StdCelltt0p8v25c
                                                          0.518400  
U278                      OAI22D1BWP20P90 N16ADFP_StdCelltt0p8v25c
                                                          0.311040  
U279                      XNR2D1BWP20P90  N16ADFP_StdCelltt0p8v25c
                                                          0.518400  
U280                      XNR2D1BWP20P90  N16ADFP_StdCelltt0p8v25c
                                                          0.518400  
U281                      OAI22D1BWP20P90 N16ADFP_StdCelltt0p8v25c
                                                          0.311040  
U282                      XNR2D1BWP20P90  N16ADFP_StdCelltt0p8v25c
                                                          0.518400  
U283                      XNR2D1BWP20P90  N16ADFP_StdCelltt0p8v25c
                                                          0.518400  
U284                      OAI22D1BWP20P90 N16ADFP_StdCelltt0p8v25c
                                                          0.311040  
U285                      INVD1BWP20P90   N16ADFP_StdCelltt0p8v25c
                                                          0.155520  
U286                      IND2D1BWP20P90  N16ADFP_StdCelltt0p8v25c
                                                          0.259200  
U287                      OAI22D1BWP20P90 N16ADFP_StdCelltt0p8v25c
                                                          0.311040  
U288                      XNR2D1BWP20P90  N16ADFP_StdCelltt0p8v25c
                                                          0.518400  
U289                      XNR2D1BWP20P90  N16ADFP_StdCelltt0p8v25c
                                                          0.518400  
U290                      OAI22D1BWP20P90 N16ADFP_StdCelltt0p8v25c
                                                          0.311040  
U291                      INR2D1BWP20P90  N16ADFP_StdCelltt0p8v25c
                                                          0.259200  
U292                      OAI22D1BWP20P90 N16ADFP_StdCelltt0p8v25c
                                                          0.311040  
U293                      XNR2D1BWP20P90  N16ADFP_StdCelltt0p8v25c
                                                          0.518400  
U294                      OAI22D1BWP20P90 N16ADFP_StdCelltt0p8v25c
                                                          0.311040  
U295                      FA1D1BWP20P90   N16ADFP_StdCelltt0p8v25c
                                                          1.036800  r
U296                      OAI22D1BWP20P90 N16ADFP_StdCelltt0p8v25c
                                                          0.311040  
U297                      OAI22D1BWP20P90 N16ADFP_StdCelltt0p8v25c
                                                          0.311040  
U298                      OAI22D1BWP20P90 N16ADFP_StdCelltt0p8v25c
                                                          0.311040  
U299                      FA1D1BWP20P90   N16ADFP_StdCelltt0p8v25c
                                                          1.036800  r
U300                      FA1D1BWP20P90   N16ADFP_StdCelltt0p8v25c
                                                          1.036800  r
U301                      XNR2D1BWP20P90  N16ADFP_StdCelltt0p8v25c
                                                          0.518400  
U302                      OAI22D1BWP20P90 N16ADFP_StdCelltt0p8v25c
                                                          0.311040  
U303                      INR2D1BWP20P90  N16ADFP_StdCelltt0p8v25c
                                                          0.259200  
U304                      XNR2D1BWP20P90  N16ADFP_StdCelltt0p8v25c
                                                          0.518400  
U305                      OAI22D1BWP20P90 N16ADFP_StdCelltt0p8v25c
                                                          0.311040  
U306                      XNR2D1BWP20P90  N16ADFP_StdCelltt0p8v25c
                                                          0.518400  
U307                      OAI22D1BWP20P90 N16ADFP_StdCelltt0p8v25c
                                                          0.311040  
U308                      FA1D1BWP20P90   N16ADFP_StdCelltt0p8v25c
                                                          1.036800  r
U309                      NR2D1BWP20P90   N16ADFP_StdCelltt0p8v25c
                                                          0.207360  
U310                      FA1D1BWP20P90   N16ADFP_StdCelltt0p8v25c
                                                          1.036800  r
U311                      FA1D1BWP20P90   N16ADFP_StdCelltt0p8v25c
                                                          1.036800  r
U312                      XNR2D1BWP20P90  N16ADFP_StdCelltt0p8v25c
                                                          0.518400  
U313                      OAI22D1BWP20P90 N16ADFP_StdCelltt0p8v25c
                                                          0.311040  
U314                      XNR2D1BWP20P90  N16ADFP_StdCelltt0p8v25c
                                                          0.518400  
U315                      OAI22D1BWP20P90 N16ADFP_StdCelltt0p8v25c
                                                          0.311040  
U316                      XNR2D1BWP20P90  N16ADFP_StdCelltt0p8v25c
                                                          0.518400  
U317                      OAI22D1BWP20P90 N16ADFP_StdCelltt0p8v25c
                                                          0.311040  
U318                      XNR2D1BWP20P90  N16ADFP_StdCelltt0p8v25c
                                                          0.518400  
U319                      OAI21D1BWP20P90 N16ADFP_StdCelltt0p8v25c
                                                          0.259200  
U320                      IOA21D1BWP20P90 N16ADFP_StdCelltt0p8v25c
                                                          0.311040  
U321                      FA1D1BWP20P90   N16ADFP_StdCelltt0p8v25c
                                                          1.036800  r
U322                      NR2D1BWP20P90   N16ADFP_StdCelltt0p8v25c
                                                          0.207360  
U323                      NR2D1BWP20P90   N16ADFP_StdCelltt0p8v25c
                                                          0.207360  
U324                      XNR2D1BWP20P90  N16ADFP_StdCelltt0p8v25c
                                                          0.518400  
U325                      OAI22D1BWP20P90 N16ADFP_StdCelltt0p8v25c
                                                          0.311040  
U326                      INVD1BWP20P90   N16ADFP_StdCelltt0p8v25c
                                                          0.155520  
U327                      IND2D1BWP20P90  N16ADFP_StdCelltt0p8v25c
                                                          0.259200  
U328                      OAI22D1BWP20P90 N16ADFP_StdCelltt0p8v25c
                                                          0.311040  
U329                      XNR2D1BWP20P90  N16ADFP_StdCelltt0p8v25c
                                                          0.518400  
U330                      OAI22D1BWP20P90 N16ADFP_StdCelltt0p8v25c
                                                          0.311040  
U331                      FA1D1BWP20P90   N16ADFP_StdCelltt0p8v25c
                                                          1.036800  r
U332                      XOR2D1BWP20P90  N16ADFP_StdCelltt0p8v25c
                                                          0.518400  
U333                      XOR2D1BWP20P90  N16ADFP_StdCelltt0p8v25c
                                                          0.518400  
U334                      INR2D1BWP20P90  N16ADFP_StdCelltt0p8v25c
                                                          0.259200  
U335                      XNR2D1BWP20P90  N16ADFP_StdCelltt0p8v25c
                                                          0.518400  
U336                      OAI22D1BWP20P90 N16ADFP_StdCelltt0p8v25c
                                                          0.311040  
U337                      XNR2D1BWP20P90  N16ADFP_StdCelltt0p8v25c
                                                          0.518400  
U338                      OAI22D1BWP20P90 N16ADFP_StdCelltt0p8v25c
                                                          0.311040  
U339                      FA1D1BWP20P90   N16ADFP_StdCelltt0p8v25c
                                                          1.036800  r
U340                      OR2D1BWP20P90   N16ADFP_StdCelltt0p8v25c
                                                          0.259200  
U341                      FA1D1BWP20P90   N16ADFP_StdCelltt0p8v25c
                                                          1.036800  r
U342                      XNR2D1BWP20P90  N16ADFP_StdCelltt0p8v25c
                                                          0.518400  
U343                      OAI22D1BWP20P90 N16ADFP_StdCelltt0p8v25c
                                                          0.311040  
U344                      XNR2D1BWP20P90  N16ADFP_StdCelltt0p8v25c
                                                          0.518400  
U345                      XNR2D1BWP20P90  N16ADFP_StdCelltt0p8v25c
                                                          0.518400  
U346                      OAI22D1BWP20P90 N16ADFP_StdCelltt0p8v25c
                                                          0.311040  
U347                      OAI22D1BWP20P90 N16ADFP_StdCelltt0p8v25c
                                                          0.311040  
U348                      XOR2D1BWP20P90  N16ADFP_StdCelltt0p8v25c
                                                          0.518400  
U349                      XOR2D1BWP20P90  N16ADFP_StdCelltt0p8v25c
                                                          0.518400  
U350                      XNR2D1BWP20P90  N16ADFP_StdCelltt0p8v25c
                                                          0.518400  
U351                      OAI22D1BWP20P90 N16ADFP_StdCelltt0p8v25c
                                                          0.311040  
U352                      INVD1BWP20P90   N16ADFP_StdCelltt0p8v25c
                                                          0.155520  
U353                      IND2D1BWP20P90  N16ADFP_StdCelltt0p8v25c
                                                          0.259200  
U354                      OAI22D1BWP20P90 N16ADFP_StdCelltt0p8v25c
                                                          0.311040  
U355                      OR2D1BWP20P90   N16ADFP_StdCelltt0p8v25c
                                                          0.259200  
U356                      FA1D1BWP20P90   N16ADFP_StdCelltt0p8v25c
                                                          1.036800  r
U357                      INR2D1BWP20P90  N16ADFP_StdCelltt0p8v25c
                                                          0.259200  
U358                      XNR2D1BWP20P90  N16ADFP_StdCelltt0p8v25c
                                                          0.518400  
U359                      OAI22D1BWP20P90 N16ADFP_StdCelltt0p8v25c
                                                          0.311040  
U360                      XNR2D1BWP20P90  N16ADFP_StdCelltt0p8v25c
                                                          0.518400  
U361                      OAI22D1BWP20P90 N16ADFP_StdCelltt0p8v25c
                                                          0.311040  
U362                      NR2D1BWP20P90   N16ADFP_StdCelltt0p8v25c
                                                          0.207360  
U363                      FA1D1BWP20P90   N16ADFP_StdCelltt0p8v25c
                                                          1.036800  r
U364                      INVD1BWP20P90   N16ADFP_StdCelltt0p8v25c
                                                          0.155520  
U365                      IND2D1BWP20P90  N16ADFP_StdCelltt0p8v25c
                                                          0.259200  
U366                      OAI22D1BWP20P90 N16ADFP_StdCelltt0p8v25c
                                                          0.311040  
U367                      XNR2D1BWP20P90  N16ADFP_StdCelltt0p8v25c
                                                          0.518400  
U368                      OAI22D1BWP20P90 N16ADFP_StdCelltt0p8v25c
                                                          0.311040  
U369                      XNR2D1BWP20P90  N16ADFP_StdCelltt0p8v25c
                                                          0.518400  
U370                      OAI22D1BWP20P90 N16ADFP_StdCelltt0p8v25c
                                                          0.311040  
U371                      NR2D1BWP20P90   N16ADFP_StdCelltt0p8v25c
                                                          0.207360  
U372                      XNR2D1BWP20P90  N16ADFP_StdCelltt0p8v25c
                                                          0.518400  
U373                      OAI22D1BWP20P90 N16ADFP_StdCelltt0p8v25c
                                                          0.311040  
U374                      INR2D1BWP20P90  N16ADFP_StdCelltt0p8v25c
                                                          0.259200  
U375                      OR2D1BWP20P90   N16ADFP_StdCelltt0p8v25c
                                                          0.259200  
U376                      OAI22D1BWP20P90 N16ADFP_StdCelltt0p8v25c
                                                          0.311040  
U377                      IND2D1BWP20P90  N16ADFP_StdCelltt0p8v25c
                                                          0.259200  
U378                      ND2D1BWP20P90   N16ADFP_StdCelltt0p8v25c
                                                          0.207360  
U379                      ND2D1BWP20P90   N16ADFP_StdCelltt0p8v25c
                                                          0.207360  
U380                      INVD1BWP20P90   N16ADFP_StdCelltt0p8v25c
                                                          0.155520  
U381                      ND2D1BWP20P90   N16ADFP_StdCelltt0p8v25c
                                                          0.207360  
U382                      INVD1BWP20P90   N16ADFP_StdCelltt0p8v25c
                                                          0.155520  
U383                      AOI21D1BWP20P90 N16ADFP_StdCelltt0p8v25c
                                                          0.259200  
U384                      ND2D1BWP20P90   N16ADFP_StdCelltt0p8v25c
                                                          0.207360  
U385                      OAI21D1BWP20P90 N16ADFP_StdCelltt0p8v25c
                                                          0.259200  
U386                      ND2D1BWP20P90   N16ADFP_StdCelltt0p8v25c
                                                          0.207360  
U387                      INVD1BWP20P90   N16ADFP_StdCelltt0p8v25c
                                                          0.155520  
U388                      AOI21D1BWP20P90 N16ADFP_StdCelltt0p8v25c
                                                          0.259200  
U389                      ND2D1BWP20P90   N16ADFP_StdCelltt0p8v25c
                                                          0.207360  
U390                      OAI21D1BWP20P90 N16ADFP_StdCelltt0p8v25c
                                                          0.259200  
U391                      ND2D1BWP20P90   N16ADFP_StdCelltt0p8v25c
                                                          0.207360  
U392                      INVD1BWP20P90   N16ADFP_StdCelltt0p8v25c
                                                          0.155520  
U393                      AOI21D1BWP20P90 N16ADFP_StdCelltt0p8v25c
                                                          0.259200  
U394                      FA1D1BWP20P90   N16ADFP_StdCelltt0p8v25c
                                                          1.036800  r
U395                      OR2D1BWP20P90   N16ADFP_StdCelltt0p8v25c
                                                          0.259200  
U396                      AN2D1BWP20P90   N16ADFP_StdCelltt0p8v25c
                                                          0.259200  
U397                      AO21D1BWP20P90  N16ADFP_StdCelltt0p8v25c
                                                          0.311040  
U398                      NR2D1BWP20P90   N16ADFP_StdCelltt0p8v25c
                                                          0.207360  
U399                      ND2D1BWP20P90   N16ADFP_StdCelltt0p8v25c
                                                          0.207360  
U400                      OAI21D1BWP20P90 N16ADFP_StdCelltt0p8v25c
                                                          0.259200  
U401                      ND2D1BWP20P90   N16ADFP_StdCelltt0p8v25c
                                                          0.207360  
U402                      INVD1BWP20P90   N16ADFP_StdCelltt0p8v25c
                                                          0.155520  
U403                      AOI21D1BWP20P90 N16ADFP_StdCelltt0p8v25c
                                                          0.259200  
U404                      FA1D1BWP20P90   N16ADFP_StdCelltt0p8v25c
                                                          1.036800  r
U405                      FA1D1BWP20P90   N16ADFP_StdCelltt0p8v25c
                                                          1.036800  r
U406                      NR2D1BWP20P90   N16ADFP_StdCelltt0p8v25c
                                                          0.207360  
U407                      ND2D1BWP20P90   N16ADFP_StdCelltt0p8v25c
                                                          0.207360  
U408                      OAI21D1BWP20P90 N16ADFP_StdCelltt0p8v25c
                                                          0.259200  
U409                      ND2D1BWP20P90   N16ADFP_StdCelltt0p8v25c
                                                          0.207360  
U410                      ND2D1BWP20P90   N16ADFP_StdCelltt0p8v25c
                                                          0.207360  
U411                      OAI21D1BWP20P90 N16ADFP_StdCelltt0p8v25c
                                                          0.259200  
U412                      AOI21D1BWP20P90 N16ADFP_StdCelltt0p8v25c
                                                          0.259200  
U413                      FA1D1BWP20P90   N16ADFP_StdCelltt0p8v25c
                                                          1.036800  r
U414                      FA1D1BWP20P90   N16ADFP_StdCelltt0p8v25c
                                                          1.036800  r
U415                      FA1D1BWP20P90   N16ADFP_StdCelltt0p8v25c
                                                          1.036800  r
U416                      FA1D1BWP20P90   N16ADFP_StdCelltt0p8v25c
                                                          1.036800  r
U417                      FA1D1BWP20P90   N16ADFP_StdCelltt0p8v25c
                                                          1.036800  r
U418                      OR2D1BWP20P90   N16ADFP_StdCelltt0p8v25c
                                                          0.259200  
U419                      ND2D1BWP20P90   N16ADFP_StdCelltt0p8v25c
                                                          0.207360  
U420                      ND2D1BWP20P90   N16ADFP_StdCelltt0p8v25c
                                                          0.207360  
U421                      INVD1BWP20P90   N16ADFP_StdCelltt0p8v25c
                                                          0.155520  
U422                      ND2D1BWP20P90   N16ADFP_StdCelltt0p8v25c
                                                          0.207360  
U423                      INVD1BWP20P90   N16ADFP_StdCelltt0p8v25c
                                                          0.155520  
U424                      AOI21D1BWP20P90 N16ADFP_StdCelltt0p8v25c
                                                          0.259200  
U425                      OAI21D1BWP20P90 N16ADFP_StdCelltt0p8v25c
                                                          0.259200  
U426                      ND2D1BWP20P90   N16ADFP_StdCelltt0p8v25c
                                                          0.207360  
U427                      ND2D1BWP20P90   N16ADFP_StdCelltt0p8v25c
                                                          0.207360  
U428                      OAI21D1BWP20P90 N16ADFP_StdCelltt0p8v25c
                                                          0.259200  
U429                      INR2D1BWP20P90  N16ADFP_StdCelltt0p8v25c
                                                          0.259200  
U430                      INVD1BWP20P90   N16ADFP_StdCelltt0p8v25c
                                                          0.155520  
U431                      NR2D1BWP20P90   N16ADFP_StdCelltt0p8v25c
                                                          0.207360  
U432                      OAI22D1BWP20P90 N16ADFP_StdCelltt0p8v25c
                                                          0.311040  
U433                      XNR2D1BWP20P90  N16ADFP_StdCelltt0p8v25c
                                                          0.518400  
U434                      OAI22D1BWP20P90 N16ADFP_StdCelltt0p8v25c
                                                          0.311040  
U435                      XNR2D1BWP20P90  N16ADFP_StdCelltt0p8v25c
                                                          0.518400  
U436                      OAI22D1BWP20P90 N16ADFP_StdCelltt0p8v25c
                                                          0.311040  
U437                      XNR2D1BWP20P90  N16ADFP_StdCelltt0p8v25c
                                                          0.518400  
U438                      OAI22D1BWP20P90 N16ADFP_StdCelltt0p8v25c
                                                          0.311040  
U439                      XNR2D1BWP20P90  N16ADFP_StdCelltt0p8v25c
                                                          0.518400  
U440                      OAI22D1BWP20P90 N16ADFP_StdCelltt0p8v25c
                                                          0.311040  
U441                      XNR2D1BWP20P90  N16ADFP_StdCelltt0p8v25c
                                                          0.518400  
U442                      OAI22D1BWP20P90 N16ADFP_StdCelltt0p8v25c
                                                          0.311040  
U443                      XNR2D1BWP20P90  N16ADFP_StdCelltt0p8v25c
                                                          0.518400  
U444                      OAI22D1BWP20P90 N16ADFP_StdCelltt0p8v25c
                                                          0.311040  
U445                      FA1D1BWP20P90   N16ADFP_StdCelltt0p8v25c
                                                          1.036800  r
U446                      FA1D1BWP20P90   N16ADFP_StdCelltt0p8v25c
                                                          1.036800  r
U447                      FA1D1BWP20P90   N16ADFP_StdCelltt0p8v25c
                                                          1.036800  r
U448                      FA1D1BWP20P90   N16ADFP_StdCelltt0p8v25c
                                                          1.036800  r
U449                      FA1D1BWP20P90   N16ADFP_StdCelltt0p8v25c
                                                          1.036800  r
U450                      FA1D1BWP20P90   N16ADFP_StdCelltt0p8v25c
                                                          1.036800  r
U451                      FA1D1BWP20P90   N16ADFP_StdCelltt0p8v25c
                                                          1.036800  r
U452                      NR2D1BWP20P90   N16ADFP_StdCelltt0p8v25c
                                                          0.207360  
U453                      INVD1BWP20P90   N16ADFP_StdCelltt0p8v25c
                                                          0.155520  
U454                      NR2D1BWP20P90   N16ADFP_StdCelltt0p8v25c
                                                          0.207360  
U455                      XNR2D1BWP20P90  N16ADFP_StdCelltt0p8v25c
                                                          0.518400  
U456                      OAI22D1BWP20P90 N16ADFP_StdCelltt0p8v25c
                                                          0.311040  
U457                      XNR2D1BWP20P90  N16ADFP_StdCelltt0p8v25c
                                                          0.518400  
U458                      OAI22D1BWP20P90 N16ADFP_StdCelltt0p8v25c
                                                          0.311040  
U459                      XNR2D1BWP20P90  N16ADFP_StdCelltt0p8v25c
                                                          0.518400  
U460                      OAI22D1BWP20P90 N16ADFP_StdCelltt0p8v25c
                                                          0.311040  
U461                      XNR2D1BWP20P90  N16ADFP_StdCelltt0p8v25c
                                                          0.518400  
U462                      OAI22D1BWP20P90 N16ADFP_StdCelltt0p8v25c
                                                          0.311040  
U463                      XNR2D1BWP20P90  N16ADFP_StdCelltt0p8v25c
                                                          0.518400  
U464                      OAI22D1BWP20P90 N16ADFP_StdCelltt0p8v25c
                                                          0.311040  
U465                      XNR2D1BWP20P90  N16ADFP_StdCelltt0p8v25c
                                                          0.518400  
U466                      OAI22D1BWP20P90 N16ADFP_StdCelltt0p8v25c
                                                          0.311040  
U467                      AO21D1BWP20P90  N16ADFP_StdCelltt0p8v25c
                                                          0.311040  
U468                      FA1D1BWP20P90   N16ADFP_StdCelltt0p8v25c
                                                          1.036800  r
U469                      FA1D1BWP20P90   N16ADFP_StdCelltt0p8v25c
                                                          1.036800  r
U470                      FA1D1BWP20P90   N16ADFP_StdCelltt0p8v25c
                                                          1.036800  r
U471                      FA1D1BWP20P90   N16ADFP_StdCelltt0p8v25c
                                                          1.036800  r
U472                      FA1D1BWP20P90   N16ADFP_StdCelltt0p8v25c
                                                          1.036800  r
U473                      FA1D1BWP20P90   N16ADFP_StdCelltt0p8v25c
                                                          1.036800  r
U474                      FA1D1BWP20P90   N16ADFP_StdCelltt0p8v25c
                                                          1.036800  r
U475                      NR2D1BWP20P90   N16ADFP_StdCelltt0p8v25c
                                                          0.207360  
U476                      ND2D1BWP20P90   N16ADFP_StdCelltt0p8v25c
                                                          0.207360  
U477                      ND2D1BWP20P90   N16ADFP_StdCelltt0p8v25c
                                                          0.207360  
U478                      OAI21D1BWP20P90 N16ADFP_StdCelltt0p8v25c
                                                          0.259200  
U479                      ND2D1BWP20P90   N16ADFP_StdCelltt0p8v25c
                                                          0.207360  
U480                      ND2D1BWP20P90   N16ADFP_StdCelltt0p8v25c
                                                          0.207360  
U481                      OAI21D1BWP20P90 N16ADFP_StdCelltt0p8v25c
                                                          0.259200  
U482                      AOI21D1BWP20P90 N16ADFP_StdCelltt0p8v25c
                                                          0.259200  
U483                      IOA21D1BWP20P90 N16ADFP_StdCelltt0p8v25c
                                                          0.311040  
U484                      FA1D1BWP20P90   N16ADFP_StdCelltt0p8v25c
                                                          1.036800  r
U485                      INVD1BWP20P90   N16ADFP_StdCelltt0p8v25c
                                                          0.155520  
U486                      NR2D1BWP20P90   N16ADFP_StdCelltt0p8v25c
                                                          0.207360  
U487                      INVD1BWP20P90   N16ADFP_StdCelltt0p8v25c
                                                          0.155520  
U488                      OAI22D1BWP20P90 N16ADFP_StdCelltt0p8v25c
                                                          0.311040  
U489                      XNR2D1BWP20P90  N16ADFP_StdCelltt0p8v25c
                                                          0.518400  
U490                      OAI22D1BWP20P90 N16ADFP_StdCelltt0p8v25c
                                                          0.311040  
U491                      XNR2D1BWP20P90  N16ADFP_StdCelltt0p8v25c
                                                          0.518400  
U492                      OAI22D1BWP20P90 N16ADFP_StdCelltt0p8v25c
                                                          0.311040  
U493                      XNR2D1BWP20P90  N16ADFP_StdCelltt0p8v25c
                                                          0.518400  
U494                      OAI22D1BWP20P90 N16ADFP_StdCelltt0p8v25c
                                                          0.311040  
U495                      XNR2D1BWP20P90  N16ADFP_StdCelltt0p8v25c
                                                          0.518400  
U496                      OAI22D1BWP20P90 N16ADFP_StdCelltt0p8v25c
                                                          0.311040  
U497                      FA1D1BWP20P90   N16ADFP_StdCelltt0p8v25c
                                                          1.036800  r
U498                      FA1D1BWP20P90   N16ADFP_StdCelltt0p8v25c
                                                          1.036800  r
U499                      XNR2D1BWP20P90  N16ADFP_StdCelltt0p8v25c
                                                          0.518400  
U500                      OAI22D1BWP20P90 N16ADFP_StdCelltt0p8v25c
                                                          0.311040  
U501                      FA1D1BWP20P90   N16ADFP_StdCelltt0p8v25c
                                                          1.036800  r
U502                      FA1D1BWP20P90   N16ADFP_StdCelltt0p8v25c
                                                          1.036800  r
U503                      FA1D1BWP20P90   N16ADFP_StdCelltt0p8v25c
                                                          1.036800  r
U504                      FA1D1BWP20P90   N16ADFP_StdCelltt0p8v25c
                                                          1.036800  r
U505                      NR2D1BWP20P90   N16ADFP_StdCelltt0p8v25c
                                                          0.207360  
U506                      FA1D1BWP20P90   N16ADFP_StdCelltt0p8v25c
                                                          1.036800  r
U507                      INVD1BWP20P90   N16ADFP_StdCelltt0p8v25c
                                                          0.155520  
U508                      NR2D1BWP20P90   N16ADFP_StdCelltt0p8v25c
                                                          0.207360  
U509                      XNR2D1BWP20P90  N16ADFP_StdCelltt0p8v25c
                                                          0.518400  
U510                      OAI22D1BWP20P90 N16ADFP_StdCelltt0p8v25c
                                                          0.311040  
U511                      XNR2D1BWP20P90  N16ADFP_StdCelltt0p8v25c
                                                          0.518400  
U512                      OAI22D1BWP20P90 N16ADFP_StdCelltt0p8v25c
                                                          0.311040  
U513                      XNR2D1BWP20P90  N16ADFP_StdCelltt0p8v25c
                                                          0.518400  
U514                      OAI22D1BWP20P90 N16ADFP_StdCelltt0p8v25c
                                                          0.311040  
U515                      XNR2D1BWP20P90  N16ADFP_StdCelltt0p8v25c
                                                          0.518400  
U516                      OAI22D1BWP20P90 N16ADFP_StdCelltt0p8v25c
                                                          0.311040  
U517                      FA1D1BWP20P90   N16ADFP_StdCelltt0p8v25c
                                                          1.036800  r
U518                      FA1D1BWP20P90   N16ADFP_StdCelltt0p8v25c
                                                          1.036800  r
U519                      XNR2D1BWP20P90  N16ADFP_StdCelltt0p8v25c
                                                          0.518400  
U520                      OAI22D1BWP20P90 N16ADFP_StdCelltt0p8v25c
                                                          0.311040  
U521                      AO21D1BWP20P90  N16ADFP_StdCelltt0p8v25c
                                                          0.311040  
U522                      FA1D1BWP20P90   N16ADFP_StdCelltt0p8v25c
                                                          1.036800  r
U523                      FA1D1BWP20P90   N16ADFP_StdCelltt0p8v25c
                                                          1.036800  r
U524                      FA1D1BWP20P90   N16ADFP_StdCelltt0p8v25c
                                                          1.036800  r
U525                      NR2D1BWP20P90   N16ADFP_StdCelltt0p8v25c
                                                          0.207360  
U526                      NR2D1BWP20P90   N16ADFP_StdCelltt0p8v25c
                                                          0.207360  
U527                      INVD1BWP20P90   N16ADFP_StdCelltt0p8v25c
                                                          0.155520  
U528                      ND2D1BWP20P90   N16ADFP_StdCelltt0p8v25c
                                                          0.207360  
U529                      ND2D1BWP20P90   N16ADFP_StdCelltt0p8v25c
                                                          0.207360  
U530                      OAI21D1BWP20P90 N16ADFP_StdCelltt0p8v25c
                                                          0.259200  
U531                      INVD1BWP20P90   N16ADFP_StdCelltt0p8v25c
                                                          0.155520  
U532                      OAI21D1BWP20P90 N16ADFP_StdCelltt0p8v25c
                                                          0.259200  
U533                      FA1D1BWP20P90   N16ADFP_StdCelltt0p8v25c
                                                          1.036800  r
U534                      FA1D1BWP20P90   N16ADFP_StdCelltt0p8v25c
                                                          1.036800  r
U535                      INVD1BWP20P90   N16ADFP_StdCelltt0p8v25c
                                                          0.155520  
U536                      NR2D1BWP20P90   N16ADFP_StdCelltt0p8v25c
                                                          0.207360  
U537                      INVD1BWP20P90   N16ADFP_StdCelltt0p8v25c
                                                          0.155520  
U538                      OAI22D1BWP20P90 N16ADFP_StdCelltt0p8v25c
                                                          0.311040  
U539                      XNR2D1BWP20P90  N16ADFP_StdCelltt0p8v25c
                                                          0.518400  
U540                      OAI22D1BWP20P90 N16ADFP_StdCelltt0p8v25c
                                                          0.311040  
U541                      FA1D1BWP20P90   N16ADFP_StdCelltt0p8v25c
                                                          1.036800  r
U542                      XNR2D1BWP20P90  N16ADFP_StdCelltt0p8v25c
                                                          0.518400  
U543                      OAI22D1BWP20P90 N16ADFP_StdCelltt0p8v25c
                                                          0.311040  
U544                      XNR2D1BWP20P90  N16ADFP_StdCelltt0p8v25c
                                                          0.518400  
U545                      OAI22D1BWP20P90 N16ADFP_StdCelltt0p8v25c
                                                          0.311040  
U546                      XNR2D1BWP20P90  N16ADFP_StdCelltt0p8v25c
                                                          0.518400  
U547                      OAI22D1BWP20P90 N16ADFP_StdCelltt0p8v25c
                                                          0.311040  
U548                      FA1D1BWP20P90   N16ADFP_StdCelltt0p8v25c
                                                          1.036800  r
U549                      FA1D1BWP20P90   N16ADFP_StdCelltt0p8v25c
                                                          1.036800  r
U550                      FA1D1BWP20P90   N16ADFP_StdCelltt0p8v25c
                                                          1.036800  r
U551                      NR2D1BWP20P90   N16ADFP_StdCelltt0p8v25c
                                                          0.207360  
U552                      INVD1BWP20P90   N16ADFP_StdCelltt0p8v25c
                                                          0.155520  
U553                      ND2D1BWP20P90   N16ADFP_StdCelltt0p8v25c
                                                          0.207360  
U554                      INVD1BWP20P90   N16ADFP_StdCelltt0p8v25c
                                                          0.155520  
U555                      AOI21D1BWP20P90 N16ADFP_StdCelltt0p8v25c
                                                          0.259200  
U556                      AO21D1BWP20P90  N16ADFP_StdCelltt0p8v25c
                                                          0.311040  
U557                      FA1D1BWP20P90   N16ADFP_StdCelltt0p8v25c
                                                          1.036800  r
U558                      FA1D1BWP20P90   N16ADFP_StdCelltt0p8v25c
                                                          1.036800  r
U559                      FA1D1BWP20P90   N16ADFP_StdCelltt0p8v25c
                                                          1.036800  r
U560                      INVD1BWP20P90   N16ADFP_StdCelltt0p8v25c
                                                          0.155520  
U561                      NR2D1BWP20P90   N16ADFP_StdCelltt0p8v25c
                                                          0.207360  
U562                      XNR2D1BWP20P90  N16ADFP_StdCelltt0p8v25c
                                                          0.518400  
U563                      OAI22D1BWP20P90 N16ADFP_StdCelltt0p8v25c
                                                          0.311040  
U564                      XNR2D1BWP20P90  N16ADFP_StdCelltt0p8v25c
                                                          0.518400  
U565                      OAI22D1BWP20P90 N16ADFP_StdCelltt0p8v25c
                                                          0.311040  
U566                      XNR2D1BWP20P90  N16ADFP_StdCelltt0p8v25c
                                                          0.518400  
U567                      OAI22D1BWP20P90 N16ADFP_StdCelltt0p8v25c
                                                          0.311040  
U568                      XNR2D1BWP20P90  N16ADFP_StdCelltt0p8v25c
                                                          0.518400  
U569                      OAI22D1BWP20P90 N16ADFP_StdCelltt0p8v25c
                                                          0.311040  
U570                      FA1D1BWP20P90   N16ADFP_StdCelltt0p8v25c
                                                          1.036800  r
U571                      FA1D1BWP20P90   N16ADFP_StdCelltt0p8v25c
                                                          1.036800  r
U572                      NR2D1BWP20P90   N16ADFP_StdCelltt0p8v25c
                                                          0.207360  
U573                      INVD1BWP20P90   N16ADFP_StdCelltt0p8v25c
                                                          0.155520  
U574                      ND2D1BWP20P90   N16ADFP_StdCelltt0p8v25c
                                                          0.207360  
U575                      ND2D1BWP20P90   N16ADFP_StdCelltt0p8v25c
                                                          0.207360  
U576                      XOR2D1BWP20P90  N16ADFP_StdCelltt0p8v25c
                                                          0.518400  
U577                      NR2D1BWP20P90   N16ADFP_StdCelltt0p8v25c
                                                          0.207360  
U578                      ND2D1BWP20P90   N16ADFP_StdCelltt0p8v25c
                                                          0.207360  
U579                      INVD1BWP20P90   N16ADFP_StdCelltt0p8v25c
                                                          0.155520  
U580                      OAI21D1BWP20P90 N16ADFP_StdCelltt0p8v25c
                                                          0.259200  
U581                      AOI21D1BWP20P90 N16ADFP_StdCelltt0p8v25c
                                                          0.259200  
U582                      INVD1BWP20P90   N16ADFP_StdCelltt0p8v25c
                                                          0.155520  
U583                      XNR2D1BWP20P90  N16ADFP_StdCelltt0p8v25c
                                                          0.518400  
U584                      OAI22D1BWP20P90 N16ADFP_StdCelltt0p8v25c
                                                          0.311040  
U585                      XNR2D1BWP20P90  N16ADFP_StdCelltt0p8v25c
                                                          0.518400  
U586                      OAI22D1BWP20P90 N16ADFP_StdCelltt0p8v25c
                                                          0.311040  
U587                      FA1D1BWP20P90   N16ADFP_StdCelltt0p8v25c
                                                          1.036800  r
U588                      FA1D1BWP20P90   N16ADFP_StdCelltt0p8v25c
                                                          1.036800  r
U589                      FA1D1BWP20P90   N16ADFP_StdCelltt0p8v25c
                                                          1.036800  r
U590                      INVD1BWP20P90   N16ADFP_StdCelltt0p8v25c
                                                          0.155520  
U591                      NR2D1BWP20P90   N16ADFP_StdCelltt0p8v25c
                                                          0.207360  
U592                      INVD1BWP20P90   N16ADFP_StdCelltt0p8v25c
                                                          0.155520  
U593                      OAI22D1BWP20P90 N16ADFP_StdCelltt0p8v25c
                                                          0.311040  
U594                      XNR2D1BWP20P90  N16ADFP_StdCelltt0p8v25c
                                                          0.518400  
U595                      OAI22D1BWP20P90 N16ADFP_StdCelltt0p8v25c
                                                          0.311040  
U596                      FA1D1BWP20P90   N16ADFP_StdCelltt0p8v25c
                                                          1.036800  r
U597                      FA1D1BWP20P90   N16ADFP_StdCelltt0p8v25c
                                                          1.036800  r
U598                      OR2D1BWP20P90   N16ADFP_StdCelltt0p8v25c
                                                          0.259200  
U599                      FA1D1BWP20P90   N16ADFP_StdCelltt0p8v25c
                                                          1.036800  r
U600                      FA1D1BWP20P90   N16ADFP_StdCelltt0p8v25c
                                                          1.036800  r
U601                      INVD1BWP20P90   N16ADFP_StdCelltt0p8v25c
                                                          0.155520  
U602                      NR2D1BWP20P90   N16ADFP_StdCelltt0p8v25c
                                                          0.207360  
U603                      XNR2D1BWP20P90  N16ADFP_StdCelltt0p8v25c
                                                          0.518400  
U604                      OAI22D1BWP20P90 N16ADFP_StdCelltt0p8v25c
                                                          0.311040  
U605                      XNR2D1BWP20P90  N16ADFP_StdCelltt0p8v25c
                                                          0.518400  
U606                      OAI22D1BWP20P90 N16ADFP_StdCelltt0p8v25c
                                                          0.311040  
U607                      XNR2D1BWP20P90  N16ADFP_StdCelltt0p8v25c
                                                          0.518400  
U608                      OAI22D1BWP20P90 N16ADFP_StdCelltt0p8v25c
                                                          0.311040  
U609                      AO21D1BWP20P90  N16ADFP_StdCelltt0p8v25c
                                                          0.311040  
U610                      FA1D1BWP20P90   N16ADFP_StdCelltt0p8v25c
                                                          1.036800  r
U611                      FA1D1BWP20P90   N16ADFP_StdCelltt0p8v25c
                                                          1.036800  r
U612                      OR2D1BWP20P90   N16ADFP_StdCelltt0p8v25c
                                                          0.259200  
U613                      ND2D1BWP20P90   N16ADFP_StdCelltt0p8v25c
                                                          0.207360  
U614                      FA1D1BWP20P90   N16ADFP_StdCelltt0p8v25c
                                                          1.036800  r
U615                      INVD1BWP20P90   N16ADFP_StdCelltt0p8v25c
                                                          0.155520  
U616                      NR2D1BWP20P90   N16ADFP_StdCelltt0p8v25c
                                                          0.207360  
U617                      INVD1BWP20P90   N16ADFP_StdCelltt0p8v25c
                                                          0.155520  
U618                      OAI22D1BWP20P90 N16ADFP_StdCelltt0p8v25c
                                                          0.311040  
U619                      XNR2D1BWP20P90  N16ADFP_StdCelltt0p8v25c
                                                          0.518400  
U620                      OAI22D1BWP20P90 N16ADFP_StdCelltt0p8v25c
                                                          0.311040  
U621                      FA1D1BWP20P90   N16ADFP_StdCelltt0p8v25c
                                                          1.036800  r
U622                      XNR2D1BWP20P90  N16ADFP_StdCelltt0p8v25c
                                                          0.518400  
U623                      OAI22D1BWP20P90 N16ADFP_StdCelltt0p8v25c
                                                          0.311040  
U624                      FA1D1BWP20P90   N16ADFP_StdCelltt0p8v25c
                                                          1.036800  r
U625                      FA1D1BWP20P90   N16ADFP_StdCelltt0p8v25c
                                                          1.036800  r
U626                      OR2D1BWP20P90   N16ADFP_StdCelltt0p8v25c
                                                          0.259200  
U627                      INVD1BWP20P90   N16ADFP_StdCelltt0p8v25c
                                                          0.155520  
U628                      NR2D1BWP20P90   N16ADFP_StdCelltt0p8v25c
                                                          0.207360  
U629                      XNR2D1BWP20P90  N16ADFP_StdCelltt0p8v25c
                                                          0.518400  
U630                      OAI22D1BWP20P90 N16ADFP_StdCelltt0p8v25c
                                                          0.311040  
U631                      FA1D1BWP20P90   N16ADFP_StdCelltt0p8v25c
                                                          1.036800  r
U632                      XNR2D1BWP20P90  N16ADFP_StdCelltt0p8v25c
                                                          0.518400  
U633                      OAI22D1BWP20P90 N16ADFP_StdCelltt0p8v25c
                                                          0.311040  
U634                      AO21D1BWP20P90  N16ADFP_StdCelltt0p8v25c
                                                          0.311040  
U635                      FA1D1BWP20P90   N16ADFP_StdCelltt0p8v25c
                                                          1.036800  r
U636                      FA1D1BWP20P90   N16ADFP_StdCelltt0p8v25c
                                                          1.036800  r
U637                      OR2D1BWP20P90   N16ADFP_StdCelltt0p8v25c
                                                          0.259200  
U638                      ND2D1BWP20P90   N16ADFP_StdCelltt0p8v25c
                                                          0.207360  
U639                      NR2D1BWP20P90   N16ADFP_StdCelltt0p8v25c
                                                          0.207360  
U640                      ND2D1BWP20P90   N16ADFP_StdCelltt0p8v25c
                                                          0.207360  
U641                      INVD1BWP20P90   N16ADFP_StdCelltt0p8v25c
                                                          0.155520  
U642                      ND2D1BWP20P90   N16ADFP_StdCelltt0p8v25c
                                                          0.207360  
U643                      INVD1BWP20P90   N16ADFP_StdCelltt0p8v25c
                                                          0.155520  
U644                      AOI21D1BWP20P90 N16ADFP_StdCelltt0p8v25c
                                                          0.259200  
U645                      ND2D1BWP20P90   N16ADFP_StdCelltt0p8v25c
                                                          0.207360  
U646                      INVD1BWP20P90   N16ADFP_StdCelltt0p8v25c
                                                          0.155520  
U647                      ND2D1BWP20P90   N16ADFP_StdCelltt0p8v25c
                                                          0.207360  
U648                      INVD1BWP20P90   N16ADFP_StdCelltt0p8v25c
                                                          0.155520  
U649                      AOI21D1BWP20P90 N16ADFP_StdCelltt0p8v25c
                                                          0.259200  
U650                      OAI21D1BWP20P90 N16ADFP_StdCelltt0p8v25c
                                                          0.259200  
U651                      AOI21D1BWP20P90 N16ADFP_StdCelltt0p8v25c
                                                          0.259200  
U652                      FA1D1BWP20P90   N16ADFP_StdCelltt0p8v25c
                                                          1.036800  r
U653                      INVD1BWP20P90   N16ADFP_StdCelltt0p8v25c
                                                          0.155520  
U654                      NR2D1BWP20P90   N16ADFP_StdCelltt0p8v25c
                                                          0.207360  
U655                      INVD1BWP20P90   N16ADFP_StdCelltt0p8v25c
                                                          0.155520  
U656                      OAI22D1BWP20P90 N16ADFP_StdCelltt0p8v25c
                                                          0.311040  
U657                      XNR2D1BWP20P90  N16ADFP_StdCelltt0p8v25c
                                                          0.518400  
U658                      OAI22D1BWP20P90 N16ADFP_StdCelltt0p8v25c
                                                          0.311040  
U659                      FA1D1BWP20P90   N16ADFP_StdCelltt0p8v25c
                                                          1.036800  r
U660                      FA1D1BWP20P90   N16ADFP_StdCelltt0p8v25c
                                                          1.036800  r
U661                      OR2D1BWP20P90   N16ADFP_StdCelltt0p8v25c
                                                          0.259200  
U662                      ND2D1BWP20P90   N16ADFP_StdCelltt0p8v25c
                                                          0.207360  
U663                      ND2D1BWP20P90   N16ADFP_StdCelltt0p8v25c
                                                          0.207360  
U664                      XOR2D1BWP20P90  N16ADFP_StdCelltt0p8v25c
                                                          0.518400  
U665                      AOI21D1BWP20P90 N16ADFP_StdCelltt0p8v25c
                                                          0.259200  
U666                      ND2D1BWP20P90   N16ADFP_StdCelltt0p8v25c
                                                          0.207360  
U667                      XOR2D1BWP20P90  N16ADFP_StdCelltt0p8v25c
                                                          0.518400  
U668                      AOI21D1BWP20P90 N16ADFP_StdCelltt0p8v25c
                                                          0.259200  
U669                      ND2D1BWP20P90   N16ADFP_StdCelltt0p8v25c
                                                          0.207360  
U670                      XOR2D1BWP20P90  N16ADFP_StdCelltt0p8v25c
                                                          0.518400  
U671                      ND2D1BWP20P90   N16ADFP_StdCelltt0p8v25c
                                                          0.207360  
U672                      NR2D1BWP20P90   N16ADFP_StdCelltt0p8v25c
                                                          0.207360  
U673                      INVD1BWP20P90   N16ADFP_StdCelltt0p8v25c
                                                          0.155520  
U674                      AOI21D1BWP20P90 N16ADFP_StdCelltt0p8v25c
                                                          0.259200  
U675                      OAI21D1BWP20P90 N16ADFP_StdCelltt0p8v25c
                                                          0.259200  
U676                      AOI21D1BWP20P90 N16ADFP_StdCelltt0p8v25c
                                                          0.259200  
U677                      FA1D1BWP20P90   N16ADFP_StdCelltt0p8v25c
                                                          1.036800  r
U678                      AO21D1BWP20P90  N16ADFP_StdCelltt0p8v25c
                                                          0.311040  
U679                      FA1D1BWP20P90   N16ADFP_StdCelltt0p8v25c
                                                          1.036800  r
U680                      INVD1BWP20P90   N16ADFP_StdCelltt0p8v25c
                                                          0.155520  
U681                      NR2D1BWP20P90   N16ADFP_StdCelltt0p8v25c
                                                          0.207360  
U682                      XNR2D1BWP20P90  N16ADFP_StdCelltt0p8v25c
                                                          0.518400  
U683                      OAI22D1BWP20P90 N16ADFP_StdCelltt0p8v25c
                                                          0.311040  
U684                      NR2D1BWP20P90   N16ADFP_StdCelltt0p8v25c
                                                          0.207360  
U685                      ND2D1BWP20P90   N16ADFP_StdCelltt0p8v25c
                                                          0.207360  
U686                      OAI21D2BWP20P90 N16ADFP_StdCelltt0p8v25c
                                                          0.414720  
U687                      INVD1BWP20P90   N16ADFP_StdCelltt0p8v25c
                                                          0.155520  
U688                      NR2D1BWP20P90   N16ADFP_StdCelltt0p8v25c
                                                          0.207360  
U689                      INVD1BWP20P90   N16ADFP_StdCelltt0p8v25c
                                                          0.155520  
U690                      OAI22D1BWP20P90 N16ADFP_StdCelltt0p8v25c
                                                          0.311040  
U691                      FA1D1BWP20P90   N16ADFP_StdCelltt0p8v25c
                                                          1.036800  r
U692                      FA1D1BWP20P90   N16ADFP_StdCelltt0p8v25c
                                                          1.036800  r
U693                      OR2D1BWP20P90   N16ADFP_StdCelltt0p8v25c
                                                          0.259200  
U694                      ND2D1BWP20P90   N16ADFP_StdCelltt0p8v25c
                                                          0.207360  
U695                      ND2D1BWP20P90   N16ADFP_StdCelltt0p8v25c
                                                          0.207360  
U696                      ND2D1BWP20P90   N16ADFP_StdCelltt0p8v25c
                                                          0.207360  
U697                      ND2D1BWP20P90   N16ADFP_StdCelltt0p8v25c
                                                          0.207360  
U698                      ND2D1BWP20P90   N16ADFP_StdCelltt0p8v25c
                                                          0.207360  
U699                      OAI21D1BWP20P90 N16ADFP_StdCelltt0p8v25c
                                                          0.259200  
U700                      INVD1BWP20P90   N16ADFP_StdCelltt0p8v25c
                                                          0.155520  
U701                      ND2D1BWP20P90   N16ADFP_StdCelltt0p8v25c
                                                          0.207360  
U702                      INR2D1BWP20P90  N16ADFP_StdCelltt0p8v25c
                                                          0.259200  
U703                      OR2D1BWP20P90   N16ADFP_StdCelltt0p8v25c
                                                          0.259200  
U704                      AN2D1BWP20P90   N16ADFP_StdCelltt0p8v25c
                                                          0.259200  
U705                      INVD1BWP20P90   N16ADFP_StdCelltt0p8v25c
                                                          0.155520  
U706                      AOI21D1BWP20P90 N16ADFP_StdCelltt0p8v25c
                                                          0.259200  
U707                      OAI21D1BWP20P90 N16ADFP_StdCelltt0p8v25c
                                                          0.259200  
U708                      INVD1BWP20P90   N16ADFP_StdCelltt0p8v25c
                                                          0.155520  
U709                      ND2D1BWP20P90   N16ADFP_StdCelltt0p8v25c
                                                          0.207360  
U710                      XNR2D1BWP20P90  N16ADFP_StdCelltt0p8v25c
                                                          0.518400  
U711                      INVD1BWP20P90   N16ADFP_StdCelltt0p8v25c
                                                          0.155520  
U712                      ND2D1BWP20P90   N16ADFP_StdCelltt0p8v25c
                                                          0.207360  
U713                      XOR2D1BWP20P90  N16ADFP_StdCelltt0p8v25c
                                                          0.518400  
U714                      INVD1BWP20P90   N16ADFP_StdCelltt0p8v25c
                                                          0.155520  
U715                      ND2D1BWP20P90   N16ADFP_StdCelltt0p8v25c
                                                          0.207360  
U716                      XOR2D1BWP20P90  N16ADFP_StdCelltt0p8v25c
                                                          0.518400  
U717                      INVD1BWP20P90   N16ADFP_StdCelltt0p8v25c
                                                          0.155520  
U718                      ND2D1BWP20P90   N16ADFP_StdCelltt0p8v25c
                                                          0.207360  
U719                      XOR2D1BWP20P90  N16ADFP_StdCelltt0p8v25c
                                                          0.518400  
U720                      INVD1BWP20P90   N16ADFP_StdCelltt0p8v25c
                                                          0.155520  
U721                      INVD1BWP20P90   N16ADFP_StdCelltt0p8v25c
                                                          0.155520  
U722                      AOI21D1BWP20P90 N16ADFP_StdCelltt0p8v25c
                                                          0.259200  
U723                      INVD1BWP20P90   N16ADFP_StdCelltt0p8v25c
                                                          0.155520  
U724                      ND2D1BWP20P90   N16ADFP_StdCelltt0p8v25c
                                                          0.207360  
U725                      XOR2D1BWP20P90  N16ADFP_StdCelltt0p8v25c
                                                          0.518400  
U726                      ND2D1BWP20P90   N16ADFP_StdCelltt0p8v25c
                                                          0.207360  
U727                      XNR2D1BWP20P90  N16ADFP_StdCelltt0p8v25c
                                                          0.518400  
U728                      INVD1BWP20P90   N16ADFP_StdCelltt0p8v25c
                                                          0.155520  
U729                      OAI21D1BWP20P90 N16ADFP_StdCelltt0p8v25c
                                                          0.259200  
U730                      INVD1BWP20P90   N16ADFP_StdCelltt0p8v25c
                                                          0.155520  
U731                      ND2D1BWP20P90   N16ADFP_StdCelltt0p8v25c
                                                          0.207360  
U732                      XNR2D1BWP20P90  N16ADFP_StdCelltt0p8v25c
                                                          0.518400  
U733                      INVD1BWP20P90   N16ADFP_StdCelltt0p8v25c
                                                          0.155520  
U734                      ND2D1BWP20P90   N16ADFP_StdCelltt0p8v25c
                                                          0.207360  
U735                      XOR2D1BWP20P90  N16ADFP_StdCelltt0p8v25c
                                                          0.518400  
U736                      INVD1BWP20P90   N16ADFP_StdCelltt0p8v25c
                                                          0.155520  
U737                      AOI21D1BWP20P90 N16ADFP_StdCelltt0p8v25c
                                                          0.259200  
U738                      ND2D1BWP20P90   N16ADFP_StdCelltt0p8v25c
                                                          0.207360  
U739                      XOR2D1BWP20P90  N16ADFP_StdCelltt0p8v25c
                                                          0.518400  
U740                      ND2D1BWP20P90   N16ADFP_StdCelltt0p8v25c
                                                          0.207360  
U741                      XNR2D1BWP20P90  N16ADFP_StdCelltt0p8v25c
                                                          0.518400  
U742                      INVD1BWP20P90   N16ADFP_StdCelltt0p8v25c
                                                          0.155520  
U743                      OAI21D1BWP20P90 N16ADFP_StdCelltt0p8v25c
                                                          0.259200  
U744                      INVD1BWP20P90   N16ADFP_StdCelltt0p8v25c
                                                          0.155520  
U745                      ND2D1BWP20P90   N16ADFP_StdCelltt0p8v25c
                                                          0.207360  
U746                      XNR2D1BWP20P90  N16ADFP_StdCelltt0p8v25c
                                                          0.518400  
U747                      INVD1BWP20P90   N16ADFP_StdCelltt0p8v25c
                                                          0.155520  
U748                      ND2D1BWP20P90   N16ADFP_StdCelltt0p8v25c
                                                          0.207360  
U749                      XOR2D1BWP20P90  N16ADFP_StdCelltt0p8v25c
                                                          0.518400  
U750                      INVD1BWP20P90   N16ADFP_StdCelltt0p8v25c
                                                          0.155520  
U751                      ND2D1BWP20P90   N16ADFP_StdCelltt0p8v25c
                                                          0.207360  
U752                      XOR2D1BWP20P90  N16ADFP_StdCelltt0p8v25c
                                                          0.518400  
U753                      ND2D1BWP20P90   N16ADFP_StdCelltt0p8v25c
                                                          0.207360  
U754                      XNR2D1BWP20P90  N16ADFP_StdCelltt0p8v25c
                                                          0.518400  
U755                      INVD1BWP20P90   N16ADFP_StdCelltt0p8v25c
                                                          0.155520  
U756                      ND2D1BWP20P90   N16ADFP_StdCelltt0p8v25c
                                                          0.207360  
U757                      XOR2D1BWP20P90  N16ADFP_StdCelltt0p8v25c
                                                          0.518400  
U758                      ND2D1BWP20P90   N16ADFP_StdCelltt0p8v25c
                                                          0.207360  
U759                      XNR2D1BWP20P90  N16ADFP_StdCelltt0p8v25c
                                                          0.518400  
U760                      INVD1BWP20P90   N16ADFP_StdCelltt0p8v25c
                                                          0.155520  
U761                      ND2D1BWP20P90   N16ADFP_StdCelltt0p8v25c
                                                          0.207360  
U762                      XOR2D1BWP20P90  N16ADFP_StdCelltt0p8v25c
                                                          0.518400  
U763                      ND2D1BWP20P90   N16ADFP_StdCelltt0p8v25c
                                                          0.207360  
U764                      XNR2D1BWP20P90  N16ADFP_StdCelltt0p8v25c
                                                          0.518400  
U765                      INVD1BWP20P90   N16ADFP_StdCelltt0p8v25c
                                                          0.155520  
U766                      ND2D1BWP20P90   N16ADFP_StdCelltt0p8v25c
                                                          0.207360  
U767                      XOR2D1BWP20P90  N16ADFP_StdCelltt0p8v25c
                                                          0.518400  
U768                      ND2D1BWP20P90   N16ADFP_StdCelltt0p8v25c
                                                          0.207360  
U769                      XNR2D1BWP20P90  N16ADFP_StdCelltt0p8v25c
                                                          0.518400  
U770                      INVD1BWP20P90   N16ADFP_StdCelltt0p8v25c
                                                          0.155520  
U771                      AOI21D1BWP20P90 N16ADFP_StdCelltt0p8v25c
                                                          0.259200  
U772                      FA1D1BWP20P90   N16ADFP_StdCelltt0p8v25c
                                                          1.036800  r
U773                      INVD1BWP20P90   N16ADFP_StdCelltt0p8v25c
                                                          0.155520  
U774                      NR2D1BWP20P90   N16ADFP_StdCelltt0p8v25c
                                                          0.207360  
U775                      AO21D1BWP20P90  N16ADFP_StdCelltt0p8v25c
                                                          0.311040  
U776                      OR2D1BWP20P90   N16ADFP_StdCelltt0p8v25c
                                                          0.259200  
U777                      ND2D1BWP20P90   N16ADFP_StdCelltt0p8v25c
                                                          0.207360  
U778                      ND2D1BWP20P90   N16ADFP_StdCelltt0p8v25c
                                                          0.207360  
U779                      XOR2D1BWP20P90  N16ADFP_StdCelltt0p8v25c
                                                          0.518400  
U780                      INVD1BWP20P90   N16ADFP_StdCelltt0p8v25c
                                                          0.155520  
U781                      CKBD1BWP20P90   N16ADFP_StdCelltt0p8v25c
                                                          0.207360  
U782                      CKBD1BWP20P90   N16ADFP_StdCelltt0p8v25c
                                                          0.207360  
prod_reg[0]               DFCNQD1BWP20P90 N16ADFP_StdCelltt0p8v25c
                                                          1.140480  n
prod_reg[1]               DFCNQD2BWP20P90 N16ADFP_StdCelltt0p8v25c
                                                          1.140480  n
prod_reg[2]               DFCNQD1BWP20P90 N16ADFP_StdCelltt0p8v25c
                                                          1.140480  n
prod_reg[3]               DFCNQD2BWP20P90 N16ADFP_StdCelltt0p8v25c
                                                          1.140480  n
prod_reg[4]               DFCNQD2BWP20P90 N16ADFP_StdCelltt0p8v25c
                                                          1.140480  n
prod_reg[5]               DFCNQD2BWP20P90 N16ADFP_StdCelltt0p8v25c
                                                          1.140480  n
prod_reg[6]               DFCNQD2BWP20P90 N16ADFP_StdCelltt0p8v25c
                                                          1.140480  n
prod_reg[7]               DFCNQD2BWP20P90 N16ADFP_StdCelltt0p8v25c
                                                          1.140480  n
prod_reg[8]               DFCNQD2BWP20P90 N16ADFP_StdCelltt0p8v25c
                                                          1.140480  n
prod_reg[9]               DFCNQD2BWP20P90 N16ADFP_StdCelltt0p8v25c
                                                          1.140480  n
prod_reg[10]              DFCNQD2BWP20P90 N16ADFP_StdCelltt0p8v25c
                                                          1.140480  n
prod_reg[11]              DFCNQD2BWP20P90 N16ADFP_StdCelltt0p8v25c
                                                          1.140480  n
prod_reg[12]              DFCNQD2BWP20P90 N16ADFP_StdCelltt0p8v25c
                                                          1.140480  n
prod_reg[13]              DFCNQD2BWP20P90 N16ADFP_StdCelltt0p8v25c
                                                          1.140480  n
prod_reg[14]              DFCNQD2BWP20P90 N16ADFP_StdCelltt0p8v25c
                                                          1.140480  n
prod_reg[15]              DFCNQD2BWP20P90 N16ADFP_StdCelltt0p8v25c
                                                          1.140480  n
prod_reg[16]              DFCNQD2BWP20P90 N16ADFP_StdCelltt0p8v25c
                                                          1.140480  n
prod_reg[17]              DFCNQD1BWP20P90 N16ADFP_StdCelltt0p8v25c
                                                          1.140480  n
prod_reg[18]              DFCNQD2BWP20P90 N16ADFP_StdCelltt0p8v25c
                                                          1.140480  n
prod_reg[19]              DFCNQD2BWP20P90 N16ADFP_StdCelltt0p8v25c
                                                          1.140480  n
prod_reg[20]              DFCNQD2BWP20P90 N16ADFP_StdCelltt0p8v25c
                                                          1.140480  n
prod_reg[21]              DFCNQD2BWP20P90 N16ADFP_StdCelltt0p8v25c
                                                          1.140480  n
prod_reg[22]              DFCNQD2BWP20P90 N16ADFP_StdCelltt0p8v25c
                                                          1.140480  n
prod_reg[23]              DFCNQD2BWP20P90 N16ADFP_StdCelltt0p8v25c
                                                          1.140480  n
prod_reg[24]              DFCNQD2BWP20P90 N16ADFP_StdCelltt0p8v25c
                                                          1.140480  n
prod_reg[25]              DFCNQD2BWP20P90 N16ADFP_StdCelltt0p8v25c
                                                          1.140480  n
prod_reg[26]              DFCNQD2BWP20P90 N16ADFP_StdCelltt0p8v25c
                                                          1.140480  n
prod_reg[27]              DFCNQD2BWP20P90 N16ADFP_StdCelltt0p8v25c
                                                          1.140480  n
prod_reg[28]              DFCNQD2BWP20P90 N16ADFP_StdCelltt0p8v25c
                                                          1.140480  n
prod_reg[29]              DFCNQD2BWP20P90 N16ADFP_StdCelltt0p8v25c
                                                          1.140480  n
prod_reg[30]              DFCNQD2BWP20P90 N16ADFP_StdCelltt0p8v25c
                                                          1.140480  n
prod_reg[31]              DFCNQD2BWP20P90 N16ADFP_StdCelltt0p8v25c
                                                          1.140480  n
--------------------------------------------------------------------------------
Total 780 cells                                           356.296330
1
 
****************************************
Report : port
        -verbose
Design : mult
Version: V-2023.12-SP5
Date   : Tue Sep 22 17:36:57 2026
****************************************



Attributes:
    d - dont_touch_network

                       Pin      Wire     Max     Max     Connection
Port           Dir     Load     Load     Trans   Cap     Class      Attrs
--------------------------------------------------------------------------------
clk            in      0.0000   0.0000    0.40    0.07   --         d
inp_a[0]       in      0.0000   0.0000    0.40    0.07   --         
inp_a[1]       in      0.0000   0.0000    0.40    0.07   --         
inp_a[2]       in      0.0000   0.0000    0.40    0.07   --         
inp_a[3]       in      0.0000   0.0000    0.40    0.07   --         
inp_a[4]       in      0.0000   0.0000    0.40    0.07   --         
inp_a[5]       in      0.0000   0.0000    0.40    0.07   --         
inp_a[6]       in      0.0000   0.0000    0.40    0.07   --         
inp_a[7]       in      0.0000   0.0000    0.40    0.07   --         
inp_a[8]       in      0.0000   0.0000    0.40    0.07   --         
inp_a[9]       in      0.0000   0.0000    0.40    0.07   --         
inp_a[10]      in      0.0000   0.0000    0.40    0.07   --         
inp_a[11]      in      0.0000   0.0000    0.40    0.07   --         
inp_a[12]      in      0.0000   0.0000    0.40    0.07   --         
inp_a[13]      in      0.0000   0.0000    0.40    0.07   --         
inp_a[14]      in      0.0000   0.0000    0.40    0.07   --         
inp_a[15]      in      0.0000   0.0000    0.40    0.07   --         
inp_b[0]       in      0.0000   0.0000    0.40    0.07   --         
inp_b[1]       in      0.0000   0.0000    0.40    0.07   --         
inp_b[2]       in      0.0000   0.0000    0.40    0.07   --         
inp_b[3]       in      0.0000   0.0000    0.40    0.07   --         
inp_b[4]       in      0.0000   0.0000    0.40    0.07   --         
inp_b[5]       in      0.0000   0.0000    0.40    0.07   --         
inp_b[6]       in      0.0000   0.0000    0.40    0.07   --         
inp_b[7]       in      0.0000   0.0000    0.40    0.07   --         
inp_b[8]       in      0.0000   0.0000    0.40    0.07   --         
inp_b[9]       in      0.0000   0.0000    0.40    0.07   --         
inp_b[10]      in      0.0000   0.0000    0.40    0.07   --         
inp_b[11]      in      0.0000   0.0000    0.40    0.07   --         
inp_b[12]      in      0.0000   0.0000    0.40    0.07   --         
inp_b[13]      in      0.0000   0.0000    0.40    0.07   --         
inp_b[14]      in      0.0000   0.0000    0.40    0.07   --         
inp_b[15]      in      0.0000   0.0000    0.40    0.07   --         
rst            in      0.0000   0.0000    0.40    0.07   --         
prod[0]        out     0.0100   0.0000   --      --      --         
prod[1]        out     0.0100   0.0000   --      --      --         
prod[2]        out     0.0100   0.0000   --      --      --         
prod[3]        out     0.0100   0.0000   --      --      --         
prod[4]        out     0.0100   0.0000   --      --      --         
prod[5]        out     0.0100   0.0000   --      --      --         
prod[6]        out     0.0100   0.0000   --      --      --         
prod[7]        out     0.0100   0.0000   --      --      --         
prod[8]        out     0.0100   0.0000   --      --      --         
prod[9]        out     0.0100   0.0000   --      --      --         
prod[10]       out     0.0100   0.0000   --      --      --         
prod[11]       out     0.0100   0.0000   --      --      --         
prod[12]       out     0.0100   0.0000   --      --      --         
prod[13]       out     0.0100   0.0000   --      --      --         
prod[14]       out     0.0100   0.0000   --      --      --         
prod[15]       out     0.0100   0.0000   --      --      --         
prod[16]       out     0.0100   0.0000   --      --      --         
prod[17]       out     0.0100   0.0000   --      --      --         
prod[18]       out     0.0100   0.0000   --      --      --         
prod[19]       out     0.0100   0.0000   --      --      --         
prod[20]       out     0.0100   0.0000   --      --      --         
prod[21]       out     0.0100   0.0000   --      --      --         
prod[22]       out     0.0100   0.0000   --      --      --         
prod[23]       out     0.0100   0.0000   --      --      --         
prod[24]       out     0.0100   0.0000   --      --      --         
prod[25]       out     0.0100   0.0000   --      --      --         
prod[26]       out     0.0100   0.0000   --      --      --         
prod[27]       out     0.0100   0.0000   --      --      --         
prod[28]       out     0.0100   0.0000   --      --      --         
prod[29]       out     0.0100   0.0000   --      --      --         
prod[30]       out     0.0100   0.0000   --      --      --         
prod[31]       out     0.0100   0.0000   --      --      --         


              External  Max             Min                Min       Min
              Number    Wireload        Wireload           Pin       Wire
Port          Points    Model           Model              Load      Load
--------------------------------------------------------------------------------
clk                1      --              --              --        -- 
inp_a[0]           1      --              --              --        -- 
inp_a[1]           1      --              --              --        -- 
inp_a[2]           1      --              --              --        -- 
inp_a[3]           1      --              --              --        -- 
inp_a[4]           1      --              --              --        -- 
inp_a[5]           1      --              --              --        -- 
inp_a[6]           1      --              --              --        -- 
inp_a[7]           1      --              --              --        -- 
inp_a[8]           1      --              --              --        -- 
inp_a[9]           1      --              --              --        -- 
inp_a[10]          1      --              --              --        -- 
inp_a[11]          1      --              --              --        -- 
inp_a[12]          1      --              --              --        -- 
inp_a[13]          1      --              --              --        -- 
inp_a[14]          1      --              --              --        -- 
inp_a[15]          1      --              --              --        -- 
inp_b[0]           1      --              --              --        -- 
inp_b[1]           1      --              --              --        -- 
inp_b[2]           1      --              --              --        -- 
inp_b[3]           1      --              --              --        -- 
inp_b[4]           1      --              --              --        -- 
inp_b[5]           1      --              --              --        -- 
inp_b[6]           1      --              --              --        -- 
inp_b[7]           1      --              --              --        -- 
inp_b[8]           1      --              --              --        -- 
inp_b[9]           1      --              --              --        -- 
inp_b[10]          1      --              --              --        -- 
inp_b[11]          1      --              --              --        -- 
inp_b[12]          1      --              --              --        -- 
inp_b[13]          1      --              --              --        -- 
inp_b[14]          1      --              --              --        -- 
inp_b[15]          1      --              --              --        -- 
rst                1      --              --              --        -- 
prod[0]            1      --              --              --        -- 
prod[1]            1      --              --              --        -- 
prod[2]            1      --              --              --        -- 
prod[3]            1      --              --              --        -- 
prod[4]            1      --              --              --        -- 
prod[5]            1      --              --              --        -- 
prod[6]            1      --              --              --        -- 
prod[7]            1      --              --              --        -- 
prod[8]            1      --              --              --        -- 
prod[9]            1      --              --              --        -- 
prod[10]           1      --              --              --        -- 
prod[11]           1      --              --              --        -- 
prod[12]           1      --              --              --        -- 
prod[13]           1      --              --              --        -- 
prod[14]           1      --              --              --        -- 
prod[15]           1      --              --              --        -- 
prod[16]           1      --              --              --        -- 
prod[17]           1      --              --              --        -- 
prod[18]           1      --              --              --        -- 
prod[19]           1      --              --              --        -- 
prod[20]           1      --              --              --        -- 
prod[21]           1      --              --              --        -- 
prod[22]           1      --              --              --        -- 
prod[23]           1      --              --              --        -- 
prod[24]           1      --              --              --        -- 
prod[25]           1      --              --              --        -- 
prod[26]           1      --              --              --        -- 
prod[27]           1      --              --              --        -- 
prod[28]           1      --              --              --        -- 
prod[29]           1      --              --              --        -- 
prod[30]           1      --              --              --        -- 
prod[31]           1      --              --              --        -- 

                    Input Delay
                  Min             Max       Related   Max
Input Port    Rise    Fall    Rise    Fall   Clock  Fanout
--------------------------------------------------------------------------------
clk           --      --      --      --      --      -- 
inp_a[0]      0.01    0.01    0.01    0.01  clk       --    
inp_a[1]      0.01    0.01    0.01    0.01  clk       --    
inp_a[2]      0.01    0.01    0.01    0.01  clk       --    
inp_a[3]      0.01    0.01    0.01    0.01  clk       --    
inp_a[4]      0.01    0.01    0.01    0.01  clk       --    
inp_a[5]      0.01    0.01    0.01    0.01  clk       --    
inp_a[6]      0.01    0.01    0.01    0.01  clk       --    
inp_a[7]      0.01    0.01    0.01    0.01  clk       --    
inp_a[8]      0.01    0.01    0.01    0.01  clk       --    
inp_a[9]      0.01    0.01    0.01    0.01  clk       --    
inp_a[10]     0.01    0.01    0.01    0.01  clk       --    
inp_a[11]     0.01    0.01    0.01    0.01  clk       --    
inp_a[12]     0.01    0.01    0.01    0.01  clk       --    
inp_a[13]     0.01    0.01    0.01    0.01  clk       --    
inp_a[14]     0.01    0.01    0.01    0.01  clk       --    
inp_a[15]     0.01    0.01    0.01    0.01  clk       --    
inp_b[0]      0.01    0.01    0.01    0.01  clk       --    
inp_b[1]      0.01    0.01    0.01    0.01  clk       --    
inp_b[2]      0.01    0.01    0.01    0.01  clk       --    
inp_b[3]      0.01    0.01    0.01    0.01  clk       --    
inp_b[4]      0.01    0.01    0.01    0.01  clk       --    
inp_b[5]      0.01    0.01    0.01    0.01  clk       --    
inp_b[6]      0.01    0.01    0.01    0.01  clk       --    
inp_b[7]      0.01    0.01    0.01    0.01  clk       --    
inp_b[8]      0.01    0.01    0.01    0.01  clk       --    
inp_b[9]      0.01    0.01    0.01    0.01  clk       --    
inp_b[10]     0.01    0.01    0.01    0.01  clk       --    
inp_b[11]     0.01    0.01    0.01    0.01  clk       --    
inp_b[12]     0.01    0.01    0.01    0.01  clk       --    
inp_b[13]     0.01    0.01    0.01    0.01  clk       --    
inp_b[14]     0.01    0.01    0.01    0.01  clk       --    
inp_b[15]     0.01    0.01    0.01    0.01  clk       --    
rst           0.01    0.01    0.01    0.01  clk       --    


                    Driving Cell
Input Port   Rise(min/max)      Fall(min/max)      Mult(min/max)  Attrs(min/max)
--------------------------------------------------------------------------------
clk          INVD1BWP20P90      INVD1BWP20P90        -- /  --     
inp_a[0]     INVD1BWP20P90      INVD1BWP20P90        -- /  --     
inp_a[1]     INVD1BWP20P90      INVD1BWP20P90        -- /  --     
inp_a[2]     INVD1BWP20P90      INVD1BWP20P90        -- /  --     
inp_a[3]     INVD1BWP20P90      INVD1BWP20P90        -- /  --     
inp_a[4]     INVD1BWP20P90      INVD1BWP20P90        -- /  --     
inp_a[5]     INVD1BWP20P90      INVD1BWP20P90        -- /  --     
inp_a[6]     INVD1BWP20P90      INVD1BWP20P90        -- /  --     
inp_a[7]     INVD1BWP20P90      INVD1BWP20P90        -- /  --     
inp_a[8]     INVD1BWP20P90      INVD1BWP20P90        -- /  --     
inp_a[9]     INVD1BWP20P90      INVD1BWP20P90        -- /  --     
inp_a[10]    INVD1BWP20P90      INVD1BWP20P90        -- /  --     
inp_a[11]    INVD1BWP20P90      INVD1BWP20P90        -- /  --     
inp_a[12]    INVD1BWP20P90      INVD1BWP20P90        -- /  --     
inp_a[13]    INVD1BWP20P90      INVD1BWP20P90        -- /  --     
inp_a[14]    INVD1BWP20P90      INVD1BWP20P90        -- /  --     
inp_a[15]    INVD1BWP20P90      INVD1BWP20P90        -- /  --     
inp_b[0]     INVD1BWP20P90      INVD1BWP20P90        -- /  --     
inp_b[1]     INVD1BWP20P90      INVD1BWP20P90        -- /  --     
inp_b[2]     INVD1BWP20P90      INVD1BWP20P90        -- /  --     
inp_b[3]     INVD1BWP20P90      INVD1BWP20P90        -- /  --     
inp_b[4]     INVD1BWP20P90      INVD1BWP20P90        -- /  --     
inp_b[5]     INVD1BWP20P90      INVD1BWP20P90        -- /  --     
inp_b[6]     INVD1BWP20P90      INVD1BWP20P90        -- /  --     
inp_b[7]     INVD1BWP20P90      INVD1BWP20P90        -- /  --     
inp_b[8]     INVD1BWP20P90      INVD1BWP20P90        -- /  --     
inp_b[9]     INVD1BWP20P90      INVD1BWP20P90        -- /  --     
inp_b[10]    INVD1BWP20P90      INVD1BWP20P90        -- /  --     
inp_b[11]    INVD1BWP20P90      INVD1BWP20P90        -- /  --     
inp_b[12]    INVD1BWP20P90      INVD1BWP20P90        -- /  --     
inp_b[13]    INVD1BWP20P90      INVD1BWP20P90        -- /  --     
inp_b[14]    INVD1BWP20P90      INVD1BWP20P90        -- /  --     
inp_b[15]    INVD1BWP20P90      INVD1BWP20P90        -- /  --     
rst          INVD1BWP20P90      INVD1BWP20P90        -- /  --     


               Max Drive      Min Drive      Resistance    Min    Min       Cell
Input Port    Rise    Fall   Rise    Fall   Max     Min    Cap    Fanout    Deg
--------------------------------------------------------------------------------
clk           --      --     --      --     --      --     --     --        -- 
inp_a[0]      --      --     --      --     --      --     --     --        -- 
inp_a[1]      --      --     --      --     --      --     --     --        -- 
inp_a[2]      --      --     --      --     --      --     --     --        -- 
inp_a[3]      --      --     --      --     --      --     --     --        -- 
inp_a[4]      --      --     --      --     --      --     --     --        -- 
inp_a[5]      --      --     --      --     --      --     --     --        -- 
inp_a[6]      --      --     --      --     --      --     --     --        -- 
inp_a[7]      --      --     --      --     --      --     --     --        -- 
inp_a[8]      --      --     --      --     --      --     --     --        -- 
inp_a[9]      --      --     --      --     --      --     --     --        -- 
inp_a[10]     --      --     --      --     --      --     --     --        -- 
inp_a[11]     --      --     --      --     --      --     --     --        -- 
inp_a[12]     --      --     --      --     --      --     --     --        -- 
inp_a[13]     --      --     --      --     --      --     --     --        -- 
inp_a[14]     --      --     --      --     --      --     --     --        -- 
inp_a[15]     --      --     --      --     --      --     --     --        -- 
inp_b[0]      --      --     --      --     --      --     --     --        -- 
inp_b[1]      --      --     --      --     --      --     --     --        -- 
inp_b[2]      --      --     --      --     --      --     --     --        -- 
inp_b[3]      --      --     --      --     --      --     --     --        -- 
inp_b[4]      --      --     --      --     --      --     --     --        -- 
inp_b[5]      --      --     --      --     --      --     --     --        -- 
inp_b[6]      --      --     --      --     --      --     --     --        -- 
inp_b[7]      --      --     --      --     --      --     --     --        -- 
inp_b[8]      --      --     --      --     --      --     --     --        -- 
inp_b[9]      --      --     --      --     --      --     --     --        -- 
inp_b[10]     --      --     --      --     --      --     --     --        -- 
inp_b[11]     --      --     --      --     --      --     --     --        -- 
inp_b[12]     --      --     --      --     --      --     --     --        -- 
inp_b[13]     --      --     --      --     --      --     --     --        -- 
inp_b[14]     --      --     --      --     --      --     --     --        -- 
inp_b[15]     --      --     --      --     --      --     --     --        -- 
rst           --      --     --      --     --      --     --     --        -- 


               Max Tran        Min Tran
Input Port    Rise    Fall    Rise    Fall
--------------------------------------------------------------------------------
clk           --      --      --      -- 
inp_a[0]      --      --      --      -- 
inp_a[1]      --      --      --      -- 
inp_a[2]      --      --      --      -- 
inp_a[3]      --      --      --      -- 
inp_a[4]      --      --      --      -- 
inp_a[5]      --      --      --      -- 
inp_a[6]      --      --      --      -- 
inp_a[7]      --      --      --      -- 
inp_a[8]      --      --      --      -- 
inp_a[9]      --      --      --      -- 
inp_a[10]     --      --      --      -- 
inp_a[11]     --      --      --      -- 
inp_a[12]     --      --      --      -- 
inp_a[13]     --      --      --      -- 
inp_a[14]     --      --      --      -- 
inp_a[15]     --      --      --      -- 
inp_b[0]      --      --      --      -- 
inp_b[1]      --      --      --      -- 
inp_b[2]      --      --      --      -- 
inp_b[3]      --      --      --      -- 
inp_b[4]      --      --      --      -- 
inp_b[5]      --      --      --      -- 
inp_b[6]      --      --      --      -- 
inp_b[7]      --      --      --      -- 
inp_b[8]      --      --      --      -- 
inp_b[9]      --      --      --      -- 
inp_b[10]     --      --      --      -- 
inp_b[11]     --      --      --      -- 
inp_b[12]     --      --      --      -- 
inp_b[13]     --      --      --      -- 
inp_b[14]     --      --      --      -- 
inp_b[15]     --      --      --      -- 
rst           --      --      --      -- 


                    Output Delay
                  Min             Max      Related  Fanout
Output Port   Rise    Fall    Rise    Fall  Clock     Load
--------------------------------------------------------------------------------
prod[0]       0.01    0.01    0.01    0.01  clk       0.00  
prod[1]       0.01    0.01    0.01    0.01  clk       0.00  
prod[2]       0.01    0.01    0.01    0.01  clk       0.00  
prod[3]       0.01    0.01    0.01    0.01  clk       0.00  
prod[4]       0.01    0.01    0.01    0.01  clk       0.00  
prod[5]       0.01    0.01    0.01    0.01  clk       0.00  
prod[6]       0.01    0.01    0.01    0.01  clk       0.00  
prod[7]       0.01    0.01    0.01    0.01  clk       0.00  
prod[8]       0.01    0.01    0.01    0.01  clk       0.00  
prod[9]       0.01    0.01    0.01    0.01  clk       0.00  
prod[10]      0.01    0.01    0.01    0.01  clk       0.00  
prod[11]      0.01    0.01    0.01    0.01  clk       0.00  
prod[12]      0.01    0.01    0.01    0.01  clk       0.00  
prod[13]      0.01    0.01    0.01    0.01  clk       0.00  
prod[14]      0.01    0.01    0.01    0.01  clk       0.00  
prod[15]      0.01    0.01    0.01    0.01  clk       0.00  
prod[16]      0.01    0.01    0.01    0.01  clk       0.00  
prod[17]      0.01    0.01    0.01    0.01  clk       0.00  
prod[18]      0.01    0.01    0.01    0.01  clk       0.00  
prod[19]      0.01    0.01    0.01    0.01  clk       0.00  
prod[20]      0.01    0.01    0.01    0.01  clk       0.00  
prod[21]      0.01    0.01    0.01    0.01  clk       0.00  
prod[22]      0.01    0.01    0.01    0.01  clk       0.00  
prod[23]      0.01    0.01    0.01    0.01  clk       0.00  
prod[24]      0.01    0.01    0.01    0.01  clk       0.00  
prod[25]      0.01    0.01    0.01    0.01  clk       0.00  
prod[26]      0.01    0.01    0.01    0.01  clk       0.00  
prod[27]      0.01    0.01    0.01    0.01  clk       0.00  
prod[28]      0.01    0.01    0.01    0.01  clk       0.00  
prod[29]      0.01    0.01    0.01    0.01  clk       0.00  
prod[30]      0.01    0.01    0.01    0.01  clk       0.00  
prod[31]      0.01    0.01    0.01    0.01  clk       0.00  

1
 
****************************************
Report : compile_options
Design : mult
Version: V-2023.12-SP5
Date   : Tue Sep 22 17:36:57 2026
****************************************

Design                                   Compile Option         Value
--------------------------------------------------------------------------------
mult                                     flatten                false
                                         structure              true
                                         structure_boolean      false
                                         structure_timing       true
                                         isolate_port           disabled
                                         multibit_options
                                           optimization_mode    non_timing_driven
                                           minimum_width        2
                                           exclude_registers_with_timing_exceptions false
--------------------------------------------------------------------------------
1
