 
****************************************
Report : timing
        -path full
        -delay max
        -nworst 100
        -max_paths 100
Design : mult
Version: V-2023.12-SP5
Date   : Tue Sep 22 17:37:58 2026
****************************************

Operating Conditions: tt0p8v25c   Library: N16ADFP_StdCelltt0p8v25c
Wire Load Model Mode: segmented

  Startpoint: inp_a[13] (input port clocked by clk)
  Endpoint: prod_reg[22]
            (rising edge-triggered flip-flop clocked by clk)
  Path Group: clk
  Path Type: max

  Des/Clust/Port     Wire Load Model       Library
  ------------------------------------------------
  mult               ZeroWireload          N16ADFP_StdCelltt0p8v25c

  Point                                    Incr       Path
  -----------------------------------------------------------
  clock clk (rise edge)                    0.00       0.00
  clock network delay (ideal)              0.00       0.00
  input external delay                     0.01       0.01 f
  inp_a[13] (in)                           0.00       0.01 f
  U185/Z (BUFFD4BWP20P90)                  0.02       0.03 f
  U48/ZN (XNR2D4BWP20P90)                  0.03       0.07 r
  U66/ZN (ND2D4BWP20P90)                   0.02       0.08 f
  U146/ZN (OAI22D1BWP20P90)                0.02       0.10 r
  U423/S (FA1D1BWP20P90)                   0.05       0.15 f
  U37/CO (FA1D1BWP20P90)                   0.03       0.18 f
  U455/CO (FA1D1BWP20P90)                  0.03       0.22 f
  U453/Z (XOR2D1BWP20P90)                  0.02       0.24 r
  U454/Z (XOR2D1BWP20P90)                  0.03       0.26 f
  U459/ZN (NR2D1BWP20P90)                  0.01       0.28 r
  U178/ZN (OAI21D1BWP20P90)                0.02       0.30 f
  U510/ZN (AOI21D2BWP20P90)                0.02       0.31 r
  U511/ZN (OAI21D4BWP20P90)                0.02       0.33 f
  U35/ZN (AOI21D1BWP20P90)                 0.02       0.34 r
  U775/Z (XOR2D1BWP20P90)                  0.02       0.36 r
  prod_reg[22]/D (DFCNQD2BWP20P90)         0.00       0.36 r
  data arrival time                                   0.36

  clock clk (rise edge)                    0.38       0.38
  clock network delay (ideal)              0.00       0.38
  clock uncertainty                       -0.01       0.37
  prod_reg[22]/CP (DFCNQD2BWP20P90)        0.00       0.37 r
  library setup time                      -0.01       0.36
  data required time                                  0.36
  -----------------------------------------------------------
  data required time                                  0.36
  data arrival time                                  -0.36
  -----------------------------------------------------------
  slack (MET)                                         0.00


  Startpoint: inp_a[13] (input port clocked by clk)
  Endpoint: prod_reg[26]
            (rising edge-triggered flip-flop clocked by clk)
  Path Group: clk
  Path Type: max

  Des/Clust/Port     Wire Load Model       Library
  ------------------------------------------------
  mult               ZeroWireload          N16ADFP_StdCelltt0p8v25c

  Point                                    Incr       Path
  -----------------------------------------------------------
  clock clk (rise edge)                    0.00       0.00
  clock network delay (ideal)              0.00       0.00
  input external delay                     0.01       0.01 f
  inp_a[13] (in)                           0.00       0.01 f
  U185/Z (BUFFD4BWP20P90)                  0.02       0.03 f
  U48/ZN (XNR2D4BWP20P90)                  0.03       0.07 r
  U66/ZN (ND2D4BWP20P90)                   0.02       0.08 f
  U146/ZN (OAI22D1BWP20P90)                0.02       0.10 r
  U423/S (FA1D1BWP20P90)                   0.05       0.15 f
  U37/CO (FA1D1BWP20P90)                   0.03       0.18 f
  U455/CO (FA1D1BWP20P90)                  0.03       0.22 f
  U453/Z (XOR2D1BWP20P90)                  0.02       0.24 r
  U454/Z (XOR2D1BWP20P90)                  0.03       0.26 f
  U459/ZN (NR2D1BWP20P90)                  0.01       0.28 r
  U178/ZN (OAI21D1BWP20P90)                0.02       0.30 f
  U510/ZN (AOI21D2BWP20P90)                0.02       0.31 r
  U511/ZN (OAI21D4BWP20P90)                0.02       0.33 f
  U791/ZN (AOI21D1BWP20P90)                0.02       0.34 r
  U794/Z (XOR2D1BWP20P90)                  0.02       0.36 r
  prod_reg[26]/D (DFCNQD2BWP20P90)         0.00       0.36 r
  data arrival time                                   0.36

  clock clk (rise edge)                    0.38       0.38
  clock network delay (ideal)              0.00       0.38
  clock uncertainty                       -0.01       0.37
  prod_reg[26]/CP (DFCNQD2BWP20P90)        0.00       0.37 r
  library setup time                      -0.01       0.36
  data required time                                  0.36
  -----------------------------------------------------------
  data required time                                  0.36
  data arrival time                                  -0.36
  -----------------------------------------------------------
  slack (MET)                                         0.00


  Startpoint: inp_a[13] (input port clocked by clk)
  Endpoint: prod_reg[23]
            (rising edge-triggered flip-flop clocked by clk)
  Path Group: clk
  Path Type: max

  Des/Clust/Port     Wire Load Model       Library
  ------------------------------------------------
  mult               ZeroWireload          N16ADFP_StdCelltt0p8v25c

  Point                                    Incr       Path
  -----------------------------------------------------------
  clock clk (rise edge)                    0.00       0.00
  clock network delay (ideal)              0.00       0.00
  input external delay                     0.01       0.01 f
  inp_a[13] (in)                           0.00       0.01 f
  U185/Z (BUFFD4BWP20P90)                  0.02       0.03 f
  U48/ZN (XNR2D4BWP20P90)                  0.03       0.07 r
  U66/ZN (ND2D4BWP20P90)                   0.02       0.08 f
  U146/ZN (OAI22D1BWP20P90)                0.02       0.10 r
  U423/S (FA1D1BWP20P90)                   0.05       0.15 f
  U37/CO (FA1D1BWP20P90)                   0.03       0.18 f
  U455/CO (FA1D1BWP20P90)                  0.03       0.22 f
  U453/Z (XOR2D1BWP20P90)                  0.02       0.24 r
  U454/Z (XOR2D1BWP20P90)                  0.03       0.26 f
  U459/ZN (NR2D1BWP20P90)                  0.01       0.28 r
  U178/ZN (OAI21D1BWP20P90)                0.02       0.30 f
  U510/ZN (AOI21D2BWP20P90)                0.02       0.31 r
  U511/ZN (OAI21D4BWP20P90)                0.02       0.33 f
  U769/ZN (AOI21D1BWP20P90)                0.02       0.34 r
  U772/Z (XOR2D1BWP20P90)                  0.02       0.36 r
  prod_reg[23]/D (DFCNQD2BWP20P90)         0.00       0.36 r
  data arrival time                                   0.36

  clock clk (rise edge)                    0.38       0.38
  clock network delay (ideal)              0.00       0.38
  clock uncertainty                       -0.01       0.37
  prod_reg[23]/CP (DFCNQD2BWP20P90)        0.00       0.37 r
  library setup time                      -0.01       0.36
  data required time                                  0.36
  -----------------------------------------------------------
  data required time                                  0.36
  data arrival time                                  -0.36
  -----------------------------------------------------------
  slack (MET)                                         0.00


  Startpoint: inp_a[13] (input port clocked by clk)
  Endpoint: prod_reg[25]
            (rising edge-triggered flip-flop clocked by clk)
  Path Group: clk
  Path Type: max

  Des/Clust/Port     Wire Load Model       Library
  ------------------------------------------------
  mult               ZeroWireload          N16ADFP_StdCelltt0p8v25c

  Point                                    Incr       Path
  -----------------------------------------------------------
  clock clk (rise edge)                    0.00       0.00
  clock network delay (ideal)              0.00       0.00
  input external delay                     0.01       0.01 f
  inp_a[13] (in)                           0.00       0.01 f
  U185/Z (BUFFD4BWP20P90)                  0.02       0.03 f
  U48/ZN (XNR2D4BWP20P90)                  0.03       0.07 r
  U66/ZN (ND2D4BWP20P90)                   0.02       0.08 f
  U146/ZN (OAI22D1BWP20P90)                0.02       0.10 r
  U423/S (FA1D1BWP20P90)                   0.05       0.15 f
  U37/CO (FA1D1BWP20P90)                   0.03       0.18 f
  U455/CO (FA1D1BWP20P90)                  0.03       0.22 f
  U453/Z (XOR2D1BWP20P90)                  0.02       0.24 r
  U454/Z (XOR2D1BWP20P90)                  0.03       0.26 f
  U459/ZN (NR2D1BWP20P90)                  0.01       0.28 r
  U178/ZN (OAI21D1BWP20P90)                0.02       0.30 f
  U510/ZN (AOI21D2BWP20P90)                0.02       0.31 r
  U511/ZN (OAI21D4BWP20P90)                0.02       0.33 f
  U757/ZN (AOI21D1BWP20P90)                0.02       0.34 r
  U759/Z (XOR2D1BWP20P90)                  0.02       0.36 r
  prod_reg[25]/D (DFCNQD2BWP20P90)         0.00       0.36 r
  data arrival time                                   0.36

  clock clk (rise edge)                    0.38       0.38
  clock network delay (ideal)              0.00       0.38
  clock uncertainty                       -0.01       0.37
  prod_reg[25]/CP (DFCNQD2BWP20P90)        0.00       0.37 r
  library setup time                      -0.01       0.36
  data required time                                  0.36
  -----------------------------------------------------------
  data required time                                  0.36
  data arrival time                                  -0.36
  -----------------------------------------------------------
  slack (MET)                                         0.00


  Startpoint: inp_a[13] (input port clocked by clk)
  Endpoint: prod_reg[28]
            (rising edge-triggered flip-flop clocked by clk)
  Path Group: clk
  Path Type: max

  Des/Clust/Port     Wire Load Model       Library
  ------------------------------------------------
  mult               ZeroWireload          N16ADFP_StdCelltt0p8v25c

  Point                                    Incr       Path
  -----------------------------------------------------------
  clock clk (rise edge)                    0.00       0.00
  clock network delay (ideal)              0.00       0.00
  input external delay                     0.01       0.01 f
  inp_a[13] (in)                           0.00       0.01 f
  U185/Z (BUFFD4BWP20P90)                  0.02       0.03 f
  U48/ZN (XNR2D4BWP20P90)                  0.03       0.07 r
  U66/ZN (ND2D4BWP20P90)                   0.02       0.08 f
  U146/ZN (OAI22D1BWP20P90)                0.02       0.10 r
  U423/S (FA1D1BWP20P90)                   0.05       0.15 f
  U37/CO (FA1D1BWP20P90)                   0.03       0.18 f
  U455/CO (FA1D1BWP20P90)                  0.03       0.22 f
  U453/Z (XOR2D1BWP20P90)                  0.02       0.24 r
  U454/Z (XOR2D1BWP20P90)                  0.03       0.26 f
  U459/ZN (NR2D1BWP20P90)                  0.01       0.28 r
  U178/ZN (OAI21D1BWP20P90)                0.02       0.30 f
  U510/ZN (AOI21D2BWP20P90)                0.02       0.31 r
  U511/ZN (OAI21D4BWP20P90)                0.02       0.33 f
  U745/ZN (AOI21D1BWP20P90)                0.02       0.34 r
  U747/Z (XOR2D1BWP20P90)                  0.02       0.36 r
  prod_reg[28]/D (DFCNQD2BWP20P90)         0.00       0.36 r
  data arrival time                                   0.36

  clock clk (rise edge)                    0.38       0.38
  clock network delay (ideal)              0.00       0.38
  clock uncertainty                       -0.01       0.37
  prod_reg[28]/CP (DFCNQD2BWP20P90)        0.00       0.37 r
  library setup time                      -0.01       0.36
  data required time                                  0.36
  -----------------------------------------------------------
  data required time                                  0.36
  data arrival time                                  -0.36
  -----------------------------------------------------------
  slack (MET)                                         0.00


  Startpoint: inp_a[13] (input port clocked by clk)
  Endpoint: prod_reg[30]
            (rising edge-triggered flip-flop clocked by clk)
  Path Group: clk
  Path Type: max

  Des/Clust/Port     Wire Load Model       Library
  ------------------------------------------------
  mult               ZeroWireload          N16ADFP_StdCelltt0p8v25c

  Point                                    Incr       Path
  -----------------------------------------------------------
  clock clk (rise edge)                    0.00       0.00
  clock network delay (ideal)              0.00       0.00
  input external delay                     0.01       0.01 f
  inp_a[13] (in)                           0.00       0.01 f
  U185/Z (BUFFD4BWP20P90)                  0.02       0.03 f
  U48/ZN (XNR2D4BWP20P90)                  0.03       0.07 r
  U66/ZN (ND2D4BWP20P90)                   0.02       0.08 f
  U146/ZN (OAI22D1BWP20P90)                0.02       0.10 r
  U423/S (FA1D1BWP20P90)                   0.05       0.15 f
  U37/CO (FA1D1BWP20P90)                   0.03       0.18 f
  U455/CO (FA1D1BWP20P90)                  0.03       0.22 f
  U453/Z (XOR2D1BWP20P90)                  0.02       0.24 r
  U454/Z (XOR2D1BWP20P90)                  0.03       0.26 f
  U459/ZN (NR2D1BWP20P90)                  0.01       0.28 r
  U178/ZN (OAI21D1BWP20P90)                0.02       0.30 f
  U510/ZN (AOI21D2BWP20P90)                0.02       0.31 r
  U511/ZN (OAI21D4BWP20P90)                0.02       0.33 f
  U728/ZN (AOI21D1BWP20P90)                0.02       0.34 r
  U731/Z (XOR2D1BWP20P90)                  0.02       0.36 r
  prod_reg[30]/D (DFCNQD2BWP20P90)         0.00       0.36 r
  data arrival time                                   0.36

  clock clk (rise edge)                    0.38       0.38
  clock network delay (ideal)              0.00       0.38
  clock uncertainty                       -0.01       0.37
  prod_reg[30]/CP (DFCNQD2BWP20P90)        0.00       0.37 r
  library setup time                      -0.01       0.36
  data required time                                  0.36
  -----------------------------------------------------------
  data required time                                  0.36
  data arrival time                                  -0.36
  -----------------------------------------------------------
  slack (MET)                                         0.00


  Startpoint: inp_a[13] (input port clocked by clk)
  Endpoint: prod_reg[29]
            (rising edge-triggered flip-flop clocked by clk)
  Path Group: clk
  Path Type: max

  Des/Clust/Port     Wire Load Model       Library
  ------------------------------------------------
  mult               ZeroWireload          N16ADFP_StdCelltt0p8v25c

  Point                                    Incr       Path
  -----------------------------------------------------------
  clock clk (rise edge)                    0.00       0.00
  clock network delay (ideal)              0.00       0.00
  input external delay                     0.01       0.01 f
  inp_a[13] (in)                           0.00       0.01 f
  U185/Z (BUFFD4BWP20P90)                  0.02       0.03 f
  U48/ZN (XNR2D4BWP20P90)                  0.03       0.07 r
  U66/ZN (ND2D4BWP20P90)                   0.02       0.08 f
  U146/ZN (OAI22D1BWP20P90)                0.02       0.10 r
  U423/S (FA1D1BWP20P90)                   0.05       0.15 f
  U37/CO (FA1D1BWP20P90)                   0.03       0.18 f
  U455/CO (FA1D1BWP20P90)                  0.03       0.22 f
  U453/Z (XOR2D1BWP20P90)                  0.02       0.24 r
  U454/Z (XOR2D1BWP20P90)                  0.03       0.26 f
  U459/ZN (NR2D1BWP20P90)                  0.01       0.28 r
  U178/ZN (OAI21D1BWP20P90)                0.02       0.30 f
  U510/ZN (AOI21D2BWP20P90)                0.02       0.31 r
  U511/ZN (OAI21D4BWP20P90)                0.02       0.33 f
  U736/ZN (AOI21D1BWP20P90)                0.02       0.34 r
  U738/Z (XOR2D1BWP20P90)                  0.02       0.36 r
  prod_reg[29]/D (DFCNQD2BWP20P90)         0.00       0.36 r
  data arrival time                                   0.36

  clock clk (rise edge)                    0.38       0.38
  clock network delay (ideal)              0.00       0.38
  clock uncertainty                       -0.01       0.37
  prod_reg[29]/CP (DFCNQD2BWP20P90)        0.00       0.37 r
  library setup time                      -0.01       0.36
  data required time                                  0.36
  -----------------------------------------------------------
  data required time                                  0.36
  data arrival time                                  -0.36
  -----------------------------------------------------------
  slack (MET)                                         0.00


  Startpoint: inp_a[13] (input port clocked by clk)
  Endpoint: prod_reg[27]
            (rising edge-triggered flip-flop clocked by clk)
  Path Group: clk
  Path Type: max

  Des/Clust/Port     Wire Load Model       Library
  ------------------------------------------------
  mult               ZeroWireload          N16ADFP_StdCelltt0p8v25c

  Point                                    Incr       Path
  -----------------------------------------------------------
  clock clk (rise edge)                    0.00       0.00
  clock network delay (ideal)              0.00       0.00
  input external delay                     0.01       0.01 f
  inp_a[13] (in)                           0.00       0.01 f
  U185/Z (BUFFD4BWP20P90)                  0.02       0.03 f
  U48/ZN (XNR2D4BWP20P90)                  0.03       0.07 r
  U66/ZN (ND2D4BWP20P90)                   0.02       0.08 f
  U146/ZN (OAI22D1BWP20P90)                0.02       0.10 r
  U423/S (FA1D1BWP20P90)                   0.05       0.15 f
  U37/CO (FA1D1BWP20P90)                   0.03       0.18 f
  U455/CO (FA1D1BWP20P90)                  0.03       0.22 f
  U453/Z (XOR2D1BWP20P90)                  0.02       0.24 r
  U454/Z (XOR2D1BWP20P90)                  0.03       0.26 f
  U459/ZN (NR2D1BWP20P90)                  0.01       0.28 r
  U178/ZN (OAI21D1BWP20P90)                0.02       0.30 f
  U510/ZN (AOI21D2BWP20P90)                0.02       0.31 r
  U511/ZN (OAI21D4BWP20P90)                0.02       0.33 f
  U752/ZN (AOI21D1BWP20P90)                0.02       0.34 r
  U754/Z (XOR2D1BWP20P90)                  0.02       0.36 r
  prod_reg[27]/D (DFCNQD2BWP20P90)         0.00       0.36 r
  data arrival time                                   0.36

  clock clk (rise edge)                    0.38       0.38
  clock network delay (ideal)              0.00       0.38
  clock uncertainty                       -0.01       0.37
  prod_reg[27]/CP (DFCNQD2BWP20P90)        0.00       0.37 r
  library setup time                      -0.01       0.36
  data required time                                  0.36
  -----------------------------------------------------------
  data required time                                  0.36
  data arrival time                                  -0.36
  -----------------------------------------------------------
  slack (MET)                                         0.00


  Startpoint: inp_a[13] (input port clocked by clk)
  Endpoint: prod_reg[31]
            (rising edge-triggered flip-flop clocked by clk)
  Path Group: clk
  Path Type: max

  Des/Clust/Port     Wire Load Model       Library
  ------------------------------------------------
  mult               ZeroWireload          N16ADFP_StdCelltt0p8v25c

  Point                                    Incr       Path
  -----------------------------------------------------------
  clock clk (rise edge)                    0.00       0.00
  clock network delay (ideal)              0.00       0.00
  input external delay                     0.01       0.01 f
  inp_a[13] (in)                           0.00       0.01 f
  U185/Z (BUFFD4BWP20P90)                  0.02       0.03 f
  U48/ZN (XNR2D4BWP20P90)                  0.03       0.07 r
  U66/ZN (ND2D4BWP20P90)                   0.02       0.08 f
  U146/ZN (OAI22D1BWP20P90)                0.02       0.10 r
  U423/S (FA1D1BWP20P90)                   0.05       0.15 f
  U37/CO (FA1D1BWP20P90)                   0.03       0.18 f
  U455/CO (FA1D1BWP20P90)                  0.03       0.22 f
  U453/Z (XOR2D1BWP20P90)                  0.02       0.24 r
  U454/Z (XOR2D1BWP20P90)                  0.03       0.26 f
  U459/ZN (NR2D1BWP20P90)                  0.01       0.28 r
  U178/ZN (OAI21D1BWP20P90)                0.02       0.30 f
  U510/ZN (AOI21D2BWP20P90)                0.02       0.31 r
  U511/ZN (OAI21D4BWP20P90)                0.02       0.33 f
  U709/ZN (AOI21D1BWP20P90)                0.02       0.34 r
  U717/Z (XOR2D1BWP20P90)                  0.02       0.36 r
  prod_reg[31]/D (DFCNQD2BWP20P90)         0.00       0.36 r
  data arrival time                                   0.36

  clock clk (rise edge)                    0.38       0.38
  clock network delay (ideal)              0.00       0.38
  clock uncertainty                       -0.01       0.37
  prod_reg[31]/CP (DFCNQD2BWP20P90)        0.00       0.37 r
  library setup time                      -0.01       0.36
  data required time                                  0.36
  -----------------------------------------------------------
  data required time                                  0.36
  data arrival time                                  -0.36
  -----------------------------------------------------------
  slack (MET)                                         0.00


  Startpoint: inp_a[5] (input port clocked by clk)
  Endpoint: prod_reg[22]
            (rising edge-triggered flip-flop clocked by clk)
  Path Group: clk
  Path Type: max

  Des/Clust/Port     Wire Load Model       Library
  ------------------------------------------------
  mult               ZeroWireload          N16ADFP_StdCelltt0p8v25c

  Point                                    Incr       Path
  -----------------------------------------------------------
  clock clk (rise edge)                    0.00       0.00
  clock network delay (ideal)              0.00       0.00
  input external delay                     0.01       0.01 f
  inp_a[5] (in)                            0.01       0.02 f
  U51/Z (CKBD1BWP20P90)                    0.02       0.03 f
  U192/Z (XOR2D1BWP20P90)                  0.02       0.05 r
  U88/ZN (ND2D2BWP20P90)                   0.01       0.06 f
  U81/ZN (CKND2BWP20P90)                   0.01       0.07 r
  U120/ZN (CKND2BWP20P90)                  0.01       0.08 f
  U194/ZN (OAI22D1BWP20P90)                0.02       0.10 r
  U422/S (FA1D1BWP20P90)                   0.05       0.15 f
  U37/CO (FA1D1BWP20P90)                   0.03       0.18 f
  U455/CO (FA1D1BWP20P90)                  0.03       0.22 f
  U453/Z (XOR2D1BWP20P90)                  0.02       0.24 r
  U454/Z (XOR2D1BWP20P90)                  0.03       0.26 f
  U459/ZN (NR2D1BWP20P90)                  0.01       0.28 r
  U178/ZN (OAI21D1BWP20P90)                0.02       0.30 f
  U510/ZN (AOI21D2BWP20P90)                0.02       0.31 r
  U511/ZN (OAI21D4BWP20P90)                0.02       0.33 f
  U35/ZN (AOI21D1BWP20P90)                 0.02       0.34 r
  U775/Z (XOR2D1BWP20P90)                  0.02       0.36 r
  prod_reg[22]/D (DFCNQD2BWP20P90)         0.00       0.36 r
  data arrival time                                   0.36

  clock clk (rise edge)                    0.38       0.38
  clock network delay (ideal)              0.00       0.38
  clock uncertainty                       -0.01       0.37
  prod_reg[22]/CP (DFCNQD2BWP20P90)        0.00       0.37 r
  library setup time                      -0.01       0.36
  data required time                                  0.36
  -----------------------------------------------------------
  data required time                                  0.36
  data arrival time                                  -0.36
  -----------------------------------------------------------
  slack (MET)                                         0.00


  Startpoint: inp_a[13] (input port clocked by clk)
  Endpoint: prod_reg[24]
            (rising edge-triggered flip-flop clocked by clk)
  Path Group: clk
  Path Type: max

  Des/Clust/Port     Wire Load Model       Library
  ------------------------------------------------
  mult               ZeroWireload          N16ADFP_StdCelltt0p8v25c

  Point                                    Incr       Path
  -----------------------------------------------------------
  clock clk (rise edge)                    0.00       0.00
  clock network delay (ideal)              0.00       0.00
  input external delay                     0.01       0.01 f
  inp_a[13] (in)                           0.00       0.01 f
  U185/Z (BUFFD4BWP20P90)                  0.02       0.03 f
  U48/ZN (XNR2D4BWP20P90)                  0.03       0.07 r
  U66/ZN (ND2D4BWP20P90)                   0.02       0.08 f
  U146/ZN (OAI22D1BWP20P90)                0.02       0.10 r
  U423/S (FA1D1BWP20P90)                   0.05       0.15 f
  U37/CO (FA1D1BWP20P90)                   0.03       0.18 f
  U455/CO (FA1D1BWP20P90)                  0.03       0.22 f
  U453/Z (XOR2D1BWP20P90)                  0.02       0.24 r
  U454/Z (XOR2D1BWP20P90)                  0.03       0.26 f
  U459/ZN (NR2D1BWP20P90)                  0.01       0.28 r
  U178/ZN (OAI21D1BWP20P90)                0.02       0.30 f
  U510/ZN (AOI21D2BWP20P90)                0.02       0.31 r
  U511/ZN (OAI21D4BWP20P90)                0.02       0.33 f
  U762/ZN (AOI21D1BWP20P90)                0.02       0.34 r
  U764/Z (XOR2D1BWP20P90)                  0.02       0.36 r
  prod_reg[24]/D (DFCNQD2BWP20P90)         0.00       0.36 r
  data arrival time                                   0.36

  clock clk (rise edge)                    0.38       0.38
  clock network delay (ideal)              0.00       0.38
  clock uncertainty                       -0.01       0.37
  prod_reg[24]/CP (DFCNQD2BWP20P90)        0.00       0.37 r
  library setup time                      -0.01       0.36
  data required time                                  0.36
  -----------------------------------------------------------
  data required time                                  0.36
  data arrival time                                  -0.36
  -----------------------------------------------------------
  slack (MET)                                         0.00


  Startpoint: inp_a[13] (input port clocked by clk)
  Endpoint: prod_reg[21]
            (rising edge-triggered flip-flop clocked by clk)
  Path Group: clk
  Path Type: max

  Des/Clust/Port     Wire Load Model       Library
  ------------------------------------------------
  mult               ZeroWireload          N16ADFP_StdCelltt0p8v25c

  Point                                    Incr       Path
  -----------------------------------------------------------
  clock clk (rise edge)                    0.00       0.00
  clock network delay (ideal)              0.00       0.00
  input external delay                     0.01       0.01 f
  inp_a[13] (in)                           0.00       0.01 f
  U185/Z (BUFFD4BWP20P90)                  0.02       0.03 f
  U48/ZN (XNR2D4BWP20P90)                  0.03       0.07 r
  U66/ZN (ND2D4BWP20P90)                   0.02       0.08 f
  U146/ZN (OAI22D1BWP20P90)                0.02       0.10 r
  U423/S (FA1D1BWP20P90)                   0.05       0.15 f
  U37/CO (FA1D1BWP20P90)                   0.03       0.18 f
  U455/CO (FA1D1BWP20P90)                  0.03       0.22 f
  U453/Z (XOR2D1BWP20P90)                  0.02       0.24 r
  U454/Z (XOR2D1BWP20P90)                  0.03       0.26 f
  U459/ZN (NR2D1BWP20P90)                  0.01       0.28 r
  U178/ZN (OAI21D1BWP20P90)                0.02       0.30 f
  U510/ZN (AOI21D2BWP20P90)                0.02       0.31 r
  U511/ZN (OAI21D4BWP20P90)                0.02       0.33 f
  U778/ZN (AOI21D1BWP20P90)                0.02       0.34 r
  U781/Z (XOR2D1BWP20P90)                  0.02       0.36 r
  prod_reg[21]/D (DFCNQD2BWP20P90)         0.00       0.36 r
  data arrival time                                   0.36

  clock clk (rise edge)                    0.38       0.38
  clock network delay (ideal)              0.00       0.38
  clock uncertainty                       -0.01       0.37
  prod_reg[21]/CP (DFCNQD2BWP20P90)        0.00       0.37 r
  library setup time                      -0.01       0.36
  data required time                                  0.36
  -----------------------------------------------------------
  data required time                                  0.36
  data arrival time                                  -0.36
  -----------------------------------------------------------
  slack (MET)                                         0.00


  Startpoint: inp_a[5] (input port clocked by clk)
  Endpoint: prod_reg[26]
            (rising edge-triggered flip-flop clocked by clk)
  Path Group: clk
  Path Type: max

  Des/Clust/Port     Wire Load Model       Library
  ------------------------------------------------
  mult               ZeroWireload          N16ADFP_StdCelltt0p8v25c

  Point                                    Incr       Path
  -----------------------------------------------------------
  clock clk (rise edge)                    0.00       0.00
  clock network delay (ideal)              0.00       0.00
  input external delay                     0.01       0.01 f
  inp_a[5] (in)                            0.01       0.02 f
  U51/Z (CKBD1BWP20P90)                    0.02       0.03 f
  U192/Z (XOR2D1BWP20P90)                  0.02       0.05 r
  U88/ZN (ND2D2BWP20P90)                   0.01       0.06 f
  U81/ZN (CKND2BWP20P90)                   0.01       0.07 r
  U120/ZN (CKND2BWP20P90)                  0.01       0.08 f
  U194/ZN (OAI22D1BWP20P90)                0.02       0.10 r
  U422/S (FA1D1BWP20P90)                   0.05       0.15 f
  U37/CO (FA1D1BWP20P90)                   0.03       0.18 f
  U455/CO (FA1D1BWP20P90)                  0.03       0.22 f
  U453/Z (XOR2D1BWP20P90)                  0.02       0.24 r
  U454/Z (XOR2D1BWP20P90)                  0.03       0.26 f
  U459/ZN (NR2D1BWP20P90)                  0.01       0.28 r
  U178/ZN (OAI21D1BWP20P90)                0.02       0.30 f
  U510/ZN (AOI21D2BWP20P90)                0.02       0.31 r
  U511/ZN (OAI21D4BWP20P90)                0.02       0.33 f
  U791/ZN (AOI21D1BWP20P90)                0.02       0.34 r
  U794/Z (XOR2D1BWP20P90)                  0.02       0.36 r
  prod_reg[26]/D (DFCNQD2BWP20P90)         0.00       0.36 r
  data arrival time                                   0.36

  clock clk (rise edge)                    0.38       0.38
  clock network delay (ideal)              0.00       0.38
  clock uncertainty                       -0.01       0.37
  prod_reg[26]/CP (DFCNQD2BWP20P90)        0.00       0.37 r
  library setup time                      -0.01       0.36
  data required time                                  0.36
  -----------------------------------------------------------
  data required time                                  0.36
  data arrival time                                  -0.36
  -----------------------------------------------------------
  slack (MET)                                         0.00


  Startpoint: inp_a[5] (input port clocked by clk)
  Endpoint: prod_reg[23]
            (rising edge-triggered flip-flop clocked by clk)
  Path Group: clk
  Path Type: max

  Des/Clust/Port     Wire Load Model       Library
  ------------------------------------------------
  mult               ZeroWireload          N16ADFP_StdCelltt0p8v25c

  Point                                    Incr       Path
  -----------------------------------------------------------
  clock clk (rise edge)                    0.00       0.00
  clock network delay (ideal)              0.00       0.00
  input external delay                     0.01       0.01 f
  inp_a[5] (in)                            0.01       0.02 f
  U51/Z (CKBD1BWP20P90)                    0.02       0.03 f
  U192/Z (XOR2D1BWP20P90)                  0.02       0.05 r
  U88/ZN (ND2D2BWP20P90)                   0.01       0.06 f
  U81/ZN (CKND2BWP20P90)                   0.01       0.07 r
  U120/ZN (CKND2BWP20P90)                  0.01       0.08 f
  U194/ZN (OAI22D1BWP20P90)                0.02       0.10 r
  U422/S (FA1D1BWP20P90)                   0.05       0.15 f
  U37/CO (FA1D1BWP20P90)                   0.03       0.18 f
  U455/CO (FA1D1BWP20P90)                  0.03       0.22 f
  U453/Z (XOR2D1BWP20P90)                  0.02       0.24 r
  U454/Z (XOR2D1BWP20P90)                  0.03       0.26 f
  U459/ZN (NR2D1BWP20P90)                  0.01       0.28 r
  U178/ZN (OAI21D1BWP20P90)                0.02       0.30 f
  U510/ZN (AOI21D2BWP20P90)                0.02       0.31 r
  U511/ZN (OAI21D4BWP20P90)                0.02       0.33 f
  U769/ZN (AOI21D1BWP20P90)                0.02       0.34 r
  U772/Z (XOR2D1BWP20P90)                  0.02       0.36 r
  prod_reg[23]/D (DFCNQD2BWP20P90)         0.00       0.36 r
  data arrival time                                   0.36

  clock clk (rise edge)                    0.38       0.38
  clock network delay (ideal)              0.00       0.38
  clock uncertainty                       -0.01       0.37
  prod_reg[23]/CP (DFCNQD2BWP20P90)        0.00       0.37 r
  library setup time                      -0.01       0.36
  data required time                                  0.36
  -----------------------------------------------------------
  data required time                                  0.36
  data arrival time                                  -0.36
  -----------------------------------------------------------
  slack (MET)                                         0.00


  Startpoint: inp_a[5] (input port clocked by clk)
  Endpoint: prod_reg[25]
            (rising edge-triggered flip-flop clocked by clk)
  Path Group: clk
  Path Type: max

  Des/Clust/Port     Wire Load Model       Library
  ------------------------------------------------
  mult               ZeroWireload          N16ADFP_StdCelltt0p8v25c

  Point                                    Incr       Path
  -----------------------------------------------------------
  clock clk (rise edge)                    0.00       0.00
  clock network delay (ideal)              0.00       0.00
  input external delay                     0.01       0.01 f
  inp_a[5] (in)                            0.01       0.02 f
  U51/Z (CKBD1BWP20P90)                    0.02       0.03 f
  U192/Z (XOR2D1BWP20P90)                  0.02       0.05 r
  U88/ZN (ND2D2BWP20P90)                   0.01       0.06 f
  U81/ZN (CKND2BWP20P90)                   0.01       0.07 r
  U120/ZN (CKND2BWP20P90)                  0.01       0.08 f
  U194/ZN (OAI22D1BWP20P90)                0.02       0.10 r
  U422/S (FA1D1BWP20P90)                   0.05       0.15 f
  U37/CO (FA1D1BWP20P90)                   0.03       0.18 f
  U455/CO (FA1D1BWP20P90)                  0.03       0.22 f
  U453/Z (XOR2D1BWP20P90)                  0.02       0.24 r
  U454/Z (XOR2D1BWP20P90)                  0.03       0.26 f
  U459/ZN (NR2D1BWP20P90)                  0.01       0.28 r
  U178/ZN (OAI21D1BWP20P90)                0.02       0.30 f
  U510/ZN (AOI21D2BWP20P90)                0.02       0.31 r
  U511/ZN (OAI21D4BWP20P90)                0.02       0.33 f
  U757/ZN (AOI21D1BWP20P90)                0.02       0.34 r
  U759/Z (XOR2D1BWP20P90)                  0.02       0.36 r
  prod_reg[25]/D (DFCNQD2BWP20P90)         0.00       0.36 r
  data arrival time                                   0.36

  clock clk (rise edge)                    0.38       0.38
  clock network delay (ideal)              0.00       0.38
  clock uncertainty                       -0.01       0.37
  prod_reg[25]/CP (DFCNQD2BWP20P90)        0.00       0.37 r
  library setup time                      -0.01       0.36
  data required time                                  0.36
  -----------------------------------------------------------
  data required time                                  0.36
  data arrival time                                  -0.36
  -----------------------------------------------------------
  slack (MET)                                         0.00


  Startpoint: inp_a[5] (input port clocked by clk)
  Endpoint: prod_reg[24]
            (rising edge-triggered flip-flop clocked by clk)
  Path Group: clk
  Path Type: max

  Des/Clust/Port     Wire Load Model       Library
  ------------------------------------------------
  mult               ZeroWireload          N16ADFP_StdCelltt0p8v25c

  Point                                    Incr       Path
  -----------------------------------------------------------
  clock clk (rise edge)                    0.00       0.00
  clock network delay (ideal)              0.00       0.00
  input external delay                     0.01       0.01 f
  inp_a[5] (in)                            0.01       0.02 f
  U51/Z (CKBD1BWP20P90)                    0.02       0.03 f
  U192/Z (XOR2D1BWP20P90)                  0.02       0.05 r
  U88/ZN (ND2D2BWP20P90)                   0.01       0.06 f
  U81/ZN (CKND2BWP20P90)                   0.01       0.07 r
  U118/ZN (CKND2BWP20P90)                  0.01       0.08 f
  U329/ZN (OAI22D1BWP20P90)                0.01       0.09 r
  U375/S (FA1D1BWP20P90)                   0.05       0.14 f
  U382/S (FA1D1BWP20P90)                   0.05       0.19 r
  U335/Z (OR2D1BWP20P90)                   0.01       0.20 r
  U374/ZN (AOI21D1BWP20P90)                0.01       0.22 f
  U385/ZN (OAI21D2BWP20P90)                0.01       0.23 r
  U393/ZN (AOI21D2BWP20P90)                0.01       0.25 f
  U398/ZN (OAI21D2BWP20P90)                0.01       0.26 r
  U403/ZN (AOI21D2BWP20P90)                0.01       0.27 f
  U417/ZN (OAI21D2BWP20P90)                0.01       0.29 r
  U421/ZN (AOI21D2BWP20P90)                0.02       0.31 f
  U511/ZN (OAI21D4BWP20P90)                0.02       0.33 r
  U762/ZN (AOI21D1BWP20P90)                0.02       0.34 f
  U764/Z (XOR2D1BWP20P90)                  0.02       0.36 r
  prod_reg[24]/D (DFCNQD2BWP20P90)         0.00       0.36 r
  data arrival time                                   0.36

  clock clk (rise edge)                    0.38       0.38
  clock network delay (ideal)              0.00       0.38
  clock uncertainty                       -0.01       0.37
  prod_reg[24]/CP (DFCNQD2BWP20P90)        0.00       0.37 r
  library setup time                      -0.01       0.36
  data required time                                  0.36
  -----------------------------------------------------------
  data required time                                  0.36
  data arrival time                                  -0.36
  -----------------------------------------------------------
  slack (MET)                                         0.00


  Startpoint: inp_a[5] (input port clocked by clk)
  Endpoint: prod_reg[22]
            (rising edge-triggered flip-flop clocked by clk)
  Path Group: clk
  Path Type: max

  Des/Clust/Port     Wire Load Model       Library
  ------------------------------------------------
  mult               ZeroWireload          N16ADFP_StdCelltt0p8v25c

  Point                                    Incr       Path
  -----------------------------------------------------------
  clock clk (rise edge)                    0.00       0.00
  clock network delay (ideal)              0.00       0.00
  input external delay                     0.01       0.01 f
  inp_a[5] (in)                            0.01       0.02 f
  U51/Z (CKBD1BWP20P90)                    0.02       0.03 f
  U192/Z (XOR2D1BWP20P90)                  0.02       0.05 r
  U88/ZN (ND2D2BWP20P90)                   0.01       0.06 f
  U81/ZN (CKND2BWP20P90)                   0.01       0.07 r
  U118/ZN (CKND2BWP20P90)                  0.01       0.08 f
  U329/ZN (OAI22D1BWP20P90)                0.01       0.09 r
  U375/S (FA1D1BWP20P90)                   0.05       0.14 f
  U382/S (FA1D1BWP20P90)                   0.05       0.19 r
  U335/Z (OR2D1BWP20P90)                   0.01       0.20 r
  U374/ZN (AOI21D1BWP20P90)                0.01       0.22 f
  U385/ZN (OAI21D2BWP20P90)                0.01       0.23 r
  U393/ZN (AOI21D2BWP20P90)                0.01       0.25 f
  U398/ZN (OAI21D2BWP20P90)                0.01       0.26 r
  U403/ZN (AOI21D2BWP20P90)                0.01       0.27 f
  U417/ZN (OAI21D2BWP20P90)                0.01       0.29 r
  U421/ZN (AOI21D2BWP20P90)                0.02       0.31 f
  U511/ZN (OAI21D4BWP20P90)                0.02       0.33 r
  U35/ZN (AOI21D1BWP20P90)                 0.02       0.34 f
  U775/Z (XOR2D1BWP20P90)                  0.02       0.36 r
  prod_reg[22]/D (DFCNQD2BWP20P90)         0.00       0.36 r
  data arrival time                                   0.36

  clock clk (rise edge)                    0.38       0.38
  clock network delay (ideal)              0.00       0.38
  clock uncertainty                       -0.01       0.37
  prod_reg[22]/CP (DFCNQD2BWP20P90)        0.00       0.37 r
  library setup time                      -0.01       0.36
  data required time                                  0.36
  -----------------------------------------------------------
  data required time                                  0.36
  data arrival time                                  -0.36
  -----------------------------------------------------------
  slack (MET)                                         0.00


  Startpoint: inp_a[5] (input port clocked by clk)
  Endpoint: prod_reg[29]
            (rising edge-triggered flip-flop clocked by clk)
  Path Group: clk
  Path Type: max

  Des/Clust/Port     Wire Load Model       Library
  ------------------------------------------------
  mult               ZeroWireload          N16ADFP_StdCelltt0p8v25c

  Point                                    Incr       Path
  -----------------------------------------------------------
  clock clk (rise edge)                    0.00       0.00
  clock network delay (ideal)              0.00       0.00
  input external delay                     0.01       0.01 f
  inp_a[5] (in)                            0.01       0.02 f
  U51/Z (CKBD1BWP20P90)                    0.02       0.03 f
  U192/Z (XOR2D1BWP20P90)                  0.02       0.05 r
  U88/ZN (ND2D2BWP20P90)                   0.01       0.06 f
  U81/ZN (CKND2BWP20P90)                   0.01       0.07 r
  U118/ZN (CKND2BWP20P90)                  0.01       0.08 f
  U329/ZN (OAI22D1BWP20P90)                0.01       0.09 r
  U375/S (FA1D1BWP20P90)                   0.05       0.14 f
  U382/S (FA1D1BWP20P90)                   0.05       0.19 r
  U335/Z (OR2D1BWP20P90)                   0.01       0.20 r
  U374/ZN (AOI21D1BWP20P90)                0.01       0.22 f
  U385/ZN (OAI21D2BWP20P90)                0.01       0.23 r
  U393/ZN (AOI21D2BWP20P90)                0.01       0.25 f
  U398/ZN (OAI21D2BWP20P90)                0.01       0.26 r
  U403/ZN (AOI21D2BWP20P90)                0.01       0.27 f
  U417/ZN (OAI21D2BWP20P90)                0.01       0.29 r
  U421/ZN (AOI21D2BWP20P90)                0.02       0.31 f
  U511/ZN (OAI21D4BWP20P90)                0.02       0.33 r
  U736/ZN (AOI21D1BWP20P90)                0.02       0.34 f
  U738/Z (XOR2D1BWP20P90)                  0.02       0.36 r
  prod_reg[29]/D (DFCNQD2BWP20P90)         0.00       0.36 r
  data arrival time                                   0.36

  clock clk (rise edge)                    0.38       0.38
  clock network delay (ideal)              0.00       0.38
  clock uncertainty                       -0.01       0.37
  prod_reg[29]/CP (DFCNQD2BWP20P90)        0.00       0.37 r
  library setup time                      -0.01       0.36
  data required time                                  0.36
  -----------------------------------------------------------
  data required time                                  0.36
  data arrival time                                  -0.36
  -----------------------------------------------------------
  slack (MET)                                         0.00


  Startpoint: inp_a[5] (input port clocked by clk)
  Endpoint: prod_reg[26]
            (rising edge-triggered flip-flop clocked by clk)
  Path Group: clk
  Path Type: max

  Des/Clust/Port     Wire Load Model       Library
  ------------------------------------------------
  mult               ZeroWireload          N16ADFP_StdCelltt0p8v25c

  Point                                    Incr       Path
  -----------------------------------------------------------
  clock clk (rise edge)                    0.00       0.00
  clock network delay (ideal)              0.00       0.00
  input external delay                     0.01       0.01 f
  inp_a[5] (in)                            0.01       0.02 f
  U51/Z (CKBD1BWP20P90)                    0.02       0.03 f
  U192/Z (XOR2D1BWP20P90)                  0.02       0.05 r
  U88/ZN (ND2D2BWP20P90)                   0.01       0.06 f
  U81/ZN (CKND2BWP20P90)                   0.01       0.07 r
  U118/ZN (CKND2BWP20P90)                  0.01       0.08 f
  U329/ZN (OAI22D1BWP20P90)                0.01       0.09 r
  U375/S (FA1D1BWP20P90)                   0.05       0.14 f
  U382/S (FA1D1BWP20P90)                   0.05       0.19 r
  U335/Z (OR2D1BWP20P90)                   0.01       0.20 r
  U374/ZN (AOI21D1BWP20P90)                0.01       0.22 f
  U385/ZN (OAI21D2BWP20P90)                0.01       0.23 r
  U393/ZN (AOI21D2BWP20P90)                0.01       0.25 f
  U398/ZN (OAI21D2BWP20P90)                0.01       0.26 r
  U403/ZN (AOI21D2BWP20P90)                0.01       0.27 f
  U417/ZN (OAI21D2BWP20P90)                0.01       0.29 r
  U421/ZN (AOI21D2BWP20P90)                0.02       0.31 f
  U511/ZN (OAI21D4BWP20P90)                0.02       0.33 r
  U791/ZN (AOI21D1BWP20P90)                0.02       0.34 f
  U794/Z (XOR2D1BWP20P90)                  0.02       0.36 r
  prod_reg[26]/D (DFCNQD2BWP20P90)         0.00       0.36 r
  data arrival time                                   0.36

  clock clk (rise edge)                    0.38       0.38
  clock network delay (ideal)              0.00       0.38
  clock uncertainty                       -0.01       0.37
  prod_reg[26]/CP (DFCNQD2BWP20P90)        0.00       0.37 r
  library setup time                      -0.01       0.36
  data required time                                  0.36
  -----------------------------------------------------------
  data required time                                  0.36
  data arrival time                                  -0.36
  -----------------------------------------------------------
  slack (MET)                                         0.00


  Startpoint: inp_a[5] (input port clocked by clk)
  Endpoint: prod_reg[21]
            (rising edge-triggered flip-flop clocked by clk)
  Path Group: clk
  Path Type: max

  Des/Clust/Port     Wire Load Model       Library
  ------------------------------------------------
  mult               ZeroWireload          N16ADFP_StdCelltt0p8v25c

  Point                                    Incr       Path
  -----------------------------------------------------------
  clock clk (rise edge)                    0.00       0.00
  clock network delay (ideal)              0.00       0.00
  input external delay                     0.01       0.01 f
  inp_a[5] (in)                            0.01       0.02 f
  U51/Z (CKBD1BWP20P90)                    0.02       0.03 f
  U192/Z (XOR2D1BWP20P90)                  0.02       0.05 r
  U88/ZN (ND2D2BWP20P90)                   0.01       0.06 f
  U81/ZN (CKND2BWP20P90)                   0.01       0.07 r
  U118/ZN (CKND2BWP20P90)                  0.01       0.08 f
  U329/ZN (OAI22D1BWP20P90)                0.01       0.09 r
  U375/S (FA1D1BWP20P90)                   0.05       0.14 f
  U382/S (FA1D1BWP20P90)                   0.05       0.19 r
  U335/Z (OR2D1BWP20P90)                   0.01       0.20 r
  U374/ZN (AOI21D1BWP20P90)                0.01       0.22 f
  U385/ZN (OAI21D2BWP20P90)                0.01       0.23 r
  U393/ZN (AOI21D2BWP20P90)                0.01       0.25 f
  U398/ZN (OAI21D2BWP20P90)                0.01       0.26 r
  U403/ZN (AOI21D2BWP20P90)                0.01       0.27 f
  U417/ZN (OAI21D2BWP20P90)                0.01       0.29 r
  U421/ZN (AOI21D2BWP20P90)                0.02       0.31 f
  U511/ZN (OAI21D4BWP20P90)                0.02       0.33 r
  U778/ZN (AOI21D1BWP20P90)                0.02       0.34 f
  U781/Z (XOR2D1BWP20P90)                  0.02       0.36 r
  prod_reg[21]/D (DFCNQD2BWP20P90)         0.00       0.36 r
  data arrival time                                   0.36

  clock clk (rise edge)                    0.38       0.38
  clock network delay (ideal)              0.00       0.38
  clock uncertainty                       -0.01       0.37
  prod_reg[21]/CP (DFCNQD2BWP20P90)        0.00       0.37 r
  library setup time                      -0.01       0.36
  data required time                                  0.36
  -----------------------------------------------------------
  data required time                                  0.36
  data arrival time                                  -0.36
  -----------------------------------------------------------
  slack (MET)                                         0.00


  Startpoint: inp_a[5] (input port clocked by clk)
  Endpoint: prod_reg[28]
            (rising edge-triggered flip-flop clocked by clk)
  Path Group: clk
  Path Type: max

  Des/Clust/Port     Wire Load Model       Library
  ------------------------------------------------
  mult               ZeroWireload          N16ADFP_StdCelltt0p8v25c

  Point                                    Incr       Path
  -----------------------------------------------------------
  clock clk (rise edge)                    0.00       0.00
  clock network delay (ideal)              0.00       0.00
  input external delay                     0.01       0.01 f
  inp_a[5] (in)                            0.01       0.02 f
  U51/Z (CKBD1BWP20P90)                    0.02       0.03 f
  U192/Z (XOR2D1BWP20P90)                  0.02       0.05 r
  U88/ZN (ND2D2BWP20P90)                   0.01       0.06 f
  U81/ZN (CKND2BWP20P90)                   0.01       0.07 r
  U120/ZN (CKND2BWP20P90)                  0.01       0.08 f
  U194/ZN (OAI22D1BWP20P90)                0.02       0.10 r
  U422/S (FA1D1BWP20P90)                   0.05       0.15 f
  U37/CO (FA1D1BWP20P90)                   0.03       0.18 f
  U455/CO (FA1D1BWP20P90)                  0.03       0.22 f
  U453/Z (XOR2D1BWP20P90)                  0.02       0.24 r
  U454/Z (XOR2D1BWP20P90)                  0.03       0.26 f
  U459/ZN (NR2D1BWP20P90)                  0.01       0.28 r
  U178/ZN (OAI21D1BWP20P90)                0.02       0.30 f
  U510/ZN (AOI21D2BWP20P90)                0.02       0.31 r
  U511/ZN (OAI21D4BWP20P90)                0.02       0.33 f
  U745/ZN (AOI21D1BWP20P90)                0.02       0.34 r
  U747/Z (XOR2D1BWP20P90)                  0.02       0.36 r
  prod_reg[28]/D (DFCNQD2BWP20P90)         0.00       0.36 r
  data arrival time                                   0.36

  clock clk (rise edge)                    0.38       0.38
  clock network delay (ideal)              0.00       0.38
  clock uncertainty                       -0.01       0.37
  prod_reg[28]/CP (DFCNQD2BWP20P90)        0.00       0.37 r
  library setup time                      -0.01       0.36
  data required time                                  0.36
  -----------------------------------------------------------
  data required time                                  0.36
  data arrival time                                  -0.36
  -----------------------------------------------------------
  slack (MET)                                         0.00


  Startpoint: inp_a[5] (input port clocked by clk)
  Endpoint: prod_reg[28]
            (rising edge-triggered flip-flop clocked by clk)
  Path Group: clk
  Path Type: max

  Des/Clust/Port     Wire Load Model       Library
  ------------------------------------------------
  mult               ZeroWireload          N16ADFP_StdCelltt0p8v25c

  Point                                    Incr       Path
  -----------------------------------------------------------
  clock clk (rise edge)                    0.00       0.00
  clock network delay (ideal)              0.00       0.00
  input external delay                     0.01       0.01 f
  inp_a[5] (in)                            0.01       0.02 f
  U51/Z (CKBD1BWP20P90)                    0.02       0.03 f
  U192/Z (XOR2D1BWP20P90)                  0.02       0.05 r
  U88/ZN (ND2D2BWP20P90)                   0.01       0.06 f
  U81/ZN (CKND2BWP20P90)                   0.01       0.07 r
  U118/ZN (CKND2BWP20P90)                  0.01       0.08 f
  U329/ZN (OAI22D1BWP20P90)                0.01       0.09 r
  U375/S (FA1D1BWP20P90)                   0.05       0.14 f
  U382/S (FA1D1BWP20P90)                   0.05       0.19 r
  U335/Z (OR2D1BWP20P90)                   0.01       0.20 r
  U374/ZN (AOI21D1BWP20P90)                0.01       0.22 f
  U385/ZN (OAI21D2BWP20P90)                0.01       0.23 r
  U393/ZN (AOI21D2BWP20P90)                0.01       0.25 f
  U398/ZN (OAI21D2BWP20P90)                0.01       0.26 r
  U403/ZN (AOI21D2BWP20P90)                0.01       0.27 f
  U417/ZN (OAI21D2BWP20P90)                0.01       0.29 r
  U421/ZN (AOI21D2BWP20P90)                0.02       0.31 f
  U511/ZN (OAI21D4BWP20P90)                0.02       0.33 r
  U745/ZN (AOI21D1BWP20P90)                0.02       0.34 f
  U747/Z (XOR2D1BWP20P90)                  0.02       0.36 r
  prod_reg[28]/D (DFCNQD2BWP20P90)         0.00       0.36 r
  data arrival time                                   0.36

  clock clk (rise edge)                    0.38       0.38
  clock network delay (ideal)              0.00       0.38
  clock uncertainty                       -0.01       0.37
  prod_reg[28]/CP (DFCNQD2BWP20P90)        0.00       0.37 r
  library setup time                      -0.01       0.36
  data required time                                  0.36
  -----------------------------------------------------------
  data required time                                  0.36
  data arrival time                                  -0.36
  -----------------------------------------------------------
  slack (MET)                                         0.00


  Startpoint: inp_a[5] (input port clocked by clk)
  Endpoint: prod_reg[27]
            (rising edge-triggered flip-flop clocked by clk)
  Path Group: clk
  Path Type: max

  Des/Clust/Port     Wire Load Model       Library
  ------------------------------------------------
  mult               ZeroWireload          N16ADFP_StdCelltt0p8v25c

  Point                                    Incr       Path
  -----------------------------------------------------------
  clock clk (rise edge)                    0.00       0.00
  clock network delay (ideal)              0.00       0.00
  input external delay                     0.01       0.01 f
  inp_a[5] (in)                            0.01       0.02 f
  U51/Z (CKBD1BWP20P90)                    0.02       0.03 f
  U192/Z (XOR2D1BWP20P90)                  0.02       0.05 r
  U88/ZN (ND2D2BWP20P90)                   0.01       0.06 f
  U81/ZN (CKND2BWP20P90)                   0.01       0.07 r
  U118/ZN (CKND2BWP20P90)                  0.01       0.08 f
  U329/ZN (OAI22D1BWP20P90)                0.01       0.09 r
  U375/S (FA1D1BWP20P90)                   0.05       0.14 f
  U382/S (FA1D1BWP20P90)                   0.05       0.19 r
  U335/Z (OR2D1BWP20P90)                   0.01       0.20 r
  U374/ZN (AOI21D1BWP20P90)                0.01       0.22 f
  U385/ZN (OAI21D2BWP20P90)                0.01       0.23 r
  U393/ZN (AOI21D2BWP20P90)                0.01       0.25 f
  U398/ZN (OAI21D2BWP20P90)                0.01       0.26 r
  U403/ZN (AOI21D2BWP20P90)                0.01       0.27 f
  U417/ZN (OAI21D2BWP20P90)                0.01       0.29 r
  U421/ZN (AOI21D2BWP20P90)                0.02       0.31 f
  U511/ZN (OAI21D4BWP20P90)                0.02       0.33 r
  U752/ZN (AOI21D1BWP20P90)                0.02       0.34 f
  U754/Z (XOR2D1BWP20P90)                  0.02       0.36 r
  prod_reg[27]/D (DFCNQD2BWP20P90)         0.00       0.36 r
  data arrival time                                   0.36

  clock clk (rise edge)                    0.38       0.38
  clock network delay (ideal)              0.00       0.38
  clock uncertainty                       -0.01       0.37
  prod_reg[27]/CP (DFCNQD2BWP20P90)        0.00       0.37 r
  library setup time                      -0.01       0.36
  data required time                                  0.36
  -----------------------------------------------------------
  data required time                                  0.36
  data arrival time                                  -0.36
  -----------------------------------------------------------
  slack (MET)                                         0.00


  Startpoint: inp_a[5] (input port clocked by clk)
  Endpoint: prod_reg[25]
            (rising edge-triggered flip-flop clocked by clk)
  Path Group: clk
  Path Type: max

  Des/Clust/Port     Wire Load Model       Library
  ------------------------------------------------
  mult               ZeroWireload          N16ADFP_StdCelltt0p8v25c

  Point                                    Incr       Path
  -----------------------------------------------------------
  clock clk (rise edge)                    0.00       0.00
  clock network delay (ideal)              0.00       0.00
  input external delay                     0.01       0.01 f
  inp_a[5] (in)                            0.01       0.02 f
  U51/Z (CKBD1BWP20P90)                    0.02       0.03 f
  U192/Z (XOR2D1BWP20P90)                  0.02       0.05 r
  U88/ZN (ND2D2BWP20P90)                   0.01       0.06 f
  U81/ZN (CKND2BWP20P90)                   0.01       0.07 r
  U118/ZN (CKND2BWP20P90)                  0.01       0.08 f
  U329/ZN (OAI22D1BWP20P90)                0.01       0.09 r
  U375/S (FA1D1BWP20P90)                   0.05       0.14 f
  U382/S (FA1D1BWP20P90)                   0.05       0.19 r
  U335/Z (OR2D1BWP20P90)                   0.01       0.20 r
  U374/ZN (AOI21D1BWP20P90)                0.01       0.22 f
  U385/ZN (OAI21D2BWP20P90)                0.01       0.23 r
  U393/ZN (AOI21D2BWP20P90)                0.01       0.25 f
  U398/ZN (OAI21D2BWP20P90)                0.01       0.26 r
  U403/ZN (AOI21D2BWP20P90)                0.01       0.27 f
  U417/ZN (OAI21D2BWP20P90)                0.01       0.29 r
  U421/ZN (AOI21D2BWP20P90)                0.02       0.31 f
  U511/ZN (OAI21D4BWP20P90)                0.02       0.33 r
  U757/ZN (AOI21D1BWP20P90)                0.02       0.34 f
  U759/Z (XOR2D1BWP20P90)                  0.02       0.36 r
  prod_reg[25]/D (DFCNQD2BWP20P90)         0.00       0.36 r
  data arrival time                                   0.36

  clock clk (rise edge)                    0.38       0.38
  clock network delay (ideal)              0.00       0.38
  clock uncertainty                       -0.01       0.37
  prod_reg[25]/CP (DFCNQD2BWP20P90)        0.00       0.37 r
  library setup time                      -0.01       0.36
  data required time                                  0.36
  -----------------------------------------------------------
  data required time                                  0.36
  data arrival time                                  -0.36
  -----------------------------------------------------------
  slack (MET)                                         0.00


  Startpoint: inp_a[5] (input port clocked by clk)
  Endpoint: prod_reg[30]
            (rising edge-triggered flip-flop clocked by clk)
  Path Group: clk
  Path Type: max

  Des/Clust/Port     Wire Load Model       Library
  ------------------------------------------------
  mult               ZeroWireload          N16ADFP_StdCelltt0p8v25c

  Point                                    Incr       Path
  -----------------------------------------------------------
  clock clk (rise edge)                    0.00       0.00
  clock network delay (ideal)              0.00       0.00
  input external delay                     0.01       0.01 f
  inp_a[5] (in)                            0.01       0.02 f
  U51/Z (CKBD1BWP20P90)                    0.02       0.03 f
  U192/Z (XOR2D1BWP20P90)                  0.02       0.05 r
  U88/ZN (ND2D2BWP20P90)                   0.01       0.06 f
  U81/ZN (CKND2BWP20P90)                   0.01       0.07 r
  U118/ZN (CKND2BWP20P90)                  0.01       0.08 f
  U329/ZN (OAI22D1BWP20P90)                0.01       0.09 r
  U375/S (FA1D1BWP20P90)                   0.05       0.14 f
  U382/S (FA1D1BWP20P90)                   0.05       0.19 r
  U335/Z (OR2D1BWP20P90)                   0.01       0.20 r
  U374/ZN (AOI21D1BWP20P90)                0.01       0.22 f
  U385/ZN (OAI21D2BWP20P90)                0.01       0.23 r
  U393/ZN (AOI21D2BWP20P90)                0.01       0.25 f
  U398/ZN (OAI21D2BWP20P90)                0.01       0.26 r
  U403/ZN (AOI21D2BWP20P90)                0.01       0.27 f
  U417/ZN (OAI21D2BWP20P90)                0.01       0.29 r
  U421/ZN (AOI21D2BWP20P90)                0.02       0.31 f
  U511/ZN (OAI21D4BWP20P90)                0.02       0.33 r
  U728/ZN (AOI21D1BWP20P90)                0.02       0.34 f
  U731/Z (XOR2D1BWP20P90)                  0.02       0.36 r
  prod_reg[30]/D (DFCNQD2BWP20P90)         0.00       0.36 r
  data arrival time                                   0.36

  clock clk (rise edge)                    0.38       0.38
  clock network delay (ideal)              0.00       0.38
  clock uncertainty                       -0.01       0.37
  prod_reg[30]/CP (DFCNQD2BWP20P90)        0.00       0.37 r
  library setup time                      -0.01       0.36
  data required time                                  0.36
  -----------------------------------------------------------
  data required time                                  0.36
  data arrival time                                  -0.36
  -----------------------------------------------------------
  slack (MET)                                         0.00


  Startpoint: inp_a[5] (input port clocked by clk)
  Endpoint: prod_reg[23]
            (rising edge-triggered flip-flop clocked by clk)
  Path Group: clk
  Path Type: max

  Des/Clust/Port     Wire Load Model       Library
  ------------------------------------------------
  mult               ZeroWireload          N16ADFP_StdCelltt0p8v25c

  Point                                    Incr       Path
  -----------------------------------------------------------
  clock clk (rise edge)                    0.00       0.00
  clock network delay (ideal)              0.00       0.00
  input external delay                     0.01       0.01 f
  inp_a[5] (in)                            0.01       0.02 f
  U51/Z (CKBD1BWP20P90)                    0.02       0.03 f
  U192/Z (XOR2D1BWP20P90)                  0.02       0.05 r
  U88/ZN (ND2D2BWP20P90)                   0.01       0.06 f
  U81/ZN (CKND2BWP20P90)                   0.01       0.07 r
  U118/ZN (CKND2BWP20P90)                  0.01       0.08 f
  U329/ZN (OAI22D1BWP20P90)                0.01       0.09 r
  U375/S (FA1D1BWP20P90)                   0.05       0.14 f
  U382/S (FA1D1BWP20P90)                   0.05       0.19 r
  U335/Z (OR2D1BWP20P90)                   0.01       0.20 r
  U374/ZN (AOI21D1BWP20P90)                0.01       0.22 f
  U385/ZN (OAI21D2BWP20P90)                0.01       0.23 r
  U393/ZN (AOI21D2BWP20P90)                0.01       0.25 f
  U398/ZN (OAI21D2BWP20P90)                0.01       0.26 r
  U403/ZN (AOI21D2BWP20P90)                0.01       0.27 f
  U417/ZN (OAI21D2BWP20P90)                0.01       0.29 r
  U421/ZN (AOI21D2BWP20P90)                0.02       0.31 f
  U511/ZN (OAI21D4BWP20P90)                0.02       0.33 r
  U769/ZN (AOI21D1BWP20P90)                0.02       0.34 f
  U772/Z (XOR2D1BWP20P90)                  0.02       0.36 r
  prod_reg[23]/D (DFCNQD2BWP20P90)         0.00       0.36 r
  data arrival time                                   0.36

  clock clk (rise edge)                    0.38       0.38
  clock network delay (ideal)              0.00       0.38
  clock uncertainty                       -0.01       0.37
  prod_reg[23]/CP (DFCNQD2BWP20P90)        0.00       0.37 r
  library setup time                      -0.01       0.36
  data required time                                  0.36
  -----------------------------------------------------------
  data required time                                  0.36
  data arrival time                                  -0.36
  -----------------------------------------------------------
  slack (MET)                                         0.00


  Startpoint: inp_a[5] (input port clocked by clk)
  Endpoint: prod_reg[30]
            (rising edge-triggered flip-flop clocked by clk)
  Path Group: clk
  Path Type: max

  Des/Clust/Port     Wire Load Model       Library
  ------------------------------------------------
  mult               ZeroWireload          N16ADFP_StdCelltt0p8v25c

  Point                                    Incr       Path
  -----------------------------------------------------------
  clock clk (rise edge)                    0.00       0.00
  clock network delay (ideal)              0.00       0.00
  input external delay                     0.01       0.01 f
  inp_a[5] (in)                            0.01       0.02 f
  U51/Z (CKBD1BWP20P90)                    0.02       0.03 f
  U192/Z (XOR2D1BWP20P90)                  0.02       0.05 r
  U88/ZN (ND2D2BWP20P90)                   0.01       0.06 f
  U81/ZN (CKND2BWP20P90)                   0.01       0.07 r
  U120/ZN (CKND2BWP20P90)                  0.01       0.08 f
  U194/ZN (OAI22D1BWP20P90)                0.02       0.10 r
  U422/S (FA1D1BWP20P90)                   0.05       0.15 f
  U37/CO (FA1D1BWP20P90)                   0.03       0.18 f
  U455/CO (FA1D1BWP20P90)                  0.03       0.22 f
  U453/Z (XOR2D1BWP20P90)                  0.02       0.24 r
  U454/Z (XOR2D1BWP20P90)                  0.03       0.26 f
  U459/ZN (NR2D1BWP20P90)                  0.01       0.28 r
  U178/ZN (OAI21D1BWP20P90)                0.02       0.30 f
  U510/ZN (AOI21D2BWP20P90)                0.02       0.31 r
  U511/ZN (OAI21D4BWP20P90)                0.02       0.33 f
  U728/ZN (AOI21D1BWP20P90)                0.02       0.34 r
  U731/Z (XOR2D1BWP20P90)                  0.02       0.36 r
  prod_reg[30]/D (DFCNQD2BWP20P90)         0.00       0.36 r
  data arrival time                                   0.36

  clock clk (rise edge)                    0.38       0.38
  clock network delay (ideal)              0.00       0.38
  clock uncertainty                       -0.01       0.37
  prod_reg[30]/CP (DFCNQD2BWP20P90)        0.00       0.37 r
  library setup time                      -0.01       0.36
  data required time                                  0.36
  -----------------------------------------------------------
  data required time                                  0.36
  data arrival time                                  -0.36
  -----------------------------------------------------------
  slack (MET)                                         0.00


  Startpoint: inp_a[5] (input port clocked by clk)
  Endpoint: prod_reg[31]
            (rising edge-triggered flip-flop clocked by clk)
  Path Group: clk
  Path Type: max

  Des/Clust/Port     Wire Load Model       Library
  ------------------------------------------------
  mult               ZeroWireload          N16ADFP_StdCelltt0p8v25c

  Point                                    Incr       Path
  -----------------------------------------------------------
  clock clk (rise edge)                    0.00       0.00
  clock network delay (ideal)              0.00       0.00
  input external delay                     0.01       0.01 f
  inp_a[5] (in)                            0.01       0.02 f
  U51/Z (CKBD1BWP20P90)                    0.02       0.03 f
  U192/Z (XOR2D1BWP20P90)                  0.02       0.05 r
  U88/ZN (ND2D2BWP20P90)                   0.01       0.06 f
  U81/ZN (CKND2BWP20P90)                   0.01       0.07 r
  U118/ZN (CKND2BWP20P90)                  0.01       0.08 f
  U329/ZN (OAI22D1BWP20P90)                0.01       0.09 r
  U375/S (FA1D1BWP20P90)                   0.05       0.14 f
  U382/S (FA1D1BWP20P90)                   0.05       0.19 r
  U335/Z (OR2D1BWP20P90)                   0.01       0.20 r
  U374/ZN (AOI21D1BWP20P90)                0.01       0.22 f
  U385/ZN (OAI21D2BWP20P90)                0.01       0.23 r
  U393/ZN (AOI21D2BWP20P90)                0.01       0.25 f
  U398/ZN (OAI21D2BWP20P90)                0.01       0.26 r
  U403/ZN (AOI21D2BWP20P90)                0.01       0.27 f
  U417/ZN (OAI21D2BWP20P90)                0.01       0.29 r
  U421/ZN (AOI21D2BWP20P90)                0.02       0.31 f
  U511/ZN (OAI21D4BWP20P90)                0.02       0.33 r
  U709/ZN (AOI21D1BWP20P90)                0.02       0.34 f
  U717/Z (XOR2D1BWP20P90)                  0.02       0.36 r
  prod_reg[31]/D (DFCNQD2BWP20P90)         0.00       0.36 r
  data arrival time                                   0.36

  clock clk (rise edge)                    0.38       0.38
  clock network delay (ideal)              0.00       0.38
  clock uncertainty                       -0.01       0.37
  prod_reg[31]/CP (DFCNQD2BWP20P90)        0.00       0.37 r
  library setup time                      -0.01       0.36
  data required time                                  0.36
  -----------------------------------------------------------
  data required time                                  0.36
  data arrival time                                  -0.36
  -----------------------------------------------------------
  slack (MET)                                         0.00


  Startpoint: inp_a[5] (input port clocked by clk)
  Endpoint: prod_reg[29]
            (rising edge-triggered flip-flop clocked by clk)
  Path Group: clk
  Path Type: max

  Des/Clust/Port     Wire Load Model       Library
  ------------------------------------------------
  mult               ZeroWireload          N16ADFP_StdCelltt0p8v25c

  Point                                    Incr       Path
  -----------------------------------------------------------
  clock clk (rise edge)                    0.00       0.00
  clock network delay (ideal)              0.00       0.00
  input external delay                     0.01       0.01 f
  inp_a[5] (in)                            0.01       0.02 f
  U51/Z (CKBD1BWP20P90)                    0.02       0.03 f
  U192/Z (XOR2D1BWP20P90)                  0.02       0.05 r
  U88/ZN (ND2D2BWP20P90)                   0.01       0.06 f
  U81/ZN (CKND2BWP20P90)                   0.01       0.07 r
  U120/ZN (CKND2BWP20P90)                  0.01       0.08 f
  U194/ZN (OAI22D1BWP20P90)                0.02       0.10 r
  U422/S (FA1D1BWP20P90)                   0.05       0.15 f
  U37/CO (FA1D1BWP20P90)                   0.03       0.18 f
  U455/CO (FA1D1BWP20P90)                  0.03       0.22 f
  U453/Z (XOR2D1BWP20P90)                  0.02       0.24 r
  U454/Z (XOR2D1BWP20P90)                  0.03       0.26 f
  U459/ZN (NR2D1BWP20P90)                  0.01       0.28 r
  U178/ZN (OAI21D1BWP20P90)                0.02       0.30 f
  U510/ZN (AOI21D2BWP20P90)                0.02       0.31 r
  U511/ZN (OAI21D4BWP20P90)                0.02       0.33 f
  U736/ZN (AOI21D1BWP20P90)                0.02       0.34 r
  U738/Z (XOR2D1BWP20P90)                  0.02       0.36 r
  prod_reg[29]/D (DFCNQD2BWP20P90)         0.00       0.36 r
  data arrival time                                   0.36

  clock clk (rise edge)                    0.38       0.38
  clock network delay (ideal)              0.00       0.38
  clock uncertainty                       -0.01       0.37
  prod_reg[29]/CP (DFCNQD2BWP20P90)        0.00       0.37 r
  library setup time                      -0.01       0.36
  data required time                                  0.36
  -----------------------------------------------------------
  data required time                                  0.36
  data arrival time                                  -0.36
  -----------------------------------------------------------
  slack (MET)                                         0.00


  Startpoint: inp_a[5] (input port clocked by clk)
  Endpoint: prod_reg[27]
            (rising edge-triggered flip-flop clocked by clk)
  Path Group: clk
  Path Type: max

  Des/Clust/Port     Wire Load Model       Library
  ------------------------------------------------
  mult               ZeroWireload          N16ADFP_StdCelltt0p8v25c

  Point                                    Incr       Path
  -----------------------------------------------------------
  clock clk (rise edge)                    0.00       0.00
  clock network delay (ideal)              0.00       0.00
  input external delay                     0.01       0.01 f
  inp_a[5] (in)                            0.01       0.02 f
  U51/Z (CKBD1BWP20P90)                    0.02       0.03 f
  U192/Z (XOR2D1BWP20P90)                  0.02       0.05 r
  U88/ZN (ND2D2BWP20P90)                   0.01       0.06 f
  U81/ZN (CKND2BWP20P90)                   0.01       0.07 r
  U120/ZN (CKND2BWP20P90)                  0.01       0.08 f
  U194/ZN (OAI22D1BWP20P90)                0.02       0.10 r
  U422/S (FA1D1BWP20P90)                   0.05       0.15 f
  U37/CO (FA1D1BWP20P90)                   0.03       0.18 f
  U455/CO (FA1D1BWP20P90)                  0.03       0.22 f
  U453/Z (XOR2D1BWP20P90)                  0.02       0.24 r
  U454/Z (XOR2D1BWP20P90)                  0.03       0.26 f
  U459/ZN (NR2D1BWP20P90)                  0.01       0.28 r
  U178/ZN (OAI21D1BWP20P90)                0.02       0.30 f
  U510/ZN (AOI21D2BWP20P90)                0.02       0.31 r
  U511/ZN (OAI21D4BWP20P90)                0.02       0.33 f
  U752/ZN (AOI21D1BWP20P90)                0.02       0.34 r
  U754/Z (XOR2D1BWP20P90)                  0.02       0.36 r
  prod_reg[27]/D (DFCNQD2BWP20P90)         0.00       0.36 r
  data arrival time                                   0.36

  clock clk (rise edge)                    0.38       0.38
  clock network delay (ideal)              0.00       0.38
  clock uncertainty                       -0.01       0.37
  prod_reg[27]/CP (DFCNQD2BWP20P90)        0.00       0.37 r
  library setup time                      -0.01       0.36
  data required time                                  0.36
  -----------------------------------------------------------
  data required time                                  0.36
  data arrival time                                  -0.36
  -----------------------------------------------------------
  slack (MET)                                         0.00


  Startpoint: inp_a[5] (input port clocked by clk)
  Endpoint: prod_reg[31]
            (rising edge-triggered flip-flop clocked by clk)
  Path Group: clk
  Path Type: max

  Des/Clust/Port     Wire Load Model       Library
  ------------------------------------------------
  mult               ZeroWireload          N16ADFP_StdCelltt0p8v25c

  Point                                    Incr       Path
  -----------------------------------------------------------
  clock clk (rise edge)                    0.00       0.00
  clock network delay (ideal)              0.00       0.00
  input external delay                     0.01       0.01 f
  inp_a[5] (in)                            0.01       0.02 f
  U51/Z (CKBD1BWP20P90)                    0.02       0.03 f
  U192/Z (XOR2D1BWP20P90)                  0.02       0.05 r
  U88/ZN (ND2D2BWP20P90)                   0.01       0.06 f
  U81/ZN (CKND2BWP20P90)                   0.01       0.07 r
  U120/ZN (CKND2BWP20P90)                  0.01       0.08 f
  U194/ZN (OAI22D1BWP20P90)                0.02       0.10 r
  U422/S (FA1D1BWP20P90)                   0.05       0.15 f
  U37/CO (FA1D1BWP20P90)                   0.03       0.18 f
  U455/CO (FA1D1BWP20P90)                  0.03       0.22 f
  U453/Z (XOR2D1BWP20P90)                  0.02       0.24 r
  U454/Z (XOR2D1BWP20P90)                  0.03       0.26 f
  U459/ZN (NR2D1BWP20P90)                  0.01       0.28 r
  U178/ZN (OAI21D1BWP20P90)                0.02       0.30 f
  U510/ZN (AOI21D2BWP20P90)                0.02       0.31 r
  U511/ZN (OAI21D4BWP20P90)                0.02       0.33 f
  U709/ZN (AOI21D1BWP20P90)                0.02       0.34 r
  U717/Z (XOR2D1BWP20P90)                  0.02       0.36 r
  prod_reg[31]/D (DFCNQD2BWP20P90)         0.00       0.36 r
  data arrival time                                   0.36

  clock clk (rise edge)                    0.38       0.38
  clock network delay (ideal)              0.00       0.38
  clock uncertainty                       -0.01       0.37
  prod_reg[31]/CP (DFCNQD2BWP20P90)        0.00       0.37 r
  library setup time                      -0.01       0.36
  data required time                                  0.36
  -----------------------------------------------------------
  data required time                                  0.36
  data arrival time                                  -0.36
  -----------------------------------------------------------
  slack (MET)                                         0.00


  Startpoint: inp_a[9] (input port clocked by clk)
  Endpoint: prod_reg[24]
            (rising edge-triggered flip-flop clocked by clk)
  Path Group: clk
  Path Type: max

  Des/Clust/Port     Wire Load Model       Library
  ------------------------------------------------
  mult               ZeroWireload          N16ADFP_StdCelltt0p8v25c

  Point                                    Incr       Path
  -----------------------------------------------------------
  clock clk (rise edge)                    0.00       0.00
  clock network delay (ideal)              0.00       0.00
  input external delay                     0.01       0.01 r
  inp_a[9] (in)                            0.01       0.02 r
  U152/Z (XOR2D1BWP20P90)                  0.02       0.04 f
  U41/ZN (INVD1BWP20P90)                   0.03       0.07 r
  U235/ZN (OAI22D1BWP20P90)                0.03       0.10 f
  U250/S (FA1D1BWP20P90)                   0.05       0.15 r
  U269/S (FA1D1BWP20P90)                   0.05       0.20 f
  U404/S (FA1D1BWP20P90)                   0.05       0.25 r
  U159/Z (OR2D1BWP20P90)                   0.02       0.26 r
  U411/ZN (ND2D1BWP20P90)                  0.01       0.27 f
  U417/ZN (OAI21D2BWP20P90)                0.01       0.29 r
  U421/ZN (AOI21D2BWP20P90)                0.02       0.31 f
  U511/ZN (OAI21D4BWP20P90)                0.02       0.33 r
  U762/ZN (AOI21D1BWP20P90)                0.02       0.34 f
  U764/Z (XOR2D1BWP20P90)                  0.02       0.36 r
  prod_reg[24]/D (DFCNQD2BWP20P90)         0.00       0.36 r
  data arrival time                                   0.36

  clock clk (rise edge)                    0.38       0.38
  clock network delay (ideal)              0.00       0.38
  clock uncertainty                       -0.01       0.37
  prod_reg[24]/CP (DFCNQD2BWP20P90)        0.00       0.37 r
  library setup time                      -0.01       0.36
  data required time                                  0.36
  -----------------------------------------------------------
  data required time                                  0.36
  data arrival time                                  -0.36
  -----------------------------------------------------------
  slack (MET)                                         0.00


  Startpoint: inp_a[9] (input port clocked by clk)
  Endpoint: prod_reg[22]
            (rising edge-triggered flip-flop clocked by clk)
  Path Group: clk
  Path Type: max

  Des/Clust/Port     Wire Load Model       Library
  ------------------------------------------------
  mult               ZeroWireload          N16ADFP_StdCelltt0p8v25c

  Point                                    Incr       Path
  -----------------------------------------------------------
  clock clk (rise edge)                    0.00       0.00
  clock network delay (ideal)              0.00       0.00
  input external delay                     0.01       0.01 r
  inp_a[9] (in)                            0.01       0.02 r
  U152/Z (XOR2D1BWP20P90)                  0.02       0.04 f
  U41/ZN (INVD1BWP20P90)                   0.03       0.07 r
  U235/ZN (OAI22D1BWP20P90)                0.03       0.10 f
  U250/S (FA1D1BWP20P90)                   0.05       0.15 r
  U269/S (FA1D1BWP20P90)                   0.05       0.20 f
  U404/S (FA1D1BWP20P90)                   0.05       0.25 r
  U159/Z (OR2D1BWP20P90)                   0.02       0.26 r
  U411/ZN (ND2D1BWP20P90)                  0.01       0.27 f
  U417/ZN (OAI21D2BWP20P90)                0.01       0.29 r
  U421/ZN (AOI21D2BWP20P90)                0.02       0.31 f
  U511/ZN (OAI21D4BWP20P90)                0.02       0.33 r
  U35/ZN (AOI21D1BWP20P90)                 0.02       0.34 f
  U775/Z (XOR2D1BWP20P90)                  0.02       0.36 r
  prod_reg[22]/D (DFCNQD2BWP20P90)         0.00       0.36 r
  data arrival time                                   0.36

  clock clk (rise edge)                    0.38       0.38
  clock network delay (ideal)              0.00       0.38
  clock uncertainty                       -0.01       0.37
  prod_reg[22]/CP (DFCNQD2BWP20P90)        0.00       0.37 r
  library setup time                      -0.01       0.36
  data required time                                  0.36
  -----------------------------------------------------------
  data required time                                  0.36
  data arrival time                                  -0.36
  -----------------------------------------------------------
  slack (MET)                                         0.00


  Startpoint: inp_a[9] (input port clocked by clk)
  Endpoint: prod_reg[29]
            (rising edge-triggered flip-flop clocked by clk)
  Path Group: clk
  Path Type: max

  Des/Clust/Port     Wire Load Model       Library
  ------------------------------------------------
  mult               ZeroWireload          N16ADFP_StdCelltt0p8v25c

  Point                                    Incr       Path
  -----------------------------------------------------------
  clock clk (rise edge)                    0.00       0.00
  clock network delay (ideal)              0.00       0.00
  input external delay                     0.01       0.01 r
  inp_a[9] (in)                            0.01       0.02 r
  U152/Z (XOR2D1BWP20P90)                  0.02       0.04 f
  U41/ZN (INVD1BWP20P90)                   0.03       0.07 r
  U235/ZN (OAI22D1BWP20P90)                0.03       0.10 f
  U250/S (FA1D1BWP20P90)                   0.05       0.15 r
  U269/S (FA1D1BWP20P90)                   0.05       0.20 f
  U404/S (FA1D1BWP20P90)                   0.05       0.25 r
  U159/Z (OR2D1BWP20P90)                   0.02       0.26 r
  U411/ZN (ND2D1BWP20P90)                  0.01       0.27 f
  U417/ZN (OAI21D2BWP20P90)                0.01       0.29 r
  U421/ZN (AOI21D2BWP20P90)                0.02       0.31 f
  U511/ZN (OAI21D4BWP20P90)                0.02       0.33 r
  U736/ZN (AOI21D1BWP20P90)                0.02       0.34 f
  U738/Z (XOR2D1BWP20P90)                  0.02       0.36 r
  prod_reg[29]/D (DFCNQD2BWP20P90)         0.00       0.36 r
  data arrival time                                   0.36

  clock clk (rise edge)                    0.38       0.38
  clock network delay (ideal)              0.00       0.38
  clock uncertainty                       -0.01       0.37
  prod_reg[29]/CP (DFCNQD2BWP20P90)        0.00       0.37 r
  library setup time                      -0.01       0.36
  data required time                                  0.36
  -----------------------------------------------------------
  data required time                                  0.36
  data arrival time                                  -0.36
  -----------------------------------------------------------
  slack (MET)                                         0.00


  Startpoint: inp_a[9] (input port clocked by clk)
  Endpoint: prod_reg[26]
            (rising edge-triggered flip-flop clocked by clk)
  Path Group: clk
  Path Type: max

  Des/Clust/Port     Wire Load Model       Library
  ------------------------------------------------
  mult               ZeroWireload          N16ADFP_StdCelltt0p8v25c

  Point                                    Incr       Path
  -----------------------------------------------------------
  clock clk (rise edge)                    0.00       0.00
  clock network delay (ideal)              0.00       0.00
  input external delay                     0.01       0.01 r
  inp_a[9] (in)                            0.01       0.02 r
  U152/Z (XOR2D1BWP20P90)                  0.02       0.04 f
  U41/ZN (INVD1BWP20P90)                   0.03       0.07 r
  U235/ZN (OAI22D1BWP20P90)                0.03       0.10 f
  U250/S (FA1D1BWP20P90)                   0.05       0.15 r
  U269/S (FA1D1BWP20P90)                   0.05       0.20 f
  U404/S (FA1D1BWP20P90)                   0.05       0.25 r
  U159/Z (OR2D1BWP20P90)                   0.02       0.26 r
  U411/ZN (ND2D1BWP20P90)                  0.01       0.27 f
  U417/ZN (OAI21D2BWP20P90)                0.01       0.29 r
  U421/ZN (AOI21D2BWP20P90)                0.02       0.31 f
  U511/ZN (OAI21D4BWP20P90)                0.02       0.33 r
  U791/ZN (AOI21D1BWP20P90)                0.02       0.34 f
  U794/Z (XOR2D1BWP20P90)                  0.02       0.36 r
  prod_reg[26]/D (DFCNQD2BWP20P90)         0.00       0.36 r
  data arrival time                                   0.36

  clock clk (rise edge)                    0.38       0.38
  clock network delay (ideal)              0.00       0.38
  clock uncertainty                       -0.01       0.37
  prod_reg[26]/CP (DFCNQD2BWP20P90)        0.00       0.37 r
  library setup time                      -0.01       0.36
  data required time                                  0.36
  -----------------------------------------------------------
  data required time                                  0.36
  data arrival time                                  -0.36
  -----------------------------------------------------------
  slack (MET)                                         0.00


  Startpoint: inp_a[9] (input port clocked by clk)
  Endpoint: prod_reg[21]
            (rising edge-triggered flip-flop clocked by clk)
  Path Group: clk
  Path Type: max

  Des/Clust/Port     Wire Load Model       Library
  ------------------------------------------------
  mult               ZeroWireload          N16ADFP_StdCelltt0p8v25c

  Point                                    Incr       Path
  -----------------------------------------------------------
  clock clk (rise edge)                    0.00       0.00
  clock network delay (ideal)              0.00       0.00
  input external delay                     0.01       0.01 r
  inp_a[9] (in)                            0.01       0.02 r
  U152/Z (XOR2D1BWP20P90)                  0.02       0.04 f
  U41/ZN (INVD1BWP20P90)                   0.03       0.07 r
  U235/ZN (OAI22D1BWP20P90)                0.03       0.10 f
  U250/S (FA1D1BWP20P90)                   0.05       0.15 r
  U269/S (FA1D1BWP20P90)                   0.05       0.20 f
  U404/S (FA1D1BWP20P90)                   0.05       0.25 r
  U159/Z (OR2D1BWP20P90)                   0.02       0.26 r
  U411/ZN (ND2D1BWP20P90)                  0.01       0.27 f
  U417/ZN (OAI21D2BWP20P90)                0.01       0.29 r
  U421/ZN (AOI21D2BWP20P90)                0.02       0.31 f
  U511/ZN (OAI21D4BWP20P90)                0.02       0.33 r
  U778/ZN (AOI21D1BWP20P90)                0.02       0.34 f
  U781/Z (XOR2D1BWP20P90)                  0.02       0.36 r
  prod_reg[21]/D (DFCNQD2BWP20P90)         0.00       0.36 r
  data arrival time                                   0.36

  clock clk (rise edge)                    0.38       0.38
  clock network delay (ideal)              0.00       0.38
  clock uncertainty                       -0.01       0.37
  prod_reg[21]/CP (DFCNQD2BWP20P90)        0.00       0.37 r
  library setup time                      -0.01       0.36
  data required time                                  0.36
  -----------------------------------------------------------
  data required time                                  0.36
  data arrival time                                  -0.36
  -----------------------------------------------------------
  slack (MET)                                         0.00


  Startpoint: inp_a[9] (input port clocked by clk)
  Endpoint: prod_reg[28]
            (rising edge-triggered flip-flop clocked by clk)
  Path Group: clk
  Path Type: max

  Des/Clust/Port     Wire Load Model       Library
  ------------------------------------------------
  mult               ZeroWireload          N16ADFP_StdCelltt0p8v25c

  Point                                    Incr       Path
  -----------------------------------------------------------
  clock clk (rise edge)                    0.00       0.00
  clock network delay (ideal)              0.00       0.00
  input external delay                     0.01       0.01 r
  inp_a[9] (in)                            0.01       0.02 r
  U152/Z (XOR2D1BWP20P90)                  0.02       0.04 f
  U41/ZN (INVD1BWP20P90)                   0.03       0.07 r
  U235/ZN (OAI22D1BWP20P90)                0.03       0.10 f
  U250/S (FA1D1BWP20P90)                   0.05       0.15 r
  U269/S (FA1D1BWP20P90)                   0.05       0.20 f
  U404/S (FA1D1BWP20P90)                   0.05       0.25 r
  U159/Z (OR2D1BWP20P90)                   0.02       0.26 r
  U411/ZN (ND2D1BWP20P90)                  0.01       0.27 f
  U417/ZN (OAI21D2BWP20P90)                0.01       0.29 r
  U421/ZN (AOI21D2BWP20P90)                0.02       0.31 f
  U511/ZN (OAI21D4BWP20P90)                0.02       0.33 r
  U745/ZN (AOI21D1BWP20P90)                0.02       0.34 f
  U747/Z (XOR2D1BWP20P90)                  0.02       0.36 r
  prod_reg[28]/D (DFCNQD2BWP20P90)         0.00       0.36 r
  data arrival time                                   0.36

  clock clk (rise edge)                    0.38       0.38
  clock network delay (ideal)              0.00       0.38
  clock uncertainty                       -0.01       0.37
  prod_reg[28]/CP (DFCNQD2BWP20P90)        0.00       0.37 r
  library setup time                      -0.01       0.36
  data required time                                  0.36
  -----------------------------------------------------------
  data required time                                  0.36
  data arrival time                                  -0.36
  -----------------------------------------------------------
  slack (MET)                                         0.00


  Startpoint: inp_a[9] (input port clocked by clk)
  Endpoint: prod_reg[27]
            (rising edge-triggered flip-flop clocked by clk)
  Path Group: clk
  Path Type: max

  Des/Clust/Port     Wire Load Model       Library
  ------------------------------------------------
  mult               ZeroWireload          N16ADFP_StdCelltt0p8v25c

  Point                                    Incr       Path
  -----------------------------------------------------------
  clock clk (rise edge)                    0.00       0.00
  clock network delay (ideal)              0.00       0.00
  input external delay                     0.01       0.01 r
  inp_a[9] (in)                            0.01       0.02 r
  U152/Z (XOR2D1BWP20P90)                  0.02       0.04 f
  U41/ZN (INVD1BWP20P90)                   0.03       0.07 r
  U235/ZN (OAI22D1BWP20P90)                0.03       0.10 f
  U250/S (FA1D1BWP20P90)                   0.05       0.15 r
  U269/S (FA1D1BWP20P90)                   0.05       0.20 f
  U404/S (FA1D1BWP20P90)                   0.05       0.25 r
  U159/Z (OR2D1BWP20P90)                   0.02       0.26 r
  U411/ZN (ND2D1BWP20P90)                  0.01       0.27 f
  U417/ZN (OAI21D2BWP20P90)                0.01       0.29 r
  U421/ZN (AOI21D2BWP20P90)                0.02       0.31 f
  U511/ZN (OAI21D4BWP20P90)                0.02       0.33 r
  U752/ZN (AOI21D1BWP20P90)                0.02       0.34 f
  U754/Z (XOR2D1BWP20P90)                  0.02       0.36 r
  prod_reg[27]/D (DFCNQD2BWP20P90)         0.00       0.36 r
  data arrival time                                   0.36

  clock clk (rise edge)                    0.38       0.38
  clock network delay (ideal)              0.00       0.38
  clock uncertainty                       -0.01       0.37
  prod_reg[27]/CP (DFCNQD2BWP20P90)        0.00       0.37 r
  library setup time                      -0.01       0.36
  data required time                                  0.36
  -----------------------------------------------------------
  data required time                                  0.36
  data arrival time                                  -0.36
  -----------------------------------------------------------
  slack (MET)                                         0.00


  Startpoint: inp_a[9] (input port clocked by clk)
  Endpoint: prod_reg[25]
            (rising edge-triggered flip-flop clocked by clk)
  Path Group: clk
  Path Type: max

  Des/Clust/Port     Wire Load Model       Library
  ------------------------------------------------
  mult               ZeroWireload          N16ADFP_StdCelltt0p8v25c

  Point                                    Incr       Path
  -----------------------------------------------------------
  clock clk (rise edge)                    0.00       0.00
  clock network delay (ideal)              0.00       0.00
  input external delay                     0.01       0.01 r
  inp_a[9] (in)                            0.01       0.02 r
  U152/Z (XOR2D1BWP20P90)                  0.02       0.04 f
  U41/ZN (INVD1BWP20P90)                   0.03       0.07 r
  U235/ZN (OAI22D1BWP20P90)                0.03       0.10 f
  U250/S (FA1D1BWP20P90)                   0.05       0.15 r
  U269/S (FA1D1BWP20P90)                   0.05       0.20 f
  U404/S (FA1D1BWP20P90)                   0.05       0.25 r
  U159/Z (OR2D1BWP20P90)                   0.02       0.26 r
  U411/ZN (ND2D1BWP20P90)                  0.01       0.27 f
  U417/ZN (OAI21D2BWP20P90)                0.01       0.29 r
  U421/ZN (AOI21D2BWP20P90)                0.02       0.31 f
  U511/ZN (OAI21D4BWP20P90)                0.02       0.33 r
  U757/ZN (AOI21D1BWP20P90)                0.02       0.34 f
  U759/Z (XOR2D1BWP20P90)                  0.02       0.36 r
  prod_reg[25]/D (DFCNQD2BWP20P90)         0.00       0.36 r
  data arrival time                                   0.36

  clock clk (rise edge)                    0.38       0.38
  clock network delay (ideal)              0.00       0.38
  clock uncertainty                       -0.01       0.37
  prod_reg[25]/CP (DFCNQD2BWP20P90)        0.00       0.37 r
  library setup time                      -0.01       0.36
  data required time                                  0.36
  -----------------------------------------------------------
  data required time                                  0.36
  data arrival time                                  -0.36
  -----------------------------------------------------------
  slack (MET)                                         0.00


  Startpoint: inp_a[9] (input port clocked by clk)
  Endpoint: prod_reg[30]
            (rising edge-triggered flip-flop clocked by clk)
  Path Group: clk
  Path Type: max

  Des/Clust/Port     Wire Load Model       Library
  ------------------------------------------------
  mult               ZeroWireload          N16ADFP_StdCelltt0p8v25c

  Point                                    Incr       Path
  -----------------------------------------------------------
  clock clk (rise edge)                    0.00       0.00
  clock network delay (ideal)              0.00       0.00
  input external delay                     0.01       0.01 r
  inp_a[9] (in)                            0.01       0.02 r
  U152/Z (XOR2D1BWP20P90)                  0.02       0.04 f
  U41/ZN (INVD1BWP20P90)                   0.03       0.07 r
  U235/ZN (OAI22D1BWP20P90)                0.03       0.10 f
  U250/S (FA1D1BWP20P90)                   0.05       0.15 r
  U269/S (FA1D1BWP20P90)                   0.05       0.20 f
  U404/S (FA1D1BWP20P90)                   0.05       0.25 r
  U159/Z (OR2D1BWP20P90)                   0.02       0.26 r
  U411/ZN (ND2D1BWP20P90)                  0.01       0.27 f
  U417/ZN (OAI21D2BWP20P90)                0.01       0.29 r
  U421/ZN (AOI21D2BWP20P90)                0.02       0.31 f
  U511/ZN (OAI21D4BWP20P90)                0.02       0.33 r
  U728/ZN (AOI21D1BWP20P90)                0.02       0.34 f
  U731/Z (XOR2D1BWP20P90)                  0.02       0.36 r
  prod_reg[30]/D (DFCNQD2BWP20P90)         0.00       0.36 r
  data arrival time                                   0.36

  clock clk (rise edge)                    0.38       0.38
  clock network delay (ideal)              0.00       0.38
  clock uncertainty                       -0.01       0.37
  prod_reg[30]/CP (DFCNQD2BWP20P90)        0.00       0.37 r
  library setup time                      -0.01       0.36
  data required time                                  0.36
  -----------------------------------------------------------
  data required time                                  0.36
  data arrival time                                  -0.36
  -----------------------------------------------------------
  slack (MET)                                         0.00


  Startpoint: inp_a[9] (input port clocked by clk)
  Endpoint: prod_reg[23]
            (rising edge-triggered flip-flop clocked by clk)
  Path Group: clk
  Path Type: max

  Des/Clust/Port     Wire Load Model       Library
  ------------------------------------------------
  mult               ZeroWireload          N16ADFP_StdCelltt0p8v25c

  Point                                    Incr       Path
  -----------------------------------------------------------
  clock clk (rise edge)                    0.00       0.00
  clock network delay (ideal)              0.00       0.00
  input external delay                     0.01       0.01 r
  inp_a[9] (in)                            0.01       0.02 r
  U152/Z (XOR2D1BWP20P90)                  0.02       0.04 f
  U41/ZN (INVD1BWP20P90)                   0.03       0.07 r
  U235/ZN (OAI22D1BWP20P90)                0.03       0.10 f
  U250/S (FA1D1BWP20P90)                   0.05       0.15 r
  U269/S (FA1D1BWP20P90)                   0.05       0.20 f
  U404/S (FA1D1BWP20P90)                   0.05       0.25 r
  U159/Z (OR2D1BWP20P90)                   0.02       0.26 r
  U411/ZN (ND2D1BWP20P90)                  0.01       0.27 f
  U417/ZN (OAI21D2BWP20P90)                0.01       0.29 r
  U421/ZN (AOI21D2BWP20P90)                0.02       0.31 f
  U511/ZN (OAI21D4BWP20P90)                0.02       0.33 r
  U769/ZN (AOI21D1BWP20P90)                0.02       0.34 f
  U772/Z (XOR2D1BWP20P90)                  0.02       0.36 r
  prod_reg[23]/D (DFCNQD2BWP20P90)         0.00       0.36 r
  data arrival time                                   0.36

  clock clk (rise edge)                    0.38       0.38
  clock network delay (ideal)              0.00       0.38
  clock uncertainty                       -0.01       0.37
  prod_reg[23]/CP (DFCNQD2BWP20P90)        0.00       0.37 r
  library setup time                      -0.01       0.36
  data required time                                  0.36
  -----------------------------------------------------------
  data required time                                  0.36
  data arrival time                                  -0.36
  -----------------------------------------------------------
  slack (MET)                                         0.00


  Startpoint: inp_a[9] (input port clocked by clk)
  Endpoint: prod_reg[31]
            (rising edge-triggered flip-flop clocked by clk)
  Path Group: clk
  Path Type: max

  Des/Clust/Port     Wire Load Model       Library
  ------------------------------------------------
  mult               ZeroWireload          N16ADFP_StdCelltt0p8v25c

  Point                                    Incr       Path
  -----------------------------------------------------------
  clock clk (rise edge)                    0.00       0.00
  clock network delay (ideal)              0.00       0.00
  input external delay                     0.01       0.01 r
  inp_a[9] (in)                            0.01       0.02 r
  U152/Z (XOR2D1BWP20P90)                  0.02       0.04 f
  U41/ZN (INVD1BWP20P90)                   0.03       0.07 r
  U235/ZN (OAI22D1BWP20P90)                0.03       0.10 f
  U250/S (FA1D1BWP20P90)                   0.05       0.15 r
  U269/S (FA1D1BWP20P90)                   0.05       0.20 f
  U404/S (FA1D1BWP20P90)                   0.05       0.25 r
  U159/Z (OR2D1BWP20P90)                   0.02       0.26 r
  U411/ZN (ND2D1BWP20P90)                  0.01       0.27 f
  U417/ZN (OAI21D2BWP20P90)                0.01       0.29 r
  U421/ZN (AOI21D2BWP20P90)                0.02       0.31 f
  U511/ZN (OAI21D4BWP20P90)                0.02       0.33 r
  U709/ZN (AOI21D1BWP20P90)                0.02       0.34 f
  U717/Z (XOR2D1BWP20P90)                  0.02       0.36 r
  prod_reg[31]/D (DFCNQD2BWP20P90)         0.00       0.36 r
  data arrival time                                   0.36

  clock clk (rise edge)                    0.38       0.38
  clock network delay (ideal)              0.00       0.38
  clock uncertainty                       -0.01       0.37
  prod_reg[31]/CP (DFCNQD2BWP20P90)        0.00       0.37 r
  library setup time                      -0.01       0.36
  data required time                                  0.36
  -----------------------------------------------------------
  data required time                                  0.36
  data arrival time                                  -0.36
  -----------------------------------------------------------
  slack (MET)                                         0.00


  Startpoint: inp_a[13] (input port clocked by clk)
  Endpoint: prod_reg[22]
            (rising edge-triggered flip-flop clocked by clk)
  Path Group: clk
  Path Type: max

  Des/Clust/Port     Wire Load Model       Library
  ------------------------------------------------
  mult               ZeroWireload          N16ADFP_StdCelltt0p8v25c

  Point                                    Incr       Path
  -----------------------------------------------------------
  clock clk (rise edge)                    0.00       0.00
  clock network delay (ideal)              0.00       0.00
  input external delay                     0.01       0.01 f
  inp_a[13] (in)                           0.00       0.01 f
  U185/Z (BUFFD4BWP20P90)                  0.02       0.03 f
  U48/ZN (XNR2D4BWP20P90)                  0.03       0.07 r
  U66/ZN (ND2D4BWP20P90)                   0.02       0.08 f
  U146/ZN (OAI22D1BWP20P90)                0.02       0.10 r
  U423/S (FA1D1BWP20P90)                   0.05       0.15 f
  U37/CO (FA1D1BWP20P90)                   0.03       0.18 f
  U455/CO (FA1D1BWP20P90)                  0.03       0.22 f
  U453/Z (XOR2D1BWP20P90)                  0.02       0.24 r
  U454/Z (XOR2D1BWP20P90)                  0.03       0.26 f
  U459/ZN (NR2D1BWP20P90)                  0.01       0.28 r
  U178/ZN (OAI21D1BWP20P90)                0.02       0.30 f
  U510/ZN (AOI21D2BWP20P90)                0.02       0.31 r
  U511/ZN (OAI21D4BWP20P90)                0.02       0.33 f
  U35/ZN (AOI21D1BWP20P90)                 0.02       0.34 r
  U775/Z (XOR2D1BWP20P90)                  0.02       0.36 r
  prod_reg[22]/D (DFCNQD2BWP20P90)         0.00       0.36 r
  data arrival time                                   0.36

  clock clk (rise edge)                    0.38       0.38
  clock network delay (ideal)              0.00       0.38
  clock uncertainty                       -0.01       0.37
  prod_reg[22]/CP (DFCNQD2BWP20P90)        0.00       0.37 r
  library setup time                      -0.01       0.36
  data required time                                  0.36
  -----------------------------------------------------------
  data required time                                  0.36
  data arrival time                                  -0.36
  -----------------------------------------------------------
  slack (MET)                                         0.00


  Startpoint: inp_a[9] (input port clocked by clk)
  Endpoint: prod_reg[24]
            (rising edge-triggered flip-flop clocked by clk)
  Path Group: clk
  Path Type: max

  Des/Clust/Port     Wire Load Model       Library
  ------------------------------------------------
  mult               ZeroWireload          N16ADFP_StdCelltt0p8v25c

  Point                                    Incr       Path
  -----------------------------------------------------------
  clock clk (rise edge)                    0.00       0.00
  clock network delay (ideal)              0.00       0.00
  input external delay                     0.01       0.01 r
  inp_a[9] (in)                            0.01       0.02 r
  U152/Z (XOR2D1BWP20P90)                  0.02       0.04 f
  U41/ZN (INVD1BWP20P90)                   0.03       0.07 r
  U227/ZN (OAI22D1BWP20P90)                0.03       0.10 f
  U264/S (FA1D1BWP20P90)                   0.05       0.15 r
  U408/S (FA1D1BWP20P90)                   0.05       0.20 f
  U409/S (FA1D1BWP20P90)                   0.05       0.25 r
  U412/ZN (ND2D1BWP20P90)                  0.01       0.26 f
  U413/ZN (INVD1BWP20P90)                  0.01       0.27 r
  U416/ZN (AOI21D1BWP20P90)                0.01       0.28 f
  U417/ZN (OAI21D2BWP20P90)                0.01       0.29 r
  U421/ZN (AOI21D2BWP20P90)                0.02       0.31 f
  U511/ZN (OAI21D4BWP20P90)                0.02       0.33 r
  U762/ZN (AOI21D1BWP20P90)                0.02       0.34 f
  U764/Z (XOR2D1BWP20P90)                  0.02       0.36 r
  prod_reg[24]/D (DFCNQD2BWP20P90)         0.00       0.36 r
  data arrival time                                   0.36

  clock clk (rise edge)                    0.38       0.38
  clock network delay (ideal)              0.00       0.38
  clock uncertainty                       -0.01       0.37
  prod_reg[24]/CP (DFCNQD2BWP20P90)        0.00       0.37 r
  library setup time                      -0.01       0.36
  data required time                                  0.36
  -----------------------------------------------------------
  data required time                                  0.36
  data arrival time                                  -0.36
  -----------------------------------------------------------
  slack (MET)                                         0.00


  Startpoint: inp_a[9] (input port clocked by clk)
  Endpoint: prod_reg[22]
            (rising edge-triggered flip-flop clocked by clk)
  Path Group: clk
  Path Type: max

  Des/Clust/Port     Wire Load Model       Library
  ------------------------------------------------
  mult               ZeroWireload          N16ADFP_StdCelltt0p8v25c

  Point                                    Incr       Path
  -----------------------------------------------------------
  clock clk (rise edge)                    0.00       0.00
  clock network delay (ideal)              0.00       0.00
  input external delay                     0.01       0.01 r
  inp_a[9] (in)                            0.01       0.02 r
  U152/Z (XOR2D1BWP20P90)                  0.02       0.04 f
  U41/ZN (INVD1BWP20P90)                   0.03       0.07 r
  U227/ZN (OAI22D1BWP20P90)                0.03       0.10 f
  U264/S (FA1D1BWP20P90)                   0.05       0.15 r
  U408/S (FA1D1BWP20P90)                   0.05       0.20 f
  U409/S (FA1D1BWP20P90)                   0.05       0.25 r
  U412/ZN (ND2D1BWP20P90)                  0.01       0.26 f
  U413/ZN (INVD1BWP20P90)                  0.01       0.27 r
  U416/ZN (AOI21D1BWP20P90)                0.01       0.28 f
  U417/ZN (OAI21D2BWP20P90)                0.01       0.29 r
  U421/ZN (AOI21D2BWP20P90)                0.02       0.31 f
  U511/ZN (OAI21D4BWP20P90)                0.02       0.33 r
  U35/ZN (AOI21D1BWP20P90)                 0.02       0.34 f
  U775/Z (XOR2D1BWP20P90)                  0.02       0.36 r
  prod_reg[22]/D (DFCNQD2BWP20P90)         0.00       0.36 r
  data arrival time                                   0.36

  clock clk (rise edge)                    0.38       0.38
  clock network delay (ideal)              0.00       0.38
  clock uncertainty                       -0.01       0.37
  prod_reg[22]/CP (DFCNQD2BWP20P90)        0.00       0.37 r
  library setup time                      -0.01       0.36
  data required time                                  0.36
  -----------------------------------------------------------
  data required time                                  0.36
  data arrival time                                  -0.36
  -----------------------------------------------------------
  slack (MET)                                         0.00


  Startpoint: inp_a[9] (input port clocked by clk)
  Endpoint: prod_reg[29]
            (rising edge-triggered flip-flop clocked by clk)
  Path Group: clk
  Path Type: max

  Des/Clust/Port     Wire Load Model       Library
  ------------------------------------------------
  mult               ZeroWireload          N16ADFP_StdCelltt0p8v25c

  Point                                    Incr       Path
  -----------------------------------------------------------
  clock clk (rise edge)                    0.00       0.00
  clock network delay (ideal)              0.00       0.00
  input external delay                     0.01       0.01 r
  inp_a[9] (in)                            0.01       0.02 r
  U152/Z (XOR2D1BWP20P90)                  0.02       0.04 f
  U41/ZN (INVD1BWP20P90)                   0.03       0.07 r
  U227/ZN (OAI22D1BWP20P90)                0.03       0.10 f
  U264/S (FA1D1BWP20P90)                   0.05       0.15 r
  U408/S (FA1D1BWP20P90)                   0.05       0.20 f
  U409/S (FA1D1BWP20P90)                   0.05       0.25 r
  U412/ZN (ND2D1BWP20P90)                  0.01       0.26 f
  U413/ZN (INVD1BWP20P90)                  0.01       0.27 r
  U416/ZN (AOI21D1BWP20P90)                0.01       0.28 f
  U417/ZN (OAI21D2BWP20P90)                0.01       0.29 r
  U421/ZN (AOI21D2BWP20P90)                0.02       0.31 f
  U511/ZN (OAI21D4BWP20P90)                0.02       0.33 r
  U736/ZN (AOI21D1BWP20P90)                0.02       0.34 f
  U738/Z (XOR2D1BWP20P90)                  0.02       0.36 r
  prod_reg[29]/D (DFCNQD2BWP20P90)         0.00       0.36 r
  data arrival time                                   0.36

  clock clk (rise edge)                    0.38       0.38
  clock network delay (ideal)              0.00       0.38
  clock uncertainty                       -0.01       0.37
  prod_reg[29]/CP (DFCNQD2BWP20P90)        0.00       0.37 r
  library setup time                      -0.01       0.36
  data required time                                  0.36
  -----------------------------------------------------------
  data required time                                  0.36
  data arrival time                                  -0.36
  -----------------------------------------------------------
  slack (MET)                                         0.00


  Startpoint: inp_a[9] (input port clocked by clk)
  Endpoint: prod_reg[26]
            (rising edge-triggered flip-flop clocked by clk)
  Path Group: clk
  Path Type: max

  Des/Clust/Port     Wire Load Model       Library
  ------------------------------------------------
  mult               ZeroWireload          N16ADFP_StdCelltt0p8v25c

  Point                                    Incr       Path
  -----------------------------------------------------------
  clock clk (rise edge)                    0.00       0.00
  clock network delay (ideal)              0.00       0.00
  input external delay                     0.01       0.01 r
  inp_a[9] (in)                            0.01       0.02 r
  U152/Z (XOR2D1BWP20P90)                  0.02       0.04 f
  U41/ZN (INVD1BWP20P90)                   0.03       0.07 r
  U227/ZN (OAI22D1BWP20P90)                0.03       0.10 f
  U264/S (FA1D1BWP20P90)                   0.05       0.15 r
  U408/S (FA1D1BWP20P90)                   0.05       0.20 f
  U409/S (FA1D1BWP20P90)                   0.05       0.25 r
  U412/ZN (ND2D1BWP20P90)                  0.01       0.26 f
  U413/ZN (INVD1BWP20P90)                  0.01       0.27 r
  U416/ZN (AOI21D1BWP20P90)                0.01       0.28 f
  U417/ZN (OAI21D2BWP20P90)                0.01       0.29 r
  U421/ZN (AOI21D2BWP20P90)                0.02       0.31 f
  U511/ZN (OAI21D4BWP20P90)                0.02       0.33 r
  U791/ZN (AOI21D1BWP20P90)                0.02       0.34 f
  U794/Z (XOR2D1BWP20P90)                  0.02       0.36 r
  prod_reg[26]/D (DFCNQD2BWP20P90)         0.00       0.36 r
  data arrival time                                   0.36

  clock clk (rise edge)                    0.38       0.38
  clock network delay (ideal)              0.00       0.38
  clock uncertainty                       -0.01       0.37
  prod_reg[26]/CP (DFCNQD2BWP20P90)        0.00       0.37 r
  library setup time                      -0.01       0.36
  data required time                                  0.36
  -----------------------------------------------------------
  data required time                                  0.36
  data arrival time                                  -0.36
  -----------------------------------------------------------
  slack (MET)                                         0.00


  Startpoint: inp_a[9] (input port clocked by clk)
  Endpoint: prod_reg[21]
            (rising edge-triggered flip-flop clocked by clk)
  Path Group: clk
  Path Type: max

  Des/Clust/Port     Wire Load Model       Library
  ------------------------------------------------
  mult               ZeroWireload          N16ADFP_StdCelltt0p8v25c

  Point                                    Incr       Path
  -----------------------------------------------------------
  clock clk (rise edge)                    0.00       0.00
  clock network delay (ideal)              0.00       0.00
  input external delay                     0.01       0.01 r
  inp_a[9] (in)                            0.01       0.02 r
  U152/Z (XOR2D1BWP20P90)                  0.02       0.04 f
  U41/ZN (INVD1BWP20P90)                   0.03       0.07 r
  U227/ZN (OAI22D1BWP20P90)                0.03       0.10 f
  U264/S (FA1D1BWP20P90)                   0.05       0.15 r
  U408/S (FA1D1BWP20P90)                   0.05       0.20 f
  U409/S (FA1D1BWP20P90)                   0.05       0.25 r
  U412/ZN (ND2D1BWP20P90)                  0.01       0.26 f
  U413/ZN (INVD1BWP20P90)                  0.01       0.27 r
  U416/ZN (AOI21D1BWP20P90)                0.01       0.28 f
  U417/ZN (OAI21D2BWP20P90)                0.01       0.29 r
  U421/ZN (AOI21D2BWP20P90)                0.02       0.31 f
  U511/ZN (OAI21D4BWP20P90)                0.02       0.33 r
  U778/ZN (AOI21D1BWP20P90)                0.02       0.34 f
  U781/Z (XOR2D1BWP20P90)                  0.02       0.36 r
  prod_reg[21]/D (DFCNQD2BWP20P90)         0.00       0.36 r
  data arrival time                                   0.36

  clock clk (rise edge)                    0.38       0.38
  clock network delay (ideal)              0.00       0.38
  clock uncertainty                       -0.01       0.37
  prod_reg[21]/CP (DFCNQD2BWP20P90)        0.00       0.37 r
  library setup time                      -0.01       0.36
  data required time                                  0.36
  -----------------------------------------------------------
  data required time                                  0.36
  data arrival time                                  -0.36
  -----------------------------------------------------------
  slack (MET)                                         0.00


  Startpoint: inp_a[9] (input port clocked by clk)
  Endpoint: prod_reg[28]
            (rising edge-triggered flip-flop clocked by clk)
  Path Group: clk
  Path Type: max

  Des/Clust/Port     Wire Load Model       Library
  ------------------------------------------------
  mult               ZeroWireload          N16ADFP_StdCelltt0p8v25c

  Point                                    Incr       Path
  -----------------------------------------------------------
  clock clk (rise edge)                    0.00       0.00
  clock network delay (ideal)              0.00       0.00
  input external delay                     0.01       0.01 r
  inp_a[9] (in)                            0.01       0.02 r
  U152/Z (XOR2D1BWP20P90)                  0.02       0.04 f
  U41/ZN (INVD1BWP20P90)                   0.03       0.07 r
  U227/ZN (OAI22D1BWP20P90)                0.03       0.10 f
  U264/S (FA1D1BWP20P90)                   0.05       0.15 r
  U408/S (FA1D1BWP20P90)                   0.05       0.20 f
  U409/S (FA1D1BWP20P90)                   0.05       0.25 r
  U412/ZN (ND2D1BWP20P90)                  0.01       0.26 f
  U413/ZN (INVD1BWP20P90)                  0.01       0.27 r
  U416/ZN (AOI21D1BWP20P90)                0.01       0.28 f
  U417/ZN (OAI21D2BWP20P90)                0.01       0.29 r
  U421/ZN (AOI21D2BWP20P90)                0.02       0.31 f
  U511/ZN (OAI21D4BWP20P90)                0.02       0.33 r
  U745/ZN (AOI21D1BWP20P90)                0.02       0.34 f
  U747/Z (XOR2D1BWP20P90)                  0.02       0.36 r
  prod_reg[28]/D (DFCNQD2BWP20P90)         0.00       0.36 r
  data arrival time                                   0.36

  clock clk (rise edge)                    0.38       0.38
  clock network delay (ideal)              0.00       0.38
  clock uncertainty                       -0.01       0.37
  prod_reg[28]/CP (DFCNQD2BWP20P90)        0.00       0.37 r
  library setup time                      -0.01       0.36
  data required time                                  0.36
  -----------------------------------------------------------
  data required time                                  0.36
  data arrival time                                  -0.36
  -----------------------------------------------------------
  slack (MET)                                         0.00


  Startpoint: inp_a[9] (input port clocked by clk)
  Endpoint: prod_reg[27]
            (rising edge-triggered flip-flop clocked by clk)
  Path Group: clk
  Path Type: max

  Des/Clust/Port     Wire Load Model       Library
  ------------------------------------------------
  mult               ZeroWireload          N16ADFP_StdCelltt0p8v25c

  Point                                    Incr       Path
  -----------------------------------------------------------
  clock clk (rise edge)                    0.00       0.00
  clock network delay (ideal)              0.00       0.00
  input external delay                     0.01       0.01 r
  inp_a[9] (in)                            0.01       0.02 r
  U152/Z (XOR2D1BWP20P90)                  0.02       0.04 f
  U41/ZN (INVD1BWP20P90)                   0.03       0.07 r
  U227/ZN (OAI22D1BWP20P90)                0.03       0.10 f
  U264/S (FA1D1BWP20P90)                   0.05       0.15 r
  U408/S (FA1D1BWP20P90)                   0.05       0.20 f
  U409/S (FA1D1BWP20P90)                   0.05       0.25 r
  U412/ZN (ND2D1BWP20P90)                  0.01       0.26 f
  U413/ZN (INVD1BWP20P90)                  0.01       0.27 r
  U416/ZN (AOI21D1BWP20P90)                0.01       0.28 f
  U417/ZN (OAI21D2BWP20P90)                0.01       0.29 r
  U421/ZN (AOI21D2BWP20P90)                0.02       0.31 f
  U511/ZN (OAI21D4BWP20P90)                0.02       0.33 r
  U752/ZN (AOI21D1BWP20P90)                0.02       0.34 f
  U754/Z (XOR2D1BWP20P90)                  0.02       0.36 r
  prod_reg[27]/D (DFCNQD2BWP20P90)         0.00       0.36 r
  data arrival time                                   0.36

  clock clk (rise edge)                    0.38       0.38
  clock network delay (ideal)              0.00       0.38
  clock uncertainty                       -0.01       0.37
  prod_reg[27]/CP (DFCNQD2BWP20P90)        0.00       0.37 r
  library setup time                      -0.01       0.36
  data required time                                  0.36
  -----------------------------------------------------------
  data required time                                  0.36
  data arrival time                                  -0.36
  -----------------------------------------------------------
  slack (MET)                                         0.00


  Startpoint: inp_a[9] (input port clocked by clk)
  Endpoint: prod_reg[25]
            (rising edge-triggered flip-flop clocked by clk)
  Path Group: clk
  Path Type: max

  Des/Clust/Port     Wire Load Model       Library
  ------------------------------------------------
  mult               ZeroWireload          N16ADFP_StdCelltt0p8v25c

  Point                                    Incr       Path
  -----------------------------------------------------------
  clock clk (rise edge)                    0.00       0.00
  clock network delay (ideal)              0.00       0.00
  input external delay                     0.01       0.01 r
  inp_a[9] (in)                            0.01       0.02 r
  U152/Z (XOR2D1BWP20P90)                  0.02       0.04 f
  U41/ZN (INVD1BWP20P90)                   0.03       0.07 r
  U227/ZN (OAI22D1BWP20P90)                0.03       0.10 f
  U264/S (FA1D1BWP20P90)                   0.05       0.15 r
  U408/S (FA1D1BWP20P90)                   0.05       0.20 f
  U409/S (FA1D1BWP20P90)                   0.05       0.25 r
  U412/ZN (ND2D1BWP20P90)                  0.01       0.26 f
  U413/ZN (INVD1BWP20P90)                  0.01       0.27 r
  U416/ZN (AOI21D1BWP20P90)                0.01       0.28 f
  U417/ZN (OAI21D2BWP20P90)                0.01       0.29 r
  U421/ZN (AOI21D2BWP20P90)                0.02       0.31 f
  U511/ZN (OAI21D4BWP20P90)                0.02       0.33 r
  U757/ZN (AOI21D1BWP20P90)                0.02       0.34 f
  U759/Z (XOR2D1BWP20P90)                  0.02       0.36 r
  prod_reg[25]/D (DFCNQD2BWP20P90)         0.00       0.36 r
  data arrival time                                   0.36

  clock clk (rise edge)                    0.38       0.38
  clock network delay (ideal)              0.00       0.38
  clock uncertainty                       -0.01       0.37
  prod_reg[25]/CP (DFCNQD2BWP20P90)        0.00       0.37 r
  library setup time                      -0.01       0.36
  data required time                                  0.36
  -----------------------------------------------------------
  data required time                                  0.36
  data arrival time                                  -0.36
  -----------------------------------------------------------
  slack (MET)                                         0.00


  Startpoint: inp_a[9] (input port clocked by clk)
  Endpoint: prod_reg[30]
            (rising edge-triggered flip-flop clocked by clk)
  Path Group: clk
  Path Type: max

  Des/Clust/Port     Wire Load Model       Library
  ------------------------------------------------
  mult               ZeroWireload          N16ADFP_StdCelltt0p8v25c

  Point                                    Incr       Path
  -----------------------------------------------------------
  clock clk (rise edge)                    0.00       0.00
  clock network delay (ideal)              0.00       0.00
  input external delay                     0.01       0.01 r
  inp_a[9] (in)                            0.01       0.02 r
  U152/Z (XOR2D1BWP20P90)                  0.02       0.04 f
  U41/ZN (INVD1BWP20P90)                   0.03       0.07 r
  U227/ZN (OAI22D1BWP20P90)                0.03       0.10 f
  U264/S (FA1D1BWP20P90)                   0.05       0.15 r
  U408/S (FA1D1BWP20P90)                   0.05       0.20 f
  U409/S (FA1D1BWP20P90)                   0.05       0.25 r
  U412/ZN (ND2D1BWP20P90)                  0.01       0.26 f
  U413/ZN (INVD1BWP20P90)                  0.01       0.27 r
  U416/ZN (AOI21D1BWP20P90)                0.01       0.28 f
  U417/ZN (OAI21D2BWP20P90)                0.01       0.29 r
  U421/ZN (AOI21D2BWP20P90)                0.02       0.31 f
  U511/ZN (OAI21D4BWP20P90)                0.02       0.33 r
  U728/ZN (AOI21D1BWP20P90)                0.02       0.34 f
  U731/Z (XOR2D1BWP20P90)                  0.02       0.36 r
  prod_reg[30]/D (DFCNQD2BWP20P90)         0.00       0.36 r
  data arrival time                                   0.36

  clock clk (rise edge)                    0.38       0.38
  clock network delay (ideal)              0.00       0.38
  clock uncertainty                       -0.01       0.37
  prod_reg[30]/CP (DFCNQD2BWP20P90)        0.00       0.37 r
  library setup time                      -0.01       0.36
  data required time                                  0.36
  -----------------------------------------------------------
  data required time                                  0.36
  data arrival time                                  -0.36
  -----------------------------------------------------------
  slack (MET)                                         0.00


  Startpoint: inp_a[9] (input port clocked by clk)
  Endpoint: prod_reg[23]
            (rising edge-triggered flip-flop clocked by clk)
  Path Group: clk
  Path Type: max

  Des/Clust/Port     Wire Load Model       Library
  ------------------------------------------------
  mult               ZeroWireload          N16ADFP_StdCelltt0p8v25c

  Point                                    Incr       Path
  -----------------------------------------------------------
  clock clk (rise edge)                    0.00       0.00
  clock network delay (ideal)              0.00       0.00
  input external delay                     0.01       0.01 r
  inp_a[9] (in)                            0.01       0.02 r
  U152/Z (XOR2D1BWP20P90)                  0.02       0.04 f
  U41/ZN (INVD1BWP20P90)                   0.03       0.07 r
  U227/ZN (OAI22D1BWP20P90)                0.03       0.10 f
  U264/S (FA1D1BWP20P90)                   0.05       0.15 r
  U408/S (FA1D1BWP20P90)                   0.05       0.20 f
  U409/S (FA1D1BWP20P90)                   0.05       0.25 r
  U412/ZN (ND2D1BWP20P90)                  0.01       0.26 f
  U413/ZN (INVD1BWP20P90)                  0.01       0.27 r
  U416/ZN (AOI21D1BWP20P90)                0.01       0.28 f
  U417/ZN (OAI21D2BWP20P90)                0.01       0.29 r
  U421/ZN (AOI21D2BWP20P90)                0.02       0.31 f
  U511/ZN (OAI21D4BWP20P90)                0.02       0.33 r
  U769/ZN (AOI21D1BWP20P90)                0.02       0.34 f
  U772/Z (XOR2D1BWP20P90)                  0.02       0.36 r
  prod_reg[23]/D (DFCNQD2BWP20P90)         0.00       0.36 r
  data arrival time                                   0.36

  clock clk (rise edge)                    0.38       0.38
  clock network delay (ideal)              0.00       0.38
  clock uncertainty                       -0.01       0.37
  prod_reg[23]/CP (DFCNQD2BWP20P90)        0.00       0.37 r
  library setup time                      -0.01       0.36
  data required time                                  0.36
  -----------------------------------------------------------
  data required time                                  0.36
  data arrival time                                  -0.36
  -----------------------------------------------------------
  slack (MET)                                         0.00


  Startpoint: inp_a[9] (input port clocked by clk)
  Endpoint: prod_reg[31]
            (rising edge-triggered flip-flop clocked by clk)
  Path Group: clk
  Path Type: max

  Des/Clust/Port     Wire Load Model       Library
  ------------------------------------------------
  mult               ZeroWireload          N16ADFP_StdCelltt0p8v25c

  Point                                    Incr       Path
  -----------------------------------------------------------
  clock clk (rise edge)                    0.00       0.00
  clock network delay (ideal)              0.00       0.00
  input external delay                     0.01       0.01 r
  inp_a[9] (in)                            0.01       0.02 r
  U152/Z (XOR2D1BWP20P90)                  0.02       0.04 f
  U41/ZN (INVD1BWP20P90)                   0.03       0.07 r
  U227/ZN (OAI22D1BWP20P90)                0.03       0.10 f
  U264/S (FA1D1BWP20P90)                   0.05       0.15 r
  U408/S (FA1D1BWP20P90)                   0.05       0.20 f
  U409/S (FA1D1BWP20P90)                   0.05       0.25 r
  U412/ZN (ND2D1BWP20P90)                  0.01       0.26 f
  U413/ZN (INVD1BWP20P90)                  0.01       0.27 r
  U416/ZN (AOI21D1BWP20P90)                0.01       0.28 f
  U417/ZN (OAI21D2BWP20P90)                0.01       0.29 r
  U421/ZN (AOI21D2BWP20P90)                0.02       0.31 f
  U511/ZN (OAI21D4BWP20P90)                0.02       0.33 r
  U709/ZN (AOI21D1BWP20P90)                0.02       0.34 f
  U717/Z (XOR2D1BWP20P90)                  0.02       0.36 r
  prod_reg[31]/D (DFCNQD2BWP20P90)         0.00       0.36 r
  data arrival time                                   0.36

  clock clk (rise edge)                    0.38       0.38
  clock network delay (ideal)              0.00       0.38
  clock uncertainty                       -0.01       0.37
  prod_reg[31]/CP (DFCNQD2BWP20P90)        0.00       0.37 r
  library setup time                      -0.01       0.36
  data required time                                  0.36
  -----------------------------------------------------------
  data required time                                  0.36
  data arrival time                                  -0.36
  -----------------------------------------------------------
  slack (MET)                                         0.00


  Startpoint: inp_a[4] (input port clocked by clk)
  Endpoint: prod_reg[22]
            (rising edge-triggered flip-flop clocked by clk)
  Path Group: clk
  Path Type: max

  Des/Clust/Port     Wire Load Model       Library
  ------------------------------------------------
  mult               ZeroWireload          N16ADFP_StdCelltt0p8v25c

  Point                                    Incr       Path
  -----------------------------------------------------------
  clock clk (rise edge)                    0.00       0.00
  clock network delay (ideal)              0.00       0.00
  input external delay                     0.01       0.01 f
  inp_a[4] (in)                            0.00       0.01 f
  U149/Z (XOR2D1BWP20P90)                  0.03       0.04 r
  U151/ZN (INVD1BWP20P90)                  0.03       0.07 f
  U194/ZN (OAI22D1BWP20P90)                0.03       0.10 r
  U422/S (FA1D1BWP20P90)                   0.05       0.15 f
  U37/CO (FA1D1BWP20P90)                   0.03       0.18 f
  U455/CO (FA1D1BWP20P90)                  0.03       0.22 f
  U453/Z (XOR2D1BWP20P90)                  0.02       0.24 r
  U454/Z (XOR2D1BWP20P90)                  0.03       0.26 f
  U459/ZN (NR2D1BWP20P90)                  0.01       0.28 r
  U178/ZN (OAI21D1BWP20P90)                0.02       0.30 f
  U510/ZN (AOI21D2BWP20P90)                0.02       0.31 r
  U511/ZN (OAI21D4BWP20P90)                0.02       0.33 f
  U35/ZN (AOI21D1BWP20P90)                 0.02       0.34 r
  U775/Z (XOR2D1BWP20P90)                  0.02       0.36 r
  prod_reg[22]/D (DFCNQD2BWP20P90)         0.00       0.36 r
  data arrival time                                   0.36

  clock clk (rise edge)                    0.38       0.38
  clock network delay (ideal)              0.00       0.38
  clock uncertainty                       -0.01       0.37
  prod_reg[22]/CP (DFCNQD2BWP20P90)        0.00       0.37 r
  library setup time                      -0.01       0.36
  data required time                                  0.36
  -----------------------------------------------------------
  data required time                                  0.36
  data arrival time                                  -0.36
  -----------------------------------------------------------
  slack (MET)                                         0.00


  Startpoint: inp_a[5] (input port clocked by clk)
  Endpoint: prod_reg[24]
            (rising edge-triggered flip-flop clocked by clk)
  Path Group: clk
  Path Type: max

  Des/Clust/Port     Wire Load Model       Library
  ------------------------------------------------
  mult               ZeroWireload          N16ADFP_StdCelltt0p8v25c

  Point                                    Incr       Path
  -----------------------------------------------------------
  clock clk (rise edge)                    0.00       0.00
  clock network delay (ideal)              0.00       0.00
  input external delay                     0.01       0.01 f
  inp_a[5] (in)                            0.01       0.02 f
  U51/Z (CKBD1BWP20P90)                    0.02       0.03 f
  U192/Z (XOR2D1BWP20P90)                  0.02       0.05 r
  U88/ZN (ND2D2BWP20P90)                   0.01       0.06 f
  U81/ZN (CKND2BWP20P90)                   0.01       0.07 r
  U120/ZN (CKND2BWP20P90)                  0.01       0.08 f
  U194/ZN (OAI22D1BWP20P90)                0.02       0.10 r
  U422/S (FA1D1BWP20P90)                   0.05       0.15 f
  U37/CO (FA1D1BWP20P90)                   0.03       0.18 f
  U455/CO (FA1D1BWP20P90)                  0.03       0.22 f
  U453/Z (XOR2D1BWP20P90)                  0.02       0.24 r
  U454/Z (XOR2D1BWP20P90)                  0.03       0.26 f
  U459/ZN (NR2D1BWP20P90)                  0.01       0.28 r
  U178/ZN (OAI21D1BWP20P90)                0.02       0.30 f
  U510/ZN (AOI21D2BWP20P90)                0.02       0.31 r
  U511/ZN (OAI21D4BWP20P90)                0.02       0.33 f
  U762/ZN (AOI21D1BWP20P90)                0.02       0.34 r
  U764/Z (XOR2D1BWP20P90)                  0.02       0.36 r
  prod_reg[24]/D (DFCNQD2BWP20P90)         0.00       0.36 r
  data arrival time                                   0.36

  clock clk (rise edge)                    0.38       0.38
  clock network delay (ideal)              0.00       0.38
  clock uncertainty                       -0.01       0.37
  prod_reg[24]/CP (DFCNQD2BWP20P90)        0.00       0.37 r
  library setup time                      -0.01       0.36
  data required time                                  0.36
  -----------------------------------------------------------
  data required time                                  0.36
  data arrival time                                  -0.36
  -----------------------------------------------------------
  slack (MET)                                         0.00


  Startpoint: inp_a[5] (input port clocked by clk)
  Endpoint: prod_reg[21]
            (rising edge-triggered flip-flop clocked by clk)
  Path Group: clk
  Path Type: max

  Des/Clust/Port     Wire Load Model       Library
  ------------------------------------------------
  mult               ZeroWireload          N16ADFP_StdCelltt0p8v25c

  Point                                    Incr       Path
  -----------------------------------------------------------
  clock clk (rise edge)                    0.00       0.00
  clock network delay (ideal)              0.00       0.00
  input external delay                     0.01       0.01 f
  inp_a[5] (in)                            0.01       0.02 f
  U51/Z (CKBD1BWP20P90)                    0.02       0.03 f
  U192/Z (XOR2D1BWP20P90)                  0.02       0.05 r
  U88/ZN (ND2D2BWP20P90)                   0.01       0.06 f
  U81/ZN (CKND2BWP20P90)                   0.01       0.07 r
  U120/ZN (CKND2BWP20P90)                  0.01       0.08 f
  U194/ZN (OAI22D1BWP20P90)                0.02       0.10 r
  U422/S (FA1D1BWP20P90)                   0.05       0.15 f
  U37/CO (FA1D1BWP20P90)                   0.03       0.18 f
  U455/CO (FA1D1BWP20P90)                  0.03       0.22 f
  U453/Z (XOR2D1BWP20P90)                  0.02       0.24 r
  U454/Z (XOR2D1BWP20P90)                  0.03       0.26 f
  U459/ZN (NR2D1BWP20P90)                  0.01       0.28 r
  U178/ZN (OAI21D1BWP20P90)                0.02       0.30 f
  U510/ZN (AOI21D2BWP20P90)                0.02       0.31 r
  U511/ZN (OAI21D4BWP20P90)                0.02       0.33 f
  U778/ZN (AOI21D1BWP20P90)                0.02       0.34 r
  U781/Z (XOR2D1BWP20P90)                  0.02       0.36 r
  prod_reg[21]/D (DFCNQD2BWP20P90)         0.00       0.36 r
  data arrival time                                   0.36

  clock clk (rise edge)                    0.38       0.38
  clock network delay (ideal)              0.00       0.38
  clock uncertainty                       -0.01       0.37
  prod_reg[21]/CP (DFCNQD2BWP20P90)        0.00       0.37 r
  library setup time                      -0.01       0.36
  data required time                                  0.36
  -----------------------------------------------------------
  data required time                                  0.36
  data arrival time                                  -0.36
  -----------------------------------------------------------
  slack (MET)                                         0.00


  Startpoint: inp_a[13] (input port clocked by clk)
  Endpoint: prod_reg[22]
            (rising edge-triggered flip-flop clocked by clk)
  Path Group: clk
  Path Type: max

  Des/Clust/Port     Wire Load Model       Library
  ------------------------------------------------
  mult               ZeroWireload          N16ADFP_StdCelltt0p8v25c

  Point                                    Incr       Path
  -----------------------------------------------------------
  clock clk (rise edge)                    0.00       0.00
  clock network delay (ideal)              0.00       0.00
  input external delay                     0.01       0.01 f
  inp_a[13] (in)                           0.00       0.01 f
  U185/Z (BUFFD4BWP20P90)                  0.02       0.03 f
  U48/ZN (XNR2D4BWP20P90)                  0.03       0.07 r
  U66/ZN (ND2D4BWP20P90)                   0.02       0.08 f
  U146/ZN (OAI22D1BWP20P90)                0.02       0.10 r
  U423/S (FA1D1BWP20P90)                   0.05       0.15 f
  U37/CO (FA1D1BWP20P90)                   0.03       0.18 f
  U455/CO (FA1D1BWP20P90)                  0.03       0.22 f
  U453/Z (XOR2D1BWP20P90)                  0.02       0.24 r
  U454/Z (XOR2D1BWP20P90)                  0.03       0.26 f
  U459/ZN (NR2D1BWP20P90)                  0.01       0.28 r
  U178/ZN (OAI21D1BWP20P90)                0.02       0.30 f
  U510/ZN (AOI21D2BWP20P90)                0.02       0.31 r
  U511/ZN (OAI21D4BWP20P90)                0.02       0.33 f
  U35/ZN (AOI21D1BWP20P90)                 0.02       0.34 r
  U775/Z (XOR2D1BWP20P90)                  0.02       0.36 r
  prod_reg[22]/D (DFCNQD2BWP20P90)         0.00       0.36 r
  data arrival time                                   0.36

  clock clk (rise edge)                    0.38       0.38
  clock network delay (ideal)              0.00       0.38
  clock uncertainty                       -0.01       0.37
  prod_reg[22]/CP (DFCNQD2BWP20P90)        0.00       0.37 r
  library setup time                      -0.01       0.36
  data required time                                  0.36
  -----------------------------------------------------------
  data required time                                  0.36
  data arrival time                                  -0.36
  -----------------------------------------------------------
  slack (MET)                                         0.00


  Startpoint: inp_a[13] (input port clocked by clk)
  Endpoint: prod_reg[26]
            (rising edge-triggered flip-flop clocked by clk)
  Path Group: clk
  Path Type: max

  Des/Clust/Port     Wire Load Model       Library
  ------------------------------------------------
  mult               ZeroWireload          N16ADFP_StdCelltt0p8v25c

  Point                                    Incr       Path
  -----------------------------------------------------------
  clock clk (rise edge)                    0.00       0.00
  clock network delay (ideal)              0.00       0.00
  input external delay                     0.01       0.01 f
  inp_a[13] (in)                           0.00       0.01 f
  U185/Z (BUFFD4BWP20P90)                  0.02       0.03 f
  U48/ZN (XNR2D4BWP20P90)                  0.03       0.07 r
  U66/ZN (ND2D4BWP20P90)                   0.02       0.08 f
  U146/ZN (OAI22D1BWP20P90)                0.02       0.10 r
  U423/S (FA1D1BWP20P90)                   0.05       0.15 f
  U37/CO (FA1D1BWP20P90)                   0.03       0.18 f
  U455/CO (FA1D1BWP20P90)                  0.03       0.22 f
  U453/Z (XOR2D1BWP20P90)                  0.02       0.24 r
  U454/Z (XOR2D1BWP20P90)                  0.03       0.26 f
  U459/ZN (NR2D1BWP20P90)                  0.01       0.28 r
  U178/ZN (OAI21D1BWP20P90)                0.02       0.30 f
  U510/ZN (AOI21D2BWP20P90)                0.02       0.31 r
  U511/ZN (OAI21D4BWP20P90)                0.02       0.33 f
  U791/ZN (AOI21D1BWP20P90)                0.02       0.34 r
  U794/Z (XOR2D1BWP20P90)                  0.02       0.36 r
  prod_reg[26]/D (DFCNQD2BWP20P90)         0.00       0.36 r
  data arrival time                                   0.36

  clock clk (rise edge)                    0.38       0.38
  clock network delay (ideal)              0.00       0.38
  clock uncertainty                       -0.01       0.37
  prod_reg[26]/CP (DFCNQD2BWP20P90)        0.00       0.37 r
  library setup time                      -0.01       0.36
  data required time                                  0.36
  -----------------------------------------------------------
  data required time                                  0.36
  data arrival time                                  -0.36
  -----------------------------------------------------------
  slack (MET)                                         0.00


  Startpoint: inp_a[4] (input port clocked by clk)
  Endpoint: prod_reg[26]
            (rising edge-triggered flip-flop clocked by clk)
  Path Group: clk
  Path Type: max

  Des/Clust/Port     Wire Load Model       Library
  ------------------------------------------------
  mult               ZeroWireload          N16ADFP_StdCelltt0p8v25c

  Point                                    Incr       Path
  -----------------------------------------------------------
  clock clk (rise edge)                    0.00       0.00
  clock network delay (ideal)              0.00       0.00
  input external delay                     0.01       0.01 f
  inp_a[4] (in)                            0.00       0.01 f
  U149/Z (XOR2D1BWP20P90)                  0.03       0.04 r
  U151/ZN (INVD1BWP20P90)                  0.03       0.07 f
  U194/ZN (OAI22D1BWP20P90)                0.03       0.10 r
  U422/S (FA1D1BWP20P90)                   0.05       0.15 f
  U37/CO (FA1D1BWP20P90)                   0.03       0.18 f
  U455/CO (FA1D1BWP20P90)                  0.03       0.22 f
  U453/Z (XOR2D1BWP20P90)                  0.02       0.24 r
  U454/Z (XOR2D1BWP20P90)                  0.03       0.26 f
  U459/ZN (NR2D1BWP20P90)                  0.01       0.28 r
  U178/ZN (OAI21D1BWP20P90)                0.02       0.30 f
  U510/ZN (AOI21D2BWP20P90)                0.02       0.31 r
  U511/ZN (OAI21D4BWP20P90)                0.02       0.33 f
  U791/ZN (AOI21D1BWP20P90)                0.02       0.34 r
  U794/Z (XOR2D1BWP20P90)                  0.02       0.36 r
  prod_reg[26]/D (DFCNQD2BWP20P90)         0.00       0.36 r
  data arrival time                                   0.36

  clock clk (rise edge)                    0.38       0.38
  clock network delay (ideal)              0.00       0.38
  clock uncertainty                       -0.01       0.37
  prod_reg[26]/CP (DFCNQD2BWP20P90)        0.00       0.37 r
  library setup time                      -0.01       0.36
  data required time                                  0.36
  -----------------------------------------------------------
  data required time                                  0.36
  data arrival time                                  -0.36
  -----------------------------------------------------------
  slack (MET)                                         0.00


  Startpoint: inp_a[13] (input port clocked by clk)
  Endpoint: prod_reg[23]
            (rising edge-triggered flip-flop clocked by clk)
  Path Group: clk
  Path Type: max

  Des/Clust/Port     Wire Load Model       Library
  ------------------------------------------------
  mult               ZeroWireload          N16ADFP_StdCelltt0p8v25c

  Point                                    Incr       Path
  -----------------------------------------------------------
  clock clk (rise edge)                    0.00       0.00
  clock network delay (ideal)              0.00       0.00
  input external delay                     0.01       0.01 f
  inp_a[13] (in)                           0.00       0.01 f
  U185/Z (BUFFD4BWP20P90)                  0.02       0.03 f
  U48/ZN (XNR2D4BWP20P90)                  0.03       0.07 r
  U66/ZN (ND2D4BWP20P90)                   0.02       0.08 f
  U146/ZN (OAI22D1BWP20P90)                0.02       0.10 r
  U423/S (FA1D1BWP20P90)                   0.05       0.15 f
  U37/CO (FA1D1BWP20P90)                   0.03       0.18 f
  U455/CO (FA1D1BWP20P90)                  0.03       0.22 f
  U453/Z (XOR2D1BWP20P90)                  0.02       0.24 r
  U454/Z (XOR2D1BWP20P90)                  0.03       0.26 f
  U459/ZN (NR2D1BWP20P90)                  0.01       0.28 r
  U178/ZN (OAI21D1BWP20P90)                0.02       0.30 f
  U510/ZN (AOI21D2BWP20P90)                0.02       0.31 r
  U511/ZN (OAI21D4BWP20P90)                0.02       0.33 f
  U769/ZN (AOI21D1BWP20P90)                0.02       0.34 r
  U772/Z (XOR2D1BWP20P90)                  0.02       0.36 r
  prod_reg[23]/D (DFCNQD2BWP20P90)         0.00       0.36 r
  data arrival time                                   0.36

  clock clk (rise edge)                    0.38       0.38
  clock network delay (ideal)              0.00       0.38
  clock uncertainty                       -0.01       0.37
  prod_reg[23]/CP (DFCNQD2BWP20P90)        0.00       0.37 r
  library setup time                      -0.01       0.36
  data required time                                  0.36
  -----------------------------------------------------------
  data required time                                  0.36
  data arrival time                                  -0.36
  -----------------------------------------------------------
  slack (MET)                                         0.00


  Startpoint: inp_a[5] (input port clocked by clk)
  Endpoint: prod_reg[24]
            (rising edge-triggered flip-flop clocked by clk)
  Path Group: clk
  Path Type: max

  Des/Clust/Port     Wire Load Model       Library
  ------------------------------------------------
  mult               ZeroWireload          N16ADFP_StdCelltt0p8v25c

  Point                                    Incr       Path
  -----------------------------------------------------------
  clock clk (rise edge)                    0.00       0.00
  clock network delay (ideal)              0.00       0.00
  input external delay                     0.01       0.01 f
  inp_a[5] (in)                            0.01       0.02 f
  U51/Z (CKBD1BWP20P90)                    0.02       0.03 f
  U192/Z (XOR2D1BWP20P90)                  0.02       0.05 r
  U88/ZN (ND2D2BWP20P90)                   0.01       0.06 f
  U81/ZN (CKND2BWP20P90)                   0.01       0.07 r
  U118/ZN (CKND2BWP20P90)                  0.01       0.08 f
  U329/ZN (OAI22D1BWP20P90)                0.01       0.09 r
  U375/S (FA1D1BWP20P90)                   0.05       0.14 f
  U382/S (FA1D1BWP20P90)                   0.05       0.19 r
  U372/ZN (ND2D1BWP20P90)                  0.01       0.20 f
  U373/ZN (INVD1BWP20P90)                  0.01       0.21 r
  U374/ZN (AOI21D1BWP20P90)                0.01       0.22 f
  U385/ZN (OAI21D2BWP20P90)                0.01       0.23 r
  U393/ZN (AOI21D2BWP20P90)                0.01       0.24 f
  U398/ZN (OAI21D2BWP20P90)                0.01       0.26 r
  U403/ZN (AOI21D2BWP20P90)                0.01       0.27 f
  U417/ZN (OAI21D2BWP20P90)                0.01       0.29 r
  U421/ZN (AOI21D2BWP20P90)                0.02       0.31 f
  U511/ZN (OAI21D4BWP20P90)                0.02       0.33 r
  U762/ZN (AOI21D1BWP20P90)                0.02       0.34 f
  U764/Z (XOR2D1BWP20P90)                  0.02       0.36 r
  prod_reg[24]/D (DFCNQD2BWP20P90)         0.00       0.36 r
  data arrival time                                   0.36

  clock clk (rise edge)                    0.38       0.38
  clock network delay (ideal)              0.00       0.38
  clock uncertainty                       -0.01       0.37
  prod_reg[24]/CP (DFCNQD2BWP20P90)        0.00       0.37 r
  library setup time                      -0.01       0.36
  data required time                                  0.36
  -----------------------------------------------------------
  data required time                                  0.36
  data arrival time                                  -0.36
  -----------------------------------------------------------
  slack (MET)                                         0.00


  Startpoint: inp_a[5] (input port clocked by clk)
  Endpoint: prod_reg[22]
            (rising edge-triggered flip-flop clocked by clk)
  Path Group: clk
  Path Type: max

  Des/Clust/Port     Wire Load Model       Library
  ------------------------------------------------
  mult               ZeroWireload          N16ADFP_StdCelltt0p8v25c

  Point                                    Incr       Path
  -----------------------------------------------------------
  clock clk (rise edge)                    0.00       0.00
  clock network delay (ideal)              0.00       0.00
  input external delay                     0.01       0.01 f
  inp_a[5] (in)                            0.01       0.02 f
  U51/Z (CKBD1BWP20P90)                    0.02       0.03 f
  U192/Z (XOR2D1BWP20P90)                  0.02       0.05 r
  U88/ZN (ND2D2BWP20P90)                   0.01       0.06 f
  U81/ZN (CKND2BWP20P90)                   0.01       0.07 r
  U118/ZN (CKND2BWP20P90)                  0.01       0.08 f
  U329/ZN (OAI22D1BWP20P90)                0.01       0.09 r
  U375/S (FA1D1BWP20P90)                   0.05       0.14 f
  U382/S (FA1D1BWP20P90)                   0.05       0.19 r
  U372/ZN (ND2D1BWP20P90)                  0.01       0.20 f
  U373/ZN (INVD1BWP20P90)                  0.01       0.21 r
  U374/ZN (AOI21D1BWP20P90)                0.01       0.22 f
  U385/ZN (OAI21D2BWP20P90)                0.01       0.23 r
  U393/ZN (AOI21D2BWP20P90)                0.01       0.24 f
  U398/ZN (OAI21D2BWP20P90)                0.01       0.26 r
  U403/ZN (AOI21D2BWP20P90)                0.01       0.27 f
  U417/ZN (OAI21D2BWP20P90)                0.01       0.29 r
  U421/ZN (AOI21D2BWP20P90)                0.02       0.31 f
  U511/ZN (OAI21D4BWP20P90)                0.02       0.33 r
  U35/ZN (AOI21D1BWP20P90)                 0.02       0.34 f
  U775/Z (XOR2D1BWP20P90)                  0.02       0.36 r
  prod_reg[22]/D (DFCNQD2BWP20P90)         0.00       0.36 r
  data arrival time                                   0.36

  clock clk (rise edge)                    0.38       0.38
  clock network delay (ideal)              0.00       0.38
  clock uncertainty                       -0.01       0.37
  prod_reg[22]/CP (DFCNQD2BWP20P90)        0.00       0.37 r
  library setup time                      -0.01       0.36
  data required time                                  0.36
  -----------------------------------------------------------
  data required time                                  0.36
  data arrival time                                  -0.36
  -----------------------------------------------------------
  slack (MET)                                         0.00


  Startpoint: inp_a[5] (input port clocked by clk)
  Endpoint: prod_reg[29]
            (rising edge-triggered flip-flop clocked by clk)
  Path Group: clk
  Path Type: max

  Des/Clust/Port     Wire Load Model       Library
  ------------------------------------------------
  mult               ZeroWireload          N16ADFP_StdCelltt0p8v25c

  Point                                    Incr       Path
  -----------------------------------------------------------
  clock clk (rise edge)                    0.00       0.00
  clock network delay (ideal)              0.00       0.00
  input external delay                     0.01       0.01 f
  inp_a[5] (in)                            0.01       0.02 f
  U51/Z (CKBD1BWP20P90)                    0.02       0.03 f
  U192/Z (XOR2D1BWP20P90)                  0.02       0.05 r
  U88/ZN (ND2D2BWP20P90)                   0.01       0.06 f
  U81/ZN (CKND2BWP20P90)                   0.01       0.07 r
  U118/ZN (CKND2BWP20P90)                  0.01       0.08 f
  U329/ZN (OAI22D1BWP20P90)                0.01       0.09 r
  U375/S (FA1D1BWP20P90)                   0.05       0.14 f
  U382/S (FA1D1BWP20P90)                   0.05       0.19 r
  U372/ZN (ND2D1BWP20P90)                  0.01       0.20 f
  U373/ZN (INVD1BWP20P90)                  0.01       0.21 r
  U374/ZN (AOI21D1BWP20P90)                0.01       0.22 f
  U385/ZN (OAI21D2BWP20P90)                0.01       0.23 r
  U393/ZN (AOI21D2BWP20P90)                0.01       0.24 f
  U398/ZN (OAI21D2BWP20P90)                0.01       0.26 r
  U403/ZN (AOI21D2BWP20P90)                0.01       0.27 f
  U417/ZN (OAI21D2BWP20P90)                0.01       0.29 r
  U421/ZN (AOI21D2BWP20P90)                0.02       0.31 f
  U511/ZN (OAI21D4BWP20P90)                0.02       0.33 r
  U736/ZN (AOI21D1BWP20P90)                0.02       0.34 f
  U738/Z (XOR2D1BWP20P90)                  0.02       0.36 r
  prod_reg[29]/D (DFCNQD2BWP20P90)         0.00       0.36 r
  data arrival time                                   0.36

  clock clk (rise edge)                    0.38       0.38
  clock network delay (ideal)              0.00       0.38
  clock uncertainty                       -0.01       0.37
  prod_reg[29]/CP (DFCNQD2BWP20P90)        0.00       0.37 r
  library setup time                      -0.01       0.36
  data required time                                  0.36
  -----------------------------------------------------------
  data required time                                  0.36
  data arrival time                                  -0.36
  -----------------------------------------------------------
  slack (MET)                                         0.00


  Startpoint: inp_a[5] (input port clocked by clk)
  Endpoint: prod_reg[26]
            (rising edge-triggered flip-flop clocked by clk)
  Path Group: clk
  Path Type: max

  Des/Clust/Port     Wire Load Model       Library
  ------------------------------------------------
  mult               ZeroWireload          N16ADFP_StdCelltt0p8v25c

  Point                                    Incr       Path
  -----------------------------------------------------------
  clock clk (rise edge)                    0.00       0.00
  clock network delay (ideal)              0.00       0.00
  input external delay                     0.01       0.01 f
  inp_a[5] (in)                            0.01       0.02 f
  U51/Z (CKBD1BWP20P90)                    0.02       0.03 f
  U192/Z (XOR2D1BWP20P90)                  0.02       0.05 r
  U88/ZN (ND2D2BWP20P90)                   0.01       0.06 f
  U81/ZN (CKND2BWP20P90)                   0.01       0.07 r
  U118/ZN (CKND2BWP20P90)                  0.01       0.08 f
  U329/ZN (OAI22D1BWP20P90)                0.01       0.09 r
  U375/S (FA1D1BWP20P90)                   0.05       0.14 f
  U382/S (FA1D1BWP20P90)                   0.05       0.19 r
  U372/ZN (ND2D1BWP20P90)                  0.01       0.20 f
  U373/ZN (INVD1BWP20P90)                  0.01       0.21 r
  U374/ZN (AOI21D1BWP20P90)                0.01       0.22 f
  U385/ZN (OAI21D2BWP20P90)                0.01       0.23 r
  U393/ZN (AOI21D2BWP20P90)                0.01       0.24 f
  U398/ZN (OAI21D2BWP20P90)                0.01       0.26 r
  U403/ZN (AOI21D2BWP20P90)                0.01       0.27 f
  U417/ZN (OAI21D2BWP20P90)                0.01       0.29 r
  U421/ZN (AOI21D2BWP20P90)                0.02       0.31 f
  U511/ZN (OAI21D4BWP20P90)                0.02       0.33 r
  U791/ZN (AOI21D1BWP20P90)                0.02       0.34 f
  U794/Z (XOR2D1BWP20P90)                  0.02       0.36 r
  prod_reg[26]/D (DFCNQD2BWP20P90)         0.00       0.36 r
  data arrival time                                   0.36

  clock clk (rise edge)                    0.38       0.38
  clock network delay (ideal)              0.00       0.38
  clock uncertainty                       -0.01       0.37
  prod_reg[26]/CP (DFCNQD2BWP20P90)        0.00       0.37 r
  library setup time                      -0.01       0.36
  data required time                                  0.36
  -----------------------------------------------------------
  data required time                                  0.36
  data arrival time                                  -0.36
  -----------------------------------------------------------
  slack (MET)                                         0.00


  Startpoint: inp_a[5] (input port clocked by clk)
  Endpoint: prod_reg[21]
            (rising edge-triggered flip-flop clocked by clk)
  Path Group: clk
  Path Type: max

  Des/Clust/Port     Wire Load Model       Library
  ------------------------------------------------
  mult               ZeroWireload          N16ADFP_StdCelltt0p8v25c

  Point                                    Incr       Path
  -----------------------------------------------------------
  clock clk (rise edge)                    0.00       0.00
  clock network delay (ideal)              0.00       0.00
  input external delay                     0.01       0.01 f
  inp_a[5] (in)                            0.01       0.02 f
  U51/Z (CKBD1BWP20P90)                    0.02       0.03 f
  U192/Z (XOR2D1BWP20P90)                  0.02       0.05 r
  U88/ZN (ND2D2BWP20P90)                   0.01       0.06 f
  U81/ZN (CKND2BWP20P90)                   0.01       0.07 r
  U118/ZN (CKND2BWP20P90)                  0.01       0.08 f
  U329/ZN (OAI22D1BWP20P90)                0.01       0.09 r
  U375/S (FA1D1BWP20P90)                   0.05       0.14 f
  U382/S (FA1D1BWP20P90)                   0.05       0.19 r
  U372/ZN (ND2D1BWP20P90)                  0.01       0.20 f
  U373/ZN (INVD1BWP20P90)                  0.01       0.21 r
  U374/ZN (AOI21D1BWP20P90)                0.01       0.22 f
  U385/ZN (OAI21D2BWP20P90)                0.01       0.23 r
  U393/ZN (AOI21D2BWP20P90)                0.01       0.24 f
  U398/ZN (OAI21D2BWP20P90)                0.01       0.26 r
  U403/ZN (AOI21D2BWP20P90)                0.01       0.27 f
  U417/ZN (OAI21D2BWP20P90)                0.01       0.29 r
  U421/ZN (AOI21D2BWP20P90)                0.02       0.31 f
  U511/ZN (OAI21D4BWP20P90)                0.02       0.33 r
  U778/ZN (AOI21D1BWP20P90)                0.02       0.34 f
  U781/Z (XOR2D1BWP20P90)                  0.02       0.36 r
  prod_reg[21]/D (DFCNQD2BWP20P90)         0.00       0.36 r
  data arrival time                                   0.36

  clock clk (rise edge)                    0.38       0.38
  clock network delay (ideal)              0.00       0.38
  clock uncertainty                       -0.01       0.37
  prod_reg[21]/CP (DFCNQD2BWP20P90)        0.00       0.37 r
  library setup time                      -0.01       0.36
  data required time                                  0.36
  -----------------------------------------------------------
  data required time                                  0.36
  data arrival time                                  -0.36
  -----------------------------------------------------------
  slack (MET)                                         0.00


  Startpoint: inp_a[4] (input port clocked by clk)
  Endpoint: prod_reg[23]
            (rising edge-triggered flip-flop clocked by clk)
  Path Group: clk
  Path Type: max

  Des/Clust/Port     Wire Load Model       Library
  ------------------------------------------------
  mult               ZeroWireload          N16ADFP_StdCelltt0p8v25c

  Point                                    Incr       Path
  -----------------------------------------------------------
  clock clk (rise edge)                    0.00       0.00
  clock network delay (ideal)              0.00       0.00
  input external delay                     0.01       0.01 f
  inp_a[4] (in)                            0.00       0.01 f
  U149/Z (XOR2D1BWP20P90)                  0.03       0.04 r
  U151/ZN (INVD1BWP20P90)                  0.03       0.07 f
  U194/ZN (OAI22D1BWP20P90)                0.03       0.10 r
  U422/S (FA1D1BWP20P90)                   0.05       0.15 f
  U37/CO (FA1D1BWP20P90)                   0.03       0.18 f
  U455/CO (FA1D1BWP20P90)                  0.03       0.22 f
  U453/Z (XOR2D1BWP20P90)                  0.02       0.24 r
  U454/Z (XOR2D1BWP20P90)                  0.03       0.26 f
  U459/ZN (NR2D1BWP20P90)                  0.01       0.28 r
  U178/ZN (OAI21D1BWP20P90)                0.02       0.30 f
  U510/ZN (AOI21D2BWP20P90)                0.02       0.31 r
  U511/ZN (OAI21D4BWP20P90)                0.02       0.33 f
  U769/ZN (AOI21D1BWP20P90)                0.02       0.34 r
  U772/Z (XOR2D1BWP20P90)                  0.02       0.36 r
  prod_reg[23]/D (DFCNQD2BWP20P90)         0.00       0.36 r
  data arrival time                                   0.36

  clock clk (rise edge)                    0.38       0.38
  clock network delay (ideal)              0.00       0.38
  clock uncertainty                       -0.01       0.37
  prod_reg[23]/CP (DFCNQD2BWP20P90)        0.00       0.37 r
  library setup time                      -0.01       0.36
  data required time                                  0.36
  -----------------------------------------------------------
  data required time                                  0.36
  data arrival time                                  -0.36
  -----------------------------------------------------------
  slack (MET)                                         0.00


  Startpoint: inp_a[5] (input port clocked by clk)
  Endpoint: prod_reg[28]
            (rising edge-triggered flip-flop clocked by clk)
  Path Group: clk
  Path Type: max

  Des/Clust/Port     Wire Load Model       Library
  ------------------------------------------------
  mult               ZeroWireload          N16ADFP_StdCelltt0p8v25c

  Point                                    Incr       Path
  -----------------------------------------------------------
  clock clk (rise edge)                    0.00       0.00
  clock network delay (ideal)              0.00       0.00
  input external delay                     0.01       0.01 f
  inp_a[5] (in)                            0.01       0.02 f
  U51/Z (CKBD1BWP20P90)                    0.02       0.03 f
  U192/Z (XOR2D1BWP20P90)                  0.02       0.05 r
  U88/ZN (ND2D2BWP20P90)                   0.01       0.06 f
  U81/ZN (CKND2BWP20P90)                   0.01       0.07 r
  U118/ZN (CKND2BWP20P90)                  0.01       0.08 f
  U329/ZN (OAI22D1BWP20P90)                0.01       0.09 r
  U375/S (FA1D1BWP20P90)                   0.05       0.14 f
  U382/S (FA1D1BWP20P90)                   0.05       0.19 r
  U372/ZN (ND2D1BWP20P90)                  0.01       0.20 f
  U373/ZN (INVD1BWP20P90)                  0.01       0.21 r
  U374/ZN (AOI21D1BWP20P90)                0.01       0.22 f
  U385/ZN (OAI21D2BWP20P90)                0.01       0.23 r
  U393/ZN (AOI21D2BWP20P90)                0.01       0.24 f
  U398/ZN (OAI21D2BWP20P90)                0.01       0.26 r
  U403/ZN (AOI21D2BWP20P90)                0.01       0.27 f
  U417/ZN (OAI21D2BWP20P90)                0.01       0.29 r
  U421/ZN (AOI21D2BWP20P90)                0.02       0.31 f
  U511/ZN (OAI21D4BWP20P90)                0.02       0.33 r
  U745/ZN (AOI21D1BWP20P90)                0.02       0.34 f
  U747/Z (XOR2D1BWP20P90)                  0.02       0.36 r
  prod_reg[28]/D (DFCNQD2BWP20P90)         0.00       0.36 r
  data arrival time                                   0.36

  clock clk (rise edge)                    0.38       0.38
  clock network delay (ideal)              0.00       0.38
  clock uncertainty                       -0.01       0.37
  prod_reg[28]/CP (DFCNQD2BWP20P90)        0.00       0.37 r
  library setup time                      -0.01       0.36
  data required time                                  0.36
  -----------------------------------------------------------
  data required time                                  0.36
  data arrival time                                  -0.36
  -----------------------------------------------------------
  slack (MET)                                         0.00


  Startpoint: inp_a[5] (input port clocked by clk)
  Endpoint: prod_reg[27]
            (rising edge-triggered flip-flop clocked by clk)
  Path Group: clk
  Path Type: max

  Des/Clust/Port     Wire Load Model       Library
  ------------------------------------------------
  mult               ZeroWireload          N16ADFP_StdCelltt0p8v25c

  Point                                    Incr       Path
  -----------------------------------------------------------
  clock clk (rise edge)                    0.00       0.00
  clock network delay (ideal)              0.00       0.00
  input external delay                     0.01       0.01 f
  inp_a[5] (in)                            0.01       0.02 f
  U51/Z (CKBD1BWP20P90)                    0.02       0.03 f
  U192/Z (XOR2D1BWP20P90)                  0.02       0.05 r
  U88/ZN (ND2D2BWP20P90)                   0.01       0.06 f
  U81/ZN (CKND2BWP20P90)                   0.01       0.07 r
  U118/ZN (CKND2BWP20P90)                  0.01       0.08 f
  U329/ZN (OAI22D1BWP20P90)                0.01       0.09 r
  U375/S (FA1D1BWP20P90)                   0.05       0.14 f
  U382/S (FA1D1BWP20P90)                   0.05       0.19 r
  U372/ZN (ND2D1BWP20P90)                  0.01       0.20 f
  U373/ZN (INVD1BWP20P90)                  0.01       0.21 r
  U374/ZN (AOI21D1BWP20P90)                0.01       0.22 f
  U385/ZN (OAI21D2BWP20P90)                0.01       0.23 r
  U393/ZN (AOI21D2BWP20P90)                0.01       0.24 f
  U398/ZN (OAI21D2BWP20P90)                0.01       0.26 r
  U403/ZN (AOI21D2BWP20P90)                0.01       0.27 f
  U417/ZN (OAI21D2BWP20P90)                0.01       0.29 r
  U421/ZN (AOI21D2BWP20P90)                0.02       0.31 f
  U511/ZN (OAI21D4BWP20P90)                0.02       0.33 r
  U752/ZN (AOI21D1BWP20P90)                0.02       0.34 f
  U754/Z (XOR2D1BWP20P90)                  0.02       0.36 r
  prod_reg[27]/D (DFCNQD2BWP20P90)         0.00       0.36 r
  data arrival time                                   0.36

  clock clk (rise edge)                    0.38       0.38
  clock network delay (ideal)              0.00       0.38
  clock uncertainty                       -0.01       0.37
  prod_reg[27]/CP (DFCNQD2BWP20P90)        0.00       0.37 r
  library setup time                      -0.01       0.36
  data required time                                  0.36
  -----------------------------------------------------------
  data required time                                  0.36
  data arrival time                                  -0.36
  -----------------------------------------------------------
  slack (MET)                                         0.00


  Startpoint: inp_a[5] (input port clocked by clk)
  Endpoint: prod_reg[25]
            (rising edge-triggered flip-flop clocked by clk)
  Path Group: clk
  Path Type: max

  Des/Clust/Port     Wire Load Model       Library
  ------------------------------------------------
  mult               ZeroWireload          N16ADFP_StdCelltt0p8v25c

  Point                                    Incr       Path
  -----------------------------------------------------------
  clock clk (rise edge)                    0.00       0.00
  clock network delay (ideal)              0.00       0.00
  input external delay                     0.01       0.01 f
  inp_a[5] (in)                            0.01       0.02 f
  U51/Z (CKBD1BWP20P90)                    0.02       0.03 f
  U192/Z (XOR2D1BWP20P90)                  0.02       0.05 r
  U88/ZN (ND2D2BWP20P90)                   0.01       0.06 f
  U81/ZN (CKND2BWP20P90)                   0.01       0.07 r
  U118/ZN (CKND2BWP20P90)                  0.01       0.08 f
  U329/ZN (OAI22D1BWP20P90)                0.01       0.09 r
  U375/S (FA1D1BWP20P90)                   0.05       0.14 f
  U382/S (FA1D1BWP20P90)                   0.05       0.19 r
  U372/ZN (ND2D1BWP20P90)                  0.01       0.20 f
  U373/ZN (INVD1BWP20P90)                  0.01       0.21 r
  U374/ZN (AOI21D1BWP20P90)                0.01       0.22 f
  U385/ZN (OAI21D2BWP20P90)                0.01       0.23 r
  U393/ZN (AOI21D2BWP20P90)                0.01       0.24 f
  U398/ZN (OAI21D2BWP20P90)                0.01       0.26 r
  U403/ZN (AOI21D2BWP20P90)                0.01       0.27 f
  U417/ZN (OAI21D2BWP20P90)                0.01       0.29 r
  U421/ZN (AOI21D2BWP20P90)                0.02       0.31 f
  U511/ZN (OAI21D4BWP20P90)                0.02       0.33 r
  U757/ZN (AOI21D1BWP20P90)                0.02       0.34 f
  U759/Z (XOR2D1BWP20P90)                  0.02       0.36 r
  prod_reg[25]/D (DFCNQD2BWP20P90)         0.00       0.36 r
  data arrival time                                   0.36

  clock clk (rise edge)                    0.38       0.38
  clock network delay (ideal)              0.00       0.38
  clock uncertainty                       -0.01       0.37
  prod_reg[25]/CP (DFCNQD2BWP20P90)        0.00       0.37 r
  library setup time                      -0.01       0.36
  data required time                                  0.36
  -----------------------------------------------------------
  data required time                                  0.36
  data arrival time                                  -0.36
  -----------------------------------------------------------
  slack (MET)                                         0.00


  Startpoint: inp_a[9] (input port clocked by clk)
  Endpoint: prod_reg[24]
            (rising edge-triggered flip-flop clocked by clk)
  Path Group: clk
  Path Type: max

  Des/Clust/Port     Wire Load Model       Library
  ------------------------------------------------
  mult               ZeroWireload          N16ADFP_StdCelltt0p8v25c

  Point                                    Incr       Path
  -----------------------------------------------------------
  clock clk (rise edge)                    0.00       0.00
  clock network delay (ideal)              0.00       0.00
  input external delay                     0.01       0.01 r
  inp_a[9] (in)                            0.01       0.02 r
  U152/Z (XOR2D1BWP20P90)                  0.02       0.04 f
  U41/ZN (INVD1BWP20P90)                   0.03       0.07 r
  U227/ZN (OAI22D1BWP20P90)                0.03       0.10 f
  U264/S (FA1D1BWP20P90)                   0.05       0.15 r
  U408/S (FA1D1BWP20P90)                   0.05       0.20 f
  U409/S (FA1D1BWP20P90)                   0.05       0.25 r
  U412/ZN (ND2D1BWP20P90)                  0.01       0.26 f
  U413/ZN (INVD1BWP20P90)                  0.01       0.27 r
  U416/ZN (AOI21D1BWP20P90)                0.01       0.28 f
  U417/ZN (OAI21D2BWP20P90)                0.01       0.29 r
  U421/ZN (AOI21D2BWP20P90)                0.02       0.31 f
  U511/ZN (OAI21D4BWP20P90)                0.02       0.33 r
  U762/ZN (AOI21D1BWP20P90)                0.02       0.34 f
  U764/Z (XOR2D1BWP20P90)                  0.02       0.36 r
  prod_reg[24]/D (DFCNQD2BWP20P90)         0.00       0.36 r
  data arrival time                                   0.36

  clock clk (rise edge)                    0.38       0.38
  clock network delay (ideal)              0.00       0.38
  clock uncertainty                       -0.01       0.37
  prod_reg[24]/CP (DFCNQD2BWP20P90)        0.00       0.37 r
  library setup time                      -0.01       0.36
  data required time                                  0.36
  -----------------------------------------------------------
  data required time                                  0.36
  data arrival time                                  -0.36
  -----------------------------------------------------------
  slack (MET)                                         0.00


  Startpoint: inp_a[9] (input port clocked by clk)
  Endpoint: prod_reg[22]
            (rising edge-triggered flip-flop clocked by clk)
  Path Group: clk
  Path Type: max

  Des/Clust/Port     Wire Load Model       Library
  ------------------------------------------------
  mult               ZeroWireload          N16ADFP_StdCelltt0p8v25c

  Point                                    Incr       Path
  -----------------------------------------------------------
  clock clk (rise edge)                    0.00       0.00
  clock network delay (ideal)              0.00       0.00
  input external delay                     0.01       0.01 r
  inp_a[9] (in)                            0.01       0.02 r
  U152/Z (XOR2D1BWP20P90)                  0.02       0.04 f
  U41/ZN (INVD1BWP20P90)                   0.03       0.07 r
  U227/ZN (OAI22D1BWP20P90)                0.03       0.10 f
  U264/S (FA1D1BWP20P90)                   0.05       0.15 r
  U408/S (FA1D1BWP20P90)                   0.05       0.20 f
  U409/S (FA1D1BWP20P90)                   0.05       0.25 r
  U412/ZN (ND2D1BWP20P90)                  0.01       0.26 f
  U413/ZN (INVD1BWP20P90)                  0.01       0.27 r
  U416/ZN (AOI21D1BWP20P90)                0.01       0.28 f
  U417/ZN (OAI21D2BWP20P90)                0.01       0.29 r
  U421/ZN (AOI21D2BWP20P90)                0.02       0.31 f
  U511/ZN (OAI21D4BWP20P90)                0.02       0.33 r
  U35/ZN (AOI21D1BWP20P90)                 0.02       0.34 f
  U775/Z (XOR2D1BWP20P90)                  0.02       0.36 r
  prod_reg[22]/D (DFCNQD2BWP20P90)         0.00       0.36 r
  data arrival time                                   0.36

  clock clk (rise edge)                    0.38       0.38
  clock network delay (ideal)              0.00       0.38
  clock uncertainty                       -0.01       0.37
  prod_reg[22]/CP (DFCNQD2BWP20P90)        0.00       0.37 r
  library setup time                      -0.01       0.36
  data required time                                  0.36
  -----------------------------------------------------------
  data required time                                  0.36
  data arrival time                                  -0.36
  -----------------------------------------------------------
  slack (MET)                                         0.00


  Startpoint: inp_a[5] (input port clocked by clk)
  Endpoint: prod_reg[30]
            (rising edge-triggered flip-flop clocked by clk)
  Path Group: clk
  Path Type: max

  Des/Clust/Port     Wire Load Model       Library
  ------------------------------------------------
  mult               ZeroWireload          N16ADFP_StdCelltt0p8v25c

  Point                                    Incr       Path
  -----------------------------------------------------------
  clock clk (rise edge)                    0.00       0.00
  clock network delay (ideal)              0.00       0.00
  input external delay                     0.01       0.01 f
  inp_a[5] (in)                            0.01       0.02 f
  U51/Z (CKBD1BWP20P90)                    0.02       0.03 f
  U192/Z (XOR2D1BWP20P90)                  0.02       0.05 r
  U88/ZN (ND2D2BWP20P90)                   0.01       0.06 f
  U81/ZN (CKND2BWP20P90)                   0.01       0.07 r
  U118/ZN (CKND2BWP20P90)                  0.01       0.08 f
  U329/ZN (OAI22D1BWP20P90)                0.01       0.09 r
  U375/S (FA1D1BWP20P90)                   0.05       0.14 f
  U382/S (FA1D1BWP20P90)                   0.05       0.19 r
  U372/ZN (ND2D1BWP20P90)                  0.01       0.20 f
  U373/ZN (INVD1BWP20P90)                  0.01       0.21 r
  U374/ZN (AOI21D1BWP20P90)                0.01       0.22 f
  U385/ZN (OAI21D2BWP20P90)                0.01       0.23 r
  U393/ZN (AOI21D2BWP20P90)                0.01       0.24 f
  U398/ZN (OAI21D2BWP20P90)                0.01       0.26 r
  U403/ZN (AOI21D2BWP20P90)                0.01       0.27 f
  U417/ZN (OAI21D2BWP20P90)                0.01       0.29 r
  U421/ZN (AOI21D2BWP20P90)                0.02       0.31 f
  U511/ZN (OAI21D4BWP20P90)                0.02       0.33 r
  U728/ZN (AOI21D1BWP20P90)                0.02       0.34 f
  U731/Z (XOR2D1BWP20P90)                  0.02       0.36 r
  prod_reg[30]/D (DFCNQD2BWP20P90)         0.00       0.36 r
  data arrival time                                   0.36

  clock clk (rise edge)                    0.38       0.38
  clock network delay (ideal)              0.00       0.38
  clock uncertainty                       -0.01       0.37
  prod_reg[30]/CP (DFCNQD2BWP20P90)        0.00       0.37 r
  library setup time                      -0.01       0.36
  data required time                                  0.36
  -----------------------------------------------------------
  data required time                                  0.36
  data arrival time                                  -0.36
  -----------------------------------------------------------
  slack (MET)                                         0.00


  Startpoint: inp_a[5] (input port clocked by clk)
  Endpoint: prod_reg[23]
            (rising edge-triggered flip-flop clocked by clk)
  Path Group: clk
  Path Type: max

  Des/Clust/Port     Wire Load Model       Library
  ------------------------------------------------
  mult               ZeroWireload          N16ADFP_StdCelltt0p8v25c

  Point                                    Incr       Path
  -----------------------------------------------------------
  clock clk (rise edge)                    0.00       0.00
  clock network delay (ideal)              0.00       0.00
  input external delay                     0.01       0.01 f
  inp_a[5] (in)                            0.01       0.02 f
  U51/Z (CKBD1BWP20P90)                    0.02       0.03 f
  U192/Z (XOR2D1BWP20P90)                  0.02       0.05 r
  U88/ZN (ND2D2BWP20P90)                   0.01       0.06 f
  U81/ZN (CKND2BWP20P90)                   0.01       0.07 r
  U118/ZN (CKND2BWP20P90)                  0.01       0.08 f
  U329/ZN (OAI22D1BWP20P90)                0.01       0.09 r
  U375/S (FA1D1BWP20P90)                   0.05       0.14 f
  U382/S (FA1D1BWP20P90)                   0.05       0.19 r
  U372/ZN (ND2D1BWP20P90)                  0.01       0.20 f
  U373/ZN (INVD1BWP20P90)                  0.01       0.21 r
  U374/ZN (AOI21D1BWP20P90)                0.01       0.22 f
  U385/ZN (OAI21D2BWP20P90)                0.01       0.23 r
  U393/ZN (AOI21D2BWP20P90)                0.01       0.24 f
  U398/ZN (OAI21D2BWP20P90)                0.01       0.26 r
  U403/ZN (AOI21D2BWP20P90)                0.01       0.27 f
  U417/ZN (OAI21D2BWP20P90)                0.01       0.29 r
  U421/ZN (AOI21D2BWP20P90)                0.02       0.31 f
  U511/ZN (OAI21D4BWP20P90)                0.02       0.33 r
  U769/ZN (AOI21D1BWP20P90)                0.02       0.34 f
  U772/Z (XOR2D1BWP20P90)                  0.02       0.36 r
  prod_reg[23]/D (DFCNQD2BWP20P90)         0.00       0.36 r
  data arrival time                                   0.36

  clock clk (rise edge)                    0.38       0.38
  clock network delay (ideal)              0.00       0.38
  clock uncertainty                       -0.01       0.37
  prod_reg[23]/CP (DFCNQD2BWP20P90)        0.00       0.37 r
  library setup time                      -0.01       0.36
  data required time                                  0.36
  -----------------------------------------------------------
  data required time                                  0.36
  data arrival time                                  -0.36
  -----------------------------------------------------------
  slack (MET)                                         0.00


  Startpoint: inp_a[9] (input port clocked by clk)
  Endpoint: prod_reg[29]
            (rising edge-triggered flip-flop clocked by clk)
  Path Group: clk
  Path Type: max

  Des/Clust/Port     Wire Load Model       Library
  ------------------------------------------------
  mult               ZeroWireload          N16ADFP_StdCelltt0p8v25c

  Point                                    Incr       Path
  -----------------------------------------------------------
  clock clk (rise edge)                    0.00       0.00
  clock network delay (ideal)              0.00       0.00
  input external delay                     0.01       0.01 r
  inp_a[9] (in)                            0.01       0.02 r
  U152/Z (XOR2D1BWP20P90)                  0.02       0.04 f
  U41/ZN (INVD1BWP20P90)                   0.03       0.07 r
  U227/ZN (OAI22D1BWP20P90)                0.03       0.10 f
  U264/S (FA1D1BWP20P90)                   0.05       0.15 r
  U408/S (FA1D1BWP20P90)                   0.05       0.20 f
  U409/S (FA1D1BWP20P90)                   0.05       0.25 r
  U412/ZN (ND2D1BWP20P90)                  0.01       0.26 f
  U413/ZN (INVD1BWP20P90)                  0.01       0.27 r
  U416/ZN (AOI21D1BWP20P90)                0.01       0.28 f
  U417/ZN (OAI21D2BWP20P90)                0.01       0.29 r
  U421/ZN (AOI21D2BWP20P90)                0.02       0.31 f
  U511/ZN (OAI21D4BWP20P90)                0.02       0.33 r
  U736/ZN (AOI21D1BWP20P90)                0.02       0.34 f
  U738/Z (XOR2D1BWP20P90)                  0.02       0.36 r
  prod_reg[29]/D (DFCNQD2BWP20P90)         0.00       0.36 r
  data arrival time                                   0.36

  clock clk (rise edge)                    0.38       0.38
  clock network delay (ideal)              0.00       0.38
  clock uncertainty                       -0.01       0.37
  prod_reg[29]/CP (DFCNQD2BWP20P90)        0.00       0.37 r
  library setup time                      -0.01       0.36
  data required time                                  0.36
  -----------------------------------------------------------
  data required time                                  0.36
  data arrival time                                  -0.36
  -----------------------------------------------------------
  slack (MET)                                         0.00


  Startpoint: inp_a[9] (input port clocked by clk)
  Endpoint: prod_reg[26]
            (rising edge-triggered flip-flop clocked by clk)
  Path Group: clk
  Path Type: max

  Des/Clust/Port     Wire Load Model       Library
  ------------------------------------------------
  mult               ZeroWireload          N16ADFP_StdCelltt0p8v25c

  Point                                    Incr       Path
  -----------------------------------------------------------
  clock clk (rise edge)                    0.00       0.00
  clock network delay (ideal)              0.00       0.00
  input external delay                     0.01       0.01 r
  inp_a[9] (in)                            0.01       0.02 r
  U152/Z (XOR2D1BWP20P90)                  0.02       0.04 f
  U41/ZN (INVD1BWP20P90)                   0.03       0.07 r
  U227/ZN (OAI22D1BWP20P90)                0.03       0.10 f
  U264/S (FA1D1BWP20P90)                   0.05       0.15 r
  U408/S (FA1D1BWP20P90)                   0.05       0.20 f
  U409/S (FA1D1BWP20P90)                   0.05       0.25 r
  U412/ZN (ND2D1BWP20P90)                  0.01       0.26 f
  U413/ZN (INVD1BWP20P90)                  0.01       0.27 r
  U416/ZN (AOI21D1BWP20P90)                0.01       0.28 f
  U417/ZN (OAI21D2BWP20P90)                0.01       0.29 r
  U421/ZN (AOI21D2BWP20P90)                0.02       0.31 f
  U511/ZN (OAI21D4BWP20P90)                0.02       0.33 r
  U791/ZN (AOI21D1BWP20P90)                0.02       0.34 f
  U794/Z (XOR2D1BWP20P90)                  0.02       0.36 r
  prod_reg[26]/D (DFCNQD2BWP20P90)         0.00       0.36 r
  data arrival time                                   0.36

  clock clk (rise edge)                    0.38       0.38
  clock network delay (ideal)              0.00       0.38
  clock uncertainty                       -0.01       0.37
  prod_reg[26]/CP (DFCNQD2BWP20P90)        0.00       0.37 r
  library setup time                      -0.01       0.36
  data required time                                  0.36
  -----------------------------------------------------------
  data required time                                  0.36
  data arrival time                                  -0.36
  -----------------------------------------------------------
  slack (MET)                                         0.00


  Startpoint: inp_a[9] (input port clocked by clk)
  Endpoint: prod_reg[21]
            (rising edge-triggered flip-flop clocked by clk)
  Path Group: clk
  Path Type: max

  Des/Clust/Port     Wire Load Model       Library
  ------------------------------------------------
  mult               ZeroWireload          N16ADFP_StdCelltt0p8v25c

  Point                                    Incr       Path
  -----------------------------------------------------------
  clock clk (rise edge)                    0.00       0.00
  clock network delay (ideal)              0.00       0.00
  input external delay                     0.01       0.01 r
  inp_a[9] (in)                            0.01       0.02 r
  U152/Z (XOR2D1BWP20P90)                  0.02       0.04 f
  U41/ZN (INVD1BWP20P90)                   0.03       0.07 r
  U227/ZN (OAI22D1BWP20P90)                0.03       0.10 f
  U264/S (FA1D1BWP20P90)                   0.05       0.15 r
  U408/S (FA1D1BWP20P90)                   0.05       0.20 f
  U409/S (FA1D1BWP20P90)                   0.05       0.25 r
  U412/ZN (ND2D1BWP20P90)                  0.01       0.26 f
  U413/ZN (INVD1BWP20P90)                  0.01       0.27 r
  U416/ZN (AOI21D1BWP20P90)                0.01       0.28 f
  U417/ZN (OAI21D2BWP20P90)                0.01       0.29 r
  U421/ZN (AOI21D2BWP20P90)                0.02       0.31 f
  U511/ZN (OAI21D4BWP20P90)                0.02       0.33 r
  U778/ZN (AOI21D1BWP20P90)                0.02       0.34 f
  U781/Z (XOR2D1BWP20P90)                  0.02       0.36 r
  prod_reg[21]/D (DFCNQD2BWP20P90)         0.00       0.36 r
  data arrival time                                   0.36

  clock clk (rise edge)                    0.38       0.38
  clock network delay (ideal)              0.00       0.38
  clock uncertainty                       -0.01       0.37
  prod_reg[21]/CP (DFCNQD2BWP20P90)        0.00       0.37 r
  library setup time                      -0.01       0.36
  data required time                                  0.36
  -----------------------------------------------------------
  data required time                                  0.36
  data arrival time                                  -0.36
  -----------------------------------------------------------
  slack (MET)                                         0.00


  Startpoint: inp_a[5] (input port clocked by clk)
  Endpoint: prod_reg[31]
            (rising edge-triggered flip-flop clocked by clk)
  Path Group: clk
  Path Type: max

  Des/Clust/Port     Wire Load Model       Library
  ------------------------------------------------
  mult               ZeroWireload          N16ADFP_StdCelltt0p8v25c

  Point                                    Incr       Path
  -----------------------------------------------------------
  clock clk (rise edge)                    0.00       0.00
  clock network delay (ideal)              0.00       0.00
  input external delay                     0.01       0.01 f
  inp_a[5] (in)                            0.01       0.02 f
  U51/Z (CKBD1BWP20P90)                    0.02       0.03 f
  U192/Z (XOR2D1BWP20P90)                  0.02       0.05 r
  U88/ZN (ND2D2BWP20P90)                   0.01       0.06 f
  U81/ZN (CKND2BWP20P90)                   0.01       0.07 r
  U118/ZN (CKND2BWP20P90)                  0.01       0.08 f
  U329/ZN (OAI22D1BWP20P90)                0.01       0.09 r
  U375/S (FA1D1BWP20P90)                   0.05       0.14 f
  U382/S (FA1D1BWP20P90)                   0.05       0.19 r
  U372/ZN (ND2D1BWP20P90)                  0.01       0.20 f
  U373/ZN (INVD1BWP20P90)                  0.01       0.21 r
  U374/ZN (AOI21D1BWP20P90)                0.01       0.22 f
  U385/ZN (OAI21D2BWP20P90)                0.01       0.23 r
  U393/ZN (AOI21D2BWP20P90)                0.01       0.24 f
  U398/ZN (OAI21D2BWP20P90)                0.01       0.26 r
  U403/ZN (AOI21D2BWP20P90)                0.01       0.27 f
  U417/ZN (OAI21D2BWP20P90)                0.01       0.29 r
  U421/ZN (AOI21D2BWP20P90)                0.02       0.31 f
  U511/ZN (OAI21D4BWP20P90)                0.02       0.33 r
  U709/ZN (AOI21D1BWP20P90)                0.02       0.34 f
  U717/Z (XOR2D1BWP20P90)                  0.02       0.36 r
  prod_reg[31]/D (DFCNQD2BWP20P90)         0.00       0.36 r
  data arrival time                                   0.36

  clock clk (rise edge)                    0.38       0.38
  clock network delay (ideal)              0.00       0.38
  clock uncertainty                       -0.01       0.37
  prod_reg[31]/CP (DFCNQD2BWP20P90)        0.00       0.37 r
  library setup time                      -0.01       0.36
  data required time                                  0.36
  -----------------------------------------------------------
  data required time                                  0.36
  data arrival time                                  -0.36
  -----------------------------------------------------------
  slack (MET)                                         0.00


  Startpoint: inp_a[9] (input port clocked by clk)
  Endpoint: prod_reg[28]
            (rising edge-triggered flip-flop clocked by clk)
  Path Group: clk
  Path Type: max

  Des/Clust/Port     Wire Load Model       Library
  ------------------------------------------------
  mult               ZeroWireload          N16ADFP_StdCelltt0p8v25c

  Point                                    Incr       Path
  -----------------------------------------------------------
  clock clk (rise edge)                    0.00       0.00
  clock network delay (ideal)              0.00       0.00
  input external delay                     0.01       0.01 r
  inp_a[9] (in)                            0.01       0.02 r
  U152/Z (XOR2D1BWP20P90)                  0.02       0.04 f
  U41/ZN (INVD1BWP20P90)                   0.03       0.07 r
  U227/ZN (OAI22D1BWP20P90)                0.03       0.10 f
  U264/S (FA1D1BWP20P90)                   0.05       0.15 r
  U408/S (FA1D1BWP20P90)                   0.05       0.20 f
  U409/S (FA1D1BWP20P90)                   0.05       0.25 r
  U412/ZN (ND2D1BWP20P90)                  0.01       0.26 f
  U413/ZN (INVD1BWP20P90)                  0.01       0.27 r
  U416/ZN (AOI21D1BWP20P90)                0.01       0.28 f
  U417/ZN (OAI21D2BWP20P90)                0.01       0.29 r
  U421/ZN (AOI21D2BWP20P90)                0.02       0.31 f
  U511/ZN (OAI21D4BWP20P90)                0.02       0.33 r
  U745/ZN (AOI21D1BWP20P90)                0.02       0.34 f
  U747/Z (XOR2D1BWP20P90)                  0.02       0.36 r
  prod_reg[28]/D (DFCNQD2BWP20P90)         0.00       0.36 r
  data arrival time                                   0.36

  clock clk (rise edge)                    0.38       0.38
  clock network delay (ideal)              0.00       0.38
  clock uncertainty                       -0.01       0.37
  prod_reg[28]/CP (DFCNQD2BWP20P90)        0.00       0.37 r
  library setup time                      -0.01       0.36
  data required time                                  0.36
  -----------------------------------------------------------
  data required time                                  0.36
  data arrival time                                  -0.36
  -----------------------------------------------------------
  slack (MET)                                         0.00


  Startpoint: inp_a[9] (input port clocked by clk)
  Endpoint: prod_reg[27]
            (rising edge-triggered flip-flop clocked by clk)
  Path Group: clk
  Path Type: max

  Des/Clust/Port     Wire Load Model       Library
  ------------------------------------------------
  mult               ZeroWireload          N16ADFP_StdCelltt0p8v25c

  Point                                    Incr       Path
  -----------------------------------------------------------
  clock clk (rise edge)                    0.00       0.00
  clock network delay (ideal)              0.00       0.00
  input external delay                     0.01       0.01 r
  inp_a[9] (in)                            0.01       0.02 r
  U152/Z (XOR2D1BWP20P90)                  0.02       0.04 f
  U41/ZN (INVD1BWP20P90)                   0.03       0.07 r
  U227/ZN (OAI22D1BWP20P90)                0.03       0.10 f
  U264/S (FA1D1BWP20P90)                   0.05       0.15 r
  U408/S (FA1D1BWP20P90)                   0.05       0.20 f
  U409/S (FA1D1BWP20P90)                   0.05       0.25 r
  U412/ZN (ND2D1BWP20P90)                  0.01       0.26 f
  U413/ZN (INVD1BWP20P90)                  0.01       0.27 r
  U416/ZN (AOI21D1BWP20P90)                0.01       0.28 f
  U417/ZN (OAI21D2BWP20P90)                0.01       0.29 r
  U421/ZN (AOI21D2BWP20P90)                0.02       0.31 f
  U511/ZN (OAI21D4BWP20P90)                0.02       0.33 r
  U752/ZN (AOI21D1BWP20P90)                0.02       0.34 f
  U754/Z (XOR2D1BWP20P90)                  0.02       0.36 r
  prod_reg[27]/D (DFCNQD2BWP20P90)         0.00       0.36 r
  data arrival time                                   0.36

  clock clk (rise edge)                    0.38       0.38
  clock network delay (ideal)              0.00       0.38
  clock uncertainty                       -0.01       0.37
  prod_reg[27]/CP (DFCNQD2BWP20P90)        0.00       0.37 r
  library setup time                      -0.01       0.36
  data required time                                  0.36
  -----------------------------------------------------------
  data required time                                  0.36
  data arrival time                                  -0.36
  -----------------------------------------------------------
  slack (MET)                                         0.00


  Startpoint: inp_a[9] (input port clocked by clk)
  Endpoint: prod_reg[25]
            (rising edge-triggered flip-flop clocked by clk)
  Path Group: clk
  Path Type: max

  Des/Clust/Port     Wire Load Model       Library
  ------------------------------------------------
  mult               ZeroWireload          N16ADFP_StdCelltt0p8v25c

  Point                                    Incr       Path
  -----------------------------------------------------------
  clock clk (rise edge)                    0.00       0.00
  clock network delay (ideal)              0.00       0.00
  input external delay                     0.01       0.01 r
  inp_a[9] (in)                            0.01       0.02 r
  U152/Z (XOR2D1BWP20P90)                  0.02       0.04 f
  U41/ZN (INVD1BWP20P90)                   0.03       0.07 r
  U227/ZN (OAI22D1BWP20P90)                0.03       0.10 f
  U264/S (FA1D1BWP20P90)                   0.05       0.15 r
  U408/S (FA1D1BWP20P90)                   0.05       0.20 f
  U409/S (FA1D1BWP20P90)                   0.05       0.25 r
  U412/ZN (ND2D1BWP20P90)                  0.01       0.26 f
  U413/ZN (INVD1BWP20P90)                  0.01       0.27 r
  U416/ZN (AOI21D1BWP20P90)                0.01       0.28 f
  U417/ZN (OAI21D2BWP20P90)                0.01       0.29 r
  U421/ZN (AOI21D2BWP20P90)                0.02       0.31 f
  U511/ZN (OAI21D4BWP20P90)                0.02       0.33 r
  U757/ZN (AOI21D1BWP20P90)                0.02       0.34 f
  U759/Z (XOR2D1BWP20P90)                  0.02       0.36 r
  prod_reg[25]/D (DFCNQD2BWP20P90)         0.00       0.36 r
  data arrival time                                   0.36

  clock clk (rise edge)                    0.38       0.38
  clock network delay (ideal)              0.00       0.38
  clock uncertainty                       -0.01       0.37
  prod_reg[25]/CP (DFCNQD2BWP20P90)        0.00       0.37 r
  library setup time                      -0.01       0.36
  data required time                                  0.36
  -----------------------------------------------------------
  data required time                                  0.36
  data arrival time                                  -0.36
  -----------------------------------------------------------
  slack (MET)                                         0.00


  Startpoint: inp_a[9] (input port clocked by clk)
  Endpoint: prod_reg[30]
            (rising edge-triggered flip-flop clocked by clk)
  Path Group: clk
  Path Type: max

  Des/Clust/Port     Wire Load Model       Library
  ------------------------------------------------
  mult               ZeroWireload          N16ADFP_StdCelltt0p8v25c

  Point                                    Incr       Path
  -----------------------------------------------------------
  clock clk (rise edge)                    0.00       0.00
  clock network delay (ideal)              0.00       0.00
  input external delay                     0.01       0.01 r
  inp_a[9] (in)                            0.01       0.02 r
  U152/Z (XOR2D1BWP20P90)                  0.02       0.04 f
  U41/ZN (INVD1BWP20P90)                   0.03       0.07 r
  U227/ZN (OAI22D1BWP20P90)                0.03       0.10 f
  U264/S (FA1D1BWP20P90)                   0.05       0.15 r
  U408/S (FA1D1BWP20P90)                   0.05       0.20 f
  U409/S (FA1D1BWP20P90)                   0.05       0.25 r
  U412/ZN (ND2D1BWP20P90)                  0.01       0.26 f
  U413/ZN (INVD1BWP20P90)                  0.01       0.27 r
  U416/ZN (AOI21D1BWP20P90)                0.01       0.28 f
  U417/ZN (OAI21D2BWP20P90)                0.01       0.29 r
  U421/ZN (AOI21D2BWP20P90)                0.02       0.31 f
  U511/ZN (OAI21D4BWP20P90)                0.02       0.33 r
  U728/ZN (AOI21D1BWP20P90)                0.02       0.34 f
  U731/Z (XOR2D1BWP20P90)                  0.02       0.36 r
  prod_reg[30]/D (DFCNQD2BWP20P90)         0.00       0.36 r
  data arrival time                                   0.36

  clock clk (rise edge)                    0.38       0.38
  clock network delay (ideal)              0.00       0.38
  clock uncertainty                       -0.01       0.37
  prod_reg[30]/CP (DFCNQD2BWP20P90)        0.00       0.37 r
  library setup time                      -0.01       0.36
  data required time                                  0.36
  -----------------------------------------------------------
  data required time                                  0.36
  data arrival time                                  -0.36
  -----------------------------------------------------------
  slack (MET)                                         0.00


  Startpoint: inp_a[9] (input port clocked by clk)
  Endpoint: prod_reg[23]
            (rising edge-triggered flip-flop clocked by clk)
  Path Group: clk
  Path Type: max

  Des/Clust/Port     Wire Load Model       Library
  ------------------------------------------------
  mult               ZeroWireload          N16ADFP_StdCelltt0p8v25c

  Point                                    Incr       Path
  -----------------------------------------------------------
  clock clk (rise edge)                    0.00       0.00
  clock network delay (ideal)              0.00       0.00
  input external delay                     0.01       0.01 r
  inp_a[9] (in)                            0.01       0.02 r
  U152/Z (XOR2D1BWP20P90)                  0.02       0.04 f
  U41/ZN (INVD1BWP20P90)                   0.03       0.07 r
  U227/ZN (OAI22D1BWP20P90)                0.03       0.10 f
  U264/S (FA1D1BWP20P90)                   0.05       0.15 r
  U408/S (FA1D1BWP20P90)                   0.05       0.20 f
  U409/S (FA1D1BWP20P90)                   0.05       0.25 r
  U412/ZN (ND2D1BWP20P90)                  0.01       0.26 f
  U413/ZN (INVD1BWP20P90)                  0.01       0.27 r
  U416/ZN (AOI21D1BWP20P90)                0.01       0.28 f
  U417/ZN (OAI21D2BWP20P90)                0.01       0.29 r
  U421/ZN (AOI21D2BWP20P90)                0.02       0.31 f
  U511/ZN (OAI21D4BWP20P90)                0.02       0.33 r
  U769/ZN (AOI21D1BWP20P90)                0.02       0.34 f
  U772/Z (XOR2D1BWP20P90)                  0.02       0.36 r
  prod_reg[23]/D (DFCNQD2BWP20P90)         0.00       0.36 r
  data arrival time                                   0.36

  clock clk (rise edge)                    0.38       0.38
  clock network delay (ideal)              0.00       0.38
  clock uncertainty                       -0.01       0.37
  prod_reg[23]/CP (DFCNQD2BWP20P90)        0.00       0.37 r
  library setup time                      -0.01       0.36
  data required time                                  0.36
  -----------------------------------------------------------
  data required time                                  0.36
  data arrival time                                  -0.36
  -----------------------------------------------------------
  slack (MET)                                         0.00


  Startpoint: inp_a[9] (input port clocked by clk)
  Endpoint: prod_reg[31]
            (rising edge-triggered flip-flop clocked by clk)
  Path Group: clk
  Path Type: max

  Des/Clust/Port     Wire Load Model       Library
  ------------------------------------------------
  mult               ZeroWireload          N16ADFP_StdCelltt0p8v25c

  Point                                    Incr       Path
  -----------------------------------------------------------
  clock clk (rise edge)                    0.00       0.00
  clock network delay (ideal)              0.00       0.00
  input external delay                     0.01       0.01 r
  inp_a[9] (in)                            0.01       0.02 r
  U152/Z (XOR2D1BWP20P90)                  0.02       0.04 f
  U41/ZN (INVD1BWP20P90)                   0.03       0.07 r
  U227/ZN (OAI22D1BWP20P90)                0.03       0.10 f
  U264/S (FA1D1BWP20P90)                   0.05       0.15 r
  U408/S (FA1D1BWP20P90)                   0.05       0.20 f
  U409/S (FA1D1BWP20P90)                   0.05       0.25 r
  U412/ZN (ND2D1BWP20P90)                  0.01       0.26 f
  U413/ZN (INVD1BWP20P90)                  0.01       0.27 r
  U416/ZN (AOI21D1BWP20P90)                0.01       0.28 f
  U417/ZN (OAI21D2BWP20P90)                0.01       0.29 r
  U421/ZN (AOI21D2BWP20P90)                0.02       0.31 f
  U511/ZN (OAI21D4BWP20P90)                0.02       0.33 r
  U709/ZN (AOI21D1BWP20P90)                0.02       0.34 f
  U717/Z (XOR2D1BWP20P90)                  0.02       0.36 r
  prod_reg[31]/D (DFCNQD2BWP20P90)         0.00       0.36 r
  data arrival time                                   0.36

  clock clk (rise edge)                    0.38       0.38
  clock network delay (ideal)              0.00       0.38
  clock uncertainty                       -0.01       0.37
  prod_reg[31]/CP (DFCNQD2BWP20P90)        0.00       0.37 r
  library setup time                      -0.01       0.36
  data required time                                  0.36
  -----------------------------------------------------------
  data required time                                  0.36
  data arrival time                                  -0.36
  -----------------------------------------------------------
  slack (MET)                                         0.00


  Startpoint: inp_a[13] (input port clocked by clk)
  Endpoint: prod_reg[25]
            (rising edge-triggered flip-flop clocked by clk)
  Path Group: clk
  Path Type: max

  Des/Clust/Port     Wire Load Model       Library
  ------------------------------------------------
  mult               ZeroWireload          N16ADFP_StdCelltt0p8v25c

  Point                                    Incr       Path
  -----------------------------------------------------------
  clock clk (rise edge)                    0.00       0.00
  clock network delay (ideal)              0.00       0.00
  input external delay                     0.01       0.01 f
  inp_a[13] (in)                           0.00       0.01 f
  U185/Z (BUFFD4BWP20P90)                  0.02       0.03 f
  U48/ZN (XNR2D4BWP20P90)                  0.03       0.07 r
  U66/ZN (ND2D4BWP20P90)                   0.02       0.08 f
  U146/ZN (OAI22D1BWP20P90)                0.02       0.10 r
  U423/S (FA1D1BWP20P90)                   0.05       0.15 f
  U37/CO (FA1D1BWP20P90)                   0.03       0.18 f
  U455/CO (FA1D1BWP20P90)                  0.03       0.22 f
  U453/Z (XOR2D1BWP20P90)                  0.02       0.24 r
  U454/Z (XOR2D1BWP20P90)                  0.03       0.26 f
  U459/ZN (NR2D1BWP20P90)                  0.01       0.28 r
  U178/ZN (OAI21D1BWP20P90)                0.02       0.30 f
  U510/ZN (AOI21D2BWP20P90)                0.02       0.31 r
  U511/ZN (OAI21D4BWP20P90)                0.02       0.33 f
  U757/ZN (AOI21D1BWP20P90)                0.02       0.34 r
  U759/Z (XOR2D1BWP20P90)                  0.02       0.36 r
  prod_reg[25]/D (DFCNQD2BWP20P90)         0.00       0.36 r
  data arrival time                                   0.36

  clock clk (rise edge)                    0.38       0.38
  clock network delay (ideal)              0.00       0.38
  clock uncertainty                       -0.01       0.37
  prod_reg[25]/CP (DFCNQD2BWP20P90)        0.00       0.37 r
  library setup time                      -0.01       0.36
  data required time                                  0.36
  -----------------------------------------------------------
  data required time                                  0.36
  data arrival time                                  -0.36
  -----------------------------------------------------------
  slack (MET)                                         0.00


  Startpoint: inp_a[13] (input port clocked by clk)
  Endpoint: prod_reg[28]
            (rising edge-triggered flip-flop clocked by clk)
  Path Group: clk
  Path Type: max

  Des/Clust/Port     Wire Load Model       Library
  ------------------------------------------------
  mult               ZeroWireload          N16ADFP_StdCelltt0p8v25c

  Point                                    Incr       Path
  -----------------------------------------------------------
  clock clk (rise edge)                    0.00       0.00
  clock network delay (ideal)              0.00       0.00
  input external delay                     0.01       0.01 f
  inp_a[13] (in)                           0.00       0.01 f
  U185/Z (BUFFD4BWP20P90)                  0.02       0.03 f
  U48/ZN (XNR2D4BWP20P90)                  0.03       0.07 r
  U66/ZN (ND2D4BWP20P90)                   0.02       0.08 f
  U146/ZN (OAI22D1BWP20P90)                0.02       0.10 r
  U423/S (FA1D1BWP20P90)                   0.05       0.15 f
  U37/CO (FA1D1BWP20P90)                   0.03       0.18 f
  U455/CO (FA1D1BWP20P90)                  0.03       0.22 f
  U453/Z (XOR2D1BWP20P90)                  0.02       0.24 r
  U454/Z (XOR2D1BWP20P90)                  0.03       0.26 f
  U459/ZN (NR2D1BWP20P90)                  0.01       0.28 r
  U178/ZN (OAI21D1BWP20P90)                0.02       0.30 f
  U510/ZN (AOI21D2BWP20P90)                0.02       0.31 r
  U511/ZN (OAI21D4BWP20P90)                0.02       0.33 f
  U745/ZN (AOI21D1BWP20P90)                0.02       0.34 r
  U747/Z (XOR2D1BWP20P90)                  0.02       0.36 r
  prod_reg[28]/D (DFCNQD2BWP20P90)         0.00       0.36 r
  data arrival time                                   0.36

  clock clk (rise edge)                    0.38       0.38
  clock network delay (ideal)              0.00       0.38
  clock uncertainty                       -0.01       0.37
  prod_reg[28]/CP (DFCNQD2BWP20P90)        0.00       0.37 r
  library setup time                      -0.01       0.36
  data required time                                  0.36
  -----------------------------------------------------------
  data required time                                  0.36
  data arrival time                                  -0.36
  -----------------------------------------------------------
  slack (MET)                                         0.00


  Startpoint: inp_a[13] (input port clocked by clk)
  Endpoint: prod_reg[30]
            (rising edge-triggered flip-flop clocked by clk)
  Path Group: clk
  Path Type: max

  Des/Clust/Port     Wire Load Model       Library
  ------------------------------------------------
  mult               ZeroWireload          N16ADFP_StdCelltt0p8v25c

  Point                                    Incr       Path
  -----------------------------------------------------------
  clock clk (rise edge)                    0.00       0.00
  clock network delay (ideal)              0.00       0.00
  input external delay                     0.01       0.01 f
  inp_a[13] (in)                           0.00       0.01 f
  U185/Z (BUFFD4BWP20P90)                  0.02       0.03 f
  U48/ZN (XNR2D4BWP20P90)                  0.03       0.07 r
  U66/ZN (ND2D4BWP20P90)                   0.02       0.08 f
  U146/ZN (OAI22D1BWP20P90)                0.02       0.10 r
  U423/S (FA1D1BWP20P90)                   0.05       0.15 f
  U37/CO (FA1D1BWP20P90)                   0.03       0.18 f
  U455/CO (FA1D1BWP20P90)                  0.03       0.22 f
  U453/Z (XOR2D1BWP20P90)                  0.02       0.24 r
  U454/Z (XOR2D1BWP20P90)                  0.03       0.26 f
  U459/ZN (NR2D1BWP20P90)                  0.01       0.28 r
  U178/ZN (OAI21D1BWP20P90)                0.02       0.30 f
  U510/ZN (AOI21D2BWP20P90)                0.02       0.31 r
  U511/ZN (OAI21D4BWP20P90)                0.02       0.33 f
  U728/ZN (AOI21D1BWP20P90)                0.02       0.34 r
  U731/Z (XOR2D1BWP20P90)                  0.02       0.36 r
  prod_reg[30]/D (DFCNQD2BWP20P90)         0.00       0.36 r
  data arrival time                                   0.36

  clock clk (rise edge)                    0.38       0.38
  clock network delay (ideal)              0.00       0.38
  clock uncertainty                       -0.01       0.37
  prod_reg[30]/CP (DFCNQD2BWP20P90)        0.00       0.37 r
  library setup time                      -0.01       0.36
  data required time                                  0.36
  -----------------------------------------------------------
  data required time                                  0.36
  data arrival time                                  -0.36
  -----------------------------------------------------------
  slack (MET)                                         0.00


  Startpoint: inp_a[4] (input port clocked by clk)
  Endpoint: prod_reg[25]
            (rising edge-triggered flip-flop clocked by clk)
  Path Group: clk
  Path Type: max

  Des/Clust/Port     Wire Load Model       Library
  ------------------------------------------------
  mult               ZeroWireload          N16ADFP_StdCelltt0p8v25c

  Point                                    Incr       Path
  -----------------------------------------------------------
  clock clk (rise edge)                    0.00       0.00
  clock network delay (ideal)              0.00       0.00
  input external delay                     0.01       0.01 f
  inp_a[4] (in)                            0.00       0.01 f
  U149/Z (XOR2D1BWP20P90)                  0.03       0.04 r
  U151/ZN (INVD1BWP20P90)                  0.03       0.07 f
  U194/ZN (OAI22D1BWP20P90)                0.03       0.10 r
  U422/S (FA1D1BWP20P90)                   0.05       0.15 f
  U37/CO (FA1D1BWP20P90)                   0.03       0.18 f
  U455/CO (FA1D1BWP20P90)                  0.03       0.22 f
  U453/Z (XOR2D1BWP20P90)                  0.02       0.24 r
  U454/Z (XOR2D1BWP20P90)                  0.03       0.26 f
  U459/ZN (NR2D1BWP20P90)                  0.01       0.28 r
  U178/ZN (OAI21D1BWP20P90)                0.02       0.30 f
  U510/ZN (AOI21D2BWP20P90)                0.02       0.31 r
  U511/ZN (OAI21D4BWP20P90)                0.02       0.33 f
  U757/ZN (AOI21D1BWP20P90)                0.02       0.34 r
  U759/Z (XOR2D1BWP20P90)                  0.02       0.36 r
  prod_reg[25]/D (DFCNQD2BWP20P90)         0.00       0.36 r
  data arrival time                                   0.36

  clock clk (rise edge)                    0.38       0.38
  clock network delay (ideal)              0.00       0.38
  clock uncertainty                       -0.01       0.37
  prod_reg[25]/CP (DFCNQD2BWP20P90)        0.00       0.37 r
  library setup time                      -0.01       0.36
  data required time                                  0.36
  -----------------------------------------------------------
  data required time                                  0.36
  data arrival time                                  -0.36
  -----------------------------------------------------------
  slack (MET)                                         0.00


  Startpoint: inp_a[4] (input port clocked by clk)
  Endpoint: prod_reg[28]
            (rising edge-triggered flip-flop clocked by clk)
  Path Group: clk
  Path Type: max

  Des/Clust/Port     Wire Load Model       Library
  ------------------------------------------------
  mult               ZeroWireload          N16ADFP_StdCelltt0p8v25c

  Point                                    Incr       Path
  -----------------------------------------------------------
  clock clk (rise edge)                    0.00       0.00
  clock network delay (ideal)              0.00       0.00
  input external delay                     0.01       0.01 f
  inp_a[4] (in)                            0.00       0.01 f
  U149/Z (XOR2D1BWP20P90)                  0.03       0.04 r
  U151/ZN (INVD1BWP20P90)                  0.03       0.07 f
  U194/ZN (OAI22D1BWP20P90)                0.03       0.10 r
  U422/S (FA1D1BWP20P90)                   0.05       0.15 f
  U37/CO (FA1D1BWP20P90)                   0.03       0.18 f
  U455/CO (FA1D1BWP20P90)                  0.03       0.22 f
  U453/Z (XOR2D1BWP20P90)                  0.02       0.24 r
  U454/Z (XOR2D1BWP20P90)                  0.03       0.26 f
  U459/ZN (NR2D1BWP20P90)                  0.01       0.28 r
  U178/ZN (OAI21D1BWP20P90)                0.02       0.30 f
  U510/ZN (AOI21D2BWP20P90)                0.02       0.31 r
  U511/ZN (OAI21D4BWP20P90)                0.02       0.33 f
  U745/ZN (AOI21D1BWP20P90)                0.02       0.34 r
  U747/Z (XOR2D1BWP20P90)                  0.02       0.36 r
  prod_reg[28]/D (DFCNQD2BWP20P90)         0.00       0.36 r
  data arrival time                                   0.36

  clock clk (rise edge)                    0.38       0.38
  clock network delay (ideal)              0.00       0.38
  clock uncertainty                       -0.01       0.37
  prod_reg[28]/CP (DFCNQD2BWP20P90)        0.00       0.37 r
  library setup time                      -0.01       0.36
  data required time                                  0.36
  -----------------------------------------------------------
  data required time                                  0.36
  data arrival time                                  -0.36
  -----------------------------------------------------------
  slack (MET)                                         0.00


  Startpoint: inp_a[13] (input port clocked by clk)
  Endpoint: prod_reg[26]
            (rising edge-triggered flip-flop clocked by clk)
  Path Group: clk
  Path Type: max

  Des/Clust/Port     Wire Load Model       Library
  ------------------------------------------------
  mult               ZeroWireload          N16ADFP_StdCelltt0p8v25c

  Point                                    Incr       Path
  -----------------------------------------------------------
  clock clk (rise edge)                    0.00       0.00
  clock network delay (ideal)              0.00       0.00
  input external delay                     0.01       0.01 f
  inp_a[13] (in)                           0.00       0.01 f
  U185/Z (BUFFD4BWP20P90)                  0.02       0.03 f
  U48/ZN (XNR2D4BWP20P90)                  0.03       0.07 r
  U66/ZN (ND2D4BWP20P90)                   0.02       0.08 f
  U146/ZN (OAI22D1BWP20P90)                0.02       0.10 r
  U423/S (FA1D1BWP20P90)                   0.05       0.15 f
  U37/CO (FA1D1BWP20P90)                   0.03       0.18 f
  U455/CO (FA1D1BWP20P90)                  0.03       0.22 f
  U453/Z (XOR2D1BWP20P90)                  0.02       0.24 r
  U454/Z (XOR2D1BWP20P90)                  0.03       0.26 f
  U459/ZN (NR2D1BWP20P90)                  0.01       0.28 r
  U178/ZN (OAI21D1BWP20P90)                0.02       0.30 f
  U510/ZN (AOI21D2BWP20P90)                0.02       0.31 r
  U511/ZN (OAI21D4BWP20P90)                0.02       0.33 f
  U791/ZN (AOI21D1BWP20P90)                0.02       0.34 r
  U794/Z (XOR2D1BWP20P90)                  0.02       0.36 r
  prod_reg[26]/D (DFCNQD2BWP20P90)         0.00       0.36 r
  data arrival time                                   0.36

  clock clk (rise edge)                    0.38       0.38
  clock network delay (ideal)              0.00       0.38
  clock uncertainty                       -0.01       0.37
  prod_reg[26]/CP (DFCNQD2BWP20P90)        0.00       0.37 r
  library setup time                      -0.01       0.36
  data required time                                  0.36
  -----------------------------------------------------------
  data required time                                  0.36
  data arrival time                                  -0.36
  -----------------------------------------------------------
  slack (MET)                                         0.00


  Startpoint: inp_a[4] (input port clocked by clk)
  Endpoint: prod_reg[30]
            (rising edge-triggered flip-flop clocked by clk)
  Path Group: clk
  Path Type: max

  Des/Clust/Port     Wire Load Model       Library
  ------------------------------------------------
  mult               ZeroWireload          N16ADFP_StdCelltt0p8v25c

  Point                                    Incr       Path
  -----------------------------------------------------------
  clock clk (rise edge)                    0.00       0.00
  clock network delay (ideal)              0.00       0.00
  input external delay                     0.01       0.01 f
  inp_a[4] (in)                            0.00       0.01 f
  U149/Z (XOR2D1BWP20P90)                  0.03       0.04 r
  U151/ZN (INVD1BWP20P90)                  0.03       0.07 f
  U194/ZN (OAI22D1BWP20P90)                0.03       0.10 r
  U422/S (FA1D1BWP20P90)                   0.05       0.15 f
  U37/CO (FA1D1BWP20P90)                   0.03       0.18 f
  U455/CO (FA1D1BWP20P90)                  0.03       0.22 f
  U453/Z (XOR2D1BWP20P90)                  0.02       0.24 r
  U454/Z (XOR2D1BWP20P90)                  0.03       0.26 f
  U459/ZN (NR2D1BWP20P90)                  0.01       0.28 r
  U178/ZN (OAI21D1BWP20P90)                0.02       0.30 f
  U510/ZN (AOI21D2BWP20P90)                0.02       0.31 r
  U511/ZN (OAI21D4BWP20P90)                0.02       0.33 f
  U728/ZN (AOI21D1BWP20P90)                0.02       0.34 r
  U731/Z (XOR2D1BWP20P90)                  0.02       0.36 r
  prod_reg[30]/D (DFCNQD2BWP20P90)         0.00       0.36 r
  data arrival time                                   0.36

  clock clk (rise edge)                    0.38       0.38
  clock network delay (ideal)              0.00       0.38
  clock uncertainty                       -0.01       0.37
  prod_reg[30]/CP (DFCNQD2BWP20P90)        0.00       0.37 r
  library setup time                      -0.01       0.36
  data required time                                  0.36
  -----------------------------------------------------------
  data required time                                  0.36
  data arrival time                                  -0.36
  -----------------------------------------------------------
  slack (MET)                                         0.00


  Startpoint: inp_a[13] (input port clocked by clk)
  Endpoint: prod_reg[29]
            (rising edge-triggered flip-flop clocked by clk)
  Path Group: clk
  Path Type: max

  Des/Clust/Port     Wire Load Model       Library
  ------------------------------------------------
  mult               ZeroWireload          N16ADFP_StdCelltt0p8v25c

  Point                                    Incr       Path
  -----------------------------------------------------------
  clock clk (rise edge)                    0.00       0.00
  clock network delay (ideal)              0.00       0.00
  input external delay                     0.01       0.01 f
  inp_a[13] (in)                           0.00       0.01 f
  U185/Z (BUFFD4BWP20P90)                  0.02       0.03 f
  U48/ZN (XNR2D4BWP20P90)                  0.03       0.07 r
  U66/ZN (ND2D4BWP20P90)                   0.02       0.08 f
  U146/ZN (OAI22D1BWP20P90)                0.02       0.10 r
  U423/S (FA1D1BWP20P90)                   0.05       0.15 f
  U37/CO (FA1D1BWP20P90)                   0.03       0.18 f
  U455/CO (FA1D1BWP20P90)                  0.03       0.22 f
  U453/Z (XOR2D1BWP20P90)                  0.02       0.24 r
  U454/Z (XOR2D1BWP20P90)                  0.03       0.26 f
  U459/ZN (NR2D1BWP20P90)                  0.01       0.28 r
  U178/ZN (OAI21D1BWP20P90)                0.02       0.30 f
  U510/ZN (AOI21D2BWP20P90)                0.02       0.31 r
  U511/ZN (OAI21D4BWP20P90)                0.02       0.33 f
  U736/ZN (AOI21D1BWP20P90)                0.02       0.34 r
  U738/Z (XOR2D1BWP20P90)                  0.02       0.36 r
  prod_reg[29]/D (DFCNQD2BWP20P90)         0.00       0.36 r
  data arrival time                                   0.36

  clock clk (rise edge)                    0.38       0.38
  clock network delay (ideal)              0.00       0.38
  clock uncertainty                       -0.01       0.37
  prod_reg[29]/CP (DFCNQD2BWP20P90)        0.00       0.37 r
  library setup time                      -0.01       0.36
  data required time                                  0.36
  -----------------------------------------------------------
  data required time                                  0.36
  data arrival time                                  -0.36
  -----------------------------------------------------------
  slack (MET)                                         0.00


  Startpoint: inp_a[13] (input port clocked by clk)
  Endpoint: prod_reg[27]
            (rising edge-triggered flip-flop clocked by clk)
  Path Group: clk
  Path Type: max

  Des/Clust/Port     Wire Load Model       Library
  ------------------------------------------------
  mult               ZeroWireload          N16ADFP_StdCelltt0p8v25c

  Point                                    Incr       Path
  -----------------------------------------------------------
  clock clk (rise edge)                    0.00       0.00
  clock network delay (ideal)              0.00       0.00
  input external delay                     0.01       0.01 f
  inp_a[13] (in)                           0.00       0.01 f
  U185/Z (BUFFD4BWP20P90)                  0.02       0.03 f
  U48/ZN (XNR2D4BWP20P90)                  0.03       0.07 r
  U66/ZN (ND2D4BWP20P90)                   0.02       0.08 f
  U146/ZN (OAI22D1BWP20P90)                0.02       0.10 r
  U423/S (FA1D1BWP20P90)                   0.05       0.15 f
  U37/CO (FA1D1BWP20P90)                   0.03       0.18 f
  U455/CO (FA1D1BWP20P90)                  0.03       0.22 f
  U453/Z (XOR2D1BWP20P90)                  0.02       0.24 r
  U454/Z (XOR2D1BWP20P90)                  0.03       0.26 f
  U459/ZN (NR2D1BWP20P90)                  0.01       0.28 r
  U178/ZN (OAI21D1BWP20P90)                0.02       0.30 f
  U510/ZN (AOI21D2BWP20P90)                0.02       0.31 r
  U511/ZN (OAI21D4BWP20P90)                0.02       0.33 f
  U752/ZN (AOI21D1BWP20P90)                0.02       0.34 r
  U754/Z (XOR2D1BWP20P90)                  0.02       0.36 r
  prod_reg[27]/D (DFCNQD2BWP20P90)         0.00       0.36 r
  data arrival time                                   0.36

  clock clk (rise edge)                    0.38       0.38
  clock network delay (ideal)              0.00       0.38
  clock uncertainty                       -0.01       0.37
  prod_reg[27]/CP (DFCNQD2BWP20P90)        0.00       0.37 r
  library setup time                      -0.01       0.36
  data required time                                  0.36
  -----------------------------------------------------------
  data required time                                  0.36
  data arrival time                                  -0.36
  -----------------------------------------------------------
  slack (MET)                                         0.00


  Startpoint: inp_a[13] (input port clocked by clk)
  Endpoint: prod_reg[31]
            (rising edge-triggered flip-flop clocked by clk)
  Path Group: clk
  Path Type: max

  Des/Clust/Port     Wire Load Model       Library
  ------------------------------------------------
  mult               ZeroWireload          N16ADFP_StdCelltt0p8v25c

  Point                                    Incr       Path
  -----------------------------------------------------------
  clock clk (rise edge)                    0.00       0.00
  clock network delay (ideal)              0.00       0.00
  input external delay                     0.01       0.01 f
  inp_a[13] (in)                           0.00       0.01 f
  U185/Z (BUFFD4BWP20P90)                  0.02       0.03 f
  U48/ZN (XNR2D4BWP20P90)                  0.03       0.07 r
  U66/ZN (ND2D4BWP20P90)                   0.02       0.08 f
  U146/ZN (OAI22D1BWP20P90)                0.02       0.10 r
  U423/S (FA1D1BWP20P90)                   0.05       0.15 f
  U37/CO (FA1D1BWP20P90)                   0.03       0.18 f
  U455/CO (FA1D1BWP20P90)                  0.03       0.22 f
  U453/Z (XOR2D1BWP20P90)                  0.02       0.24 r
  U454/Z (XOR2D1BWP20P90)                  0.03       0.26 f
  U459/ZN (NR2D1BWP20P90)                  0.01       0.28 r
  U178/ZN (OAI21D1BWP20P90)                0.02       0.30 f
  U510/ZN (AOI21D2BWP20P90)                0.02       0.31 r
  U511/ZN (OAI21D4BWP20P90)                0.02       0.33 f
  U709/ZN (AOI21D1BWP20P90)                0.02       0.34 r
  U717/Z (XOR2D1BWP20P90)                  0.02       0.36 r
  prod_reg[31]/D (DFCNQD2BWP20P90)         0.00       0.36 r
  data arrival time                                   0.36

  clock clk (rise edge)                    0.38       0.38
  clock network delay (ideal)              0.00       0.38
  clock uncertainty                       -0.01       0.37
  prod_reg[31]/CP (DFCNQD2BWP20P90)        0.00       0.37 r
  library setup time                      -0.01       0.36
  data required time                                  0.36
  -----------------------------------------------------------
  data required time                                  0.36
  data arrival time                                  -0.36
  -----------------------------------------------------------
  slack (MET)                                         0.00


  Startpoint: inp_a[4] (input port clocked by clk)
  Endpoint: prod_reg[29]
            (rising edge-triggered flip-flop clocked by clk)
  Path Group: clk
  Path Type: max

  Des/Clust/Port     Wire Load Model       Library
  ------------------------------------------------
  mult               ZeroWireload          N16ADFP_StdCelltt0p8v25c

  Point                                    Incr       Path
  -----------------------------------------------------------
  clock clk (rise edge)                    0.00       0.00
  clock network delay (ideal)              0.00       0.00
  input external delay                     0.01       0.01 f
  inp_a[4] (in)                            0.00       0.01 f
  U149/Z (XOR2D1BWP20P90)                  0.03       0.04 r
  U151/ZN (INVD1BWP20P90)                  0.03       0.07 f
  U194/ZN (OAI22D1BWP20P90)                0.03       0.10 r
  U422/S (FA1D1BWP20P90)                   0.05       0.15 f
  U37/CO (FA1D1BWP20P90)                   0.03       0.18 f
  U455/CO (FA1D1BWP20P90)                  0.03       0.22 f
  U453/Z (XOR2D1BWP20P90)                  0.02       0.24 r
  U454/Z (XOR2D1BWP20P90)                  0.03       0.26 f
  U459/ZN (NR2D1BWP20P90)                  0.01       0.28 r
  U178/ZN (OAI21D1BWP20P90)                0.02       0.30 f
  U510/ZN (AOI21D2BWP20P90)                0.02       0.31 r
  U511/ZN (OAI21D4BWP20P90)                0.02       0.33 f
  U736/ZN (AOI21D1BWP20P90)                0.02       0.34 r
  U738/Z (XOR2D1BWP20P90)                  0.02       0.36 r
  prod_reg[29]/D (DFCNQD2BWP20P90)         0.00       0.36 r
  data arrival time                                   0.36

  clock clk (rise edge)                    0.38       0.38
  clock network delay (ideal)              0.00       0.38
  clock uncertainty                       -0.01       0.37
  prod_reg[29]/CP (DFCNQD2BWP20P90)        0.00       0.37 r
  library setup time                      -0.01       0.36
  data required time                                  0.36
  -----------------------------------------------------------
  data required time                                  0.36
  data arrival time                                  -0.36
  -----------------------------------------------------------
  slack (MET)                                         0.00


  Startpoint: inp_a[4] (input port clocked by clk)
  Endpoint: prod_reg[27]
            (rising edge-triggered flip-flop clocked by clk)
  Path Group: clk
  Path Type: max

  Des/Clust/Port     Wire Load Model       Library
  ------------------------------------------------
  mult               ZeroWireload          N16ADFP_StdCelltt0p8v25c

  Point                                    Incr       Path
  -----------------------------------------------------------
  clock clk (rise edge)                    0.00       0.00
  clock network delay (ideal)              0.00       0.00
  input external delay                     0.01       0.01 f
  inp_a[4] (in)                            0.00       0.01 f
  U149/Z (XOR2D1BWP20P90)                  0.03       0.04 r
  U151/ZN (INVD1BWP20P90)                  0.03       0.07 f
  U194/ZN (OAI22D1BWP20P90)                0.03       0.10 r
  U422/S (FA1D1BWP20P90)                   0.05       0.15 f
  U37/CO (FA1D1BWP20P90)                   0.03       0.18 f
  U455/CO (FA1D1BWP20P90)                  0.03       0.22 f
  U453/Z (XOR2D1BWP20P90)                  0.02       0.24 r
  U454/Z (XOR2D1BWP20P90)                  0.03       0.26 f
  U459/ZN (NR2D1BWP20P90)                  0.01       0.28 r
  U178/ZN (OAI21D1BWP20P90)                0.02       0.30 f
  U510/ZN (AOI21D2BWP20P90)                0.02       0.31 r
  U511/ZN (OAI21D4BWP20P90)                0.02       0.33 f
  U752/ZN (AOI21D1BWP20P90)                0.02       0.34 r
  U754/Z (XOR2D1BWP20P90)                  0.02       0.36 r
  prod_reg[27]/D (DFCNQD2BWP20P90)         0.00       0.36 r
  data arrival time                                   0.36

  clock clk (rise edge)                    0.38       0.38
  clock network delay (ideal)              0.00       0.38
  clock uncertainty                       -0.01       0.37
  prod_reg[27]/CP (DFCNQD2BWP20P90)        0.00       0.37 r
  library setup time                      -0.01       0.36
  data required time                                  0.36
  -----------------------------------------------------------
  data required time                                  0.36
  data arrival time                                  -0.36
  -----------------------------------------------------------
  slack (MET)                                         0.00


  Startpoint: inp_a[4] (input port clocked by clk)
  Endpoint: prod_reg[31]
            (rising edge-triggered flip-flop clocked by clk)
  Path Group: clk
  Path Type: max

  Des/Clust/Port     Wire Load Model       Library
  ------------------------------------------------
  mult               ZeroWireload          N16ADFP_StdCelltt0p8v25c

  Point                                    Incr       Path
  -----------------------------------------------------------
  clock clk (rise edge)                    0.00       0.00
  clock network delay (ideal)              0.00       0.00
  input external delay                     0.01       0.01 f
  inp_a[4] (in)                            0.00       0.01 f
  U149/Z (XOR2D1BWP20P90)                  0.03       0.04 r
  U151/ZN (INVD1BWP20P90)                  0.03       0.07 f
  U194/ZN (OAI22D1BWP20P90)                0.03       0.10 r
  U422/S (FA1D1BWP20P90)                   0.05       0.15 f
  U37/CO (FA1D1BWP20P90)                   0.03       0.18 f
  U455/CO (FA1D1BWP20P90)                  0.03       0.22 f
  U453/Z (XOR2D1BWP20P90)                  0.02       0.24 r
  U454/Z (XOR2D1BWP20P90)                  0.03       0.26 f
  U459/ZN (NR2D1BWP20P90)                  0.01       0.28 r
  U178/ZN (OAI21D1BWP20P90)                0.02       0.30 f
  U510/ZN (AOI21D2BWP20P90)                0.02       0.31 r
  U511/ZN (OAI21D4BWP20P90)                0.02       0.33 f
  U709/ZN (AOI21D1BWP20P90)                0.02       0.34 r
  U717/Z (XOR2D1BWP20P90)                  0.02       0.36 r
  prod_reg[31]/D (DFCNQD2BWP20P90)         0.00       0.36 r
  data arrival time                                   0.36

  clock clk (rise edge)                    0.38       0.38
  clock network delay (ideal)              0.00       0.38
  clock uncertainty                       -0.01       0.37
  prod_reg[31]/CP (DFCNQD2BWP20P90)        0.00       0.37 r
  library setup time                      -0.01       0.36
  data required time                                  0.36
  -----------------------------------------------------------
  data required time                                  0.36
  data arrival time                                  -0.36
  -----------------------------------------------------------
  slack (MET)                                         0.00


  Startpoint: inp_a[5] (input port clocked by clk)
  Endpoint: prod_reg[22]
            (rising edge-triggered flip-flop clocked by clk)
  Path Group: clk
  Path Type: max

  Des/Clust/Port     Wire Load Model       Library
  ------------------------------------------------
  mult               ZeroWireload          N16ADFP_StdCelltt0p8v25c

  Point                                    Incr       Path
  -----------------------------------------------------------
  clock clk (rise edge)                    0.00       0.00
  clock network delay (ideal)              0.00       0.00
  input external delay                     0.01       0.01 f
  inp_a[5] (in)                            0.01       0.02 f
  U51/Z (CKBD1BWP20P90)                    0.02       0.03 f
  U192/Z (XOR2D1BWP20P90)                  0.02       0.05 r
  U88/ZN (ND2D2BWP20P90)                   0.01       0.06 f
  U81/ZN (CKND2BWP20P90)                   0.01       0.07 r
  U120/ZN (CKND2BWP20P90)                  0.01       0.08 f
  U194/ZN (OAI22D1BWP20P90)                0.02       0.10 r
  U422/S (FA1D1BWP20P90)                   0.05       0.15 f
  U37/CO (FA1D1BWP20P90)                   0.03       0.18 f
  U455/CO (FA1D1BWP20P90)                  0.03       0.22 f
  U453/Z (XOR2D1BWP20P90)                  0.02       0.24 r
  U454/Z (XOR2D1BWP20P90)                  0.03       0.26 f
  U459/ZN (NR2D1BWP20P90)                  0.01       0.28 r
  U178/ZN (OAI21D1BWP20P90)                0.02       0.30 f
  U510/ZN (AOI21D2BWP20P90)                0.02       0.31 r
  U511/ZN (OAI21D4BWP20P90)                0.02       0.33 f
  U35/ZN (AOI21D1BWP20P90)                 0.02       0.34 r
  U775/Z (XOR2D1BWP20P90)                  0.02       0.36 r
  prod_reg[22]/D (DFCNQD2BWP20P90)         0.00       0.36 r
  data arrival time                                   0.36

  clock clk (rise edge)                    0.38       0.38
  clock network delay (ideal)              0.00       0.38
  clock uncertainty                       -0.01       0.37
  prod_reg[22]/CP (DFCNQD2BWP20P90)        0.00       0.37 r
  library setup time                      -0.01       0.36
  data required time                                  0.36
  -----------------------------------------------------------
  data required time                                  0.36
  data arrival time                                  -0.36
  -----------------------------------------------------------
  slack (MET)                                         0.00


  Startpoint: inp_a[13] (input port clocked by clk)
  Endpoint: prod_reg[23]
            (rising edge-triggered flip-flop clocked by clk)
  Path Group: clk
  Path Type: max

  Des/Clust/Port     Wire Load Model       Library
  ------------------------------------------------
  mult               ZeroWireload          N16ADFP_StdCelltt0p8v25c

  Point                                    Incr       Path
  -----------------------------------------------------------
  clock clk (rise edge)                    0.00       0.00
  clock network delay (ideal)              0.00       0.00
  input external delay                     0.01       0.01 f
  inp_a[13] (in)                           0.00       0.01 f
  U185/Z (BUFFD4BWP20P90)                  0.02       0.03 f
  U48/ZN (XNR2D4BWP20P90)                  0.03       0.07 r
  U66/ZN (ND2D4BWP20P90)                   0.02       0.08 f
  U146/ZN (OAI22D1BWP20P90)                0.02       0.10 r
  U423/S (FA1D1BWP20P90)                   0.05       0.15 f
  U37/CO (FA1D1BWP20P90)                   0.03       0.18 f
  U455/CO (FA1D1BWP20P90)                  0.03       0.22 f
  U453/Z (XOR2D1BWP20P90)                  0.02       0.24 r
  U454/Z (XOR2D1BWP20P90)                  0.03       0.26 f
  U459/ZN (NR2D1BWP20P90)                  0.01       0.28 r
  U178/ZN (OAI21D1BWP20P90)                0.02       0.30 f
  U510/ZN (AOI21D2BWP20P90)                0.02       0.31 r
  U511/ZN (OAI21D4BWP20P90)                0.02       0.33 f
  U769/ZN (AOI21D1BWP20P90)                0.02       0.34 r
  U772/Z (XOR2D1BWP20P90)                  0.02       0.36 r
  prod_reg[23]/D (DFCNQD2BWP20P90)         0.00       0.36 r
  data arrival time                                   0.36

  clock clk (rise edge)                    0.38       0.38
  clock network delay (ideal)              0.00       0.38
  clock uncertainty                       -0.01       0.37
  prod_reg[23]/CP (DFCNQD2BWP20P90)        0.00       0.37 r
  library setup time                      -0.01       0.36
  data required time                                  0.36
  -----------------------------------------------------------
  data required time                                  0.36
  data arrival time                                  -0.36
  -----------------------------------------------------------
  slack (MET)                                         0.00


  Startpoint: inp_a[4] (input port clocked by clk)
  Endpoint: prod_reg[22]
            (rising edge-triggered flip-flop clocked by clk)
  Path Group: clk
  Path Type: max

  Des/Clust/Port     Wire Load Model       Library
  ------------------------------------------------
  mult               ZeroWireload          N16ADFP_StdCelltt0p8v25c

  Point                                    Incr       Path
  -----------------------------------------------------------
  clock clk (rise edge)                    0.00       0.00
  clock network delay (ideal)              0.00       0.00
  input external delay                     0.01       0.01 f
  inp_a[4] (in)                            0.00       0.01 f
  U149/Z (XOR2D1BWP20P90)                  0.03       0.04 r
  U151/ZN (INVD1BWP20P90)                  0.03       0.07 f
  U194/ZN (OAI22D1BWP20P90)                0.03       0.10 r
  U422/S (FA1D1BWP20P90)                   0.05       0.15 f
  U37/CO (FA1D1BWP20P90)                   0.03       0.18 f
  U455/CO (FA1D1BWP20P90)                  0.03       0.22 f
  U453/Z (XOR2D1BWP20P90)                  0.02       0.24 r
  U454/Z (XOR2D1BWP20P90)                  0.03       0.26 f
  U459/ZN (NR2D1BWP20P90)                  0.01       0.28 r
  U178/ZN (OAI21D1BWP20P90)                0.02       0.30 f
  U510/ZN (AOI21D2BWP20P90)                0.02       0.31 r
  U511/ZN (OAI21D4BWP20P90)                0.02       0.33 f
  U35/ZN (AOI21D1BWP20P90)                 0.02       0.34 r
  U775/Z (XOR2D1BWP20P90)                  0.02       0.36 r
  prod_reg[22]/D (DFCNQD2BWP20P90)         0.00       0.36 r
  data arrival time                                   0.36

  clock clk (rise edge)                    0.38       0.38
  clock network delay (ideal)              0.00       0.38
  clock uncertainty                       -0.01       0.37
  prod_reg[22]/CP (DFCNQD2BWP20P90)        0.00       0.37 r
  library setup time                      -0.01       0.36
  data required time                                  0.36
  -----------------------------------------------------------
  data required time                                  0.36
  data arrival time                                  -0.36
  -----------------------------------------------------------
  slack (MET)                                         0.00


1
