1
 
****************************************
Report : design
Design : mult
Version: V-2023.12-SP5
Date   : Tue Sep 22 18:07:34 2026
****************************************

Design allows ideal nets on clock nets.

Library(s) Used:

    N16ADFP_StdCelltt0p8v25c (File: /classes/ece5746/tsmcN16/Executable_Package/Collaterals/IP/stdcell/N16ADFP_StdCell/NLDM/N16ADFP_StdCelltt0p8v25c.db)

Local Link Library:

    {N16ADFP_StdCelltt0p8v25c.db}

Flip-Flop Types:

    No flip-flop types specified.

Latch Types:

    No latch types specified.

Operating Conditions:


    Operating Condition Name : tt0p8v25c
    Library : N16ADFP_StdCelltt0p8v25c
    Process :   1.00
    Temperature :  25.00
    Voltage :   0.80
    Interconnect Model : balanced_tree

Wire Loading Model:

    Selected automatically from the total cell area.

Name           :   ZeroWireload
Location       :   N16ADFP_StdCelltt0p8v25c
Resistance     :   1e-05
Capacitance    :   1
Area           :   0
Slope          :   0
Fanout   Length   Points Average Cap Std Deviation
--------------------------------------------------------------
     1     0.00
     2     0.00
     3     0.00
     4     0.00
     5     0.00
     6     0.00
     7     0.00
     8     0.00
     9     0.00
    10     0.00
    11     0.00
    12     0.00
    13     0.00
    14     0.00
    15     0.00
    16     0.00
    17     0.00
    18     0.00
    19     0.00
    20     0.00



Wire Loading Model Mode: segmented.

Timing Ranges:

    No timing ranges specified.

Pin Input Delays:

    None specified.

Pin Output Delays:

    None specified.

Disabled Timing Arcs:

    No arcs disabled.

Required Licenses:

    DesignWare

Design Parameters:

    None specified.
1
 
****************************************
Report : cell
Design : mult
Version: V-2023.12-SP5
Date   : Tue Sep 22 18:07:34 2026
****************************************

Attributes:
    b - black box (unknown)
    h - hierarchical
    n - noncombinational
    r - removable
    u - contains unmapped logic

Cell                      Reference       Library             Area  Attributes
--------------------------------------------------------------------------------
U35                       CKBD1BWP20P90   N16ADFP_StdCelltt0p8v25c
                                                          0.207360  
U36                       NR2D1BWP20P90   N16ADFP_StdCelltt0p8v25c
                                                          0.207360  
U37                       ND2D1BWP20P90   N16ADFP_StdCelltt0p8v25c
                                                          0.207360  
U38                       NR2D1BWP20P90   N16ADFP_StdCelltt0p8v25c
                                                          0.207360  
U39                       ND2D2BWP20P90   N16ADFP_StdCelltt0p8v25c
                                                          0.311040  
U40                       AO21D1BWP20P90  N16ADFP_StdCelltt0p8v25c
                                                          0.311040  
U41                       AO21D1BWP20P90  N16ADFP_StdCelltt0p8v25c
                                                          0.311040  
U42                       CKNR2D1BWP20P90 N16ADFP_StdCelltt0p8v25c
                                                          0.259200  
U43                       NR2D2BWP20P90   N16ADFP_StdCelltt0p8v25c
                                                          0.311040  
U44                       IOA21D1BWP20P90 N16ADFP_StdCelltt0p8v25c
                                                          0.311040  
U45                       NR2D1BWP20P90   N16ADFP_StdCelltt0p8v25c
                                                          0.207360  
U46                       ND2D1BWP20P90   N16ADFP_StdCelltt0p8v25c
                                                          0.207360  
U47                       XOR2D2BWP20P90  N16ADFP_StdCelltt0p8v25c
                                                          0.570240  
U48                       OAI21D1BWP20P90 N16ADFP_StdCelltt0p8v25c
                                                          0.259200  
U49                       XNR2D1BWP20P90  N16ADFP_StdCelltt0p8v25c
                                                          0.518400  
U50                       XOR3D2BWP20P90  N16ADFP_StdCelltt0p8v25c
                                                          0.984960  
U51                       XOR2D1BWP20P90  N16ADFP_StdCelltt0p8v25c
                                                          0.518400  
U52                       OR2D1BWP20P90   N16ADFP_StdCelltt0p8v25c
                                                          0.259200  
U53                       XOR2D1BWP20P90  N16ADFP_StdCelltt0p8v25c
                                                          0.518400  
U54                       CKND2D1BWP20P90 N16ADFP_StdCelltt0p8v25c
                                                          0.259200  
U55                       OAI21D1BWP20P90 N16ADFP_StdCelltt0p8v25c
                                                          0.259200  
U56                       IOA21D1BWP20P90 N16ADFP_StdCelltt0p8v25c
                                                          0.311040  
U57                       XOR3D1BWP20P90  N16ADFP_StdCelltt0p8v25c
                                                          0.984960  
U58                       IOA21D1BWP20P90 N16ADFP_StdCelltt0p8v25c
                                                          0.311040  
U59                       FA1D1BWP20P90   N16ADFP_StdCelltt0p8v25c
                                                          1.036800  r
U60                       FA1D1BWP20P90   N16ADFP_StdCelltt0p8v25c
                                                          1.036800  r
U61                       INVD1BWP20P90   N16ADFP_StdCelltt0p8v25c
                                                          0.155520  
U62                       OAI21D1BWP20P90 N16ADFP_StdCelltt0p8v25c
                                                          0.259200  
U63                       OAI21D1BWP20P90 N16ADFP_StdCelltt0p8v25c
                                                          0.259200  
U64                       IOA21D1BWP20P90 N16ADFP_StdCelltt0p8v25c
                                                          0.311040  
U65                       MAOI222D1BWP20P90
                                          N16ADFP_StdCelltt0p8v25c
                                                          0.362880  
U66                       AOI21D1BWP20P90 N16ADFP_StdCelltt0p8v25c
                                                          0.259200  
U67                       XNR3D1BWP20P90  N16ADFP_StdCelltt0p8v25c
                                                          0.984960  
U68                       XOR2D1BWP20P90  N16ADFP_StdCelltt0p8v25c
                                                          0.518400  
U69                       FA1D1BWP20P90   N16ADFP_StdCelltt0p8v25c
                                                          1.036800  r
U70                       FA1D1BWP20P90   N16ADFP_StdCelltt0p8v25c
                                                          1.036800  r
U71                       OAI22D1BWP20P90 N16ADFP_StdCelltt0p8v25c
                                                          0.311040  
U72                       OAI22D1BWP20P90 N16ADFP_StdCelltt0p8v25c
                                                          0.311040  
U73                       IOA21D1BWP20P90 N16ADFP_StdCelltt0p8v25c
                                                          0.311040  
U74                       IOA22D2BWP20P90 N16ADFP_StdCelltt0p8v25c
                                                          0.622080  
U75                       XOR2D1BWP20P90  N16ADFP_StdCelltt0p8v25c
                                                          0.518400  
U76                       CKBD1BWP20P90   N16ADFP_StdCelltt0p8v25c
                                                          0.207360  
U77                       XNR2D1BWP20P90  N16ADFP_StdCelltt0p8v25c
                                                          0.518400  
U78                       INVD1BWP20P90   N16ADFP_StdCelltt0p8v25c
                                                          0.155520  
U79                       INVD1BWP20P90   N16ADFP_StdCelltt0p8v25c
                                                          0.155520  
U80                       ND2D4BWP20P90   N16ADFP_StdCelltt0p8v25c
                                                          0.518400  
U81                       OR2D1BWP20P90   N16ADFP_StdCelltt0p8v25c
                                                          0.259200  
U82                       INVD1BWP20P90   N16ADFP_StdCelltt0p8v25c
                                                          0.155520  
U83                       INVD1BWP20P90   N16ADFP_StdCelltt0p8v25c
                                                          0.155520  
U84                       XOR2D4BWP20P90  N16ADFP_StdCelltt0p8v25c
                                                          0.881280  
U85                       INVD4BWP20P90   N16ADFP_StdCelltt0p8v25c
                                                          0.311040  
U86                       XOR2D1BWP20P90  N16ADFP_StdCelltt0p8v25c
                                                          0.518400  
U87                       XOR2D1BWP20P90  N16ADFP_StdCelltt0p8v25c
                                                          0.518400  
U88                       XOR2D2BWP20P90  N16ADFP_StdCelltt0p8v25c
                                                          0.570240  
U89                       CKND2BWP20P90   N16ADFP_StdCelltt0p8v25c
                                                          0.207360  
U90                       NR2D1BWP20P90   N16ADFP_StdCelltt0p8v25c
                                                          0.207360  
U91                       OAI22D1BWP20P90 N16ADFP_StdCelltt0p8v25c
                                                          0.311040  
U92                       XOR3D2BWP20P90  N16ADFP_StdCelltt0p8v25c
                                                          0.984960  
U93                       INVD1BWP20P90   N16ADFP_StdCelltt0p8v25c
                                                          0.155520  
U94                       INVD1BWP20P90   N16ADFP_StdCelltt0p8v25c
                                                          0.155520  
U95                       OAI22D1BWP20P90 N16ADFP_StdCelltt0p8v25c
                                                          0.311040  
U96                       OAI22D1BWP20P90 N16ADFP_StdCelltt0p8v25c
                                                          0.311040  
U97                       XOR2D1BWP20P90  N16ADFP_StdCelltt0p8v25c
                                                          0.518400  
U98                       XOR2D1BWP20P90  N16ADFP_StdCelltt0p8v25c
                                                          0.518400  
U99                       NR2D1BWP20P90   N16ADFP_StdCelltt0p8v25c
                                                          0.207360  
U100                      INR2D1BWP20P90  N16ADFP_StdCelltt0p8v25c
                                                          0.259200  
U101                      NR2D1BWP20P90   N16ADFP_StdCelltt0p8v25c
                                                          0.207360  
U102                      XOR2D1BWP20P90  N16ADFP_StdCelltt0p8v25c
                                                          0.518400  
U103                      ND2D1BWP20P90   N16ADFP_StdCelltt0p8v25c
                                                          0.207360  
U104                      INVD1BWP20P90   N16ADFP_StdCelltt0p8v25c
                                                          0.155520  
U105                      ND2D1BWP20P90   N16ADFP_StdCelltt0p8v25c
                                                          0.207360  
U106                      INVD1BWP20P90   N16ADFP_StdCelltt0p8v25c
                                                          0.155520  
U107                      OAI21D1BWP20P90 N16ADFP_StdCelltt0p8v25c
                                                          0.259200  
U108                      INVD1BWP20P90   N16ADFP_StdCelltt0p8v25c
                                                          0.155520  
U109                      XOR2D1BWP20P90  N16ADFP_StdCelltt0p8v25c
                                                          0.518400  
U110                      XNR2D1BWP20P90  N16ADFP_StdCelltt0p8v25c
                                                          0.518400  
U111                      XNR2D1BWP20P90  N16ADFP_StdCelltt0p8v25c
                                                          0.518400  
U112                      XNR2D1BWP20P90  N16ADFP_StdCelltt0p8v25c
                                                          0.518400  
U113                      XNR2D1BWP20P90  N16ADFP_StdCelltt0p8v25c
                                                          0.518400  
U114                      XNR2D1BWP20P90  N16ADFP_StdCelltt0p8v25c
                                                          0.518400  
U115                      XNR2D1BWP20P90  N16ADFP_StdCelltt0p8v25c
                                                          0.518400  
U116                      XNR2D1BWP20P90  N16ADFP_StdCelltt0p8v25c
                                                          0.518400  
U117                      XNR2D1BWP20P90  N16ADFP_StdCelltt0p8v25c
                                                          0.518400  
U118                      XNR2D1BWP20P90  N16ADFP_StdCelltt0p8v25c
                                                          0.518400  
U119                      XNR2D1BWP20P90  N16ADFP_StdCelltt0p8v25c
                                                          0.518400  
U120                      XNR2D1BWP20P90  N16ADFP_StdCelltt0p8v25c
                                                          0.518400  
U121                      XNR2D1BWP20P90  N16ADFP_StdCelltt0p8v25c
                                                          0.518400  
U122                      XNR2D1BWP20P90  N16ADFP_StdCelltt0p8v25c
                                                          0.518400  
U123                      XNR2D1BWP20P90  N16ADFP_StdCelltt0p8v25c
                                                          0.518400  
U124                      AN2D1BWP20P90   N16ADFP_StdCelltt0p8v25c
                                                          0.259200  
U125                      XNR2D1BWP20P90  N16ADFP_StdCelltt0p8v25c
                                                          0.518400  
U126                      NR2D2BWP20P90   N16ADFP_StdCelltt0p8v25c
                                                          0.311040  
U127                      INVD1BWP20P90   N16ADFP_StdCelltt0p8v25c
                                                          0.155520  
U128                      XOR2D1BWP20P90  N16ADFP_StdCelltt0p8v25c
                                                          0.518400  
U129                      OAI21D1BWP20P90 N16ADFP_StdCelltt0p8v25c
                                                          0.259200  
U130                      XOR2D1BWP20P90  N16ADFP_StdCelltt0p8v25c
                                                          0.518400  
U131                      NR2D1BWP20P90   N16ADFP_StdCelltt0p8v25c
                                                          0.207360  
U132                      FA1D1BWP20P90   N16ADFP_StdCelltt0p8v25c
                                                          1.036800  r
U133                      ND2D8BWP20P90   N16ADFP_StdCelltt0p8v25c
                                                          0.933120  
U134                      XOR2D1BWP20P90  N16ADFP_StdCelltt0p8v25c
                                                          0.518400  
U135                      XOR2D1BWP20P90  N16ADFP_StdCelltt0p8v25c
                                                          0.518400  
U136                      INVD1BWP20P90   N16ADFP_StdCelltt0p8v25c
                                                          0.155520  
U137                      IAOI21D1BWP20P90
                                          N16ADFP_StdCelltt0p8v25c
                                                          0.414720  
U138                      AOI21D4BWP20P90 N16ADFP_StdCelltt0p8v25c
                                                          0.725760  
U139                      INVD1BWP20P90   N16ADFP_StdCelltt0p8v25c
                                                          0.155520  
U140                      AO21D1BWP20P90  N16ADFP_StdCelltt0p8v25c
                                                          0.311040  
U141                      XOR2D1BWP20P90  N16ADFP_StdCelltt0p8v25c
                                                          0.518400  
U142                      OR2D1BWP20P90   N16ADFP_StdCelltt0p8v25c
                                                          0.259200  
U143                      INVD1BWP20P90   N16ADFP_StdCelltt0p8v25c
                                                          0.155520  
U144                      IOA21D2BWP20P90 N16ADFP_StdCelltt0p8v25c
                                                          0.518400  
U145                      IOA21D2BWP20P90 N16ADFP_StdCelltt0p8v25c
                                                          0.518400  
U146                      XOR2D1BWP20P90  N16ADFP_StdCelltt0p8v25c
                                                          0.518400  
U147                      XOR3D2BWP20P90  N16ADFP_StdCelltt0p8v25c
                                                          0.984960  
U148                      INVD1BWP20P90   N16ADFP_StdCelltt0p8v25c
                                                          0.155520  
U149                      HA1D1BWP20P90   N16ADFP_StdCelltt0p8v25c
                                                          0.881280  r
U150                      XNR3D1BWP20P90  N16ADFP_StdCelltt0p8v25c
                                                          0.984960  
U151                      HA1D1BWP20P90   N16ADFP_StdCelltt0p8v25c
                                                          0.881280  r
U152                      INVD1BWP20P90   N16ADFP_StdCelltt0p8v25c
                                                          0.155520  
U153                      HA1D1BWP20P90   N16ADFP_StdCelltt0p8v25c
                                                          0.881280  r
U154                      HA1D1BWP20P90   N16ADFP_StdCelltt0p8v25c
                                                          0.881280  r
U155                      HA1D1BWP20P90   N16ADFP_StdCelltt0p8v25c
                                                          0.881280  r
U156                      HA1D1BWP20P90   N16ADFP_StdCelltt0p8v25c
                                                          0.881280  r
U157                      HA1D1BWP20P90   N16ADFP_StdCelltt0p8v25c
                                                          0.881280  r
U158                      INVD1BWP20P90   N16ADFP_StdCelltt0p8v25c
                                                          0.155520  
U159                      XOR3D2BWP20P90  N16ADFP_StdCelltt0p8v25c
                                                          0.984960  
U160                      OAI21D1BWP20P90 N16ADFP_StdCelltt0p8v25c
                                                          0.259200  
U161                      XOR3D1BWP20P90  N16ADFP_StdCelltt0p8v25c
                                                          0.984960  
U162                      INVD4BWP20P90   N16ADFP_StdCelltt0p8v25c
                                                          0.311040  
U163                      INVD4BWP20P90   N16ADFP_StdCelltt0p8v25c
                                                          0.311040  
U164                      IND2D4BWP20P90  N16ADFP_StdCelltt0p8v25c
                                                          0.622080  
U165                      CKBD1BWP20P90   N16ADFP_StdCelltt0p8v25c
                                                          0.207360  
U166                      IND2D4BWP20P90  N16ADFP_StdCelltt0p8v25c
                                                          0.622080  
U167                      CKND2BWP20P90   N16ADFP_StdCelltt0p8v25c
                                                          0.207360  
U168                      CKBD1BWP20P90   N16ADFP_StdCelltt0p8v25c
                                                          0.207360  
U169                      OAI22D2BWP20P90 N16ADFP_StdCelltt0p8v25c
                                                          0.518400  
U170                      CKBD1BWP20P90   N16ADFP_StdCelltt0p8v25c
                                                          0.207360  
U171                      INVD1BWP20P90   N16ADFP_StdCelltt0p8v25c
                                                          0.155520  
U172                      INVD1BWP20P90   N16ADFP_StdCelltt0p8v25c
                                                          0.155520  
U173                      AO21D1BWP20P90  N16ADFP_StdCelltt0p8v25c
                                                          0.311040  
U174                      OAI22D1BWP20P90 N16ADFP_StdCelltt0p8v25c
                                                          0.311040  
U175                      OAI22D1BWP20P90 N16ADFP_StdCelltt0p8v25c
                                                          0.311040  
U176                      INVD4BWP20P90   N16ADFP_StdCelltt0p8v25c
                                                          0.311040  
U177                      INVD4BWP20P90   N16ADFP_StdCelltt0p8v25c
                                                          0.311040  
U178                      INVD4BWP20P90   N16ADFP_StdCelltt0p8v25c
                                                          0.311040  
U179                      INVD1BWP20P90   N16ADFP_StdCelltt0p8v25c
                                                          0.155520  
U180                      XNR2D1BWP20P90  N16ADFP_StdCelltt0p8v25c
                                                          0.518400  
U181                      CKBD1BWP20P90   N16ADFP_StdCelltt0p8v25c
                                                          0.207360  
U182                      CKND2BWP20P90   N16ADFP_StdCelltt0p8v25c
                                                          0.207360  
U183                      CKND2BWP20P90   N16ADFP_StdCelltt0p8v25c
                                                          0.207360  
U184                      CKND2BWP20P90   N16ADFP_StdCelltt0p8v25c
                                                          0.207360  
U185                      INVD1BWP20P90   N16ADFP_StdCelltt0p8v25c
                                                          0.155520  
U186                      XNR2D1BWP20P90  N16ADFP_StdCelltt0p8v25c
                                                          0.518400  
U187                      INVD1BWP20P90   N16ADFP_StdCelltt0p8v25c
                                                          0.155520  
U188                      BUFFD4BWP20P90  N16ADFP_StdCelltt0p8v25c
                                                          0.414720  
U189                      INVD1BWP20P90   N16ADFP_StdCelltt0p8v25c
                                                          0.155520  
U190                      CKBD1BWP20P90   N16ADFP_StdCelltt0p8v25c
                                                          0.207360  
U191                      CKBD1BWP20P90   N16ADFP_StdCelltt0p8v25c
                                                          0.207360  
U192                      CKND2BWP20P90   N16ADFP_StdCelltt0p8v25c
                                                          0.207360  
U193                      CKND2BWP20P90   N16ADFP_StdCelltt0p8v25c
                                                          0.207360  
U194                      CKND2BWP20P90   N16ADFP_StdCelltt0p8v25c
                                                          0.207360  
U195                      INVD1BWP20P90   N16ADFP_StdCelltt0p8v25c
                                                          0.155520  
U196                      XNR2D1BWP20P90  N16ADFP_StdCelltt0p8v25c
                                                          0.518400  
U197                      XNR2D1BWP20P90  N16ADFP_StdCelltt0p8v25c
                                                          0.518400  
U198                      XOR2D1BWP20P90  N16ADFP_StdCelltt0p8v25c
                                                          0.518400  
U199                      BUFFD2BWP20P90  N16ADFP_StdCelltt0p8v25c
                                                          0.259200  
U200                      INVD1BWP20P90   N16ADFP_StdCelltt0p8v25c
                                                          0.155520  
U201                      XNR2D1BWP20P90  N16ADFP_StdCelltt0p8v25c
                                                          0.518400  
U202                      XNR2D1BWP20P90  N16ADFP_StdCelltt0p8v25c
                                                          0.518400  
U203                      XNR2D1BWP20P90  N16ADFP_StdCelltt0p8v25c
                                                          0.518400  
U204                      XNR2D1BWP20P90  N16ADFP_StdCelltt0p8v25c
                                                          0.518400  
U205                      XNR2D1BWP20P90  N16ADFP_StdCelltt0p8v25c
                                                          0.518400  
U206                      XNR2D1BWP20P90  N16ADFP_StdCelltt0p8v25c
                                                          0.518400  
U207                      CKBD1BWP20P90   N16ADFP_StdCelltt0p8v25c
                                                          0.207360  
U208                      INVD4BWP20P90   N16ADFP_StdCelltt0p8v25c
                                                          0.311040  
U209                      CKND2BWP20P90   N16ADFP_StdCelltt0p8v25c
                                                          0.207360  
U210                      CKND2BWP20P90   N16ADFP_StdCelltt0p8v25c
                                                          0.207360  
U211                      CKND2BWP20P90   N16ADFP_StdCelltt0p8v25c
                                                          0.207360  
U212                      XOR2D1BWP20P90  N16ADFP_StdCelltt0p8v25c
                                                          0.518400  
U213                      INVD1BWP20P90   N16ADFP_StdCelltt0p8v25c
                                                          0.155520  
U214                      INVD1BWP20P90   N16ADFP_StdCelltt0p8v25c
                                                          0.155520  
U215                      INVD1BWP20P90   N16ADFP_StdCelltt0p8v25c
                                                          0.155520  
U216                      CKND2BWP20P90   N16ADFP_StdCelltt0p8v25c
                                                          0.207360  
U217                      INVD1BWP20P90   N16ADFP_StdCelltt0p8v25c
                                                          0.155520  
U218                      INVD4BWP20P90   N16ADFP_StdCelltt0p8v25c
                                                          0.311040  
U219                      CKND2BWP20P90   N16ADFP_StdCelltt0p8v25c
                                                          0.207360  
U220                      CKBD1BWP20P90   N16ADFP_StdCelltt0p8v25c
                                                          0.207360  
U221                      XNR2D2BWP20P90  N16ADFP_StdCelltt0p8v25c
                                                          0.570240  
U222                      XNR2D1BWP20P90  N16ADFP_StdCelltt0p8v25c
                                                          0.518400  
U223                      OAI22D1BWP20P90 N16ADFP_StdCelltt0p8v25c
                                                          0.311040  
U224                      INVD1BWP20P90   N16ADFP_StdCelltt0p8v25c
                                                          0.155520  
U225                      XNR2D1BWP20P90  N16ADFP_StdCelltt0p8v25c
                                                          0.518400  
U226                      CKND2BWP20P90   N16ADFP_StdCelltt0p8v25c
                                                          0.207360  
U227                      CKND2BWP20P90   N16ADFP_StdCelltt0p8v25c
                                                          0.207360  
U228                      CKND2BWP20P90   N16ADFP_StdCelltt0p8v25c
                                                          0.207360  
U229                      CKND2BWP20P90   N16ADFP_StdCelltt0p8v25c
                                                          0.207360  
U230                      CKND2BWP20P90   N16ADFP_StdCelltt0p8v25c
                                                          0.207360  
U231                      OAI21D2BWP20P90 N16ADFP_StdCelltt0p8v25c
                                                          0.414720  
U232                      CKBD1BWP20P90   N16ADFP_StdCelltt0p8v25c
                                                          0.207360  
U233                      IOA21D1BWP20P90 N16ADFP_StdCelltt0p8v25c
                                                          0.311040  
U234                      OAI21D1BWP20P90 N16ADFP_StdCelltt0p8v25c
                                                          0.259200  
U235                      IOA21D1BWP20P90 N16ADFP_StdCelltt0p8v25c
                                                          0.311040  
U236                      XOR3D4BWP20P90  N16ADFP_StdCelltt0p8v25c
                                                          1.503360  
U237                      IOA21D1BWP20P90 N16ADFP_StdCelltt0p8v25c
                                                          0.311040  
U238                      OAI21D1BWP20P90 N16ADFP_StdCelltt0p8v25c
                                                          0.259200  
U239                      XOR3D1BWP20P90  N16ADFP_StdCelltt0p8v25c
                                                          0.984960  
U240                      XOR3D1BWP20P90  N16ADFP_StdCelltt0p8v25c
                                                          0.984960  
U241                      CKND2BWP20P90   N16ADFP_StdCelltt0p8v25c
                                                          0.207360  
U242                      BUFFD2BWP20P90  N16ADFP_StdCelltt0p8v25c
                                                          0.259200  
U243                      CKND2D4BWP20P90 N16ADFP_StdCelltt0p8v25c
                                                          0.518400  
U244                      CKBD1BWP20P90   N16ADFP_StdCelltt0p8v25c
                                                          0.207360  
U245                      OAI21D2BWP20P90 N16ADFP_StdCelltt0p8v25c
                                                          0.414720  
U246                      OAI22D1BWP20P90 N16ADFP_StdCelltt0p8v25c
                                                          0.311040  
U247                      ND2D2BWP20P90   N16ADFP_StdCelltt0p8v25c
                                                          0.311040  
U248                      FA1D2BWP20P90   N16ADFP_StdCelltt0p8v25c
                                                          1.088640  r
U249                      OR2D4BWP20P90   N16ADFP_StdCelltt0p8v25c
                                                          0.518400  
U250                      XOR3D2BWP20P90  N16ADFP_StdCelltt0p8v25c
                                                          0.984960  
U251                      OAI21D1BWP20P90 N16ADFP_StdCelltt0p8v25c
                                                          0.259200  
U252                      XOR2D1BWP20P90  N16ADFP_StdCelltt0p8v25c
                                                          0.518400  
U253                      XOR2D1BWP20P90  N16ADFP_StdCelltt0p8v25c
                                                          0.518400  
U254                      AO21D1BWP20P90  N16ADFP_StdCelltt0p8v25c
                                                          0.311040  
U255                      AN2D1BWP20P90   N16ADFP_StdCelltt0p8v25c
                                                          0.259200  
U256                      OR2D1BWP20P90   N16ADFP_StdCelltt0p8v25c
                                                          0.259200  
U257                      IOA21D1BWP20P90 N16ADFP_StdCelltt0p8v25c
                                                          0.311040  
U258                      OAI21D1BWP20P90 N16ADFP_StdCelltt0p8v25c
                                                          0.259200  
U259                      XOR3D1BWP20P90  N16ADFP_StdCelltt0p8v25c
                                                          0.984960  
U260                      ND2D4BWP20P90   N16ADFP_StdCelltt0p8v25c
                                                          0.518400  
U261                      IOA21D1BWP20P90 N16ADFP_StdCelltt0p8v25c
                                                          0.311040  
U262                      OAI21D1BWP20P90 N16ADFP_StdCelltt0p8v25c
                                                          0.259200  
U263                      XOR3D1BWP20P90  N16ADFP_StdCelltt0p8v25c
                                                          0.984960  
U264                      INVD1BWP20P90   N16ADFP_StdCelltt0p8v25c
                                                          0.155520  
U265                      XOR2D1BWP20P90  N16ADFP_StdCelltt0p8v25c
                                                          0.518400  
U266                      AOI21D1BWP20P90 N16ADFP_StdCelltt0p8v25c
                                                          0.259200  
U267                      XOR2D2BWP20P90  N16ADFP_StdCelltt0p8v25c
                                                          0.570240  
U268                      IAOI21D1BWP20P90
                                          N16ADFP_StdCelltt0p8v25c
                                                          0.414720  
U269                      INVD1BWP20P90   N16ADFP_StdCelltt0p8v25c
                                                          0.155520  
U270                      INVD1BWP20P90   N16ADFP_StdCelltt0p8v25c
                                                          0.155520  
U271                      ND2D2BWP20P90   N16ADFP_StdCelltt0p8v25c
                                                          0.311040  
U272                      INVD1BWP20P90   N16ADFP_StdCelltt0p8v25c
                                                          0.155520  
U273                      OAI22D1BWP20P90 N16ADFP_StdCelltt0p8v25c
                                                          0.311040  
U274                      INVD1BWP20P90   N16ADFP_StdCelltt0p8v25c
                                                          0.155520  
U275                      IOA21D1BWP20P90 N16ADFP_StdCelltt0p8v25c
                                                          0.311040  
U276                      OAI21D1BWP20P90 N16ADFP_StdCelltt0p8v25c
                                                          0.259200  
U277                      XNR3D4BWP20P90  N16ADFP_StdCelltt0p8v25c
                                                          1.503360  
U278                      MAOI222D1BWP20P90
                                          N16ADFP_StdCelltt0p8v25c
                                                          0.362880  
U279                      XOR3D1BWP20P90  N16ADFP_StdCelltt0p8v25c
                                                          0.984960  
U280                      XNR2D4BWP20P90  N16ADFP_StdCelltt0p8v25c
                                                          0.881280  
U281                      XOR3D1BWP20P90  N16ADFP_StdCelltt0p8v25c
                                                          0.984960  
U282                      INR2D1BWP20P90  N16ADFP_StdCelltt0p8v25c
                                                          0.259200  
U283                      IND2D1BWP20P90  N16ADFP_StdCelltt0p8v25c
                                                          0.259200  
U284                      IOA21D1BWP20P90 N16ADFP_StdCelltt0p8v25c
                                                          0.311040  
U285                      IND2D1BWP20P90  N16ADFP_StdCelltt0p8v25c
                                                          0.259200  
U286                      INVD1BWP20P90   N16ADFP_StdCelltt0p8v25c
                                                          0.155520  
U287                      INR2D1BWP20P90  N16ADFP_StdCelltt0p8v25c
                                                          0.259200  
U288                      XNR3D1BWP20P90  N16ADFP_StdCelltt0p8v25c
                                                          0.984960  
U289                      MAOI222D1BWP20P90
                                          N16ADFP_StdCelltt0p8v25c
                                                          0.362880  
U290                      OR2D1BWP20P90   N16ADFP_StdCelltt0p8v25c
                                                          0.259200  
U291                      AN2D1BWP20P90   N16ADFP_StdCelltt0p8v25c
                                                          0.259200  
U292                      XOR2D1BWP20P90  N16ADFP_StdCelltt0p8v25c
                                                          0.518400  
U293                      ND3D4BWP20P90   N16ADFP_StdCelltt0p8v25c
                                                          0.725760  
U294                      IOA21D1BWP20P90 N16ADFP_StdCelltt0p8v25c
                                                          0.311040  
U295                      OAI21D1BWP20P90 N16ADFP_StdCelltt0p8v25c
                                                          0.259200  
U296                      XOR3D1BWP20P90  N16ADFP_StdCelltt0p8v25c
                                                          0.984960  
U297                      OAI22D1BWP20P90 N16ADFP_StdCelltt0p8v25c
                                                          0.311040  
U298                      CKBD1BWP20P90   N16ADFP_StdCelltt0p8v25c
                                                          0.207360  
U299                      XOR2D4BWP20P90  N16ADFP_StdCelltt0p8v25c
                                                          0.881280  
U300                      XOR2D1BWP20P90  N16ADFP_StdCelltt0p8v25c
                                                          0.518400  
U301                      ND2D1BWP20P90   N16ADFP_StdCelltt0p8v25c
                                                          0.207360  
U302                      NR2D2BWP20P90   N16ADFP_StdCelltt0p8v25c
                                                          0.311040  
U303                      XOR3D4BWP20P90  N16ADFP_StdCelltt0p8v25c
                                                          1.503360  
U304                      INVD1BWP20P90   N16ADFP_StdCelltt0p8v25c
                                                          0.155520  
U305                      AOI21D1BWP20P90 N16ADFP_StdCelltt0p8v25c
                                                          0.259200  
U306                      AN2D1BWP20P90   N16ADFP_StdCelltt0p8v25c
                                                          0.259200  
U307                      OAI22D1BWP20P90 N16ADFP_StdCelltt0p8v25c
                                                          0.311040  
U308                      IOA21D1BWP20P90 N16ADFP_StdCelltt0p8v25c
                                                          0.311040  
U309                      OAI21D1BWP20P90 N16ADFP_StdCelltt0p8v25c
                                                          0.259200  
U310                      AOI21D4BWP20P90 N16ADFP_StdCelltt0p8v25c
                                                          0.725760  
U311                      OAI21D4BWP20P90 N16ADFP_StdCelltt0p8v25c
                                                          0.725760  
U312                      ND2D1BWP20P90   N16ADFP_StdCelltt0p8v25c
                                                          0.207360  
U313                      CKNR2D2BWP20P90 N16ADFP_StdCelltt0p8v25c
                                                          0.311040  
U314                      NR2D1BWP20P90   N16ADFP_StdCelltt0p8v25c
                                                          0.207360  
U315                      XOR3D4BWP20P90  N16ADFP_StdCelltt0p8v25c
                                                          1.503360  
U316                      IOA21D1BWP20P90 N16ADFP_StdCelltt0p8v25c
                                                          0.311040  
U317                      OAI21D1BWP20P90 N16ADFP_StdCelltt0p8v25c
                                                          0.259200  
U318                      XOR3D1BWP20P90  N16ADFP_StdCelltt0p8v25c
                                                          0.984960  
U319                      OAI22D1BWP20P90 N16ADFP_StdCelltt0p8v25c
                                                          0.311040  
U320                      ND2D1BWP20P90   N16ADFP_StdCelltt0p8v25c
                                                          0.207360  
U321                      ND2D1BWP20P90   N16ADFP_StdCelltt0p8v25c
                                                          0.207360  
U322                      XNR3D4BWP20P90  N16ADFP_StdCelltt0p8v25c
                                                          1.503360  
U323                      OAI21D2BWP20P90 N16ADFP_StdCelltt0p8v25c
                                                          0.414720  
U324                      OAI22D2BWP20P90 N16ADFP_StdCelltt0p8v25c
                                                          0.518400  
U325                      NR2D2BWP20P90   N16ADFP_StdCelltt0p8v25c
                                                          0.311040  
U326                      ND2D4BWP20P90   N16ADFP_StdCelltt0p8v25c
                                                          0.518400  
U327                      OAI22D2BWP20P90 N16ADFP_StdCelltt0p8v25c
                                                          0.518400  
U328                      CKND2BWP20P90   N16ADFP_StdCelltt0p8v25c
                                                          0.207360  
U329                      CKND2BWP20P90   N16ADFP_StdCelltt0p8v25c
                                                          0.207360  
U330                      OAI21D2BWP20P90 N16ADFP_StdCelltt0p8v25c
                                                          0.414720  
U331                      ND2D2BWP20P90   N16ADFP_StdCelltt0p8v25c
                                                          0.311040  
U332                      OAI21D2BWP20P90 N16ADFP_StdCelltt0p8v25c
                                                          0.414720  
U333                      OAI22D2BWP20P90 N16ADFP_StdCelltt0p8v25c
                                                          0.518400  
U334                      XOR2D4BWP20P90  N16ADFP_StdCelltt0p8v25c
                                                          0.881280  
U335                      ND2D2BWP20P90   N16ADFP_StdCelltt0p8v25c
                                                          0.311040  
U336                      XNR3D1BWP20P90  N16ADFP_StdCelltt0p8v25c
                                                          0.984960  
U337                      XOR3D4BWP20P90  N16ADFP_StdCelltt0p8v25c
                                                          1.503360  
U338                      XNR3D4BWP20P90  N16ADFP_StdCelltt0p8v25c
                                                          1.503360  
U339                      XOR3D4BWP20P90  N16ADFP_StdCelltt0p8v25c
                                                          1.503360  
U340                      INVD1BWP20P90   N16ADFP_StdCelltt0p8v25c
                                                          0.155520  
U341                      AO21D1BWP20P90  N16ADFP_StdCelltt0p8v25c
                                                          0.311040  
U342                      OAI22D1BWP20P90 N16ADFP_StdCelltt0p8v25c
                                                          0.311040  
U343                      OAI22D1BWP20P90 N16ADFP_StdCelltt0p8v25c
                                                          0.311040  
U344                      OAI22D1BWP20P90 N16ADFP_StdCelltt0p8v25c
                                                          0.311040  
U345                      OAI22D1BWP20P90 N16ADFP_StdCelltt0p8v25c
                                                          0.311040  
U346                      OAI22D1BWP20P90 N16ADFP_StdCelltt0p8v25c
                                                          0.311040  
U347                      OAI22D1BWP20P90 N16ADFP_StdCelltt0p8v25c
                                                          0.311040  
U348                      OAI22D1BWP20P90 N16ADFP_StdCelltt0p8v25c
                                                          0.311040  
U349                      OAI22D1BWP20P90 N16ADFP_StdCelltt0p8v25c
                                                          0.311040  
U350                      OAI22D1BWP20P90 N16ADFP_StdCelltt0p8v25c
                                                          0.311040  
U351                      IOA21D2BWP20P90 N16ADFP_StdCelltt0p8v25c
                                                          0.518400  
U352                      IND2D1BWP20P90  N16ADFP_StdCelltt0p8v25c
                                                          0.259200  
U353                      IOA21D1BWP20P90 N16ADFP_StdCelltt0p8v25c
                                                          0.311040  
U354                      OAI21D1BWP20P90 N16ADFP_StdCelltt0p8v25c
                                                          0.259200  
U355                      IOAI21D1BWP20P90
                                          N16ADFP_StdCelltt0p8v25c
                                                          0.414720  
U356                      AO21D1BWP20P90  N16ADFP_StdCelltt0p8v25c
                                                          0.311040  
U357                      XOR2D1BWP20P90  N16ADFP_StdCelltt0p8v25c
                                                          0.518400  
U358                      ND2D2BWP20P90   N16ADFP_StdCelltt0p8v25c
                                                          0.311040  
U359                      ND2D1BWP20P90   N16ADFP_StdCelltt0p8v25c
                                                          0.207360  
U360                      NR2D2BWP20P90   N16ADFP_StdCelltt0p8v25c
                                                          0.311040  
U361                      IOA21D1BWP20P90 N16ADFP_StdCelltt0p8v25c
                                                          0.311040  
U362                      OAI21D1BWP20P90 N16ADFP_StdCelltt0p8v25c
                                                          0.259200  
U363                      XOR3D1BWP20P90  N16ADFP_StdCelltt0p8v25c
                                                          0.984960  
U364                      OR2D2BWP20P90   N16ADFP_StdCelltt0p8v25c
                                                          0.311040  
U365                      XOR3D1BWP20P90  N16ADFP_StdCelltt0p8v25c
                                                          0.984960  
U366                      OA21D1BWP20P90  N16ADFP_StdCelltt0p8v25c
                                                          0.311040  
U367                      ND2D2BWP20P90   N16ADFP_StdCelltt0p8v25c
                                                          0.311040  
U368                      ND2D1BWP20P90   N16ADFP_StdCelltt0p8v25c
                                                          0.207360  
U369                      AO21D1BWP20P90  N16ADFP_StdCelltt0p8v25c
                                                          0.311040  
U370                      AN2D1BWP20P90   N16ADFP_StdCelltt0p8v25c
                                                          0.259200  
U371                      OR2D1BWP20P90   N16ADFP_StdCelltt0p8v25c
                                                          0.259200  
U372                      OAI22D1BWP20P90 N16ADFP_StdCelltt0p8v25c
                                                          0.311040  
U373                      ND2D1BWP20P90   N16ADFP_StdCelltt0p8v25c
                                                          0.207360  
U374                      ND2D1BWP20P90   N16ADFP_StdCelltt0p8v25c
                                                          0.207360  
U375                      INVD1BWP20P90   N16ADFP_StdCelltt0p8v25c
                                                          0.155520  
U376                      XOR3D4BWP20P90  N16ADFP_StdCelltt0p8v25c
                                                          1.503360  
U377                      IOA21D2BWP20P90 N16ADFP_StdCelltt0p8v25c
                                                          0.518400  
U378                      OAI21D1BWP20P90 N16ADFP_StdCelltt0p8v25c
                                                          0.259200  
U379                      INVD1BWP20P90   N16ADFP_StdCelltt0p8v25c
                                                          0.155520  
U380                      IOA21D1BWP20P90 N16ADFP_StdCelltt0p8v25c
                                                          0.311040  
U381                      ND2D1BWP20P90   N16ADFP_StdCelltt0p8v25c
                                                          0.207360  
U382                      OR2D1BWP20P90   N16ADFP_StdCelltt0p8v25c
                                                          0.259200  
U383                      XNR3D4BWP20P90  N16ADFP_StdCelltt0p8v25c
                                                          1.503360  
U384                      NR2D2BWP20P90   N16ADFP_StdCelltt0p8v25c
                                                          0.311040  
U385                      XNR3D4BWP20P90  N16ADFP_StdCelltt0p8v25c
                                                          1.503360  
U386                      IOA21D1BWP20P90 N16ADFP_StdCelltt0p8v25c
                                                          0.311040  
U387                      OAI21D1BWP20P90 N16ADFP_StdCelltt0p8v25c
                                                          0.259200  
U388                      OAI21D1BWP20P90 N16ADFP_StdCelltt0p8v25c
                                                          0.259200  
U389                      XOR2D1BWP20P90  N16ADFP_StdCelltt0p8v25c
                                                          0.518400  
U390                      ND2D1BWP20P90   N16ADFP_StdCelltt0p8v25c
                                                          0.207360  
U391                      NR2D1BWP20P90   N16ADFP_StdCelltt0p8v25c
                                                          0.207360  
U392                      ND2D1BWP20P90   N16ADFP_StdCelltt0p8v25c
                                                          0.207360  
U393                      IOA21D1BWP20P90 N16ADFP_StdCelltt0p8v25c
                                                          0.311040  
U394                      ND2D1BWP20P90   N16ADFP_StdCelltt0p8v25c
                                                          0.207360  
U395                      OR2D1BWP20P90   N16ADFP_StdCelltt0p8v25c
                                                          0.259200  
U396                      XNR2D1BWP20P90  N16ADFP_StdCelltt0p8v25c
                                                          0.518400  
U397                      INVD1BWP20P90   N16ADFP_StdCelltt0p8v25c
                                                          0.155520  
U398                      XOR3D4BWP20P90  N16ADFP_StdCelltt0p8v25c
                                                          1.503360  
U399                      ND2D1BWP20P90   N16ADFP_StdCelltt0p8v25c
                                                          0.207360  
U400                      OAI21D1BWP20P90 N16ADFP_StdCelltt0p8v25c
                                                          0.259200  
U401                      IND2D1BWP20P90  N16ADFP_StdCelltt0p8v25c
                                                          0.259200  
U402                      NR2D1BWP20P90   N16ADFP_StdCelltt0p8v25c
                                                          0.207360  
U403                      XNR3D4BWP20P90  N16ADFP_StdCelltt0p8v25c
                                                          1.503360  
U404                      XOR2D2BWP20P90  N16ADFP_StdCelltt0p8v25c
                                                          0.570240  
U405                      IOA22D2BWP20P90 N16ADFP_StdCelltt0p8v25c
                                                          0.622080  
U406                      INVD1BWP20P90   N16ADFP_StdCelltt0p8v25c
                                                          0.155520  
U407                      AN2D1BWP20P90   N16ADFP_StdCelltt0p8v25c
                                                          0.259200  
U408                      XOR2D1BWP20P90  N16ADFP_StdCelltt0p8v25c
                                                          0.518400  
U409                      INVD1BWP20P90   N16ADFP_StdCelltt0p8v25c
                                                          0.155520  
U410                      INR2D1BWP20P90  N16ADFP_StdCelltt0p8v25c
                                                          0.259200  
U411                      OAI22D1BWP20P90 N16ADFP_StdCelltt0p8v25c
                                                          0.311040  
U412                      OAI22D1BWP20P90 N16ADFP_StdCelltt0p8v25c
                                                          0.311040  
U413                      OAI22D1BWP20P90 N16ADFP_StdCelltt0p8v25c
                                                          0.311040  
U414                      OAI22D1BWP20P90 N16ADFP_StdCelltt0p8v25c
                                                          0.311040  
U415                      OA22D1BWP20P90  N16ADFP_StdCelltt0p8v25c
                                                          0.466560  
U416                      OAI22D1BWP20P90 N16ADFP_StdCelltt0p8v25c
                                                          0.311040  
U417                      OAI22D1BWP20P90 N16ADFP_StdCelltt0p8v25c
                                                          0.311040  
U418                      OAI22D1BWP20P90 N16ADFP_StdCelltt0p8v25c
                                                          0.311040  
U419                      OAI22D1BWP20P90 N16ADFP_StdCelltt0p8v25c
                                                          0.311040  
U420                      XOR3D4BWP20P90  N16ADFP_StdCelltt0p8v25c
                                                          1.503360  
U421                      IOA21D1BWP20P90 N16ADFP_StdCelltt0p8v25c
                                                          0.311040  
U422                      OAI21D1BWP20P90 N16ADFP_StdCelltt0p8v25c
                                                          0.259200  
U423                      IND2D1BWP20P90  N16ADFP_StdCelltt0p8v25c
                                                          0.259200  
U424                      AO21D1BWP20P90  N16ADFP_StdCelltt0p8v25c
                                                          0.311040  
U425                      INR2D1BWP20P90  N16ADFP_StdCelltt0p8v25c
                                                          0.259200  
U426                      IND2D1BWP20P90  N16ADFP_StdCelltt0p8v25c
                                                          0.259200  
U427                      XOR2D1BWP20P90  N16ADFP_StdCelltt0p8v25c
                                                          0.518400  
U428                      CKND2D8BWP20P90 N16ADFP_StdCelltt0p8v25c
                                                          0.933120  
U429                      OAI21D4BWP20P90 N16ADFP_StdCelltt0p8v25c
                                                          0.725760  
U430                      OR2D1BWP20P90   N16ADFP_StdCelltt0p8v25c
                                                          0.259200  
U431                      OR2D1BWP20P90   N16ADFP_StdCelltt0p8v25c
                                                          0.259200  
U432                      OR2D1BWP20P90   N16ADFP_StdCelltt0p8v25c
                                                          0.259200  
U433                      OR2D1BWP20P90   N16ADFP_StdCelltt0p8v25c
                                                          0.259200  
U434                      OR2D1BWP20P90   N16ADFP_StdCelltt0p8v25c
                                                          0.259200  
U435                      OR2D1BWP20P90   N16ADFP_StdCelltt0p8v25c
                                                          0.259200  
U436                      AN2D1BWP20P90   N16ADFP_StdCelltt0p8v25c
                                                          0.259200  
U437                      OAI22D1BWP20P90 N16ADFP_StdCelltt0p8v25c
                                                          0.311040  
U438                      OAI22D1BWP20P90 N16ADFP_StdCelltt0p8v25c
                                                          0.311040  
U439                      OAI22D1BWP20P90 N16ADFP_StdCelltt0p8v25c
                                                          0.311040  
U440                      XNR2D1BWP20P90  N16ADFP_StdCelltt0p8v25c
                                                          0.518400  
U441                      OR2D1BWP20P90   N16ADFP_StdCelltt0p8v25c
                                                          0.259200  
U442                      XOR2D1BWP20P90  N16ADFP_StdCelltt0p8v25c
                                                          0.518400  
U443                      INVD1BWP20P90   N16ADFP_StdCelltt0p8v25c
                                                          0.155520  
U444                      NR2D1BWP20P90   N16ADFP_StdCelltt0p8v25c
                                                          0.207360  
U445                      INVD1BWP20P90   N16ADFP_StdCelltt0p8v25c
                                                          0.155520  
U446                      XNR2D8BWP20P90  N16ADFP_StdCelltt0p8v25c
                                                          1.555200  
U447                      XOR2D2BWP20P90  N16ADFP_StdCelltt0p8v25c
                                                          0.570240  
U448                      CKND2D8BWP20P90 N16ADFP_StdCelltt0p8v25c
                                                          0.933120  
U449                      BUFFD4BWP20P90  N16ADFP_StdCelltt0p8v25c
                                                          0.414720  
U450                      XOR2D1BWP20P90  N16ADFP_StdCelltt0p8v25c
                                                          0.518400  
U451                      ND2D4BWP20P90   N16ADFP_StdCelltt0p8v25c
                                                          0.518400  
U452                      XNR2D1BWP20P90  N16ADFP_StdCelltt0p8v25c
                                                          0.518400  
U453                      XNR2D1BWP20P90  N16ADFP_StdCelltt0p8v25c
                                                          0.518400  
U454                      XNR2D4BWP20P90  N16ADFP_StdCelltt0p8v25c
                                                          0.881280  
U455                      XNR2D1BWP20P90  N16ADFP_StdCelltt0p8v25c
                                                          0.518400  
U456                      XNR2D1BWP20P90  N16ADFP_StdCelltt0p8v25c
                                                          0.518400  
U457                      OAI22D1BWP20P90 N16ADFP_StdCelltt0p8v25c
                                                          0.311040  
U458                      XNR2D1BWP20P90  N16ADFP_StdCelltt0p8v25c
                                                          0.518400  
U459                      XNR2D1BWP20P90  N16ADFP_StdCelltt0p8v25c
                                                          0.518400  
U460                      OAI22D1BWP20P90 N16ADFP_StdCelltt0p8v25c
                                                          0.311040  
U461                      INVD1BWP20P90   N16ADFP_StdCelltt0p8v25c
                                                          0.155520  
U462                      NR2D1BWP20P90   N16ADFP_StdCelltt0p8v25c
                                                          0.207360  
U463                      INVD1BWP20P90   N16ADFP_StdCelltt0p8v25c
                                                          0.155520  
U464                      NR2D1BWP20P90   N16ADFP_StdCelltt0p8v25c
                                                          0.207360  
U465                      XNR2D1BWP20P90  N16ADFP_StdCelltt0p8v25c
                                                          0.518400  
U466                      XOR2D1BWP20P90  N16ADFP_StdCelltt0p8v25c
                                                          0.518400  
U467                      XOR2D1BWP20P90  N16ADFP_StdCelltt0p8v25c
                                                          0.518400  
U468                      OAI22D1BWP20P90 N16ADFP_StdCelltt0p8v25c
                                                          0.311040  
U469                      XNR2D1BWP20P90  N16ADFP_StdCelltt0p8v25c
                                                          0.518400  
U470                      OAI22D1BWP20P90 N16ADFP_StdCelltt0p8v25c
                                                          0.311040  
U471                      FA1D1BWP20P90   N16ADFP_StdCelltt0p8v25c
                                                          1.036800  r
U472                      CKND2BWP20P90   N16ADFP_StdCelltt0p8v25c
                                                          0.207360  
U473                      INVD4BWP20P90   N16ADFP_StdCelltt0p8v25c
                                                          0.311040  
U474                      XNR2D8BWP20P90  N16ADFP_StdCelltt0p8v25c
                                                          1.555200  
U475                      INVD1BWP20P90   N16ADFP_StdCelltt0p8v25c
                                                          0.155520  
U476                      AO21D1BWP20P90  N16ADFP_StdCelltt0p8v25c
                                                          0.311040  
U477                      INVD1BWP20P90   N16ADFP_StdCelltt0p8v25c
                                                          0.155520  
U478                      XNR2D1BWP20P90  N16ADFP_StdCelltt0p8v25c
                                                          0.518400  
U479                      OAI22D1BWP20P90 N16ADFP_StdCelltt0p8v25c
                                                          0.311040  
U480                      XNR2D1BWP20P90  N16ADFP_StdCelltt0p8v25c
                                                          0.518400  
U481                      XNR2D1BWP20P90  N16ADFP_StdCelltt0p8v25c
                                                          0.518400  
U482                      OAI22D1BWP20P90 N16ADFP_StdCelltt0p8v25c
                                                          0.311040  
U483                      XNR2D1BWP20P90  N16ADFP_StdCelltt0p8v25c
                                                          0.518400  
U484                      OAI22D1BWP20P90 N16ADFP_StdCelltt0p8v25c
                                                          0.311040  
U485                      XOR2D1BWP20P90  N16ADFP_StdCelltt0p8v25c
                                                          0.518400  
U486                      XNR2D1BWP20P90  N16ADFP_StdCelltt0p8v25c
                                                          0.518400  
U487                      OAI22D1BWP20P90 N16ADFP_StdCelltt0p8v25c
                                                          0.311040  
U488                      INVD1BWP20P90   N16ADFP_StdCelltt0p8v25c
                                                          0.155520  
U489                      INVD1BWP20P90   N16ADFP_StdCelltt0p8v25c
                                                          0.155520  
U490                      NR2D1BWP20P90   N16ADFP_StdCelltt0p8v25c
                                                          0.207360  
U491                      XNR2D1BWP20P90  N16ADFP_StdCelltt0p8v25c
                                                          0.518400  
U492                      OAI22D1BWP20P90 N16ADFP_StdCelltt0p8v25c
                                                          0.311040  
U493                      XNR2D1BWP20P90  N16ADFP_StdCelltt0p8v25c
                                                          0.518400  
U494                      OAI22D1BWP20P90 N16ADFP_StdCelltt0p8v25c
                                                          0.311040  
U495                      XNR2D1BWP20P90  N16ADFP_StdCelltt0p8v25c
                                                          0.518400  
U496                      OAI22D1BWP20P90 N16ADFP_StdCelltt0p8v25c
                                                          0.311040  
U497                      OAI22D1BWP20P90 N16ADFP_StdCelltt0p8v25c
                                                          0.311040  
U498                      OAI21D1BWP20P90 N16ADFP_StdCelltt0p8v25c
                                                          0.259200  
U499                      IOA21D1BWP20P90 N16ADFP_StdCelltt0p8v25c
                                                          0.311040  
U500                      XNR2D1BWP20P90  N16ADFP_StdCelltt0p8v25c
                                                          0.518400  
U501                      XNR2D1BWP20P90  N16ADFP_StdCelltt0p8v25c
                                                          0.518400  
U502                      OAI22D1BWP20P90 N16ADFP_StdCelltt0p8v25c
                                                          0.311040  
U503                      XOR2D2BWP20P90  N16ADFP_StdCelltt0p8v25c
                                                          0.570240  
U504                      CKND2D8BWP20P90 N16ADFP_StdCelltt0p8v25c
                                                          0.933120  
U505                      AO21D1BWP20P90  N16ADFP_StdCelltt0p8v25c
                                                          0.311040  
U506                      FA1D1BWP20P90   N16ADFP_StdCelltt0p8v25c
                                                          1.036800  r
U507                      XNR2D1BWP20P90  N16ADFP_StdCelltt0p8v25c
                                                          0.518400  
U508                      OAI22D1BWP20P90 N16ADFP_StdCelltt0p8v25c
                                                          0.311040  
U509                      XNR2D1BWP20P90  N16ADFP_StdCelltt0p8v25c
                                                          0.518400  
U510                      OAI22D1BWP20P90 N16ADFP_StdCelltt0p8v25c
                                                          0.311040  
U511                      XNR2D1BWP20P90  N16ADFP_StdCelltt0p8v25c
                                                          0.518400  
U512                      XNR2D1BWP20P90  N16ADFP_StdCelltt0p8v25c
                                                          0.518400  
U513                      OAI22D1BWP20P90 N16ADFP_StdCelltt0p8v25c
                                                          0.311040  
U514                      XNR2D1BWP20P90  N16ADFP_StdCelltt0p8v25c
                                                          0.518400  
U515                      OAI22D1BWP20P90 N16ADFP_StdCelltt0p8v25c
                                                          0.311040  
U516                      INVD1BWP20P90   N16ADFP_StdCelltt0p8v25c
                                                          0.155520  
U517                      NR2D1BWP20P90   N16ADFP_StdCelltt0p8v25c
                                                          0.207360  
U518                      INVD1BWP20P90   N16ADFP_StdCelltt0p8v25c
                                                          0.155520  
U519                      OAI21D1BWP20P90 N16ADFP_StdCelltt0p8v25c
                                                          0.259200  
U520                      IOA21D1BWP20P90 N16ADFP_StdCelltt0p8v25c
                                                          0.311040  
U521                      FA1D1BWP20P90   N16ADFP_StdCelltt0p8v25c
                                                          1.036800  r
U522                      FA1D1BWP20P90   N16ADFP_StdCelltt0p8v25c
                                                          1.036800  r
U523                      FA1D1BWP20P90   N16ADFP_StdCelltt0p8v25c
                                                          1.036800  r
U524                      AN2D1BWP20P90   N16ADFP_StdCelltt0p8v25c
                                                          0.259200  
U525                      AO21D1BWP20P90  N16ADFP_StdCelltt0p8v25c
                                                          0.311040  
U526                      INVD1BWP20P90   N16ADFP_StdCelltt0p8v25c
                                                          0.155520  
U527                      NR2D1BWP20P90   N16ADFP_StdCelltt0p8v25c
                                                          0.207360  
U528                      XNR2D1BWP20P90  N16ADFP_StdCelltt0p8v25c
                                                          0.518400  
U529                      XNR2D1BWP20P90  N16ADFP_StdCelltt0p8v25c
                                                          0.518400  
U530                      OAI22D1BWP20P90 N16ADFP_StdCelltt0p8v25c
                                                          0.311040  
U531                      OAI22D1BWP20P90 N16ADFP_StdCelltt0p8v25c
                                                          0.311040  
U532                      XNR2D1BWP20P90  N16ADFP_StdCelltt0p8v25c
                                                          0.518400  
U533                      OAI22D1BWP20P90 N16ADFP_StdCelltt0p8v25c
                                                          0.311040  
U534                      OR2D1BWP20P90   N16ADFP_StdCelltt0p8v25c
                                                          0.259200  
U535                      AN2D1BWP20P90   N16ADFP_StdCelltt0p8v25c
                                                          0.259200  
U536                      AO21D1BWP20P90  N16ADFP_StdCelltt0p8v25c
                                                          0.311040  
U537                      AN2D1BWP20P90   N16ADFP_StdCelltt0p8v25c
                                                          0.259200  
U538                      AO21D1BWP20P90  N16ADFP_StdCelltt0p8v25c
                                                          0.311040  
U539                      XOR2D1BWP20P90  N16ADFP_StdCelltt0p8v25c
                                                          0.518400  
U540                      OAI21D1BWP20P90 N16ADFP_StdCelltt0p8v25c
                                                          0.259200  
U541                      IOA21D1BWP20P90 N16ADFP_StdCelltt0p8v25c
                                                          0.311040  
U542                      XNR2D1BWP20P90  N16ADFP_StdCelltt0p8v25c
                                                          0.518400  
U543                      OAI22D1BWP20P90 N16ADFP_StdCelltt0p8v25c
                                                          0.311040  
U544                      XNR2D1BWP20P90  N16ADFP_StdCelltt0p8v25c
                                                          0.518400  
U545                      OAI22D1BWP20P90 N16ADFP_StdCelltt0p8v25c
                                                          0.311040  
U546                      XNR2D1BWP20P90  N16ADFP_StdCelltt0p8v25c
                                                          0.518400  
U547                      OAI22D1BWP20P90 N16ADFP_StdCelltt0p8v25c
                                                          0.311040  
U548                      XNR2D1BWP20P90  N16ADFP_StdCelltt0p8v25c
                                                          0.518400  
U549                      OAI22D1BWP20P90 N16ADFP_StdCelltt0p8v25c
                                                          0.311040  
U550                      INVD1BWP20P90   N16ADFP_StdCelltt0p8v25c
                                                          0.155520  
U551                      FA1D1BWP20P90   N16ADFP_StdCelltt0p8v25c
                                                          1.036800  r
U552                      FA1D1BWP20P90   N16ADFP_StdCelltt0p8v25c
                                                          1.036800  r
U553                      BUFFD4BWP20P90  N16ADFP_StdCelltt0p8v25c
                                                          0.414720  
U554                      INR2D1BWP20P90  N16ADFP_StdCelltt0p8v25c
                                                          0.259200  
U555                      XNR2D1BWP20P90  N16ADFP_StdCelltt0p8v25c
                                                          0.518400  
U556                      OAI22D1BWP20P90 N16ADFP_StdCelltt0p8v25c
                                                          0.311040  
U557                      ND2D1BWP20P90   N16ADFP_StdCelltt0p8v25c
                                                          0.207360  
U558                      XNR2D1BWP20P90  N16ADFP_StdCelltt0p8v25c
                                                          0.518400  
U559                      OAI22D1BWP20P90 N16ADFP_StdCelltt0p8v25c
                                                          0.311040  
U560                      ND2D1BWP20P90   N16ADFP_StdCelltt0p8v25c
                                                          0.207360  
U561                      ND2D1BWP20P90   N16ADFP_StdCelltt0p8v25c
                                                          0.207360  
U562                      ND3D1BWP20P90   N16ADFP_StdCelltt0p8v25c
                                                          0.259200  
U563                      XNR2D1BWP20P90  N16ADFP_StdCelltt0p8v25c
                                                          0.518400  
U564                      OAI22D1BWP20P90 N16ADFP_StdCelltt0p8v25c
                                                          0.311040  
U565                      OAI21D1BWP20P90 N16ADFP_StdCelltt0p8v25c
                                                          0.259200  
U566                      XNR2D1BWP20P90  N16ADFP_StdCelltt0p8v25c
                                                          0.518400  
U567                      OAI22D1BWP20P90 N16ADFP_StdCelltt0p8v25c
                                                          0.311040  
U568                      XNR2D1BWP20P90  N16ADFP_StdCelltt0p8v25c
                                                          0.518400  
U569                      OAI22D1BWP20P90 N16ADFP_StdCelltt0p8v25c
                                                          0.311040  
U570                      ND2D1BWP20P90   N16ADFP_StdCelltt0p8v25c
                                                          0.207360  
U571                      ND3D1BWP20P90   N16ADFP_StdCelltt0p8v25c
                                                          0.259200  
U572                      FA1D1BWP20P90   N16ADFP_StdCelltt0p8v25c
                                                          1.036800  r
U573                      FA1D1BWP20P90   N16ADFP_StdCelltt0p8v25c
                                                          1.036800  r
U574                      FA1D1BWP20P90   N16ADFP_StdCelltt0p8v25c
                                                          1.036800  r
U575                      FA1D1BWP20P90   N16ADFP_StdCelltt0p8v25c
                                                          1.036800  r
U576                      OR2D1BWP20P90   N16ADFP_StdCelltt0p8v25c
                                                          0.259200  
U577                      AN2D1BWP20P90   N16ADFP_StdCelltt0p8v25c
                                                          0.259200  
U578                      XOR2D1BWP20P90  N16ADFP_StdCelltt0p8v25c
                                                          0.518400  
U579                      XOR2D2BWP20P90  N16ADFP_StdCelltt0p8v25c
                                                          0.570240  
U580                      IOA21D1BWP20P90 N16ADFP_StdCelltt0p8v25c
                                                          0.311040  
U581                      NR2D2BWP20P90   N16ADFP_StdCelltt0p8v25c
                                                          0.311040  
U582                      NR2D2BWP20P90   N16ADFP_StdCelltt0p8v25c
                                                          0.311040  
U583                      ND2D4BWP20P90   N16ADFP_StdCelltt0p8v25c
                                                          0.518400  
U584                      AN2D1BWP20P90   N16ADFP_StdCelltt0p8v25c
                                                          0.259200  
U585                      OAI22D1BWP20P90 N16ADFP_StdCelltt0p8v25c
                                                          0.311040  
U586                      XNR2D1BWP20P90  N16ADFP_StdCelltt0p8v25c
                                                          0.518400  
U587                      OAI22D1BWP20P90 N16ADFP_StdCelltt0p8v25c
                                                          0.311040  
U588                      FA1D1BWP20P90   N16ADFP_StdCelltt0p8v25c
                                                          1.036800  r
U589                      FA1D1BWP20P90   N16ADFP_StdCelltt0p8v25c
                                                          1.036800  r
U590                      INVD1BWP20P90   N16ADFP_StdCelltt0p8v25c
                                                          0.155520  
U591                      NR2D1BWP20P90   N16ADFP_StdCelltt0p8v25c
                                                          0.207360  
U592                      INVD1BWP20P90   N16ADFP_StdCelltt0p8v25c
                                                          0.155520  
U593                      XNR2D1BWP20P90  N16ADFP_StdCelltt0p8v25c
                                                          0.518400  
U594                      OAI22D1BWP20P90 N16ADFP_StdCelltt0p8v25c
                                                          0.311040  
U595                      FA1D1BWP20P90   N16ADFP_StdCelltt0p8v25c
                                                          1.036800  r
U596                      XOR3D4BWP20P90  N16ADFP_StdCelltt0p8v25c
                                                          1.503360  
U597                      FA1D1BWP20P90   N16ADFP_StdCelltt0p8v25c
                                                          1.036800  r
U598                      FA1D1BWP20P90   N16ADFP_StdCelltt0p8v25c
                                                          1.036800  r
U599                      INVD1BWP20P90   N16ADFP_StdCelltt0p8v25c
                                                          0.155520  
U600                      NR2D1BWP20P90   N16ADFP_StdCelltt0p8v25c
                                                          0.207360  
U601                      XNR2D1BWP20P90  N16ADFP_StdCelltt0p8v25c
                                                          0.518400  
U602                      OAI22D1BWP20P90 N16ADFP_StdCelltt0p8v25c
                                                          0.311040  
U603                      XNR2D1BWP20P90  N16ADFP_StdCelltt0p8v25c
                                                          0.518400  
U604                      OAI22D1BWP20P90 N16ADFP_StdCelltt0p8v25c
                                                          0.311040  
U605                      AO21D1BWP20P90  N16ADFP_StdCelltt0p8v25c
                                                          0.311040  
U606                      OAI21D1BWP20P90 N16ADFP_StdCelltt0p8v25c
                                                          0.259200  
U607                      IOA21D1BWP20P90 N16ADFP_StdCelltt0p8v25c
                                                          0.311040  
U608                      OAI21D1BWP20P90 N16ADFP_StdCelltt0p8v25c
                                                          0.259200  
U609                      IOA21D1BWP20P90 N16ADFP_StdCelltt0p8v25c
                                                          0.311040  
U610                      OR2D2BWP20P90   N16ADFP_StdCelltt0p8v25c
                                                          0.311040  
U611                      INVD1BWP20P90   N16ADFP_StdCelltt0p8v25c
                                                          0.155520  
U612                      NR2D1BWP20P90   N16ADFP_StdCelltt0p8v25c
                                                          0.207360  
U613                      INVD1BWP20P90   N16ADFP_StdCelltt0p8v25c
                                                          0.155520  
U614                      NR2D1BWP20P90   N16ADFP_StdCelltt0p8v25c
                                                          0.207360  
U615                      OAI22D1BWP20P90 N16ADFP_StdCelltt0p8v25c
                                                          0.311040  
U616                      XNR2D1BWP20P90  N16ADFP_StdCelltt0p8v25c
                                                          0.518400  
U617                      OAI22D1BWP20P90 N16ADFP_StdCelltt0p8v25c
                                                          0.311040  
U618                      FA1D1BWP20P90   N16ADFP_StdCelltt0p8v25c
                                                          1.036800  r
U619                      FA1D1BWP20P90   N16ADFP_StdCelltt0p8v25c
                                                          1.036800  r
U620                      XNR2D1BWP20P90  N16ADFP_StdCelltt0p8v25c
                                                          0.518400  
U621                      OAI22D1BWP20P90 N16ADFP_StdCelltt0p8v25c
                                                          0.311040  
U622                      INVD1BWP20P90   N16ADFP_StdCelltt0p8v25c
                                                          0.155520  
U623                      OAI22D1BWP20P90 N16ADFP_StdCelltt0p8v25c
                                                          0.311040  
U624                      FA1D1BWP20P90   N16ADFP_StdCelltt0p8v25c
                                                          1.036800  r
U625                      FA1D1BWP20P90   N16ADFP_StdCelltt0p8v25c
                                                          1.036800  r
U626                      INVD1BWP20P90   N16ADFP_StdCelltt0p8v25c
                                                          0.155520  
U627                      NR2D1BWP20P90   N16ADFP_StdCelltt0p8v25c
                                                          0.207360  
U628                      INVD1BWP20P90   N16ADFP_StdCelltt0p8v25c
                                                          0.155520  
U629                      OAI22D1BWP20P90 N16ADFP_StdCelltt0p8v25c
                                                          0.311040  
U630                      XNR2D1BWP20P90  N16ADFP_StdCelltt0p8v25c
                                                          0.518400  
U631                      OAI22D1BWP20P90 N16ADFP_StdCelltt0p8v25c
                                                          0.311040  
U632                      FA1D1BWP20P90   N16ADFP_StdCelltt0p8v25c
                                                          1.036800  r
U633                      FA1D1BWP20P90   N16ADFP_StdCelltt0p8v25c
                                                          1.036800  r
U634                      FA1D1BWP20P90   N16ADFP_StdCelltt0p8v25c
                                                          1.036800  r
U635                      FA1D1BWP20P90   N16ADFP_StdCelltt0p8v25c
                                                          1.036800  r
U636                      AO21D1BWP20P90  N16ADFP_StdCelltt0p8v25c
                                                          0.311040  
U637                      FA1D1BWP20P90   N16ADFP_StdCelltt0p8v25c
                                                          1.036800  r
U638                      INVD1BWP20P90   N16ADFP_StdCelltt0p8v25c
                                                          0.155520  
U639                      NR2D1BWP20P90   N16ADFP_StdCelltt0p8v25c
                                                          0.207360  
U640                      XNR2D1BWP20P90  N16ADFP_StdCelltt0p8v25c
                                                          0.518400  
U641                      OAI22D1BWP20P90 N16ADFP_StdCelltt0p8v25c
                                                          0.311040  
U642                      NR2D1BWP20P90   N16ADFP_StdCelltt0p8v25c
                                                          0.207360  
U643                      INVD1BWP20P90   N16ADFP_StdCelltt0p8v25c
                                                          0.155520  
U644                      ND2D1BWP20P90   N16ADFP_StdCelltt0p8v25c
                                                          0.207360  
U645                      NR2D1BWP20P90   N16ADFP_StdCelltt0p8v25c
                                                          0.207360  
U646                      XNR2D1BWP20P90  N16ADFP_StdCelltt0p8v25c
                                                          0.518400  
U647                      XNR2D1BWP20P90  N16ADFP_StdCelltt0p8v25c
                                                          0.518400  
U648                      OAI22D1BWP20P90 N16ADFP_StdCelltt0p8v25c
                                                          0.311040  
U649                      XNR2D1BWP20P90  N16ADFP_StdCelltt0p8v25c
                                                          0.518400  
U650                      XNR2D1BWP20P90  N16ADFP_StdCelltt0p8v25c
                                                          0.518400  
U651                      OAI22D1BWP20P90 N16ADFP_StdCelltt0p8v25c
                                                          0.311040  
U652                      XNR2D1BWP20P90  N16ADFP_StdCelltt0p8v25c
                                                          0.518400  
U653                      XNR2D1BWP20P90  N16ADFP_StdCelltt0p8v25c
                                                          0.518400  
U654                      OAI22D1BWP20P90 N16ADFP_StdCelltt0p8v25c
                                                          0.311040  
U655                      IND2D1BWP20P90  N16ADFP_StdCelltt0p8v25c
                                                          0.259200  
U656                      OAI22D1BWP20P90 N16ADFP_StdCelltt0p8v25c
                                                          0.311040  
U657                      XNR2D1BWP20P90  N16ADFP_StdCelltt0p8v25c
                                                          0.518400  
U658                      IOA21D1BWP20P90 N16ADFP_StdCelltt0p8v25c
                                                          0.311040  
U659                      INR2D1BWP20P90  N16ADFP_StdCelltt0p8v25c
                                                          0.259200  
U660                      XNR2D1BWP20P90  N16ADFP_StdCelltt0p8v25c
                                                          0.518400  
U661                      OAI22D1BWP20P90 N16ADFP_StdCelltt0p8v25c
                                                          0.311040  
U662                      XNR2D1BWP20P90  N16ADFP_StdCelltt0p8v25c
                                                          0.518400  
U663                      XNR2D1BWP20P90  N16ADFP_StdCelltt0p8v25c
                                                          0.518400  
U664                      OAI22D1BWP20P90 N16ADFP_StdCelltt0p8v25c
                                                          0.311040  
U665                      XNR2D1BWP20P90  N16ADFP_StdCelltt0p8v25c
                                                          0.518400  
U666                      XNR2D1BWP20P90  N16ADFP_StdCelltt0p8v25c
                                                          0.518400  
U667                      XNR2D1BWP20P90  N16ADFP_StdCelltt0p8v25c
                                                          0.518400  
U668                      XNR2D1BWP20P90  N16ADFP_StdCelltt0p8v25c
                                                          0.518400  
U669                      XNR2D1BWP20P90  N16ADFP_StdCelltt0p8v25c
                                                          0.518400  
U670                      OAI22D1BWP20P90 N16ADFP_StdCelltt0p8v25c
                                                          0.311040  
U671                      XNR2D1BWP20P90  N16ADFP_StdCelltt0p8v25c
                                                          0.518400  
U672                      XNR2D1BWP20P90  N16ADFP_StdCelltt0p8v25c
                                                          0.518400  
U673                      OAI22D1BWP20P90 N16ADFP_StdCelltt0p8v25c
                                                          0.311040  
U674                      OAI22D1BWP20P90 N16ADFP_StdCelltt0p8v25c
                                                          0.311040  
U675                      OAI22D1BWP20P90 N16ADFP_StdCelltt0p8v25c
                                                          0.311040  
U676                      XNR2D1BWP20P90  N16ADFP_StdCelltt0p8v25c
                                                          0.518400  
U677                      OAI22D1BWP20P90 N16ADFP_StdCelltt0p8v25c
                                                          0.311040  
U678                      IND2D1BWP20P90  N16ADFP_StdCelltt0p8v25c
                                                          0.259200  
U679                      FA1D1BWP20P90   N16ADFP_StdCelltt0p8v25c
                                                          1.036800  r
U680                      XNR2D1BWP20P90  N16ADFP_StdCelltt0p8v25c
                                                          0.518400  
U681                      OAI22D1BWP20P90 N16ADFP_StdCelltt0p8v25c
                                                          0.311040  
U682                      INR2D1BWP20P90  N16ADFP_StdCelltt0p8v25c
                                                          0.259200  
U683                      XNR2D1BWP20P90  N16ADFP_StdCelltt0p8v25c
                                                          0.518400  
U684                      XNR2D1BWP20P90  N16ADFP_StdCelltt0p8v25c
                                                          0.518400  
U685                      OAI22D1BWP20P90 N16ADFP_StdCelltt0p8v25c
                                                          0.311040  
U686                      XOR3D4BWP20P90  N16ADFP_StdCelltt0p8v25c
                                                          1.503360  
U687                      FA1D1BWP20P90   N16ADFP_StdCelltt0p8v25c
                                                          1.036800  r
U688                      INVD1BWP20P90   N16ADFP_StdCelltt0p8v25c
                                                          0.155520  
U689                      XNR2D1BWP20P90  N16ADFP_StdCelltt0p8v25c
                                                          0.518400  
U690                      OAI22D1BWP20P90 N16ADFP_StdCelltt0p8v25c
                                                          0.311040  
U691                      XNR2D1BWP20P90  N16ADFP_StdCelltt0p8v25c
                                                          0.518400  
U692                      OAI22D1BWP20P90 N16ADFP_StdCelltt0p8v25c
                                                          0.311040  
U693                      XNR2D1BWP20P90  N16ADFP_StdCelltt0p8v25c
                                                          0.518400  
U694                      OAI22D1BWP20P90 N16ADFP_StdCelltt0p8v25c
                                                          0.311040  
U695                      OAI21D1BWP20P90 N16ADFP_StdCelltt0p8v25c
                                                          0.259200  
U696                      IOA21D1BWP20P90 N16ADFP_StdCelltt0p8v25c
                                                          0.311040  
U697                      FA1D1BWP20P90   N16ADFP_StdCelltt0p8v25c
                                                          1.036800  r
U698                      XNR2D1BWP20P90  N16ADFP_StdCelltt0p8v25c
                                                          0.518400  
U699                      XNR2D1BWP20P90  N16ADFP_StdCelltt0p8v25c
                                                          0.518400  
U700                      OAI22D1BWP20P90 N16ADFP_StdCelltt0p8v25c
                                                          0.311040  
U701                      IND2D1BWP20P90  N16ADFP_StdCelltt0p8v25c
                                                          0.259200  
U702                      OAI22D1BWP20P90 N16ADFP_StdCelltt0p8v25c
                                                          0.311040  
U703                      XNR2D1BWP20P90  N16ADFP_StdCelltt0p8v25c
                                                          0.518400  
U704                      XNR2D1BWP20P90  N16ADFP_StdCelltt0p8v25c
                                                          0.518400  
U705                      OAI22D1BWP20P90 N16ADFP_StdCelltt0p8v25c
                                                          0.311040  
U706                      XNR2D1BWP20P90  N16ADFP_StdCelltt0p8v25c
                                                          0.518400  
U707                      XNR2D1BWP20P90  N16ADFP_StdCelltt0p8v25c
                                                          0.518400  
U708                      OAI22D1BWP20P90 N16ADFP_StdCelltt0p8v25c
                                                          0.311040  
U709                      INR2D1BWP20P90  N16ADFP_StdCelltt0p8v25c
                                                          0.259200  
U710                      XNR2D1BWP20P90  N16ADFP_StdCelltt0p8v25c
                                                          0.518400  
U711                      OAI22D1BWP20P90 N16ADFP_StdCelltt0p8v25c
                                                          0.311040  
U712                      XNR2D1BWP20P90  N16ADFP_StdCelltt0p8v25c
                                                          0.518400  
U713                      OAI22D1BWP20P90 N16ADFP_StdCelltt0p8v25c
                                                          0.311040  
U714                      FA1D1BWP20P90   N16ADFP_StdCelltt0p8v25c
                                                          1.036800  r
U715                      IND2D1BWP20P90  N16ADFP_StdCelltt0p8v25c
                                                          0.259200  
U716                      OAI22D1BWP20P90 N16ADFP_StdCelltt0p8v25c
                                                          0.311040  
U717                      XNR2D1BWP20P90  N16ADFP_StdCelltt0p8v25c
                                                          0.518400  
U718                      OAI22D1BWP20P90 N16ADFP_StdCelltt0p8v25c
                                                          0.311040  
U719                      OR2D1BWP20P90   N16ADFP_StdCelltt0p8v25c
                                                          0.259200  
U720                      XNR2D1BWP20P90  N16ADFP_StdCelltt0p8v25c
                                                          0.518400  
U721                      OAI22D1BWP20P90 N16ADFP_StdCelltt0p8v25c
                                                          0.311040  
U722                      NR2D1BWP20P90   N16ADFP_StdCelltt0p8v25c
                                                          0.207360  
U723                      XNR2D1BWP20P90  N16ADFP_StdCelltt0p8v25c
                                                          0.518400  
U724                      OAI22D1BWP20P90 N16ADFP_StdCelltt0p8v25c
                                                          0.311040  
U725                      INR2D1BWP20P90  N16ADFP_StdCelltt0p8v25c
                                                          0.259200  
U726                      OR2D1BWP20P90   N16ADFP_StdCelltt0p8v25c
                                                          0.259200  
U727                      OAI22D1BWP20P90 N16ADFP_StdCelltt0p8v25c
                                                          0.311040  
U728                      IND2D1BWP20P90  N16ADFP_StdCelltt0p8v25c
                                                          0.259200  
U729                      ND2D1BWP20P90   N16ADFP_StdCelltt0p8v25c
                                                          0.207360  
U730                      ND2D1BWP20P90   N16ADFP_StdCelltt0p8v25c
                                                          0.207360  
U731                      INVD1BWP20P90   N16ADFP_StdCelltt0p8v25c
                                                          0.155520  
U732                      ND2D1BWP20P90   N16ADFP_StdCelltt0p8v25c
                                                          0.207360  
U733                      INVD1BWP20P90   N16ADFP_StdCelltt0p8v25c
                                                          0.155520  
U734                      AOI21D1BWP20P90 N16ADFP_StdCelltt0p8v25c
                                                          0.259200  
U735                      ND2D1BWP20P90   N16ADFP_StdCelltt0p8v25c
                                                          0.207360  
U736                      OAI21D1BWP20P90 N16ADFP_StdCelltt0p8v25c
                                                          0.259200  
U737                      ND2D1BWP20P90   N16ADFP_StdCelltt0p8v25c
                                                          0.207360  
U738                      INVD1BWP20P90   N16ADFP_StdCelltt0p8v25c
                                                          0.155520  
U739                      OAI22D1BWP20P90 N16ADFP_StdCelltt0p8v25c
                                                          0.311040  
U740                      XNR2D1BWP20P90  N16ADFP_StdCelltt0p8v25c
                                                          0.518400  
U741                      OAI22D1BWP20P90 N16ADFP_StdCelltt0p8v25c
                                                          0.311040  
U742                      XOR2D1BWP20P90  N16ADFP_StdCelltt0p8v25c
                                                          0.518400  
U743                      OAI22D1BWP20P90 N16ADFP_StdCelltt0p8v25c
                                                          0.311040  
U744                      XOR2D1BWP20P90  N16ADFP_StdCelltt0p8v25c
                                                          0.518400  
U745                      XOR2D1BWP20P90  N16ADFP_StdCelltt0p8v25c
                                                          0.518400  
U746                      OR2D1BWP20P90   N16ADFP_StdCelltt0p8v25c
                                                          0.259200  
U747                      ND2D1BWP20P90   N16ADFP_StdCelltt0p8v25c
                                                          0.207360  
U748                      OAI22D1BWP20P90 N16ADFP_StdCelltt0p8v25c
                                                          0.311040  
U749                      IND2D1BWP20P90  N16ADFP_StdCelltt0p8v25c
                                                          0.259200  
U750                      OAI21D1BWP20P90 N16ADFP_StdCelltt0p8v25c
                                                          0.259200  
U751                      IOA21D1BWP20P90 N16ADFP_StdCelltt0p8v25c
                                                          0.311040  
U752                      XOR2D1BWP20P90  N16ADFP_StdCelltt0p8v25c
                                                          0.518400  
U753                      OR2D1BWP20P90   N16ADFP_StdCelltt0p8v25c
                                                          0.259200  
U754                      AO21D1BWP20P90  N16ADFP_StdCelltt0p8v25c
                                                          0.311040  
U755                      FA1D1BWP20P90   N16ADFP_StdCelltt0p8v25c
                                                          1.036800  r
U756                      XOR2D1BWP20P90  N16ADFP_StdCelltt0p8v25c
                                                          0.518400  
U757                      OR2D1BWP20P90   N16ADFP_StdCelltt0p8v25c
                                                          0.259200  
U758                      AN2D1BWP20P90   N16ADFP_StdCelltt0p8v25c
                                                          0.259200  
U759                      AO21D1BWP20P90  N16ADFP_StdCelltt0p8v25c
                                                          0.311040  
U760                      ND2D1BWP20P90   N16ADFP_StdCelltt0p8v25c
                                                          0.207360  
U761                      FA1D1BWP20P90   N16ADFP_StdCelltt0p8v25c
                                                          1.036800  r
U762                      XNR2D1BWP20P90  N16ADFP_StdCelltt0p8v25c
                                                          0.518400  
U763                      XNR2D1BWP20P90  N16ADFP_StdCelltt0p8v25c
                                                          0.518400  
U764                      OAI22D1BWP20P90 N16ADFP_StdCelltt0p8v25c
                                                          0.311040  
U765                      XNR2D1BWP20P90  N16ADFP_StdCelltt0p8v25c
                                                          0.518400  
U766                      XNR2D1BWP20P90  N16ADFP_StdCelltt0p8v25c
                                                          0.518400  
U767                      OAI22D1BWP20P90 N16ADFP_StdCelltt0p8v25c
                                                          0.311040  
U768                      XNR2D1BWP20P90  N16ADFP_StdCelltt0p8v25c
                                                          0.518400  
U769                      XNR2D1BWP20P90  N16ADFP_StdCelltt0p8v25c
                                                          0.518400  
U770                      OAI22D1BWP20P90 N16ADFP_StdCelltt0p8v25c
                                                          0.311040  
U771                      XNR2D1BWP20P90  N16ADFP_StdCelltt0p8v25c
                                                          0.518400  
U772                      XNR2D1BWP20P90  N16ADFP_StdCelltt0p8v25c
                                                          0.518400  
U773                      OAI22D1BWP20P90 N16ADFP_StdCelltt0p8v25c
                                                          0.311040  
U774                      OAI22D1BWP20P90 N16ADFP_StdCelltt0p8v25c
                                                          0.311040  
U775                      FA1D1BWP20P90   N16ADFP_StdCelltt0p8v25c
                                                          1.036800  r
U776                      INR2D1BWP20P90  N16ADFP_StdCelltt0p8v25c
                                                          0.259200  
U777                      XNR2D1BWP20P90  N16ADFP_StdCelltt0p8v25c
                                                          0.518400  
U778                      OAI22D1BWP20P90 N16ADFP_StdCelltt0p8v25c
                                                          0.311040  
U779                      XNR2D1BWP20P90  N16ADFP_StdCelltt0p8v25c
                                                          0.518400  
U780                      OAI22D1BWP20P90 N16ADFP_StdCelltt0p8v25c
                                                          0.311040  
U781                      XNR2D1BWP20P90  N16ADFP_StdCelltt0p8v25c
                                                          0.518400  
U782                      OAI22D1BWP20P90 N16ADFP_StdCelltt0p8v25c
                                                          0.311040  
U783                      XNR2D1BWP20P90  N16ADFP_StdCelltt0p8v25c
                                                          0.518400  
U784                      OAI22D1BWP20P90 N16ADFP_StdCelltt0p8v25c
                                                          0.311040  
U785                      FA1D1BWP20P90   N16ADFP_StdCelltt0p8v25c
                                                          1.036800  r
U786                      XOR2D1BWP20P90  N16ADFP_StdCelltt0p8v25c
                                                          0.518400  
U787                      FA1D2BWP20P90   N16ADFP_StdCelltt0p8v25c
                                                          1.088640  r
U788                      FA1D1BWP20P90   N16ADFP_StdCelltt0p8v25c
                                                          1.036800  r
U789                      FA1D2BWP20P90   N16ADFP_StdCelltt0p8v25c
                                                          1.088640  r
U790                      AN2D1BWP20P90   N16ADFP_StdCelltt0p8v25c
                                                          0.259200  
U791                      AO21D1BWP20P90  N16ADFP_StdCelltt0p8v25c
                                                          0.311040  
U792                      OAI21D1BWP20P90 N16ADFP_StdCelltt0p8v25c
                                                          0.259200  
U793                      IOA21D1BWP20P90 N16ADFP_StdCelltt0p8v25c
                                                          0.311040  
U794                      ND2D1BWP20P90   N16ADFP_StdCelltt0p8v25c
                                                          0.207360  
U795                      INVD1BWP20P90   N16ADFP_StdCelltt0p8v25c
                                                          0.155520  
U796                      AOI21D2BWP20P90 N16ADFP_StdCelltt0p8v25c
                                                          0.414720  
U797                      OAI21D4BWP20P90 N16ADFP_StdCelltt0p8v25c
                                                          0.725760  
U798                      XNR2D1BWP20P90  N16ADFP_StdCelltt0p8v25c
                                                          0.518400  
U799                      OAI22D1BWP20P90 N16ADFP_StdCelltt0p8v25c
                                                          0.311040  
U800                      XNR2D1BWP20P90  N16ADFP_StdCelltt0p8v25c
                                                          0.518400  
U801                      FA1D1BWP20P90   N16ADFP_StdCelltt0p8v25c
                                                          1.036800  r
U802                      FA1D1BWP20P90   N16ADFP_StdCelltt0p8v25c
                                                          1.036800  r
U803                      INR2D1BWP20P90  N16ADFP_StdCelltt0p8v25c
                                                          0.259200  
U804                      XNR2D1BWP20P90  N16ADFP_StdCelltt0p8v25c
                                                          0.518400  
U805                      XNR2D1BWP20P90  N16ADFP_StdCelltt0p8v25c
                                                          0.518400  
U806                      OAI22D1BWP20P90 N16ADFP_StdCelltt0p8v25c
                                                          0.311040  
U807                      XNR2D1BWP20P90  N16ADFP_StdCelltt0p8v25c
                                                          0.518400  
U808                      OAI22D1BWP20P90 N16ADFP_StdCelltt0p8v25c
                                                          0.311040  
U809                      XNR2D1BWP20P90  N16ADFP_StdCelltt0p8v25c
                                                          0.518400  
U810                      OAI22D1BWP20P90 N16ADFP_StdCelltt0p8v25c
                                                          0.311040  
U811                      OAI22D1BWP20P90 N16ADFP_StdCelltt0p8v25c
                                                          0.311040  
U812                      OAI22D1BWP20P90 N16ADFP_StdCelltt0p8v25c
                                                          0.311040  
U813                      FA1D1BWP20P90   N16ADFP_StdCelltt0p8v25c
                                                          1.036800  r
U814                      FA1D1BWP20P90   N16ADFP_StdCelltt0p8v25c
                                                          1.036800  r
U815                      IND2D1BWP20P90  N16ADFP_StdCelltt0p8v25c
                                                          0.259200  
U816                      OAI22D1BWP20P90 N16ADFP_StdCelltt0p8v25c
                                                          0.311040  
U817                      XNR2D1BWP20P90  N16ADFP_StdCelltt0p8v25c
                                                          0.518400  
U818                      OAI22D1BWP20P90 N16ADFP_StdCelltt0p8v25c
                                                          0.311040  
U819                      OAI22D1BWP20P90 N16ADFP_StdCelltt0p8v25c
                                                          0.311040  
U820                      OAI22D1BWP20P90 N16ADFP_StdCelltt0p8v25c
                                                          0.311040  
U821                      OAI22D1BWP20P90 N16ADFP_StdCelltt0p8v25c
                                                          0.311040  
U822                      FA1D1BWP20P90   N16ADFP_StdCelltt0p8v25c
                                                          1.036800  r
U823                      OAI21D1BWP20P90 N16ADFP_StdCelltt0p8v25c
                                                          0.259200  
U824                      IOA21D1BWP20P90 N16ADFP_StdCelltt0p8v25c
                                                          0.311040  
U825                      INVD1BWP20P90   N16ADFP_StdCelltt0p8v25c
                                                          0.155520  
U826                      XOR2D1BWP20P90  N16ADFP_StdCelltt0p8v25c
                                                          0.518400  
U827                      XNR2D1BWP20P90  N16ADFP_StdCelltt0p8v25c
                                                          0.518400  
U828                      OAI21D1BWP20P90 N16ADFP_StdCelltt0p8v25c
                                                          0.259200  
U829                      NR2D1BWP20P90   N16ADFP_StdCelltt0p8v25c
                                                          0.207360  
U830                      NR2D2BWP20P90   N16ADFP_StdCelltt0p8v25c
                                                          0.311040  
U831                      ND2D1BWP20P90   N16ADFP_StdCelltt0p8v25c
                                                          0.207360  
U832                      OAI21D2BWP20P90 N16ADFP_StdCelltt0p8v25c
                                                          0.414720  
U833                      AOI21D4BWP20P90 N16ADFP_StdCelltt0p8v25c
                                                          0.725760  
U834                      FA1D1BWP20P90   N16ADFP_StdCelltt0p8v25c
                                                          1.036800  r
U835                      FA1D1BWP20P90   N16ADFP_StdCelltt0p8v25c
                                                          1.036800  r
U836                      FA1D1BWP20P90   N16ADFP_StdCelltt0p8v25c
                                                          1.036800  r
U837                      XOR2D1BWP20P90  N16ADFP_StdCelltt0p8v25c
                                                          0.518400  
U838                      XOR3D2BWP20P90  N16ADFP_StdCelltt0p8v25c
                                                          0.984960  
U839                      AN2D1BWP20P90   N16ADFP_StdCelltt0p8v25c
                                                          0.259200  
U840                      AN2D1BWP20P90   N16ADFP_StdCelltt0p8v25c
                                                          0.259200  
U841                      AO21D1BWP20P90  N16ADFP_StdCelltt0p8v25c
                                                          0.311040  
U842                      NR2D1BWP20P90   N16ADFP_StdCelltt0p8v25c
                                                          0.207360  
U843                      CKNR2D2BWP20P90 N16ADFP_StdCelltt0p8v25c
                                                          0.311040  
U844                      XOR3D1BWP20P90  N16ADFP_StdCelltt0p8v25c
                                                          0.984960  
U845                      ND2D1BWP20P90   N16ADFP_StdCelltt0p8v25c
                                                          0.207360  
U846                      ND2D1BWP20P90   N16ADFP_StdCelltt0p8v25c
                                                          0.207360  
U847                      INVD1BWP20P90   N16ADFP_StdCelltt0p8v25c
                                                          0.155520  
U848                      ND2D1BWP20P90   N16ADFP_StdCelltt0p8v25c
                                                          0.207360  
U849                      ND3D2BWP20P90   N16ADFP_StdCelltt0p8v25c
                                                          0.414720  
U850                      NR2D2BWP20P90   N16ADFP_StdCelltt0p8v25c
                                                          0.311040  
U851                      AO21D1BWP20P90  N16ADFP_StdCelltt0p8v25c
                                                          0.311040  
U852                      NR2D2BWP20P90   N16ADFP_StdCelltt0p8v25c
                                                          0.311040  
U853                      NR2D2BWP20P90   N16ADFP_StdCelltt0p8v25c
                                                          0.311040  
U854                      ND2D2BWP20P90   N16ADFP_StdCelltt0p8v25c
                                                          0.311040  
U855                      ND2D1BWP20P90   N16ADFP_StdCelltt0p8v25c
                                                          0.207360  
U856                      AOI21D2BWP20P90 N16ADFP_StdCelltt0p8v25c
                                                          0.414720  
U857                      ND2D1BWP20P90   N16ADFP_StdCelltt0p8v25c
                                                          0.207360  
U858                      OAI21D4BWP20P90 N16ADFP_StdCelltt0p8v25c
                                                          0.725760  
U859                      AOI21D4BWP20P90 N16ADFP_StdCelltt0p8v25c
                                                          0.725760  
U860                      INVD1BWP20P90   N16ADFP_StdCelltt0p8v25c
                                                          0.155520  
U861                      ND2D1BWP20P90   N16ADFP_StdCelltt0p8v25c
                                                          0.207360  
U862                      INVD1BWP20P90   N16ADFP_StdCelltt0p8v25c
                                                          0.155520  
U863                      AOI21D2BWP20P90 N16ADFP_StdCelltt0p8v25c
                                                          0.414720  
U864                      ND2D1BWP20P90   N16ADFP_StdCelltt0p8v25c
                                                          0.207360  
U865                      INVD1BWP20P90   N16ADFP_StdCelltt0p8v25c
                                                          0.155520  
U866                      OAI21D1BWP20P90 N16ADFP_StdCelltt0p8v25c
                                                          0.259200  
U867                      ND2D1BWP20P90   N16ADFP_StdCelltt0p8v25c
                                                          0.207360  
U868                      INVD1BWP20P90   N16ADFP_StdCelltt0p8v25c
                                                          0.155520  
U869                      AOI21D1BWP20P90 N16ADFP_StdCelltt0p8v25c
                                                          0.259200  
U870                      OAI21D1BWP20P90 N16ADFP_StdCelltt0p8v25c
                                                          0.259200  
U871                      INVD1BWP20P90   N16ADFP_StdCelltt0p8v25c
                                                          0.155520  
U872                      NR2D1BWP20P90   N16ADFP_StdCelltt0p8v25c
                                                          0.207360  
U873                      INVD1BWP20P90   N16ADFP_StdCelltt0p8v25c
                                                          0.155520  
U874                      OAI22D1BWP20P90 N16ADFP_StdCelltt0p8v25c
                                                          0.311040  
U875                      FA1D1BWP20P90   N16ADFP_StdCelltt0p8v25c
                                                          1.036800  r
U876                      FA1D1BWP20P90   N16ADFP_StdCelltt0p8v25c
                                                          1.036800  r
U877                      NR2D1BWP20P90   N16ADFP_StdCelltt0p8v25c
                                                          0.207360  
U878                      INVD1BWP20P90   N16ADFP_StdCelltt0p8v25c
                                                          0.155520  
U879                      ND2D1BWP20P90   N16ADFP_StdCelltt0p8v25c
                                                          0.207360  
U880                      ND2D1BWP20P90   N16ADFP_StdCelltt0p8v25c
                                                          0.207360  
U881                      INVD1BWP20P90   N16ADFP_StdCelltt0p8v25c
                                                          0.155520  
U882                      NR2D1BWP20P90   N16ADFP_StdCelltt0p8v25c
                                                          0.207360  
U883                      INVD1BWP20P90   N16ADFP_StdCelltt0p8v25c
                                                          0.155520  
U884                      AOI21D1BWP20P90 N16ADFP_StdCelltt0p8v25c
                                                          0.259200  
U885                      INVD1BWP20P90   N16ADFP_StdCelltt0p8v25c
                                                          0.155520  
U886                      ND2D1BWP20P90   N16ADFP_StdCelltt0p8v25c
                                                          0.207360  
U887                      XOR2D1BWP20P90  N16ADFP_StdCelltt0p8v25c
                                                          0.518400  
U888                      AOI21D1BWP20P90 N16ADFP_StdCelltt0p8v25c
                                                          0.259200  
U889                      INVD1BWP20P90   N16ADFP_StdCelltt0p8v25c
                                                          0.155520  
U890                      XOR2D1BWP20P90  N16ADFP_StdCelltt0p8v25c
                                                          0.518400  
U891                      INVD1BWP20P90   N16ADFP_StdCelltt0p8v25c
                                                          0.155520  
U892                      INVD1BWP20P90   N16ADFP_StdCelltt0p8v25c
                                                          0.155520  
U893                      AOI21D1BWP20P90 N16ADFP_StdCelltt0p8v25c
                                                          0.259200  
U894                      INVD1BWP20P90   N16ADFP_StdCelltt0p8v25c
                                                          0.155520  
U895                      ND2D1BWP20P90   N16ADFP_StdCelltt0p8v25c
                                                          0.207360  
U896                      XOR2D1BWP20P90  N16ADFP_StdCelltt0p8v25c
                                                          0.518400  
U897                      CKBD1BWP20P90   N16ADFP_StdCelltt0p8v25c
                                                          0.207360  
U898                      OAI21D1BWP20P90 N16ADFP_StdCelltt0p8v25c
                                                          0.259200  
U899                      INVD1BWP20P90   N16ADFP_StdCelltt0p8v25c
                                                          0.155520  
U900                      ND2D1BWP20P90   N16ADFP_StdCelltt0p8v25c
                                                          0.207360  
U901                      XNR2D1BWP20P90  N16ADFP_StdCelltt0p8v25c
                                                          0.518400  
U902                      INVD1BWP20P90   N16ADFP_StdCelltt0p8v25c
                                                          0.155520  
U903                      ND2D1BWP20P90   N16ADFP_StdCelltt0p8v25c
                                                          0.207360  
U904                      INVD1BWP20P90   N16ADFP_StdCelltt0p8v25c
                                                          0.155520  
U905                      AOI21D1BWP20P90 N16ADFP_StdCelltt0p8v25c
                                                          0.259200  
U906                      ND2D1BWP20P90   N16ADFP_StdCelltt0p8v25c
                                                          0.207360  
U907                      INR2D1BWP20P90  N16ADFP_StdCelltt0p8v25c
                                                          0.259200  
U908                      INVD1BWP20P90   N16ADFP_StdCelltt0p8v25c
                                                          0.155520  
U909                      NR2D1BWP20P90   N16ADFP_StdCelltt0p8v25c
                                                          0.207360  
U910                      OAI21D1BWP20P90 N16ADFP_StdCelltt0p8v25c
                                                          0.259200  
U911                      INVD1BWP20P90   N16ADFP_StdCelltt0p8v25c
                                                          0.155520  
U912                      OAI21D1BWP20P90 N16ADFP_StdCelltt0p8v25c
                                                          0.259200  
U913                      AOI21D1BWP20P90 N16ADFP_StdCelltt0p8v25c
                                                          0.259200  
U914                      ND2D1BWP20P90   N16ADFP_StdCelltt0p8v25c
                                                          0.207360  
U915                      XOR2D1BWP20P90  N16ADFP_StdCelltt0p8v25c
                                                          0.518400  
U916                      INVD1BWP20P90   N16ADFP_StdCelltt0p8v25c
                                                          0.155520  
U917                      NR2D1BWP20P90   N16ADFP_StdCelltt0p8v25c
                                                          0.207360  
U918                      INVD1BWP20P90   N16ADFP_StdCelltt0p8v25c
                                                          0.155520  
U919                      OAI21D1BWP20P90 N16ADFP_StdCelltt0p8v25c
                                                          0.259200  
U920                      AOI21D1BWP20P90 N16ADFP_StdCelltt0p8v25c
                                                          0.259200  
U921                      ND2D1BWP20P90   N16ADFP_StdCelltt0p8v25c
                                                          0.207360  
U922                      XOR2D1BWP20P90  N16ADFP_StdCelltt0p8v25c
                                                          0.518400  
U923                      NR2D1BWP20P90   N16ADFP_StdCelltt0p8v25c
                                                          0.207360  
U924                      OAI21D1BWP20P90 N16ADFP_StdCelltt0p8v25c
                                                          0.259200  
U925                      AOI21D1BWP20P90 N16ADFP_StdCelltt0p8v25c
                                                          0.259200  
U926                      ND2D1BWP20P90   N16ADFP_StdCelltt0p8v25c
                                                          0.207360  
U927                      XOR2D1BWP20P90  N16ADFP_StdCelltt0p8v25c
                                                          0.518400  
U928                      ND2D1BWP20P90   N16ADFP_StdCelltt0p8v25c
                                                          0.207360  
U929                      NR2D1BWP20P90   N16ADFP_StdCelltt0p8v25c
                                                          0.207360  
U930                      OAI21D1BWP20P90 N16ADFP_StdCelltt0p8v25c
                                                          0.259200  
U931                      AOI21D1BWP20P90 N16ADFP_StdCelltt0p8v25c
                                                          0.259200  
U932                      ND2D1BWP20P90   N16ADFP_StdCelltt0p8v25c
                                                          0.207360  
U933                      XOR2D1BWP20P90  N16ADFP_StdCelltt0p8v25c
                                                          0.518400  
U934                      INVD1BWP20P90   N16ADFP_StdCelltt0p8v25c
                                                          0.155520  
U935                      INVD1BWP20P90   N16ADFP_StdCelltt0p8v25c
                                                          0.155520  
U936                      INVD1BWP20P90   N16ADFP_StdCelltt0p8v25c
                                                          0.155520  
U937                      ND2D1BWP20P90   N16ADFP_StdCelltt0p8v25c
                                                          0.207360  
U938                      XOR2D1BWP20P90  N16ADFP_StdCelltt0p8v25c
                                                          0.518400  
U939                      AOI21D1BWP20P90 N16ADFP_StdCelltt0p8v25c
                                                          0.259200  
U940                      INVD1BWP20P90   N16ADFP_StdCelltt0p8v25c
                                                          0.155520  
U941                      ND2D1BWP20P90   N16ADFP_StdCelltt0p8v25c
                                                          0.207360  
U942                      XOR2D1BWP20P90  N16ADFP_StdCelltt0p8v25c
                                                          0.518400  
U943                      NR2D1BWP20P90   N16ADFP_StdCelltt0p8v25c
                                                          0.207360  
U944                      OAI21D1BWP20P90 N16ADFP_StdCelltt0p8v25c
                                                          0.259200  
U945                      AOI21D1BWP20P90 N16ADFP_StdCelltt0p8v25c
                                                          0.259200  
U946                      INVD1BWP20P90   N16ADFP_StdCelltt0p8v25c
                                                          0.155520  
U947                      ND2D1BWP20P90   N16ADFP_StdCelltt0p8v25c
                                                          0.207360  
U948                      XOR2D1BWP20P90  N16ADFP_StdCelltt0p8v25c
                                                          0.518400  
U949                      INVD1BWP20P90   N16ADFP_StdCelltt0p8v25c
                                                          0.155520  
U950                      INVD1BWP20P90   N16ADFP_StdCelltt0p8v25c
                                                          0.155520  
U951                      AOI21D1BWP20P90 N16ADFP_StdCelltt0p8v25c
                                                          0.259200  
U952                      ND2D1BWP20P90   N16ADFP_StdCelltt0p8v25c
                                                          0.207360  
U953                      XOR2D1BWP20P90  N16ADFP_StdCelltt0p8v25c
                                                          0.518400  
U954                      INVD1BWP20P90   N16ADFP_StdCelltt0p8v25c
                                                          0.155520  
U955                      NR2D1BWP20P90   N16ADFP_StdCelltt0p8v25c
                                                          0.207360  
U956                      INVD1BWP20P90   N16ADFP_StdCelltt0p8v25c
                                                          0.155520  
U957                      OAI21D1BWP20P90 N16ADFP_StdCelltt0p8v25c
                                                          0.259200  
U958                      AOI21D1BWP20P90 N16ADFP_StdCelltt0p8v25c
                                                          0.259200  
U959                      INVD1BWP20P90   N16ADFP_StdCelltt0p8v25c
                                                          0.155520  
U960                      ND2D1BWP20P90   N16ADFP_StdCelltt0p8v25c
                                                          0.207360  
U961                      XOR2D1BWP20P90  N16ADFP_StdCelltt0p8v25c
                                                          0.518400  
U962                      NR2D1BWP20P90   N16ADFP_StdCelltt0p8v25c
                                                          0.207360  
U963                      ND2D1BWP20P90   N16ADFP_StdCelltt0p8v25c
                                                          0.207360  
U964                      OR2D1BWP20P90   N16ADFP_StdCelltt0p8v25c
                                                          0.259200  
U965                      NR2D1BWP20P90   N16ADFP_StdCelltt0p8v25c
                                                          0.207360  
U966                      OAI21D1BWP20P90 N16ADFP_StdCelltt0p8v25c
                                                          0.259200  
U967                      AOI21D1BWP20P90 N16ADFP_StdCelltt0p8v25c
                                                          0.259200  
U968                      OA21D1BWP20P90  N16ADFP_StdCelltt0p8v25c
                                                          0.311040  
U969                      OAI21D1BWP20P90 N16ADFP_StdCelltt0p8v25c
                                                          0.259200  
U970                      AOI21D1BWP20P90 N16ADFP_StdCelltt0p8v25c
                                                          0.259200  
U971                      FA1D1BWP20P90   N16ADFP_StdCelltt0p8v25c
                                                          1.036800  r
U972                      INVD1BWP20P90   N16ADFP_StdCelltt0p8v25c
                                                          0.155520  
U973                      NR2D1BWP20P90   N16ADFP_StdCelltt0p8v25c
                                                          0.207360  
U974                      AO21D1BWP20P90  N16ADFP_StdCelltt0p8v25c
                                                          0.311040  
U975                      OR2D1BWP20P90   N16ADFP_StdCelltt0p8v25c
                                                          0.259200  
U976                      ND2D1BWP20P90   N16ADFP_StdCelltt0p8v25c
                                                          0.207360  
U977                      ND2D1BWP20P90   N16ADFP_StdCelltt0p8v25c
                                                          0.207360  
U978                      XOR2D1BWP20P90  N16ADFP_StdCelltt0p8v25c
                                                          0.518400  
U979                      ND2D1BWP20P90   N16ADFP_StdCelltt0p8v25c
                                                          0.207360  
U980                      XNR2D1BWP20P90  N16ADFP_StdCelltt0p8v25c
                                                          0.518400  
U981                      ND2D1BWP20P90   N16ADFP_StdCelltt0p8v25c
                                                          0.207360  
U982                      XNR2D1BWP20P90  N16ADFP_StdCelltt0p8v25c
                                                          0.518400  
U983                      OR2D1BWP20P90   N16ADFP_StdCelltt0p8v25c
                                                          0.259200  
U984                      AN2D1BWP20P90   N16ADFP_StdCelltt0p8v25c
                                                          0.259200  
U985                      ND2D1BWP20P90   N16ADFP_StdCelltt0p8v25c
                                                          0.207360  
U986                      XNR2D1BWP20P90  N16ADFP_StdCelltt0p8v25c
                                                          0.518400  
U987                      INVD1BWP20P90   N16ADFP_StdCelltt0p8v25c
                                                          0.155520  
U988                      OAI21D1BWP20P90 N16ADFP_StdCelltt0p8v25c
                                                          0.259200  
U989                      INVD1BWP20P90   N16ADFP_StdCelltt0p8v25c
                                                          0.155520  
U990                      ND2D1BWP20P90   N16ADFP_StdCelltt0p8v25c
                                                          0.207360  
U991                      XNR2D1BWP20P90  N16ADFP_StdCelltt0p8v25c
                                                          0.518400  
U992                      INVD1BWP20P90   N16ADFP_StdCelltt0p8v25c
                                                          0.155520  
U993                      ND2D1BWP20P90   N16ADFP_StdCelltt0p8v25c
                                                          0.207360  
U994                      XOR2D1BWP20P90  N16ADFP_StdCelltt0p8v25c
                                                          0.518400  
U995                      INVD1BWP20P90   N16ADFP_StdCelltt0p8v25c
                                                          0.155520  
U996                      ND2D1BWP20P90   N16ADFP_StdCelltt0p8v25c
                                                          0.207360  
U997                      XOR2D1BWP20P90  N16ADFP_StdCelltt0p8v25c
                                                          0.518400  
U998                      ND2D1BWP20P90   N16ADFP_StdCelltt0p8v25c
                                                          0.207360  
U999                      XNR2D1BWP20P90  N16ADFP_StdCelltt0p8v25c
                                                          0.518400  
U1000                     INVD1BWP20P90   N16ADFP_StdCelltt0p8v25c
                                                          0.155520  
U1001                     ND2D1BWP20P90   N16ADFP_StdCelltt0p8v25c
                                                          0.207360  
U1002                     ND2D1BWP20P90   N16ADFP_StdCelltt0p8v25c
                                                          0.207360  
U1003                     XNR2D1BWP20P90  N16ADFP_StdCelltt0p8v25c
                                                          0.518400  
U1004                     INVD1BWP20P90   N16ADFP_StdCelltt0p8v25c
                                                          0.155520  
U1005                     ND2D1BWP20P90   N16ADFP_StdCelltt0p8v25c
                                                          0.207360  
U1006                     XOR2D1BWP20P90  N16ADFP_StdCelltt0p8v25c
                                                          0.518400  
U1007                     ND2D1BWP20P90   N16ADFP_StdCelltt0p8v25c
                                                          0.207360  
U1008                     XNR2D1BWP20P90  N16ADFP_StdCelltt0p8v25c
                                                          0.518400  
U1009                     INVD1BWP20P90   N16ADFP_StdCelltt0p8v25c
                                                          0.155520  
U1010                     ND2D1BWP20P90   N16ADFP_StdCelltt0p8v25c
                                                          0.207360  
U1011                     XOR2D1BWP20P90  N16ADFP_StdCelltt0p8v25c
                                                          0.518400  
U1012                     ND2D1BWP20P90   N16ADFP_StdCelltt0p8v25c
                                                          0.207360  
U1013                     XNR2D1BWP20P90  N16ADFP_StdCelltt0p8v25c
                                                          0.518400  
U1014                     INVD1BWP20P90   N16ADFP_StdCelltt0p8v25c
                                                          0.155520  
U1015                     CKBD1BWP20P90   N16ADFP_StdCelltt0p8v25c
                                                          0.207360  
U1016                     CKBD1BWP20P90   N16ADFP_StdCelltt0p8v25c
                                                          0.207360  
prod_reg[0]               DFCNQD1BWP20P90 N16ADFP_StdCelltt0p8v25c
                                                          1.140480  n
prod_reg[1]               DFCNQD2BWP20P90 N16ADFP_StdCelltt0p8v25c
                                                          1.140480  n
prod_reg[2]               DFCNQD2BWP20P90 N16ADFP_StdCelltt0p8v25c
                                                          1.140480  n
prod_reg[3]               DFCNQD2BWP20P90 N16ADFP_StdCelltt0p8v25c
                                                          1.140480  n
prod_reg[4]               DFCNQD2BWP20P90 N16ADFP_StdCelltt0p8v25c
                                                          1.140480  n
prod_reg[5]               DFCNQD1BWP20P90 N16ADFP_StdCelltt0p8v25c
                                                          1.140480  n
prod_reg[6]               DFCNQD2BWP20P90 N16ADFP_StdCelltt0p8v25c
                                                          1.140480  n
prod_reg[7]               DFCNQD2BWP20P90 N16ADFP_StdCelltt0p8v25c
                                                          1.140480  n
prod_reg[8]               DFCNQD2BWP20P90 N16ADFP_StdCelltt0p8v25c
                                                          1.140480  n
prod_reg[9]               DFCNQD2BWP20P90 N16ADFP_StdCelltt0p8v25c
                                                          1.140480  n
prod_reg[10]              DFCNQD2BWP20P90 N16ADFP_StdCelltt0p8v25c
                                                          1.140480  n
prod_reg[11]              DFCNQD2BWP20P90 N16ADFP_StdCelltt0p8v25c
                                                          1.140480  n
prod_reg[12]              DFCNQD2BWP20P90 N16ADFP_StdCelltt0p8v25c
                                                          1.140480  n
prod_reg[13]              DFCNQD2BWP20P90 N16ADFP_StdCelltt0p8v25c
                                                          1.140480  n
prod_reg[14]              DFCNQD2BWP20P90 N16ADFP_StdCelltt0p8v25c
                                                          1.140480  n
prod_reg[15]              DFCNQD2BWP20P90 N16ADFP_StdCelltt0p8v25c
                                                          1.140480  n
prod_reg[16]              DFCNQD2BWP20P90 N16ADFP_StdCelltt0p8v25c
                                                          1.140480  n
prod_reg[17]              DFCNQD1BWP20P90 N16ADFP_StdCelltt0p8v25c
                                                          1.140480  n
prod_reg[18]              DFCNQD2BWP20P90 N16ADFP_StdCelltt0p8v25c
                                                          1.140480  n
prod_reg[19]              DFCNQD2BWP20P90 N16ADFP_StdCelltt0p8v25c
                                                          1.140480  n
prod_reg[20]              DFCNQD2BWP20P90 N16ADFP_StdCelltt0p8v25c
                                                          1.140480  n
prod_reg[21]              DFCNQD1BWP20P90 N16ADFP_StdCelltt0p8v25c
                                                          1.140480  n
prod_reg[22]              DFCNQD1BWP20P90 N16ADFP_StdCelltt0p8v25c
                                                          1.140480  n
prod_reg[23]              DFCNQD1BWP20P90 N16ADFP_StdCelltt0p8v25c
                                                          1.140480  n
prod_reg[24]              DFCNQD1BWP20P90 N16ADFP_StdCelltt0p8v25c
                                                          1.140480  n
prod_reg[25]              DFCNQD1BWP20P90 N16ADFP_StdCelltt0p8v25c
                                                          1.140480  n
prod_reg[26]              DFCNQD1BWP20P90 N16ADFP_StdCelltt0p8v25c
                                                          1.140480  n
prod_reg[27]              DFCNQD1BWP20P90 N16ADFP_StdCelltt0p8v25c
                                                          1.140480  n
prod_reg[28]              DFCNQD1BWP20P90 N16ADFP_StdCelltt0p8v25c
                                                          1.140480  n
prod_reg[29]              DFCNQD1BWP20P90 N16ADFP_StdCelltt0p8v25c
                                                          1.140480  n
prod_reg[30]              DFCNQD1BWP20P90 N16ADFP_StdCelltt0p8v25c
                                                          1.140480  n
prod_reg[31]              DFCNQD1BWP20P90 N16ADFP_StdCelltt0p8v25c
                                                          1.140480  n
--------------------------------------------------------------------------------
Total 1014 cells                                          439.966091
1
 
****************************************
Report : port
        -verbose
Design : mult
Version: V-2023.12-SP5
Date   : Tue Sep 22 18:07:34 2026
****************************************



Attributes:
    d - dont_touch_network

                       Pin      Wire     Max     Max     Connection
Port           Dir     Load     Load     Trans   Cap     Class      Attrs
--------------------------------------------------------------------------------
clk            in      0.0000   0.0000    0.40    0.07   --         d
inp_a[0]       in      0.0000   0.0000    0.40    0.07   --         
inp_a[1]       in      0.0000   0.0000    0.40    0.07   --         
inp_a[2]       in      0.0000   0.0000    0.40    0.07   --         
inp_a[3]       in      0.0000   0.0000    0.40    0.07   --         
inp_a[4]       in      0.0000   0.0000    0.40    0.07   --         
inp_a[5]       in      0.0000   0.0000    0.40    0.07   --         
inp_a[6]       in      0.0000   0.0000    0.40    0.07   --         
inp_a[7]       in      0.0000   0.0000    0.40    0.07   --         
inp_a[8]       in      0.0000   0.0000    0.40    0.07   --         
inp_a[9]       in      0.0000   0.0000    0.40    0.07   --         
inp_a[10]      in      0.0000   0.0000    0.40    0.07   --         
inp_a[11]      in      0.0000   0.0000    0.40    0.07   --         
inp_a[12]      in      0.0000   0.0000    0.40    0.07   --         
inp_a[13]      in      0.0000   0.0000    0.40    0.07   --         
inp_a[14]      in      0.0000   0.0000    0.40    0.07   --         
inp_a[15]      in      0.0000   0.0000    0.40    0.07   --         
inp_b[0]       in      0.0000   0.0000    0.40    0.07   --         
inp_b[1]       in      0.0000   0.0000    0.40    0.07   --         
inp_b[2]       in      0.0000   0.0000    0.40    0.07   --         
inp_b[3]       in      0.0000   0.0000    0.40    0.07   --         
inp_b[4]       in      0.0000   0.0000    0.40    0.07   --         
inp_b[5]       in      0.0000   0.0000    0.40    0.07   --         
inp_b[6]       in      0.0000   0.0000    0.40    0.07   --         
inp_b[7]       in      0.0000   0.0000    0.40    0.07   --         
inp_b[8]       in      0.0000   0.0000    0.40    0.07   --         
inp_b[9]       in      0.0000   0.0000    0.40    0.07   --         
inp_b[10]      in      0.0000   0.0000    0.40    0.07   --         
inp_b[11]      in      0.0000   0.0000    0.40    0.07   --         
inp_b[12]      in      0.0000   0.0000    0.40    0.07   --         
inp_b[13]      in      0.0000   0.0000    0.40    0.07   --         
inp_b[14]      in      0.0000   0.0000    0.40    0.07   --         
inp_b[15]      in      0.0000   0.0000    0.40    0.07   --         
rst            in      0.0000   0.0000    0.40    0.07   --         
prod[0]        out     0.0100   0.0000   --      --      --         
prod[1]        out     0.0100   0.0000   --      --      --         
prod[2]        out     0.0100   0.0000   --      --      --         
prod[3]        out     0.0100   0.0000   --      --      --         
prod[4]        out     0.0100   0.0000   --      --      --         
prod[5]        out     0.0100   0.0000   --      --      --         
prod[6]        out     0.0100   0.0000   --      --      --         
prod[7]        out     0.0100   0.0000   --      --      --         
prod[8]        out     0.0100   0.0000   --      --      --         
prod[9]        out     0.0100   0.0000   --      --      --         
prod[10]       out     0.0100   0.0000   --      --      --         
prod[11]       out     0.0100   0.0000   --      --      --         
prod[12]       out     0.0100   0.0000   --      --      --         
prod[13]       out     0.0100   0.0000   --      --      --         
prod[14]       out     0.0100   0.0000   --      --      --         
prod[15]       out     0.0100   0.0000   --      --      --         
prod[16]       out     0.0100   0.0000   --      --      --         
prod[17]       out     0.0100   0.0000   --      --      --         
prod[18]       out     0.0100   0.0000   --      --      --         
prod[19]       out     0.0100   0.0000   --      --      --         
prod[20]       out     0.0100   0.0000   --      --      --         
prod[21]       out     0.0100   0.0000   --      --      --         
prod[22]       out     0.0100   0.0000   --      --      --         
prod[23]       out     0.0100   0.0000   --      --      --         
prod[24]       out     0.0100   0.0000   --      --      --         
prod[25]       out     0.0100   0.0000   --      --      --         
prod[26]       out     0.0100   0.0000   --      --      --         
prod[27]       out     0.0100   0.0000   --      --      --         
prod[28]       out     0.0100   0.0000   --      --      --         
prod[29]       out     0.0100   0.0000   --      --      --         
prod[30]       out     0.0100   0.0000   --      --      --         
prod[31]       out     0.0100   0.0000   --      --      --         


              External  Max             Min                Min       Min
              Number    Wireload        Wireload           Pin       Wire
Port          Points    Model           Model              Load      Load
--------------------------------------------------------------------------------
clk                1      --              --              --        -- 
inp_a[0]           1      --              --              --        -- 
inp_a[1]           1      --              --              --        -- 
inp_a[2]           1      --              --              --        -- 
inp_a[3]           1      --              --              --        -- 
inp_a[4]           1      --              --              --        -- 
inp_a[5]           1      --              --              --        -- 
inp_a[6]           1      --              --              --        -- 
inp_a[7]           1      --              --              --        -- 
inp_a[8]           1      --              --              --        -- 
inp_a[9]           1      --              --              --        -- 
inp_a[10]          1      --              --              --        -- 
inp_a[11]          1      --              --              --        -- 
inp_a[12]          1      --              --              --        -- 
inp_a[13]          1      --              --              --        -- 
inp_a[14]          1      --              --              --        -- 
inp_a[15]          1      --              --              --        -- 
inp_b[0]           1      --              --              --        -- 
inp_b[1]           1      --              --              --        -- 
inp_b[2]           1      --              --              --        -- 
inp_b[3]           1      --              --              --        -- 
inp_b[4]           1      --              --              --        -- 
inp_b[5]           1      --              --              --        -- 
inp_b[6]           1      --              --              --        -- 
inp_b[7]           1      --              --              --        -- 
inp_b[8]           1      --              --              --        -- 
inp_b[9]           1      --              --              --        -- 
inp_b[10]          1      --              --              --        -- 
inp_b[11]          1      --              --              --        -- 
inp_b[12]          1      --              --              --        -- 
inp_b[13]          1      --              --              --        -- 
inp_b[14]          1      --              --              --        -- 
inp_b[15]          1      --              --              --        -- 
rst                1      --              --              --        -- 
prod[0]            1      --              --              --        -- 
prod[1]            1      --              --              --        -- 
prod[2]            1      --              --              --        -- 
prod[3]            1      --              --              --        -- 
prod[4]            1      --              --              --        -- 
prod[5]            1      --              --              --        -- 
prod[6]            1      --              --              --        -- 
prod[7]            1      --              --              --        -- 
prod[8]            1      --              --              --        -- 
prod[9]            1      --              --              --        -- 
prod[10]           1      --              --              --        -- 
prod[11]           1      --              --              --        -- 
prod[12]           1      --              --              --        -- 
prod[13]           1      --              --              --        -- 
prod[14]           1      --              --              --        -- 
prod[15]           1      --              --              --        -- 
prod[16]           1      --              --              --        -- 
prod[17]           1      --              --              --        -- 
prod[18]           1      --              --              --        -- 
prod[19]           1      --              --              --        -- 
prod[20]           1      --              --              --        -- 
prod[21]           1      --              --              --        -- 
prod[22]           1      --              --              --        -- 
prod[23]           1      --              --              --        -- 
prod[24]           1      --              --              --        -- 
prod[25]           1      --              --              --        -- 
prod[26]           1      --              --              --        -- 
prod[27]           1      --              --              --        -- 
prod[28]           1      --              --              --        -- 
prod[29]           1      --              --              --        -- 
prod[30]           1      --              --              --        -- 
prod[31]           1      --              --              --        -- 

                    Input Delay
                  Min             Max       Related   Max
Input Port    Rise    Fall    Rise    Fall   Clock  Fanout
--------------------------------------------------------------------------------
clk           --      --      --      --      --      -- 
inp_a[0]      0.01    0.01    0.01    0.01  clk       --    
inp_a[1]      0.01    0.01    0.01    0.01  clk       --    
inp_a[2]      0.01    0.01    0.01    0.01  clk       --    
inp_a[3]      0.01    0.01    0.01    0.01  clk       --    
inp_a[4]      0.01    0.01    0.01    0.01  clk       --    
inp_a[5]      0.01    0.01    0.01    0.01  clk       --    
inp_a[6]      0.01    0.01    0.01    0.01  clk       --    
inp_a[7]      0.01    0.01    0.01    0.01  clk       --    
inp_a[8]      0.01    0.01    0.01    0.01  clk       --    
inp_a[9]      0.01    0.01    0.01    0.01  clk       --    
inp_a[10]     0.01    0.01    0.01    0.01  clk       --    
inp_a[11]     0.01    0.01    0.01    0.01  clk       --    
inp_a[12]     0.01    0.01    0.01    0.01  clk       --    
inp_a[13]     0.01    0.01    0.01    0.01  clk       --    
inp_a[14]     0.01    0.01    0.01    0.01  clk       --    
inp_a[15]     0.01    0.01    0.01    0.01  clk       --    
inp_b[0]      0.01    0.01    0.01    0.01  clk       --    
inp_b[1]      0.01    0.01    0.01    0.01  clk       --    
inp_b[2]      0.01    0.01    0.01    0.01  clk       --    
inp_b[3]      0.01    0.01    0.01    0.01  clk       --    
inp_b[4]      0.01    0.01    0.01    0.01  clk       --    
inp_b[5]      0.01    0.01    0.01    0.01  clk       --    
inp_b[6]      0.01    0.01    0.01    0.01  clk       --    
inp_b[7]      0.01    0.01    0.01    0.01  clk       --    
inp_b[8]      0.01    0.01    0.01    0.01  clk       --    
inp_b[9]      0.01    0.01    0.01    0.01  clk       --    
inp_b[10]     0.01    0.01    0.01    0.01  clk       --    
inp_b[11]     0.01    0.01    0.01    0.01  clk       --    
inp_b[12]     0.01    0.01    0.01    0.01  clk       --    
inp_b[13]     0.01    0.01    0.01    0.01  clk       --    
inp_b[14]     0.01    0.01    0.01    0.01  clk       --    
inp_b[15]     0.01    0.01    0.01    0.01  clk       --    
rst           0.01    0.01    0.01    0.01  clk       --    


                    Driving Cell
Input Port   Rise(min/max)      Fall(min/max)      Mult(min/max)  Attrs(min/max)
--------------------------------------------------------------------------------
clk          INVD1BWP20P90      INVD1BWP20P90        -- /  --     
inp_a[0]     INVD1BWP20P90      INVD1BWP20P90        -- /  --     
inp_a[1]     INVD1BWP20P90      INVD1BWP20P90        -- /  --     
inp_a[2]     INVD1BWP20P90      INVD1BWP20P90        -- /  --     
inp_a[3]     INVD1BWP20P90      INVD1BWP20P90        -- /  --     
inp_a[4]     INVD1BWP20P90      INVD1BWP20P90        -- /  --     
inp_a[5]     INVD1BWP20P90      INVD1BWP20P90        -- /  --     
inp_a[6]     INVD1BWP20P90      INVD1BWP20P90        -- /  --     
inp_a[7]     INVD1BWP20P90      INVD1BWP20P90        -- /  --     
inp_a[8]     INVD1BWP20P90      INVD1BWP20P90        -- /  --     
inp_a[9]     INVD1BWP20P90      INVD1BWP20P90        -- /  --     
inp_a[10]    INVD1BWP20P90      INVD1BWP20P90        -- /  --     
inp_a[11]    INVD1BWP20P90      INVD1BWP20P90        -- /  --     
inp_a[12]    INVD1BWP20P90      INVD1BWP20P90        -- /  --     
inp_a[13]    INVD1BWP20P90      INVD1BWP20P90        -- /  --     
inp_a[14]    INVD1BWP20P90      INVD1BWP20P90        -- /  --     
inp_a[15]    INVD1BWP20P90      INVD1BWP20P90        -- /  --     
inp_b[0]     INVD1BWP20P90      INVD1BWP20P90        -- /  --     
inp_b[1]     INVD1BWP20P90      INVD1BWP20P90        -- /  --     
inp_b[2]     INVD1BWP20P90      INVD1BWP20P90        -- /  --     
inp_b[3]     INVD1BWP20P90      INVD1BWP20P90        -- /  --     
inp_b[4]     INVD1BWP20P90      INVD1BWP20P90        -- /  --     
inp_b[5]     INVD1BWP20P90      INVD1BWP20P90        -- /  --     
inp_b[6]     INVD1BWP20P90      INVD1BWP20P90        -- /  --     
inp_b[7]     INVD1BWP20P90      INVD1BWP20P90        -- /  --     
inp_b[8]     INVD1BWP20P90      INVD1BWP20P90        -- /  --     
inp_b[9]     INVD1BWP20P90      INVD1BWP20P90        -- /  --     
inp_b[10]    INVD1BWP20P90      INVD1BWP20P90        -- /  --     
inp_b[11]    INVD1BWP20P90      INVD1BWP20P90        -- /  --     
inp_b[12]    INVD1BWP20P90      INVD1BWP20P90        -- /  --     
inp_b[13]    INVD1BWP20P90      INVD1BWP20P90        -- /  --     
inp_b[14]    INVD1BWP20P90      INVD1BWP20P90        -- /  --     
inp_b[15]    INVD1BWP20P90      INVD1BWP20P90        -- /  --     
rst          INVD1BWP20P90      INVD1BWP20P90        -- /  --     


               Max Drive      Min Drive      Resistance    Min    Min       Cell
Input Port    Rise    Fall   Rise    Fall   Max     Min    Cap    Fanout    Deg
--------------------------------------------------------------------------------
clk           --      --     --      --     --      --     --     --        -- 
inp_a[0]      --      --     --      --     --      --     --     --        -- 
inp_a[1]      --      --     --      --     --      --     --     --        -- 
inp_a[2]      --      --     --      --     --      --     --     --        -- 
inp_a[3]      --      --     --      --     --      --     --     --        -- 
inp_a[4]      --      --     --      --     --      --     --     --        -- 
inp_a[5]      --      --     --      --     --      --     --     --        -- 
inp_a[6]      --      --     --      --     --      --     --     --        -- 
inp_a[7]      --      --     --      --     --      --     --     --        -- 
inp_a[8]      --      --     --      --     --      --     --     --        -- 
inp_a[9]      --      --     --      --     --      --     --     --        -- 
inp_a[10]     --      --     --      --     --      --     --     --        -- 
inp_a[11]     --      --     --      --     --      --     --     --        -- 
inp_a[12]     --      --     --      --     --      --     --     --        -- 
inp_a[13]     --      --     --      --     --      --     --     --        -- 
inp_a[14]     --      --     --      --     --      --     --     --        -- 
inp_a[15]     --      --     --      --     --      --     --     --        -- 
inp_b[0]      --      --     --      --     --      --     --     --        -- 
inp_b[1]      --      --     --      --     --      --     --     --        -- 
inp_b[2]      --      --     --      --     --      --     --     --        -- 
inp_b[3]      --      --     --      --     --      --     --     --        -- 
inp_b[4]      --      --     --      --     --      --     --     --        -- 
inp_b[5]      --      --     --      --     --      --     --     --        -- 
inp_b[6]      --      --     --      --     --      --     --     --        -- 
inp_b[7]      --      --     --      --     --      --     --     --        -- 
inp_b[8]      --      --     --      --     --      --     --     --        -- 
inp_b[9]      --      --     --      --     --      --     --     --        -- 
inp_b[10]     --      --     --      --     --      --     --     --        -- 
inp_b[11]     --      --     --      --     --      --     --     --        -- 
inp_b[12]     --      --     --      --     --      --     --     --        -- 
inp_b[13]     --      --     --      --     --      --     --     --        -- 
inp_b[14]     --      --     --      --     --      --     --     --        -- 
inp_b[15]     --      --     --      --     --      --     --     --        -- 
rst           --      --     --      --     --      --     --     --        -- 


               Max Tran        Min Tran
Input Port    Rise    Fall    Rise    Fall
--------------------------------------------------------------------------------
clk           --      --      --      -- 
inp_a[0]      --      --      --      -- 
inp_a[1]      --      --      --      -- 
inp_a[2]      --      --      --      -- 
inp_a[3]      --      --      --      -- 
inp_a[4]      --      --      --      -- 
inp_a[5]      --      --      --      -- 
inp_a[6]      --      --      --      -- 
inp_a[7]      --      --      --      -- 
inp_a[8]      --      --      --      -- 
inp_a[9]      --      --      --      -- 
inp_a[10]     --      --      --      -- 
inp_a[11]     --      --      --      -- 
inp_a[12]     --      --      --      -- 
inp_a[13]     --      --      --      -- 
inp_a[14]     --      --      --      -- 
inp_a[15]     --      --      --      -- 
inp_b[0]      --      --      --      -- 
inp_b[1]      --      --      --      -- 
inp_b[2]      --      --      --      -- 
inp_b[3]      --      --      --      -- 
inp_b[4]      --      --      --      -- 
inp_b[5]      --      --      --      -- 
inp_b[6]      --      --      --      -- 
inp_b[7]      --      --      --      -- 
inp_b[8]      --      --      --      -- 
inp_b[9]      --      --      --      -- 
inp_b[10]     --      --      --      -- 
inp_b[11]     --      --      --      -- 
inp_b[12]     --      --      --      -- 
inp_b[13]     --      --      --      -- 
inp_b[14]     --      --      --      -- 
inp_b[15]     --      --      --      -- 
rst           --      --      --      -- 


                    Output Delay
                  Min             Max      Related  Fanout
Output Port   Rise    Fall    Rise    Fall  Clock     Load
--------------------------------------------------------------------------------
prod[0]       0.01    0.01    0.01    0.01  clk       0.00  
prod[1]       0.01    0.01    0.01    0.01  clk       0.00  
prod[2]       0.01    0.01    0.01    0.01  clk       0.00  
prod[3]       0.01    0.01    0.01    0.01  clk       0.00  
prod[4]       0.01    0.01    0.01    0.01  clk       0.00  
prod[5]       0.01    0.01    0.01    0.01  clk       0.00  
prod[6]       0.01    0.01    0.01    0.01  clk       0.00  
prod[7]       0.01    0.01    0.01    0.01  clk       0.00  
prod[8]       0.01    0.01    0.01    0.01  clk       0.00  
prod[9]       0.01    0.01    0.01    0.01  clk       0.00  
prod[10]      0.01    0.01    0.01    0.01  clk       0.00  
prod[11]      0.01    0.01    0.01    0.01  clk       0.00  
prod[12]      0.01    0.01    0.01    0.01  clk       0.00  
prod[13]      0.01    0.01    0.01    0.01  clk       0.00  
prod[14]      0.01    0.01    0.01    0.01  clk       0.00  
prod[15]      0.01    0.01    0.01    0.01  clk       0.00  
prod[16]      0.01    0.01    0.01    0.01  clk       0.00  
prod[17]      0.01    0.01    0.01    0.01  clk       0.00  
prod[18]      0.01    0.01    0.01    0.01  clk       0.00  
prod[19]      0.01    0.01    0.01    0.01  clk       0.00  
prod[20]      0.01    0.01    0.01    0.01  clk       0.00  
prod[21]      0.01    0.01    0.01    0.01  clk       0.00  
prod[22]      0.01    0.01    0.01    0.01  clk       0.00  
prod[23]      0.01    0.01    0.01    0.01  clk       0.00  
prod[24]      0.01    0.01    0.01    0.01  clk       0.00  
prod[25]      0.01    0.01    0.01    0.01  clk       0.00  
prod[26]      0.01    0.01    0.01    0.01  clk       0.00  
prod[27]      0.01    0.01    0.01    0.01  clk       0.00  
prod[28]      0.01    0.01    0.01    0.01  clk       0.00  
prod[29]      0.01    0.01    0.01    0.01  clk       0.00  
prod[30]      0.01    0.01    0.01    0.01  clk       0.00  
prod[31]      0.01    0.01    0.01    0.01  clk       0.00  

1
 
****************************************
Report : compile_options
Design : mult
Version: V-2023.12-SP5
Date   : Tue Sep 22 18:07:34 2026
****************************************

Design                                   Compile Option         Value
--------------------------------------------------------------------------------
mult                                     flatten                false
                                         structure              true
                                         structure_boolean      false
                                         structure_timing       true
                                         isolate_port           disabled
                                         multibit_options
                                           optimization_mode    non_timing_driven
                                           minimum_width        2
                                           exclude_registers_with_timing_exceptions false
--------------------------------------------------------------------------------
1
