1
 
****************************************
Report : design
Design : mult
Version: V-2023.12-SP5
Date   : Tue Sep 22 18:08:35 2026
****************************************

Design allows ideal nets on clock nets.

Library(s) Used:

    N16ADFP_StdCelltt0p8v25c (File: /classes/ece5746/tsmcN16/Executable_Package/Collaterals/IP/stdcell/N16ADFP_StdCell/NLDM/N16ADFP_StdCelltt0p8v25c.db)

Local Link Library:

    {N16ADFP_StdCelltt0p8v25c.db}

Flip-Flop Types:

    No flip-flop types specified.

Latch Types:

    No latch types specified.

Operating Conditions:


    Operating Condition Name : tt0p8v25c
    Library : N16ADFP_StdCelltt0p8v25c
    Process :   1.00
    Temperature :  25.00
    Voltage :   0.80
    Interconnect Model : balanced_tree

Wire Loading Model:

    Selected automatically from the total cell area.

Name           :   ZeroWireload
Location       :   N16ADFP_StdCelltt0p8v25c
Resistance     :   1e-05
Capacitance    :   1
Area           :   0
Slope          :   0
Fanout   Length   Points Average Cap Std Deviation
--------------------------------------------------------------
     1     0.00
     2     0.00
     3     0.00
     4     0.00
     5     0.00
     6     0.00
     7     0.00
     8     0.00
     9     0.00
    10     0.00
    11     0.00
    12     0.00
    13     0.00
    14     0.00
    15     0.00
    16     0.00
    17     0.00
    18     0.00
    19     0.00
    20     0.00



Wire Loading Model Mode: segmented.

Timing Ranges:

    No timing ranges specified.

Pin Input Delays:

    None specified.

Pin Output Delays:

    None specified.

Disabled Timing Arcs:

    No arcs disabled.

Required Licenses:

    DesignWare

Design Parameters:

    None specified.
1
 
****************************************
Report : cell
Design : mult
Version: V-2023.12-SP5
Date   : Tue Sep 22 18:08:35 2026
****************************************

Attributes:
    b - black box (unknown)
    h - hierarchical
    n - noncombinational
    r - removable
    u - contains unmapped logic

Cell                      Reference       Library             Area  Attributes
--------------------------------------------------------------------------------
U35                       AOI21D2BWP20P90 N16ADFP_StdCelltt0p8v25c
                                                          0.414720  
U36                       FA1D1BWP20P90   N16ADFP_StdCelltt0p8v25c
                                                          1.036800  r
U37                       FA1D1BWP20P90   N16ADFP_StdCelltt0p8v25c
                                                          1.036800  r
U38                       FA1D1BWP20P90   N16ADFP_StdCelltt0p8v25c
                                                          1.036800  r
U39                       FA1D1BWP20P90   N16ADFP_StdCelltt0p8v25c
                                                          1.036800  r
U40                       FA1D1BWP20P90   N16ADFP_StdCelltt0p8v25c
                                                          1.036800  r
U41                       FA1D1BWP20P90   N16ADFP_StdCelltt0p8v25c
                                                          1.036800  r
U42                       INVD1BWP20P90   N16ADFP_StdCelltt0p8v25c
                                                          0.155520  
U43                       ND2D2BWP20P90   N16ADFP_StdCelltt0p8v25c
                                                          0.311040  
U44                       ND2D1BWP20P90   N16ADFP_StdCelltt0p8v25c
                                                          0.207360  
U45                       ND2D2BWP20P90   N16ADFP_StdCelltt0p8v25c
                                                          0.311040  
U46                       INVD1BWP20P90   N16ADFP_StdCelltt0p8v25c
                                                          0.155520  
U47                       XOR2D1BWP20P90  N16ADFP_StdCelltt0p8v25c
                                                          0.518400  
U48                       INVD1BWP20P90   N16ADFP_StdCelltt0p8v25c
                                                          0.155520  
U49                       INVD1BWP20P90   N16ADFP_StdCelltt0p8v25c
                                                          0.155520  
U50                       INVD1BWP20P90   N16ADFP_StdCelltt0p8v25c
                                                          0.155520  
U51                       ND2D2BWP20P90   N16ADFP_StdCelltt0p8v25c
                                                          0.311040  
U52                       INVD1BWP20P90   N16ADFP_StdCelltt0p8v25c
                                                          0.155520  
U53                       INVD1BWP20P90   N16ADFP_StdCelltt0p8v25c
                                                          0.155520  
U54                       INVD1BWP20P90   N16ADFP_StdCelltt0p8v25c
                                                          0.155520  
U55                       INVD1BWP20P90   N16ADFP_StdCelltt0p8v25c
                                                          0.155520  
U56                       INVD1BWP20P90   N16ADFP_StdCelltt0p8v25c
                                                          0.155520  
U57                       NR2D1BWP20P90   N16ADFP_StdCelltt0p8v25c
                                                          0.207360  
U58                       AOI21D1BWP20P90 N16ADFP_StdCelltt0p8v25c
                                                          0.259200  
U59                       INVD1BWP20P90   N16ADFP_StdCelltt0p8v25c
                                                          0.155520  
U60                       XOR2D1BWP20P90  N16ADFP_StdCelltt0p8v25c
                                                          0.518400  
U61                       XOR2D1BWP20P90  N16ADFP_StdCelltt0p8v25c
                                                          0.518400  
U62                       XOR2D1BWP20P90  N16ADFP_StdCelltt0p8v25c
                                                          0.518400  
U63                       INVD1BWP20P90   N16ADFP_StdCelltt0p8v25c
                                                          0.155520  
U64                       XOR2D1BWP20P90  N16ADFP_StdCelltt0p8v25c
                                                          0.518400  
U65                       AOI21D1BWP20P90 N16ADFP_StdCelltt0p8v25c
                                                          0.259200  
U66                       NR2D1BWP20P90   N16ADFP_StdCelltt0p8v25c
                                                          0.207360  
U67                       AO21D1BWP20P90  N16ADFP_StdCelltt0p8v25c
                                                          0.311040  
U68                       XNR2D1BWP20P90  N16ADFP_StdCelltt0p8v25c
                                                          0.518400  
U69                       XOR2D1BWP20P90  N16ADFP_StdCelltt0p8v25c
                                                          0.518400  
U70                       XOR2D1BWP20P90  N16ADFP_StdCelltt0p8v25c
                                                          0.518400  
U71                       XOR2D1BWP20P90  N16ADFP_StdCelltt0p8v25c
                                                          0.518400  
U72                       OAI21D2BWP20P90 N16ADFP_StdCelltt0p8v25c
                                                          0.414720  
U73                       ND2D1BWP20P90   N16ADFP_StdCelltt0p8v25c
                                                          0.207360  
U74                       INVD1BWP20P90   N16ADFP_StdCelltt0p8v25c
                                                          0.155520  
U75                       NR2D1BWP20P90   N16ADFP_StdCelltt0p8v25c
                                                          0.207360  
U76                       FA1D1BWP20P90   N16ADFP_StdCelltt0p8v25c
                                                          1.036800  r
U77                       FA1D1BWP20P90   N16ADFP_StdCelltt0p8v25c
                                                          1.036800  r
U78                       HA1D1BWP20P90   N16ADFP_StdCelltt0p8v25c
                                                          0.881280  r
U79                       HA1D1BWP20P90   N16ADFP_StdCelltt0p8v25c
                                                          0.881280  r
U80                       HA1D1BWP20P90   N16ADFP_StdCelltt0p8v25c
                                                          0.881280  r
U81                       HA1D1BWP20P90   N16ADFP_StdCelltt0p8v25c
                                                          0.881280  r
U82                       HA1D1BWP20P90   N16ADFP_StdCelltt0p8v25c
                                                          0.881280  r
U83                       HA1D1BWP20P90   N16ADFP_StdCelltt0p8v25c
                                                          0.881280  r
U84                       HA1D1BWP20P90   N16ADFP_StdCelltt0p8v25c
                                                          0.881280  r
U85                       XOR3D1BWP20P90  N16ADFP_StdCelltt0p8v25c
                                                          0.984960  
U86                       CKND2BWP20P90   N16ADFP_StdCelltt0p8v25c
                                                          0.207360  
U87                       AN2D1BWP20P90   N16ADFP_StdCelltt0p8v25c
                                                          0.259200  
U88                       INVD4BWP20P90   N16ADFP_StdCelltt0p8v25c
                                                          0.311040  
U89                       ND2D2BWP20P90   N16ADFP_StdCelltt0p8v25c
                                                          0.311040  
U90                       BUFFD4BWP20P90  N16ADFP_StdCelltt0p8v25c
                                                          0.414720  
U91                       INVD4BWP20P90   N16ADFP_StdCelltt0p8v25c
                                                          0.311040  
U92                       BUFFD8BWP20P90  N16ADFP_StdCelltt0p8v25c
                                                          0.673920  
U93                       INVD1BWP20P90   N16ADFP_StdCelltt0p8v25c
                                                          0.155520  
U94                       INVD1BWP20P90   N16ADFP_StdCelltt0p8v25c
                                                          0.155520  
U95                       ND2D4BWP20P90   N16ADFP_StdCelltt0p8v25c
                                                          0.518400  
U96                       CKND2BWP20P90   N16ADFP_StdCelltt0p8v25c
                                                          0.207360  
U97                       CKND2BWP20P90   N16ADFP_StdCelltt0p8v25c
                                                          0.207360  
U98                       ND2D1BWP20P90   N16ADFP_StdCelltt0p8v25c
                                                          0.207360  
U99                       ND2D1BWP20P90   N16ADFP_StdCelltt0p8v25c
                                                          0.207360  
U100                      ND2D1BWP20P90   N16ADFP_StdCelltt0p8v25c
                                                          0.207360  
U101                      CKBD1BWP20P90   N16ADFP_StdCelltt0p8v25c
                                                          0.207360  
U102                      XOR2D1BWP20P90  N16ADFP_StdCelltt0p8v25c
                                                          0.518400  
U103                      ND2D2BWP20P90   N16ADFP_StdCelltt0p8v25c
                                                          0.311040  
U104                      ND2D1BWP20P90   N16ADFP_StdCelltt0p8v25c
                                                          0.207360  
U105                      CKBD1BWP20P90   N16ADFP_StdCelltt0p8v25c
                                                          0.207360  
U106                      OAI22D1BWP20P90 N16ADFP_StdCelltt0p8v25c
                                                          0.311040  
U107                      INVD1BWP20P90   N16ADFP_StdCelltt0p8v25c
                                                          0.155520  
U108                      INVD1BWP20P90   N16ADFP_StdCelltt0p8v25c
                                                          0.155520  
U109                      CKND2BWP20P90   N16ADFP_StdCelltt0p8v25c
                                                          0.207360  
U110                      INVD1BWP20P90   N16ADFP_StdCelltt0p8v25c
                                                          0.155520  
U111                      BUFFD4BWP20P90  N16ADFP_StdCelltt0p8v25c
                                                          0.414720  
U112                      CKBD1BWP20P90   N16ADFP_StdCelltt0p8v25c
                                                          0.207360  
U113                      XNR2D2BWP20P90  N16ADFP_StdCelltt0p8v25c
                                                          0.570240  
U114                      CKBD1BWP20P90   N16ADFP_StdCelltt0p8v25c
                                                          0.207360  
U115                      CKBD1BWP20P90   N16ADFP_StdCelltt0p8v25c
                                                          0.207360  
U116                      XOR2D1BWP20P90  N16ADFP_StdCelltt0p8v25c
                                                          0.518400  
U117                      XOR2D2BWP20P90  N16ADFP_StdCelltt0p8v25c
                                                          0.570240  
U118                      CKND2BWP20P90   N16ADFP_StdCelltt0p8v25c
                                                          0.207360  
U119                      CKND2BWP20P90   N16ADFP_StdCelltt0p8v25c
                                                          0.207360  
U120                      INVD1BWP20P90   N16ADFP_StdCelltt0p8v25c
                                                          0.155520  
U121                      XOR2D1BWP20P90  N16ADFP_StdCelltt0p8v25c
                                                          0.518400  
U122                      BUFFD4BWP20P90  N16ADFP_StdCelltt0p8v25c
                                                          0.414720  
U123                      INVD1BWP20P90   N16ADFP_StdCelltt0p8v25c
                                                          0.155520  
U124                      CKND2BWP20P90   N16ADFP_StdCelltt0p8v25c
                                                          0.207360  
U125                      BUFFD2BWP20P90  N16ADFP_StdCelltt0p8v25c
                                                          0.259200  
U126                      CKBD1BWP20P90   N16ADFP_StdCelltt0p8v25c
                                                          0.207360  
U127                      OR2D1BWP20P90   N16ADFP_StdCelltt0p8v25c
                                                          0.259200  
U128                      AN2D1BWP20P90   N16ADFP_StdCelltt0p8v25c
                                                          0.259200  
U129                      OR2D1BWP20P90   N16ADFP_StdCelltt0p8v25c
                                                          0.259200  
U130                      OAI22D1BWP20P90 N16ADFP_StdCelltt0p8v25c
                                                          0.311040  
U131                      BUFFD2BWP20P90  N16ADFP_StdCelltt0p8v25c
                                                          0.259200  
U132                      ND2D1BWP20P90   N16ADFP_StdCelltt0p8v25c
                                                          0.207360  
U133                      ND2D1BWP20P90   N16ADFP_StdCelltt0p8v25c
                                                          0.207360  
U134                      OAI21D1BWP20P90 N16ADFP_StdCelltt0p8v25c
                                                          0.259200  
U135                      AOI21D1BWP20P90 N16ADFP_StdCelltt0p8v25c
                                                          0.259200  
U136                      XNR2D1BWP20P90  N16ADFP_StdCelltt0p8v25c
                                                          0.518400  
U137                      XNR2D1BWP20P90  N16ADFP_StdCelltt0p8v25c
                                                          0.518400  
U138                      XOR2D2BWP20P90  N16ADFP_StdCelltt0p8v25c
                                                          0.570240  
U139                      XNR2D1BWP20P90  N16ADFP_StdCelltt0p8v25c
                                                          0.518400  
U140                      XNR2D1BWP20P90  N16ADFP_StdCelltt0p8v25c
                                                          0.518400  
U141                      OAI22D1BWP20P90 N16ADFP_StdCelltt0p8v25c
                                                          0.311040  
U142                      INVD1BWP20P90   N16ADFP_StdCelltt0p8v25c
                                                          0.155520  
U143                      XNR2D1BWP20P90  N16ADFP_StdCelltt0p8v25c
                                                          0.518400  
U144                      XNR2D1BWP20P90  N16ADFP_StdCelltt0p8v25c
                                                          0.518400  
U145                      OAI22D1BWP20P90 N16ADFP_StdCelltt0p8v25c
                                                          0.311040  
U146                      XNR2D1BWP20P90  N16ADFP_StdCelltt0p8v25c
                                                          0.518400  
U147                      XNR2D1BWP20P90  N16ADFP_StdCelltt0p8v25c
                                                          0.518400  
U148                      OAI22D1BWP20P90 N16ADFP_StdCelltt0p8v25c
                                                          0.311040  
U149                      XOR2D1BWP20P90  N16ADFP_StdCelltt0p8v25c
                                                          0.518400  
U150                      XNR2D1BWP20P90  N16ADFP_StdCelltt0p8v25c
                                                          0.518400  
U151                      XNR2D1BWP20P90  N16ADFP_StdCelltt0p8v25c
                                                          0.518400  
U152                      OAI22D1BWP20P90 N16ADFP_StdCelltt0p8v25c
                                                          0.311040  
U153                      XNR2D1BWP20P90  N16ADFP_StdCelltt0p8v25c
                                                          0.518400  
U154                      XNR2D1BWP20P90  N16ADFP_StdCelltt0p8v25c
                                                          0.518400  
U155                      OAI22D1BWP20P90 N16ADFP_StdCelltt0p8v25c
                                                          0.311040  
U156                      XNR2D1BWP20P90  N16ADFP_StdCelltt0p8v25c
                                                          0.518400  
U157                      XNR2D1BWP20P90  N16ADFP_StdCelltt0p8v25c
                                                          0.518400  
U158                      OAI22D1BWP20P90 N16ADFP_StdCelltt0p8v25c
                                                          0.311040  
U159                      CKBD1BWP20P90   N16ADFP_StdCelltt0p8v25c
                                                          0.207360  
U160                      IND2D1BWP20P90  N16ADFP_StdCelltt0p8v25c
                                                          0.259200  
U161                      OAI22D1BWP20P90 N16ADFP_StdCelltt0p8v25c
                                                          0.311040  
U162                      XNR2D1BWP20P90  N16ADFP_StdCelltt0p8v25c
                                                          0.518400  
U163                      XNR2D1BWP20P90  N16ADFP_StdCelltt0p8v25c
                                                          0.518400  
U164                      OAI22D1BWP20P90 N16ADFP_StdCelltt0p8v25c
                                                          0.311040  
U165                      INR2D1BWP20P90  N16ADFP_StdCelltt0p8v25c
                                                          0.259200  
U166                      XNR2D1BWP20P90  N16ADFP_StdCelltt0p8v25c
                                                          0.518400  
U167                      OAI22D1BWP20P90 N16ADFP_StdCelltt0p8v25c
                                                          0.311040  
U168                      XNR2D1BWP20P90  N16ADFP_StdCelltt0p8v25c
                                                          0.518400  
U169                      OAI22D1BWP20P90 N16ADFP_StdCelltt0p8v25c
                                                          0.311040  
U170                      XNR2D1BWP20P90  N16ADFP_StdCelltt0p8v25c
                                                          0.518400  
U171                      OAI22D1BWP20P90 N16ADFP_StdCelltt0p8v25c
                                                          0.311040  
U172                      XOR2D1BWP20P90  N16ADFP_StdCelltt0p8v25c
                                                          0.518400  
U173                      ND2D4BWP20P90   N16ADFP_StdCelltt0p8v25c
                                                          0.518400  
U174                      XNR2D1BWP20P90  N16ADFP_StdCelltt0p8v25c
                                                          0.518400  
U175                      XNR2D1BWP20P90  N16ADFP_StdCelltt0p8v25c
                                                          0.518400  
U176                      OAI22D1BWP20P90 N16ADFP_StdCelltt0p8v25c
                                                          0.311040  
U177                      XNR2D1BWP20P90  N16ADFP_StdCelltt0p8v25c
                                                          0.518400  
U178                      OAI22D1BWP20P90 N16ADFP_StdCelltt0p8v25c
                                                          0.311040  
U179                      XNR2D1BWP20P90  N16ADFP_StdCelltt0p8v25c
                                                          0.518400  
U180                      OAI22D1BWP20P90 N16ADFP_StdCelltt0p8v25c
                                                          0.311040  
U181                      XNR2D1BWP20P90  N16ADFP_StdCelltt0p8v25c
                                                          0.518400  
U182                      OAI22D1BWP20P90 N16ADFP_StdCelltt0p8v25c
                                                          0.311040  
U183                      INVD1BWP20P90   N16ADFP_StdCelltt0p8v25c
                                                          0.155520  
U184                      OAI22D1BWP20P90 N16ADFP_StdCelltt0p8v25c
                                                          0.311040  
U185                      FA1D1BWP20P90   N16ADFP_StdCelltt0p8v25c
                                                          1.036800  r
U186                      FA1D1BWP20P90   N16ADFP_StdCelltt0p8v25c
                                                          1.036800  r
U187                      FA1D1BWP20P90   N16ADFP_StdCelltt0p8v25c
                                                          1.036800  r
U188                      XNR2D1BWP20P90  N16ADFP_StdCelltt0p8v25c
                                                          0.518400  
U189                      OAI22D1BWP20P90 N16ADFP_StdCelltt0p8v25c
                                                          0.311040  
U190                      INR2D1BWP20P90  N16ADFP_StdCelltt0p8v25c
                                                          0.259200  
U191                      XNR2D1BWP20P90  N16ADFP_StdCelltt0p8v25c
                                                          0.518400  
U192                      OAI22D1BWP20P90 N16ADFP_StdCelltt0p8v25c
                                                          0.311040  
U193                      XNR2D1BWP20P90  N16ADFP_StdCelltt0p8v25c
                                                          0.518400  
U194                      OAI22D1BWP20P90 N16ADFP_StdCelltt0p8v25c
                                                          0.311040  
U195                      FA1D1BWP20P90   N16ADFP_StdCelltt0p8v25c
                                                          1.036800  r
U196                      XNR2D1BWP20P90  N16ADFP_StdCelltt0p8v25c
                                                          0.518400  
U197                      OAI22D1BWP20P90 N16ADFP_StdCelltt0p8v25c
                                                          0.311040  
U198                      XNR2D1BWP20P90  N16ADFP_StdCelltt0p8v25c
                                                          0.518400  
U199                      OAI22D1BWP20P90 N16ADFP_StdCelltt0p8v25c
                                                          0.311040  
U200                      XNR2D1BWP20P90  N16ADFP_StdCelltt0p8v25c
                                                          0.518400  
U201                      OAI22D1BWP20P90 N16ADFP_StdCelltt0p8v25c
                                                          0.311040  
U202                      FA1D1BWP20P90   N16ADFP_StdCelltt0p8v25c
                                                          1.036800  r
U203                      FA1D1BWP20P90   N16ADFP_StdCelltt0p8v25c
                                                          1.036800  r
U204                      INVD1BWP20P90   N16ADFP_StdCelltt0p8v25c
                                                          0.155520  
U205                      NR2D1BWP20P90   N16ADFP_StdCelltt0p8v25c
                                                          0.207360  
U206                      XNR2D1BWP20P90  N16ADFP_StdCelltt0p8v25c
                                                          0.518400  
U207                      OAI22D1BWP20P90 N16ADFP_StdCelltt0p8v25c
                                                          0.311040  
U208                      XNR2D1BWP20P90  N16ADFP_StdCelltt0p8v25c
                                                          0.518400  
U209                      OAI22D1BWP20P90 N16ADFP_StdCelltt0p8v25c
                                                          0.311040  
U210                      XNR2D1BWP20P90  N16ADFP_StdCelltt0p8v25c
                                                          0.518400  
U211                      OAI22D1BWP20P90 N16ADFP_StdCelltt0p8v25c
                                                          0.311040  
U212                      XNR2D1BWP20P90  N16ADFP_StdCelltt0p8v25c
                                                          0.518400  
U213                      OAI22D1BWP20P90 N16ADFP_StdCelltt0p8v25c
                                                          0.311040  
U214                      XNR2D1BWP20P90  N16ADFP_StdCelltt0p8v25c
                                                          0.518400  
U215                      OAI22D1BWP20P90 N16ADFP_StdCelltt0p8v25c
                                                          0.311040  
U216                      XNR2D1BWP20P90  N16ADFP_StdCelltt0p8v25c
                                                          0.518400  
U217                      OAI22D1BWP20P90 N16ADFP_StdCelltt0p8v25c
                                                          0.311040  
U218                      XNR2D1BWP20P90  N16ADFP_StdCelltt0p8v25c
                                                          0.518400  
U219                      OAI22D1BWP20P90 N16ADFP_StdCelltt0p8v25c
                                                          0.311040  
U220                      XOR2D1BWP20P90  N16ADFP_StdCelltt0p8v25c
                                                          0.518400  
U221                      XOR2D1BWP20P90  N16ADFP_StdCelltt0p8v25c
                                                          0.518400  
U222                      XNR2D1BWP20P90  N16ADFP_StdCelltt0p8v25c
                                                          0.518400  
U223                      OAI22D1BWP20P90 N16ADFP_StdCelltt0p8v25c
                                                          0.311040  
U224                      XNR2D1BWP20P90  N16ADFP_StdCelltt0p8v25c
                                                          0.518400  
U225                      OAI22D1BWP20P90 N16ADFP_StdCelltt0p8v25c
                                                          0.311040  
U226                      XNR2D1BWP20P90  N16ADFP_StdCelltt0p8v25c
                                                          0.518400  
U227                      OAI22D1BWP20P90 N16ADFP_StdCelltt0p8v25c
                                                          0.311040  
U228                      XNR2D1BWP20P90  N16ADFP_StdCelltt0p8v25c
                                                          0.518400  
U229                      OAI22D1BWP20P90 N16ADFP_StdCelltt0p8v25c
                                                          0.311040  
U230                      XNR2D1BWP20P90  N16ADFP_StdCelltt0p8v25c
                                                          0.518400  
U231                      OAI22D1BWP20P90 N16ADFP_StdCelltt0p8v25c
                                                          0.311040  
U232                      XNR2D1BWP20P90  N16ADFP_StdCelltt0p8v25c
                                                          0.518400  
U233                      OAI22D1BWP20P90 N16ADFP_StdCelltt0p8v25c
                                                          0.311040  
U234                      XNR2D1BWP20P90  N16ADFP_StdCelltt0p8v25c
                                                          0.518400  
U235                      OAI22D1BWP20P90 N16ADFP_StdCelltt0p8v25c
                                                          0.311040  
U236                      XNR2D1BWP20P90  N16ADFP_StdCelltt0p8v25c
                                                          0.518400  
U237                      OAI22D1BWP20P90 N16ADFP_StdCelltt0p8v25c
                                                          0.311040  
U238                      XNR2D1BWP20P90  N16ADFP_StdCelltt0p8v25c
                                                          0.518400  
U239                      OAI22D1BWP20P90 N16ADFP_StdCelltt0p8v25c
                                                          0.311040  
U240                      INVD1BWP20P90   N16ADFP_StdCelltt0p8v25c
                                                          0.155520  
U241                      IND2D1BWP20P90  N16ADFP_StdCelltt0p8v25c
                                                          0.259200  
U242                      OAI22D1BWP20P90 N16ADFP_StdCelltt0p8v25c
                                                          0.311040  
U243                      FA1D1BWP20P90   N16ADFP_StdCelltt0p8v25c
                                                          1.036800  r
U244                      FA1D1BWP20P90   N16ADFP_StdCelltt0p8v25c
                                                          1.036800  r
U245                      FA1D1BWP20P90   N16ADFP_StdCelltt0p8v25c
                                                          1.036800  r
U246                      OAI21D1BWP20P90 N16ADFP_StdCelltt0p8v25c
                                                          0.259200  
U247                      IOA21D1BWP20P90 N16ADFP_StdCelltt0p8v25c
                                                          0.311040  
U248                      NR2D1BWP20P90   N16ADFP_StdCelltt0p8v25c
                                                          0.207360  
U249                      XOR2D1BWP20P90  N16ADFP_StdCelltt0p8v25c
                                                          0.518400  
U250                      XOR2D1BWP20P90  N16ADFP_StdCelltt0p8v25c
                                                          0.518400  
U251                      FA1D1BWP20P90   N16ADFP_StdCelltt0p8v25c
                                                          1.036800  r
U252                      FA1D1BWP20P90   N16ADFP_StdCelltt0p8v25c
                                                          1.036800  r
U253                      INR2D1BWP20P90  N16ADFP_StdCelltt0p8v25c
                                                          0.259200  
U254                      XNR2D1BWP20P90  N16ADFP_StdCelltt0p8v25c
                                                          0.518400  
U255                      OAI22D1BWP20P90 N16ADFP_StdCelltt0p8v25c
                                                          0.311040  
U256                      XNR2D1BWP20P90  N16ADFP_StdCelltt0p8v25c
                                                          0.518400  
U257                      OAI22D1BWP20P90 N16ADFP_StdCelltt0p8v25c
                                                          0.311040  
U258                      XNR2D1BWP20P90  N16ADFP_StdCelltt0p8v25c
                                                          0.518400  
U259                      OAI22D1BWP20P90 N16ADFP_StdCelltt0p8v25c
                                                          0.311040  
U260                      XNR2D1BWP20P90  N16ADFP_StdCelltt0p8v25c
                                                          0.518400  
U261                      OAI22D1BWP20P90 N16ADFP_StdCelltt0p8v25c
                                                          0.311040  
U262                      XNR2D1BWP20P90  N16ADFP_StdCelltt0p8v25c
                                                          0.518400  
U263                      OAI22D1BWP20P90 N16ADFP_StdCelltt0p8v25c
                                                          0.311040  
U264                      FA1D1BWP20P90   N16ADFP_StdCelltt0p8v25c
                                                          1.036800  r
U265                      FA1D1BWP20P90   N16ADFP_StdCelltt0p8v25c
                                                          1.036800  r
U266                      AN2D1BWP20P90   N16ADFP_StdCelltt0p8v25c
                                                          0.259200  
U267                      AO21D1BWP20P90  N16ADFP_StdCelltt0p8v25c
                                                          0.311040  
U268                      NR2D1BWP20P90   N16ADFP_StdCelltt0p8v25c
                                                          0.207360  
U269                      NR2D1BWP20P90   N16ADFP_StdCelltt0p8v25c
                                                          0.207360  
U270                      INVD1BWP20P90   N16ADFP_StdCelltt0p8v25c
                                                          0.155520  
U271                      NR2D1BWP20P90   N16ADFP_StdCelltt0p8v25c
                                                          0.207360  
U272                      OAI22D1BWP20P90 N16ADFP_StdCelltt0p8v25c
                                                          0.311040  
U273                      XNR2D1BWP20P90  N16ADFP_StdCelltt0p8v25c
                                                          0.518400  
U274                      OAI22D1BWP20P90 N16ADFP_StdCelltt0p8v25c
                                                          0.311040  
U275                      XNR2D1BWP20P90  N16ADFP_StdCelltt0p8v25c
                                                          0.518400  
U276                      OAI22D1BWP20P90 N16ADFP_StdCelltt0p8v25c
                                                          0.311040  
U277                      XNR2D1BWP20P90  N16ADFP_StdCelltt0p8v25c
                                                          0.518400  
U278                      OAI22D1BWP20P90 N16ADFP_StdCelltt0p8v25c
                                                          0.311040  
U279                      XNR2D1BWP20P90  N16ADFP_StdCelltt0p8v25c
                                                          0.518400  
U280                      OAI22D1BWP20P90 N16ADFP_StdCelltt0p8v25c
                                                          0.311040  
U281                      XNR2D1BWP20P90  N16ADFP_StdCelltt0p8v25c
                                                          0.518400  
U282                      OAI22D1BWP20P90 N16ADFP_StdCelltt0p8v25c
                                                          0.311040  
U283                      XNR2D1BWP20P90  N16ADFP_StdCelltt0p8v25c
                                                          0.518400  
U284                      OAI22D1BWP20P90 N16ADFP_StdCelltt0p8v25c
                                                          0.311040  
U285                      FA1D1BWP20P90   N16ADFP_StdCelltt0p8v25c
                                                          1.036800  r
U286                      FA1D1BWP20P90   N16ADFP_StdCelltt0p8v25c
                                                          1.036800  r
U287                      FA1D1BWP20P90   N16ADFP_StdCelltt0p8v25c
                                                          1.036800  r
U288                      FA1D1BWP20P90   N16ADFP_StdCelltt0p8v25c
                                                          1.036800  r
U289                      FA1D1BWP20P90   N16ADFP_StdCelltt0p8v25c
                                                          1.036800  r
U290                      FA1D1BWP20P90   N16ADFP_StdCelltt0p8v25c
                                                          1.036800  r
U291                      XOR3D4BWP20P90  N16ADFP_StdCelltt0p8v25c
                                                          1.503360  
U292                      OAI21D1BWP20P90 N16ADFP_StdCelltt0p8v25c
                                                          0.259200  
U293                      IOA21D1BWP20P90 N16ADFP_StdCelltt0p8v25c
                                                          0.311040  
U294                      NR2D1BWP20P90   N16ADFP_StdCelltt0p8v25c
                                                          0.207360  
U295                      INVD1BWP20P90   N16ADFP_StdCelltt0p8v25c
                                                          0.155520  
U296                      NR2D1BWP20P90   N16ADFP_StdCelltt0p8v25c
                                                          0.207360  
U297                      XNR2D1BWP20P90  N16ADFP_StdCelltt0p8v25c
                                                          0.518400  
U298                      OAI22D1BWP20P90 N16ADFP_StdCelltt0p8v25c
                                                          0.311040  
U299                      XNR2D1BWP20P90  N16ADFP_StdCelltt0p8v25c
                                                          0.518400  
U300                      OAI22D1BWP20P90 N16ADFP_StdCelltt0p8v25c
                                                          0.311040  
U301                      XNR2D1BWP20P90  N16ADFP_StdCelltt0p8v25c
                                                          0.518400  
U302                      XNR2D1BWP20P90  N16ADFP_StdCelltt0p8v25c
                                                          0.518400  
U303                      OAI22D1BWP20P90 N16ADFP_StdCelltt0p8v25c
                                                          0.311040  
U304                      XNR2D1BWP20P90  N16ADFP_StdCelltt0p8v25c
                                                          0.518400  
U305                      OAI22D1BWP20P90 N16ADFP_StdCelltt0p8v25c
                                                          0.311040  
U306                      XNR2D1BWP20P90  N16ADFP_StdCelltt0p8v25c
                                                          0.518400  
U307                      AO21D1BWP20P90  N16ADFP_StdCelltt0p8v25c
                                                          0.311040  
U308                      OAI21D1BWP20P90 N16ADFP_StdCelltt0p8v25c
                                                          0.259200  
U309                      IOA21D1BWP20P90 N16ADFP_StdCelltt0p8v25c
                                                          0.311040  
U310                      FA1D1BWP20P90   N16ADFP_StdCelltt0p8v25c
                                                          1.036800  r
U311                      FA1D1BWP20P90   N16ADFP_StdCelltt0p8v25c
                                                          1.036800  r
U312                      FA1D1BWP20P90   N16ADFP_StdCelltt0p8v25c
                                                          1.036800  r
U313                      FA1D1BWP20P90   N16ADFP_StdCelltt0p8v25c
                                                          1.036800  r
U314                      FA1D1BWP20P90   N16ADFP_StdCelltt0p8v25c
                                                          1.036800  r
U315                      NR2D2BWP20P90   N16ADFP_StdCelltt0p8v25c
                                                          0.311040  
U316                      NR2D2BWP20P90   N16ADFP_StdCelltt0p8v25c
                                                          0.311040  
U317                      XNR2D1BWP20P90  N16ADFP_StdCelltt0p8v25c
                                                          0.518400  
U318                      OAI22D1BWP20P90 N16ADFP_StdCelltt0p8v25c
                                                          0.311040  
U319                      XNR2D1BWP20P90  N16ADFP_StdCelltt0p8v25c
                                                          0.518400  
U320                      OAI22D1BWP20P90 N16ADFP_StdCelltt0p8v25c
                                                          0.311040  
U321                      XNR2D1BWP20P90  N16ADFP_StdCelltt0p8v25c
                                                          0.518400  
U322                      OAI22D1BWP20P90 N16ADFP_StdCelltt0p8v25c
                                                          0.311040  
U323                      XNR2D1BWP20P90  N16ADFP_StdCelltt0p8v25c
                                                          0.518400  
U324                      OAI22D1BWP20P90 N16ADFP_StdCelltt0p8v25c
                                                          0.311040  
U325                      XNR2D1BWP20P90  N16ADFP_StdCelltt0p8v25c
                                                          0.518400  
U326                      XNR2D1BWP20P90  N16ADFP_StdCelltt0p8v25c
                                                          0.518400  
U327                      OAI22D1BWP20P90 N16ADFP_StdCelltt0p8v25c
                                                          0.311040  
U328                      XNR2D1BWP20P90  N16ADFP_StdCelltt0p8v25c
                                                          0.518400  
U329                      XNR2D1BWP20P90  N16ADFP_StdCelltt0p8v25c
                                                          0.518400  
U330                      OAI22D1BWP20P90 N16ADFP_StdCelltt0p8v25c
                                                          0.311040  
U331                      XNR2D1BWP20P90  N16ADFP_StdCelltt0p8v25c
                                                          0.518400  
U332                      XNR2D1BWP20P90  N16ADFP_StdCelltt0p8v25c
                                                          0.518400  
U333                      OAI22D1BWP20P90 N16ADFP_StdCelltt0p8v25c
                                                          0.311040  
U334                      INVD1BWP20P90   N16ADFP_StdCelltt0p8v25c
                                                          0.155520  
U335                      IND2D1BWP20P90  N16ADFP_StdCelltt0p8v25c
                                                          0.259200  
U336                      OAI22D1BWP20P90 N16ADFP_StdCelltt0p8v25c
                                                          0.311040  
U337                      XNR2D1BWP20P90  N16ADFP_StdCelltt0p8v25c
                                                          0.518400  
U338                      XNR2D1BWP20P90  N16ADFP_StdCelltt0p8v25c
                                                          0.518400  
U339                      OAI22D1BWP20P90 N16ADFP_StdCelltt0p8v25c
                                                          0.311040  
U340                      INR2D1BWP20P90  N16ADFP_StdCelltt0p8v25c
                                                          0.259200  
U341                      OAI22D1BWP20P90 N16ADFP_StdCelltt0p8v25c
                                                          0.311040  
U342                      XNR2D1BWP20P90  N16ADFP_StdCelltt0p8v25c
                                                          0.518400  
U343                      XNR2D1BWP20P90  N16ADFP_StdCelltt0p8v25c
                                                          0.518400  
U344                      OAI22D1BWP20P90 N16ADFP_StdCelltt0p8v25c
                                                          0.311040  
U345                      FA1D1BWP20P90   N16ADFP_StdCelltt0p8v25c
                                                          1.036800  r
U346                      OAI22D1BWP20P90 N16ADFP_StdCelltt0p8v25c
                                                          0.311040  
U347                      XNR2D1BWP20P90  N16ADFP_StdCelltt0p8v25c
                                                          0.518400  
U348                      OAI22D1BWP20P90 N16ADFP_StdCelltt0p8v25c
                                                          0.311040  
U349                      OAI22D1BWP20P90 N16ADFP_StdCelltt0p8v25c
                                                          0.311040  
U350                      OAI22D1BWP20P90 N16ADFP_StdCelltt0p8v25c
                                                          0.311040  
U351                      INVD1BWP20P90   N16ADFP_StdCelltt0p8v25c
                                                          0.155520  
U352                      IND2D1BWP20P90  N16ADFP_StdCelltt0p8v25c
                                                          0.259200  
U353                      OAI22D1BWP20P90 N16ADFP_StdCelltt0p8v25c
                                                          0.311040  
U354                      XNR2D1BWP20P90  N16ADFP_StdCelltt0p8v25c
                                                          0.518400  
U355                      OAI22D1BWP20P90 N16ADFP_StdCelltt0p8v25c
                                                          0.311040  
U356                      FA1D1BWP20P90   N16ADFP_StdCelltt0p8v25c
                                                          1.036800  r
U357                      XNR2D1BWP20P90  N16ADFP_StdCelltt0p8v25c
                                                          0.518400  
U358                      OAI22D1BWP20P90 N16ADFP_StdCelltt0p8v25c
                                                          0.311040  
U359                      INR2D1BWP20P90  N16ADFP_StdCelltt0p8v25c
                                                          0.259200  
U360                      XNR2D1BWP20P90  N16ADFP_StdCelltt0p8v25c
                                                          0.518400  
U361                      OAI22D1BWP20P90 N16ADFP_StdCelltt0p8v25c
                                                          0.311040  
U362                      XNR2D1BWP20P90  N16ADFP_StdCelltt0p8v25c
                                                          0.518400  
U363                      OAI22D1BWP20P90 N16ADFP_StdCelltt0p8v25c
                                                          0.311040  
U364                      FA1D1BWP20P90   N16ADFP_StdCelltt0p8v25c
                                                          1.036800  r
U365                      NR2D1BWP20P90   N16ADFP_StdCelltt0p8v25c
                                                          0.207360  
U366                      FA1D1BWP20P90   N16ADFP_StdCelltt0p8v25c
                                                          1.036800  r
U367                      FA1D1BWP20P90   N16ADFP_StdCelltt0p8v25c
                                                          1.036800  r
U368                      XNR2D1BWP20P90  N16ADFP_StdCelltt0p8v25c
                                                          0.518400  
U369                      OAI22D1BWP20P90 N16ADFP_StdCelltt0p8v25c
                                                          0.311040  
U370                      XNR2D1BWP20P90  N16ADFP_StdCelltt0p8v25c
                                                          0.518400  
U371                      OAI22D1BWP20P90 N16ADFP_StdCelltt0p8v25c
                                                          0.311040  
U372                      XNR2D1BWP20P90  N16ADFP_StdCelltt0p8v25c
                                                          0.518400  
U373                      OAI22D1BWP20P90 N16ADFP_StdCelltt0p8v25c
                                                          0.311040  
U374                      XNR2D1BWP20P90  N16ADFP_StdCelltt0p8v25c
                                                          0.518400  
U375                      OAI22D1BWP20P90 N16ADFP_StdCelltt0p8v25c
                                                          0.311040  
U376                      FA1D1BWP20P90   N16ADFP_StdCelltt0p8v25c
                                                          1.036800  r
U377                      NR2D1BWP20P90   N16ADFP_StdCelltt0p8v25c
                                                          0.207360  
U378                      NR2D1BWP20P90   N16ADFP_StdCelltt0p8v25c
                                                          0.207360  
U379                      INR2D1BWP20P90  N16ADFP_StdCelltt0p8v25c
                                                          0.259200  
U380                      XNR2D1BWP20P90  N16ADFP_StdCelltt0p8v25c
                                                          0.518400  
U381                      OAI22D1BWP20P90 N16ADFP_StdCelltt0p8v25c
                                                          0.311040  
U382                      XNR2D1BWP20P90  N16ADFP_StdCelltt0p8v25c
                                                          0.518400  
U383                      XNR2D1BWP20P90  N16ADFP_StdCelltt0p8v25c
                                                          0.518400  
U384                      OAI22D1BWP20P90 N16ADFP_StdCelltt0p8v25c
                                                          0.311040  
U385                      XNR2D1BWP20P90  N16ADFP_StdCelltt0p8v25c
                                                          0.518400  
U386                      OAI22D1BWP20P90 N16ADFP_StdCelltt0p8v25c
                                                          0.311040  
U387                      XNR2D1BWP20P90  N16ADFP_StdCelltt0p8v25c
                                                          0.518400  
U388                      XNR2D1BWP20P90  N16ADFP_StdCelltt0p8v25c
                                                          0.518400  
U389                      OAI22D1BWP20P90 N16ADFP_StdCelltt0p8v25c
                                                          0.311040  
U390                      OAI22D1BWP20P90 N16ADFP_StdCelltt0p8v25c
                                                          0.311040  
U391                      XOR2D1BWP20P90  N16ADFP_StdCelltt0p8v25c
                                                          0.518400  
U392                      XOR2D1BWP20P90  N16ADFP_StdCelltt0p8v25c
                                                          0.518400  
U393                      XNR2D1BWP20P90  N16ADFP_StdCelltt0p8v25c
                                                          0.518400  
U394                      OAI22D1BWP20P90 N16ADFP_StdCelltt0p8v25c
                                                          0.311040  
U395                      INVD1BWP20P90   N16ADFP_StdCelltt0p8v25c
                                                          0.155520  
U396                      IND2D1BWP20P90  N16ADFP_StdCelltt0p8v25c
                                                          0.259200  
U397                      OAI22D1BWP20P90 N16ADFP_StdCelltt0p8v25c
                                                          0.311040  
U398                      OR2D1BWP20P90   N16ADFP_StdCelltt0p8v25c
                                                          0.259200  
U399                      FA1D1BWP20P90   N16ADFP_StdCelltt0p8v25c
                                                          1.036800  r
U400                      INR2D1BWP20P90  N16ADFP_StdCelltt0p8v25c
                                                          0.259200  
U401                      XNR2D1BWP20P90  N16ADFP_StdCelltt0p8v25c
                                                          0.518400  
U402                      OAI22D1BWP20P90 N16ADFP_StdCelltt0p8v25c
                                                          0.311040  
U403                      XNR2D1BWP20P90  N16ADFP_StdCelltt0p8v25c
                                                          0.518400  
U404                      OAI22D1BWP20P90 N16ADFP_StdCelltt0p8v25c
                                                          0.311040  
U405                      NR2D1BWP20P90   N16ADFP_StdCelltt0p8v25c
                                                          0.207360  
U406                      FA1D1BWP20P90   N16ADFP_StdCelltt0p8v25c
                                                          1.036800  r
U407                      IND2D1BWP20P90  N16ADFP_StdCelltt0p8v25c
                                                          0.259200  
U408                      OAI22D1BWP20P90 N16ADFP_StdCelltt0p8v25c
                                                          0.311040  
U409                      XNR2D1BWP20P90  N16ADFP_StdCelltt0p8v25c
                                                          0.518400  
U410                      OAI22D1BWP20P90 N16ADFP_StdCelltt0p8v25c
                                                          0.311040  
U411                      OR2D1BWP20P90   N16ADFP_StdCelltt0p8v25c
                                                          0.259200  
U412                      XNR2D1BWP20P90  N16ADFP_StdCelltt0p8v25c
                                                          0.518400  
U413                      OAI22D1BWP20P90 N16ADFP_StdCelltt0p8v25c
                                                          0.311040  
U414                      NR2D1BWP20P90   N16ADFP_StdCelltt0p8v25c
                                                          0.207360  
U415                      XNR2D1BWP20P90  N16ADFP_StdCelltt0p8v25c
                                                          0.518400  
U416                      OAI22D1BWP20P90 N16ADFP_StdCelltt0p8v25c
                                                          0.311040  
U417                      INR2D1BWP20P90  N16ADFP_StdCelltt0p8v25c
                                                          0.259200  
U418                      OR2D1BWP20P90   N16ADFP_StdCelltt0p8v25c
                                                          0.259200  
U419                      OAI22D1BWP20P90 N16ADFP_StdCelltt0p8v25c
                                                          0.311040  
U420                      IND2D1BWP20P90  N16ADFP_StdCelltt0p8v25c
                                                          0.259200  
U421                      ND2D1BWP20P90   N16ADFP_StdCelltt0p8v25c
                                                          0.207360  
U422                      ND2D1BWP20P90   N16ADFP_StdCelltt0p8v25c
                                                          0.207360  
U423                      INVD1BWP20P90   N16ADFP_StdCelltt0p8v25c
                                                          0.155520  
U424                      ND2D1BWP20P90   N16ADFP_StdCelltt0p8v25c
                                                          0.207360  
U425                      INVD1BWP20P90   N16ADFP_StdCelltt0p8v25c
                                                          0.155520  
U426                      AOI21D1BWP20P90 N16ADFP_StdCelltt0p8v25c
                                                          0.259200  
U427                      ND2D1BWP20P90   N16ADFP_StdCelltt0p8v25c
                                                          0.207360  
U428                      OAI21D1BWP20P90 N16ADFP_StdCelltt0p8v25c
                                                          0.259200  
U429                      ND2D1BWP20P90   N16ADFP_StdCelltt0p8v25c
                                                          0.207360  
U430                      INVD1BWP20P90   N16ADFP_StdCelltt0p8v25c
                                                          0.155520  
U431                      AOI21D1BWP20P90 N16ADFP_StdCelltt0p8v25c
                                                          0.259200  
U432                      ND2D1BWP20P90   N16ADFP_StdCelltt0p8v25c
                                                          0.207360  
U433                      OAI21D1BWP20P90 N16ADFP_StdCelltt0p8v25c
                                                          0.259200  
U434                      ND2D1BWP20P90   N16ADFP_StdCelltt0p8v25c
                                                          0.207360  
U435                      INVD1BWP20P90   N16ADFP_StdCelltt0p8v25c
                                                          0.155520  
U436                      AOI21D1BWP20P90 N16ADFP_StdCelltt0p8v25c
                                                          0.259200  
U437                      FA1D1BWP20P90   N16ADFP_StdCelltt0p8v25c
                                                          1.036800  r
U438                      OAI22D1BWP20P90 N16ADFP_StdCelltt0p8v25c
                                                          0.311040  
U439                      INVD1BWP20P90   N16ADFP_StdCelltt0p8v25c
                                                          0.155520  
U440                      IND2D1BWP20P90  N16ADFP_StdCelltt0p8v25c
                                                          0.259200  
U441                      OAI22D1BWP20P90 N16ADFP_StdCelltt0p8v25c
                                                          0.311040  
U442                      XNR2D1BWP20P90  N16ADFP_StdCelltt0p8v25c
                                                          0.518400  
U443                      OAI22D1BWP20P90 N16ADFP_StdCelltt0p8v25c
                                                          0.311040  
U444                      OR2D1BWP20P90   N16ADFP_StdCelltt0p8v25c
                                                          0.259200  
U445                      AO21D1BWP20P90  N16ADFP_StdCelltt0p8v25c
                                                          0.311040  
U446                      NR2D1BWP20P90   N16ADFP_StdCelltt0p8v25c
                                                          0.207360  
U447                      ND2D1BWP20P90   N16ADFP_StdCelltt0p8v25c
                                                          0.207360  
U448                      OAI21D1BWP20P90 N16ADFP_StdCelltt0p8v25c
                                                          0.259200  
U449                      FA1D1BWP20P90   N16ADFP_StdCelltt0p8v25c
                                                          1.036800  r
U450                      FA1D1BWP20P90   N16ADFP_StdCelltt0p8v25c
                                                          1.036800  r
U451                      FA1D1BWP20P90   N16ADFP_StdCelltt0p8v25c
                                                          1.036800  r
U452                      FA1D1BWP20P90   N16ADFP_StdCelltt0p8v25c
                                                          1.036800  r
U453                      OR2D1BWP20P90   N16ADFP_StdCelltt0p8v25c
                                                          0.259200  
U454                      ND2D1BWP20P90   N16ADFP_StdCelltt0p8v25c
                                                          0.207360  
U455                      INVD1BWP20P90   N16ADFP_StdCelltt0p8v25c
                                                          0.155520  
U456                      FA1D1BWP20P90   N16ADFP_StdCelltt0p8v25c
                                                          1.036800  r
U457                      FA1D1BWP20P90   N16ADFP_StdCelltt0p8v25c
                                                          1.036800  r
U458                      NR2D1BWP20P90   N16ADFP_StdCelltt0p8v25c
                                                          0.207360  
U459                      ND2D1BWP20P90   N16ADFP_StdCelltt0p8v25c
                                                          0.207360  
U460                      OAI21D1BWP20P90 N16ADFP_StdCelltt0p8v25c
                                                          0.259200  
U461                      ND2D1BWP20P90   N16ADFP_StdCelltt0p8v25c
                                                          0.207360  
U462                      ND2D1BWP20P90   N16ADFP_StdCelltt0p8v25c
                                                          0.207360  
U463                      OAI21D1BWP20P90 N16ADFP_StdCelltt0p8v25c
                                                          0.259200  
U464                      FA1D1BWP20P90   N16ADFP_StdCelltt0p8v25c
                                                          1.036800  r
U465                      FA1D1BWP20P90   N16ADFP_StdCelltt0p8v25c
                                                          1.036800  r
U466                      FA1D1BWP20P90   N16ADFP_StdCelltt0p8v25c
                                                          1.036800  r
U467                      FA1D1BWP20P90   N16ADFP_StdCelltt0p8v25c
                                                          1.036800  r
U468                      FA1D1BWP20P90   N16ADFP_StdCelltt0p8v25c
                                                          1.036800  r
U469                      FA1D1BWP20P90   N16ADFP_StdCelltt0p8v25c
                                                          1.036800  r
U470                      OAI22D1BWP20P90 N16ADFP_StdCelltt0p8v25c
                                                          0.311040  
U471                      FA1D1BWP20P90   N16ADFP_StdCelltt0p8v25c
                                                          1.036800  r
U472                      FA1D1BWP20P90   N16ADFP_StdCelltt0p8v25c
                                                          1.036800  r
U473                      FA1D1BWP20P90   N16ADFP_StdCelltt0p8v25c
                                                          1.036800  r
U474                      FA1D1BWP20P90   N16ADFP_StdCelltt0p8v25c
                                                          1.036800  r
U475                      FA1D1BWP20P90   N16ADFP_StdCelltt0p8v25c
                                                          1.036800  r
U476                      FA1D1BWP20P90   N16ADFP_StdCelltt0p8v25c
                                                          1.036800  r
U477                      OR2D1BWP20P90   N16ADFP_StdCelltt0p8v25c
                                                          0.259200  
U478                      ND2D1BWP20P90   N16ADFP_StdCelltt0p8v25c
                                                          0.207360  
U479                      ND2D1BWP20P90   N16ADFP_StdCelltt0p8v25c
                                                          0.207360  
U480                      INVD1BWP20P90   N16ADFP_StdCelltt0p8v25c
                                                          0.155520  
U481                      ND2D1BWP20P90   N16ADFP_StdCelltt0p8v25c
                                                          0.207360  
U482                      INVD1BWP20P90   N16ADFP_StdCelltt0p8v25c
                                                          0.155520  
U483                      XOR2D1BWP20P90  N16ADFP_StdCelltt0p8v25c
                                                          0.518400  
U484                      XOR2D1BWP20P90  N16ADFP_StdCelltt0p8v25c
                                                          0.518400  
U485                      FA1D1BWP20P90   N16ADFP_StdCelltt0p8v25c
                                                          1.036800  r
U486                      FA1D1BWP20P90   N16ADFP_StdCelltt0p8v25c
                                                          1.036800  r
U487                      FA1D1BWP20P90   N16ADFP_StdCelltt0p8v25c
                                                          1.036800  r
U488                      NR2D1BWP20P90   N16ADFP_StdCelltt0p8v25c
                                                          0.207360  
U489                      FA1D1BWP20P90   N16ADFP_StdCelltt0p8v25c
                                                          1.036800  r
U490                      FA1D1BWP20P90   N16ADFP_StdCelltt0p8v25c
                                                          1.036800  r
U491                      NR2D1BWP20P90   N16ADFP_StdCelltt0p8v25c
                                                          0.207360  
U492                      NR2D1BWP20P90   N16ADFP_StdCelltt0p8v25c
                                                          0.207360  
U493                      ND2D1BWP20P90   N16ADFP_StdCelltt0p8v25c
                                                          0.207360  
U494                      ND2D1BWP20P90   N16ADFP_StdCelltt0p8v25c
                                                          0.207360  
U495                      OAI21D1BWP20P90 N16ADFP_StdCelltt0p8v25c
                                                          0.259200  
U496                      ND2D1BWP20P90   N16ADFP_StdCelltt0p8v25c
                                                          0.207360  
U497                      ND2D1BWP20P90   N16ADFP_StdCelltt0p8v25c
                                                          0.207360  
U498                      OAI21D1BWP20P90 N16ADFP_StdCelltt0p8v25c
                                                          0.259200  
U499                      ND2D1BWP20P90   N16ADFP_StdCelltt0p8v25c
                                                          0.207360  
U500                      ND2D1BWP20P90   N16ADFP_StdCelltt0p8v25c
                                                          0.207360  
U501                      OAI21D1BWP20P90 N16ADFP_StdCelltt0p8v25c
                                                          0.259200  
U502                      AOI21D2BWP20P90 N16ADFP_StdCelltt0p8v25c
                                                          0.414720  
U503                      OAI21D4BWP20P90 N16ADFP_StdCelltt0p8v25c
                                                          0.725760  
U504                      FA1D1BWP20P90   N16ADFP_StdCelltt0p8v25c
                                                          1.036800  r
U505                      INVD1BWP20P90   N16ADFP_StdCelltt0p8v25c
                                                          0.155520  
U506                      NR2D1BWP20P90   N16ADFP_StdCelltt0p8v25c
                                                          0.207360  
U507                      INVD1BWP20P90   N16ADFP_StdCelltt0p8v25c
                                                          0.155520  
U508                      OAI22D1BWP20P90 N16ADFP_StdCelltt0p8v25c
                                                          0.311040  
U509                      XNR2D1BWP20P90  N16ADFP_StdCelltt0p8v25c
                                                          0.518400  
U510                      OAI22D1BWP20P90 N16ADFP_StdCelltt0p8v25c
                                                          0.311040  
U511                      XNR2D1BWP20P90  N16ADFP_StdCelltt0p8v25c
                                                          0.518400  
U512                      OAI22D1BWP20P90 N16ADFP_StdCelltt0p8v25c
                                                          0.311040  
U513                      XNR2D1BWP20P90  N16ADFP_StdCelltt0p8v25c
                                                          0.518400  
U514                      OAI22D1BWP20P90 N16ADFP_StdCelltt0p8v25c
                                                          0.311040  
U515                      XNR2D1BWP20P90  N16ADFP_StdCelltt0p8v25c
                                                          0.518400  
U516                      OAI22D1BWP20P90 N16ADFP_StdCelltt0p8v25c
                                                          0.311040  
U517                      FA1D1BWP20P90   N16ADFP_StdCelltt0p8v25c
                                                          1.036800  r
U518                      XNR2D1BWP20P90  N16ADFP_StdCelltt0p8v25c
                                                          0.518400  
U519                      OAI22D1BWP20P90 N16ADFP_StdCelltt0p8v25c
                                                          0.311040  
U520                      FA1D1BWP20P90   N16ADFP_StdCelltt0p8v25c
                                                          1.036800  r
U521                      FA1D1BWP20P90   N16ADFP_StdCelltt0p8v25c
                                                          1.036800  r
U522                      FA1D1BWP20P90   N16ADFP_StdCelltt0p8v25c
                                                          1.036800  r
U523                      FA1D1BWP20P90   N16ADFP_StdCelltt0p8v25c
                                                          1.036800  r
U524                      NR2D1BWP20P90   N16ADFP_StdCelltt0p8v25c
                                                          0.207360  
U525                      INVD1BWP20P90   N16ADFP_StdCelltt0p8v25c
                                                          0.155520  
U526                      ND2D1BWP20P90   N16ADFP_StdCelltt0p8v25c
                                                          0.207360  
U527                      INVD1BWP20P90   N16ADFP_StdCelltt0p8v25c
                                                          0.155520  
U528                      NR2D1BWP20P90   N16ADFP_StdCelltt0p8v25c
                                                          0.207360  
U529                      INVD1BWP20P90   N16ADFP_StdCelltt0p8v25c
                                                          0.155520  
U530                      INVD1BWP20P90   N16ADFP_StdCelltt0p8v25c
                                                          0.155520  
U531                      OAI21D1BWP20P90 N16ADFP_StdCelltt0p8v25c
                                                          0.259200  
U532                      AOI21D1BWP20P90 N16ADFP_StdCelltt0p8v25c
                                                          0.259200  
U533                      INVD1BWP20P90   N16ADFP_StdCelltt0p8v25c
                                                          0.155520  
U534                      ND2D1BWP20P90   N16ADFP_StdCelltt0p8v25c
                                                          0.207360  
U535                      AOI21D1BWP20P90 N16ADFP_StdCelltt0p8v25c
                                                          0.259200  
U536                      INVD1BWP20P90   N16ADFP_StdCelltt0p8v25c
                                                          0.155520  
U537                      ND2D1BWP20P90   N16ADFP_StdCelltt0p8v25c
                                                          0.207360  
U538                      INVD1BWP20P90   N16ADFP_StdCelltt0p8v25c
                                                          0.155520  
U539                      INVD1BWP20P90   N16ADFP_StdCelltt0p8v25c
                                                          0.155520  
U540                      AOI21D1BWP20P90 N16ADFP_StdCelltt0p8v25c
                                                          0.259200  
U541                      INVD1BWP20P90   N16ADFP_StdCelltt0p8v25c
                                                          0.155520  
U542                      ND2D1BWP20P90   N16ADFP_StdCelltt0p8v25c
                                                          0.207360  
U543                      ND2D1BWP20P90   N16ADFP_StdCelltt0p8v25c
                                                          0.207360  
U544                      OR2D1BWP20P90   N16ADFP_StdCelltt0p8v25c
                                                          0.259200  
U545                      AN2D1BWP20P90   N16ADFP_StdCelltt0p8v25c
                                                          0.259200  
U546                      INVD1BWP20P90   N16ADFP_StdCelltt0p8v25c
                                                          0.155520  
U547                      OAI21D1BWP20P90 N16ADFP_StdCelltt0p8v25c
                                                          0.259200  
U548                      INVD1BWP20P90   N16ADFP_StdCelltt0p8v25c
                                                          0.155520  
U549                      ND2D1BWP20P90   N16ADFP_StdCelltt0p8v25c
                                                          0.207360  
U550                      XNR2D1BWP20P90  N16ADFP_StdCelltt0p8v25c
                                                          0.518400  
U551                      INVD1BWP20P90   N16ADFP_StdCelltt0p8v25c
                                                          0.155520  
U552                      ND2D1BWP20P90   N16ADFP_StdCelltt0p8v25c
                                                          0.207360  
U553                      XOR2D1BWP20P90  N16ADFP_StdCelltt0p8v25c
                                                          0.518400  
U554                      INVD1BWP20P90   N16ADFP_StdCelltt0p8v25c
                                                          0.155520  
U555                      AOI21D1BWP20P90 N16ADFP_StdCelltt0p8v25c
                                                          0.259200  
U556                      ND2D1BWP20P90   N16ADFP_StdCelltt0p8v25c
                                                          0.207360  
U557                      XOR2D1BWP20P90  N16ADFP_StdCelltt0p8v25c
                                                          0.518400  
U558                      ND2D1BWP20P90   N16ADFP_StdCelltt0p8v25c
                                                          0.207360  
U559                      XNR2D1BWP20P90  N16ADFP_StdCelltt0p8v25c
                                                          0.518400  
U560                      INVD1BWP20P90   N16ADFP_StdCelltt0p8v25c
                                                          0.155520  
U561                      OAI21D1BWP20P90 N16ADFP_StdCelltt0p8v25c
                                                          0.259200  
U562                      INVD1BWP20P90   N16ADFP_StdCelltt0p8v25c
                                                          0.155520  
U563                      ND2D1BWP20P90   N16ADFP_StdCelltt0p8v25c
                                                          0.207360  
U564                      XNR2D1BWP20P90  N16ADFP_StdCelltt0p8v25c
                                                          0.518400  
U565                      INVD1BWP20P90   N16ADFP_StdCelltt0p8v25c
                                                          0.155520  
U566                      ND2D1BWP20P90   N16ADFP_StdCelltt0p8v25c
                                                          0.207360  
U567                      XOR2D1BWP20P90  N16ADFP_StdCelltt0p8v25c
                                                          0.518400  
U568                      INVD1BWP20P90   N16ADFP_StdCelltt0p8v25c
                                                          0.155520  
U569                      ND2D1BWP20P90   N16ADFP_StdCelltt0p8v25c
                                                          0.207360  
U570                      XOR2D1BWP20P90  N16ADFP_StdCelltt0p8v25c
                                                          0.518400  
U571                      ND2D1BWP20P90   N16ADFP_StdCelltt0p8v25c
                                                          0.207360  
U572                      XNR2D1BWP20P90  N16ADFP_StdCelltt0p8v25c
                                                          0.518400  
U573                      INVD1BWP20P90   N16ADFP_StdCelltt0p8v25c
                                                          0.155520  
U574                      ND2D1BWP20P90   N16ADFP_StdCelltt0p8v25c
                                                          0.207360  
U575                      XOR2D1BWP20P90  N16ADFP_StdCelltt0p8v25c
                                                          0.518400  
U576                      ND2D1BWP20P90   N16ADFP_StdCelltt0p8v25c
                                                          0.207360  
U577                      XNR2D1BWP20P90  N16ADFP_StdCelltt0p8v25c
                                                          0.518400  
U578                      INVD1BWP20P90   N16ADFP_StdCelltt0p8v25c
                                                          0.155520  
U579                      ND2D1BWP20P90   N16ADFP_StdCelltt0p8v25c
                                                          0.207360  
U580                      XOR2D1BWP20P90  N16ADFP_StdCelltt0p8v25c
                                                          0.518400  
U581                      ND2D1BWP20P90   N16ADFP_StdCelltt0p8v25c
                                                          0.207360  
U582                      XNR2D1BWP20P90  N16ADFP_StdCelltt0p8v25c
                                                          0.518400  
U583                      INVD1BWP20P90   N16ADFP_StdCelltt0p8v25c
                                                          0.155520  
U584                      ND2D1BWP20P90   N16ADFP_StdCelltt0p8v25c
                                                          0.207360  
U585                      XOR2D1BWP20P90  N16ADFP_StdCelltt0p8v25c
                                                          0.518400  
U586                      ND2D1BWP20P90   N16ADFP_StdCelltt0p8v25c
                                                          0.207360  
U587                      XNR2D1BWP20P90  N16ADFP_StdCelltt0p8v25c
                                                          0.518400  
U588                      INR2D1BWP20P90  N16ADFP_StdCelltt0p8v25c
                                                          0.259200  
U589                      FA1D1BWP20P90   N16ADFP_StdCelltt0p8v25c
                                                          1.036800  r
U590                      INVD1BWP20P90   N16ADFP_StdCelltt0p8v25c
                                                          0.155520  
U591                      NR2D1BWP20P90   N16ADFP_StdCelltt0p8v25c
                                                          0.207360  
U592                      XNR2D1BWP20P90  N16ADFP_StdCelltt0p8v25c
                                                          0.518400  
U593                      OAI22D1BWP20P90 N16ADFP_StdCelltt0p8v25c
                                                          0.311040  
U594                      XNR2D1BWP20P90  N16ADFP_StdCelltt0p8v25c
                                                          0.518400  
U595                      OAI22D1BWP20P90 N16ADFP_StdCelltt0p8v25c
                                                          0.311040  
U596                      XNR2D1BWP20P90  N16ADFP_StdCelltt0p8v25c
                                                          0.518400  
U597                      OAI22D1BWP20P90 N16ADFP_StdCelltt0p8v25c
                                                          0.311040  
U598                      XNR2D1BWP20P90  N16ADFP_StdCelltt0p8v25c
                                                          0.518400  
U599                      OAI22D1BWP20P90 N16ADFP_StdCelltt0p8v25c
                                                          0.311040  
U600                      FA1D1BWP20P90   N16ADFP_StdCelltt0p8v25c
                                                          1.036800  r
U601                      FA1D1BWP20P90   N16ADFP_StdCelltt0p8v25c
                                                          1.036800  r
U602                      XNR2D1BWP20P90  N16ADFP_StdCelltt0p8v25c
                                                          0.518400  
U603                      OAI22D1BWP20P90 N16ADFP_StdCelltt0p8v25c
                                                          0.311040  
U604                      AO21D1BWP20P90  N16ADFP_StdCelltt0p8v25c
                                                          0.311040  
U605                      FA1D1BWP20P90   N16ADFP_StdCelltt0p8v25c
                                                          1.036800  r
U606                      FA1D1BWP20P90   N16ADFP_StdCelltt0p8v25c
                                                          1.036800  r
U607                      NR2D1BWP20P90   N16ADFP_StdCelltt0p8v25c
                                                          0.207360  
U608                      NR2D1BWP20P90   N16ADFP_StdCelltt0p8v25c
                                                          0.207360  
U609                      XNR2D1BWP20P90  N16ADFP_StdCelltt0p8v25c
                                                          0.518400  
U610                      OAI22D1BWP20P90 N16ADFP_StdCelltt0p8v25c
                                                          0.311040  
U611                      XNR2D1BWP20P90  N16ADFP_StdCelltt0p8v25c
                                                          0.518400  
U612                      OAI22D1BWP20P90 N16ADFP_StdCelltt0p8v25c
                                                          0.311040  
U613                      XNR2D1BWP20P90  N16ADFP_StdCelltt0p8v25c
                                                          0.518400  
U614                      OAI22D1BWP20P90 N16ADFP_StdCelltt0p8v25c
                                                          0.311040  
U615                      FA1D1BWP20P90   N16ADFP_StdCelltt0p8v25c
                                                          1.036800  r
U616                      FA1D1BWP20P90   N16ADFP_StdCelltt0p8v25c
                                                          1.036800  r
U617                      FA1D1BWP20P90   N16ADFP_StdCelltt0p8v25c
                                                          1.036800  r
U618                      FA1D1BWP20P90   N16ADFP_StdCelltt0p8v25c
                                                          1.036800  r
U619                      FA1D1BWP20P90   N16ADFP_StdCelltt0p8v25c
                                                          1.036800  r
U620                      INVD1BWP20P90   N16ADFP_StdCelltt0p8v25c
                                                          0.155520  
U621                      INVD1BWP20P90   N16ADFP_StdCelltt0p8v25c
                                                          0.155520  
U622                      XNR2D1BWP20P90  N16ADFP_StdCelltt0p8v25c
                                                          0.518400  
U623                      OAI22D1BWP20P90 N16ADFP_StdCelltt0p8v25c
                                                          0.311040  
U624                      OAI22D1BWP20P90 N16ADFP_StdCelltt0p8v25c
                                                          0.311040  
U625                      XOR2D1BWP20P90  N16ADFP_StdCelltt0p8v25c
                                                          0.518400  
U626                      XOR2D1BWP20P90  N16ADFP_StdCelltt0p8v25c
                                                          0.518400  
U627                      FA1D1BWP20P90   N16ADFP_StdCelltt0p8v25c
                                                          1.036800  r
U628                      NR2D1BWP20P90   N16ADFP_StdCelltt0p8v25c
                                                          0.207360  
U629                      AO21D1BWP20P90  N16ADFP_StdCelltt0p8v25c
                                                          0.311040  
U630                      FA1D1BWP20P90   N16ADFP_StdCelltt0p8v25c
                                                          1.036800  r
U631                      FA1D1BWP20P90   N16ADFP_StdCelltt0p8v25c
                                                          1.036800  r
U632                      INVD1BWP20P90   N16ADFP_StdCelltt0p8v25c
                                                          0.155520  
U633                      NR2D1BWP20P90   N16ADFP_StdCelltt0p8v25c
                                                          0.207360  
U634                      XNR2D1BWP20P90  N16ADFP_StdCelltt0p8v25c
                                                          0.518400  
U635                      OAI22D1BWP20P90 N16ADFP_StdCelltt0p8v25c
                                                          0.311040  
U636                      XNR2D1BWP20P90  N16ADFP_StdCelltt0p8v25c
                                                          0.518400  
U637                      OAI22D1BWP20P90 N16ADFP_StdCelltt0p8v25c
                                                          0.311040  
U638                      XNR2D1BWP20P90  N16ADFP_StdCelltt0p8v25c
                                                          0.518400  
U639                      OAI22D1BWP20P90 N16ADFP_StdCelltt0p8v25c
                                                          0.311040  
U640                      XNR2D1BWP20P90  N16ADFP_StdCelltt0p8v25c
                                                          0.518400  
U641                      OAI22D1BWP20P90 N16ADFP_StdCelltt0p8v25c
                                                          0.311040  
U642                      FA1D1BWP20P90   N16ADFP_StdCelltt0p8v25c
                                                          1.036800  r
U643                      OAI21D1BWP20P90 N16ADFP_StdCelltt0p8v25c
                                                          0.259200  
U644                      IOA21D1BWP20P90 N16ADFP_StdCelltt0p8v25c
                                                          0.311040  
U645                      NR2D1BWP20P90   N16ADFP_StdCelltt0p8v25c
                                                          0.207360  
U646                      ND2D2BWP20P90   N16ADFP_StdCelltt0p8v25c
                                                          0.311040  
U647                      XNR2D1BWP20P90  N16ADFP_StdCelltt0p8v25c
                                                          0.518400  
U648                      OAI22D1BWP20P90 N16ADFP_StdCelltt0p8v25c
                                                          0.311040  
U649                      XNR2D1BWP20P90  N16ADFP_StdCelltt0p8v25c
                                                          0.518400  
U650                      OAI22D1BWP20P90 N16ADFP_StdCelltt0p8v25c
                                                          0.311040  
U651                      FA1D1BWP20P90   N16ADFP_StdCelltt0p8v25c
                                                          1.036800  r
U652                      FA1D1BWP20P90   N16ADFP_StdCelltt0p8v25c
                                                          1.036800  r
U653                      INVD1BWP20P90   N16ADFP_StdCelltt0p8v25c
                                                          0.155520  
U654                      NR2D1BWP20P90   N16ADFP_StdCelltt0p8v25c
                                                          0.207360  
U655                      INVD1BWP20P90   N16ADFP_StdCelltt0p8v25c
                                                          0.155520  
U656                      OAI22D1BWP20P90 N16ADFP_StdCelltt0p8v25c
                                                          0.311040  
U657                      XNR2D1BWP20P90  N16ADFP_StdCelltt0p8v25c
                                                          0.518400  
U658                      OAI22D1BWP20P90 N16ADFP_StdCelltt0p8v25c
                                                          0.311040  
U659                      FA1D1BWP20P90   N16ADFP_StdCelltt0p8v25c
                                                          1.036800  r
U660                      FA1D1BWP20P90   N16ADFP_StdCelltt0p8v25c
                                                          1.036800  r
U661                      INVD1BWP20P90   N16ADFP_StdCelltt0p8v25c
                                                          0.155520  
U662                      FA1D1BWP20P90   N16ADFP_StdCelltt0p8v25c
                                                          1.036800  r
U663                      FA1D1BWP20P90   N16ADFP_StdCelltt0p8v25c
                                                          1.036800  r
U664                      INVD1BWP20P90   N16ADFP_StdCelltt0p8v25c
                                                          0.155520  
U665                      NR2D1BWP20P90   N16ADFP_StdCelltt0p8v25c
                                                          0.207360  
U666                      XNR2D1BWP20P90  N16ADFP_StdCelltt0p8v25c
                                                          0.518400  
U667                      OAI22D1BWP20P90 N16ADFP_StdCelltt0p8v25c
                                                          0.311040  
U668                      XNR2D1BWP20P90  N16ADFP_StdCelltt0p8v25c
                                                          0.518400  
U669                      OAI22D1BWP20P90 N16ADFP_StdCelltt0p8v25c
                                                          0.311040  
U670                      XNR2D1BWP20P90  N16ADFP_StdCelltt0p8v25c
                                                          0.518400  
U671                      OAI22D1BWP20P90 N16ADFP_StdCelltt0p8v25c
                                                          0.311040  
U672                      AO21D1BWP20P90  N16ADFP_StdCelltt0p8v25c
                                                          0.311040  
U673                      OR2D1BWP20P90   N16ADFP_StdCelltt0p8v25c
                                                          0.259200  
U674                      INVD1BWP20P90   N16ADFP_StdCelltt0p8v25c
                                                          0.155520  
U675                      NR2D1BWP20P90   N16ADFP_StdCelltt0p8v25c
                                                          0.207360  
U676                      INVD1BWP20P90   N16ADFP_StdCelltt0p8v25c
                                                          0.155520  
U677                      NR2D1BWP20P90   N16ADFP_StdCelltt0p8v25c
                                                          0.207360  
U678                      XNR2D1BWP20P90  N16ADFP_StdCelltt0p8v25c
                                                          0.518400  
U679                      XNR2D1BWP20P90  N16ADFP_StdCelltt0p8v25c
                                                          0.518400  
U680                      OAI22D1BWP20P90 N16ADFP_StdCelltt0p8v25c
                                                          0.311040  
U681                      XNR2D1BWP20P90  N16ADFP_StdCelltt0p8v25c
                                                          0.518400  
U682                      OAI22D1BWP20P90 N16ADFP_StdCelltt0p8v25c
                                                          0.311040  
U683                      FA1D1BWP20P90   N16ADFP_StdCelltt0p8v25c
                                                          1.036800  r
U684                      FA1D1BWP20P90   N16ADFP_StdCelltt0p8v25c
                                                          1.036800  r
U685                      XNR2D1BWP20P90  N16ADFP_StdCelltt0p8v25c
                                                          0.518400  
U686                      OAI22D1BWP20P90 N16ADFP_StdCelltt0p8v25c
                                                          0.311040  
U687                      AO21D1BWP20P90  N16ADFP_StdCelltt0p8v25c
                                                          0.311040  
U688                      INVD1BWP20P90   N16ADFP_StdCelltt0p8v25c
                                                          0.155520  
U689                      OAI22D1BWP20P90 N16ADFP_StdCelltt0p8v25c
                                                          0.311040  
U690                      OAI22D1BWP20P90 N16ADFP_StdCelltt0p8v25c
                                                          0.311040  
U691                      FA1D1BWP20P90   N16ADFP_StdCelltt0p8v25c
                                                          1.036800  r
U692                      FA1D1BWP20P90   N16ADFP_StdCelltt0p8v25c
                                                          1.036800  r
U693                      FA1D1BWP20P90   N16ADFP_StdCelltt0p8v25c
                                                          1.036800  r
U694                      OR2D1BWP20P90   N16ADFP_StdCelltt0p8v25c
                                                          0.259200  
U695                      FA1D1BWP20P90   N16ADFP_StdCelltt0p8v25c
                                                          1.036800  r
U696                      INVD1BWP20P90   N16ADFP_StdCelltt0p8v25c
                                                          0.155520  
U697                      NR2D1BWP20P90   N16ADFP_StdCelltt0p8v25c
                                                          0.207360  
U698                      INVD1BWP20P90   N16ADFP_StdCelltt0p8v25c
                                                          0.155520  
U699                      OAI22D1BWP20P90 N16ADFP_StdCelltt0p8v25c
                                                          0.311040  
U700                      XNR2D1BWP20P90  N16ADFP_StdCelltt0p8v25c
                                                          0.518400  
U701                      OAI22D1BWP20P90 N16ADFP_StdCelltt0p8v25c
                                                          0.311040  
U702                      FA1D1BWP20P90   N16ADFP_StdCelltt0p8v25c
                                                          1.036800  r
U703                      FA1D1BWP20P90   N16ADFP_StdCelltt0p8v25c
                                                          1.036800  r
U704                      OR2D1BWP20P90   N16ADFP_StdCelltt0p8v25c
                                                          0.259200  
U705                      ND2D1BWP20P90   N16ADFP_StdCelltt0p8v25c
                                                          0.207360  
U706                      FA1D1BWP20P90   N16ADFP_StdCelltt0p8v25c
                                                          1.036800  r
U707                      FA1D1BWP20P90   N16ADFP_StdCelltt0p8v25c
                                                          1.036800  r
U708                      NR2D1BWP20P90   N16ADFP_StdCelltt0p8v25c
                                                          0.207360  
U709                      NR2D1BWP20P90   N16ADFP_StdCelltt0p8v25c
                                                          0.207360  
U710                      FA1D1BWP20P90   N16ADFP_StdCelltt0p8v25c
                                                          1.036800  r
U711                      AO21D1BWP20P90  N16ADFP_StdCelltt0p8v25c
                                                          0.311040  
U712                      FA1D1BWP20P90   N16ADFP_StdCelltt0p8v25c
                                                          1.036800  r
U713                      INVD1BWP20P90   N16ADFP_StdCelltt0p8v25c
                                                          0.155520  
U714                      NR2D1BWP20P90   N16ADFP_StdCelltt0p8v25c
                                                          0.207360  
U715                      XNR2D1BWP20P90  N16ADFP_StdCelltt0p8v25c
                                                          0.518400  
U716                      OAI22D1BWP20P90 N16ADFP_StdCelltt0p8v25c
                                                          0.311040  
U717                      NR2D1BWP20P90   N16ADFP_StdCelltt0p8v25c
                                                          0.207360  
U718                      INVD1BWP20P90   N16ADFP_StdCelltt0p8v25c
                                                          0.155520  
U719                      NR2D1BWP20P90   N16ADFP_StdCelltt0p8v25c
                                                          0.207360  
U720                      INVD1BWP20P90   N16ADFP_StdCelltt0p8v25c
                                                          0.155520  
U721                      OAI22D1BWP20P90 N16ADFP_StdCelltt0p8v25c
                                                          0.311040  
U722                      FA1D1BWP20P90   N16ADFP_StdCelltt0p8v25c
                                                          1.036800  r
U723                      FA1D1BWP20P90   N16ADFP_StdCelltt0p8v25c
                                                          1.036800  r
U724                      NR2D1BWP20P90   N16ADFP_StdCelltt0p8v25c
                                                          0.207360  
U725                      NR2D1BWP20P90   N16ADFP_StdCelltt0p8v25c
                                                          0.207360  
U726                      ND2D1BWP20P90   N16ADFP_StdCelltt0p8v25c
                                                          0.207360  
U727                      OR2D1BWP20P90   N16ADFP_StdCelltt0p8v25c
                                                          0.259200  
U728                      NR2D1BWP20P90   N16ADFP_StdCelltt0p8v25c
                                                          0.207360  
U729                      ND2D1BWP20P90   N16ADFP_StdCelltt0p8v25c
                                                          0.207360  
U730                      OAI21D2BWP20P90 N16ADFP_StdCelltt0p8v25c
                                                          0.414720  
U731                      ND2D1BWP20P90   N16ADFP_StdCelltt0p8v25c
                                                          0.207360  
U732                      ND2D1BWP20P90   N16ADFP_StdCelltt0p8v25c
                                                          0.207360  
U733                      OAI21D1BWP20P90 N16ADFP_StdCelltt0p8v25c
                                                          0.259200  
U734                      AOI21D4BWP20P90 N16ADFP_StdCelltt0p8v25c
                                                          0.725760  
U735                      ND2D1BWP20P90   N16ADFP_StdCelltt0p8v25c
                                                          0.207360  
U736                      ND2D1BWP20P90   N16ADFP_StdCelltt0p8v25c
                                                          0.207360  
U737                      INVD1BWP20P90   N16ADFP_StdCelltt0p8v25c
                                                          0.155520  
U738                      AOI21D1BWP20P90 N16ADFP_StdCelltt0p8v25c
                                                          0.259200  
U739                      ND2D1BWP20P90   N16ADFP_StdCelltt0p8v25c
                                                          0.207360  
U740                      ND2D1BWP20P90   N16ADFP_StdCelltt0p8v25c
                                                          0.207360  
U741                      INVD1BWP20P90   N16ADFP_StdCelltt0p8v25c
                                                          0.155520  
U742                      ND2D1BWP20P90   N16ADFP_StdCelltt0p8v25c
                                                          0.207360  
U743                      INVD1BWP20P90   N16ADFP_StdCelltt0p8v25c
                                                          0.155520  
U744                      AOI21D1BWP20P90 N16ADFP_StdCelltt0p8v25c
                                                          0.259200  
U745                      OAI21D1BWP20P90 N16ADFP_StdCelltt0p8v25c
                                                          0.259200  
U746                      ND2D1BWP20P90   N16ADFP_StdCelltt0p8v25c
                                                          0.207360  
U747                      ND2D1BWP20P90   N16ADFP_StdCelltt0p8v25c
                                                          0.207360  
U748                      OAI21D1BWP20P90 N16ADFP_StdCelltt0p8v25c
                                                          0.259200  
U749                      AOI21D1BWP20P90 N16ADFP_StdCelltt0p8v25c
                                                          0.259200  
U750                      OA21D1BWP20P90  N16ADFP_StdCelltt0p8v25c
                                                          0.311040  
U751                      OAI21D1BWP20P90 N16ADFP_StdCelltt0p8v25c
                                                          0.259200  
U752                      AOI21D1BWP20P90 N16ADFP_StdCelltt0p8v25c
                                                          0.259200  
U753                      FA1D1BWP20P90   N16ADFP_StdCelltt0p8v25c
                                                          1.036800  r
U754                      INVD1BWP20P90   N16ADFP_StdCelltt0p8v25c
                                                          0.155520  
U755                      NR2D1BWP20P90   N16ADFP_StdCelltt0p8v25c
                                                          0.207360  
U756                      OR2D1BWP20P90   N16ADFP_StdCelltt0p8v25c
                                                          0.259200  
U757                      ND2D1BWP20P90   N16ADFP_StdCelltt0p8v25c
                                                          0.207360  
U758                      ND2D1BWP20P90   N16ADFP_StdCelltt0p8v25c
                                                          0.207360  
U759                      XOR2D1BWP20P90  N16ADFP_StdCelltt0p8v25c
                                                          0.518400  
U760                      INVD1BWP20P90   N16ADFP_StdCelltt0p8v25c
                                                          0.155520  
U761                      NR2D1BWP20P90   N16ADFP_StdCelltt0p8v25c
                                                          0.207360  
U762                      INVD1BWP20P90   N16ADFP_StdCelltt0p8v25c
                                                          0.155520  
U763                      ND2D1BWP20P90   N16ADFP_StdCelltt0p8v25c
                                                          0.207360  
U764                      NR2D1BWP20P90   N16ADFP_StdCelltt0p8v25c
                                                          0.207360  
U765                      INVD1BWP20P90   N16ADFP_StdCelltt0p8v25c
                                                          0.155520  
U766                      OAI21D1BWP20P90 N16ADFP_StdCelltt0p8v25c
                                                          0.259200  
U767                      INVD1BWP20P90   N16ADFP_StdCelltt0p8v25c
                                                          0.155520  
U768                      AOI21D1BWP20P90 N16ADFP_StdCelltt0p8v25c
                                                          0.259200  
U769                      OAI21D1BWP20P90 N16ADFP_StdCelltt0p8v25c
                                                          0.259200  
U770                      AOI21D1BWP20P90 N16ADFP_StdCelltt0p8v25c
                                                          0.259200  
U771                      INVD1BWP20P90   N16ADFP_StdCelltt0p8v25c
                                                          0.155520  
U772                      ND2D1BWP20P90   N16ADFP_StdCelltt0p8v25c
                                                          0.207360  
U773                      XOR2D1BWP20P90  N16ADFP_StdCelltt0p8v25c
                                                          0.518400  
U774                      INVD1BWP20P90   N16ADFP_StdCelltt0p8v25c
                                                          0.155520  
U775                      NR2D1BWP20P90   N16ADFP_StdCelltt0p8v25c
                                                          0.207360  
U776                      INVD1BWP20P90   N16ADFP_StdCelltt0p8v25c
                                                          0.155520  
U777                      OAI21D1BWP20P90 N16ADFP_StdCelltt0p8v25c
                                                          0.259200  
U778                      AOI21D1BWP20P90 N16ADFP_StdCelltt0p8v25c
                                                          0.259200  
U779                      ND2D1BWP20P90   N16ADFP_StdCelltt0p8v25c
                                                          0.207360  
U780                      XOR2D1BWP20P90  N16ADFP_StdCelltt0p8v25c
                                                          0.518400  
U781                      NR2D1BWP20P90   N16ADFP_StdCelltt0p8v25c
                                                          0.207360  
U782                      ND2D1BWP20P90   N16ADFP_StdCelltt0p8v25c
                                                          0.207360  
U783                      NR2D1BWP20P90   N16ADFP_StdCelltt0p8v25c
                                                          0.207360  
U784                      OAI21D1BWP20P90 N16ADFP_StdCelltt0p8v25c
                                                          0.259200  
U785                      AOI21D1BWP20P90 N16ADFP_StdCelltt0p8v25c
                                                          0.259200  
U786                      OAI21D1BWP20P90 N16ADFP_StdCelltt0p8v25c
                                                          0.259200  
U787                      AOI21D1BWP20P90 N16ADFP_StdCelltt0p8v25c
                                                          0.259200  
U788                      ND2D1BWP20P90   N16ADFP_StdCelltt0p8v25c
                                                          0.207360  
U789                      XOR2D1BWP20P90  N16ADFP_StdCelltt0p8v25c
                                                          0.518400  
U790                      INVD1BWP20P90   N16ADFP_StdCelltt0p8v25c
                                                          0.155520  
U791                      NR2D1BWP20P90   N16ADFP_StdCelltt0p8v25c
                                                          0.207360  
U792                      INVD1BWP20P90   N16ADFP_StdCelltt0p8v25c
                                                          0.155520  
U793                      OAI21D1BWP20P90 N16ADFP_StdCelltt0p8v25c
                                                          0.259200  
U794                      AOI21D1BWP20P90 N16ADFP_StdCelltt0p8v25c
                                                          0.259200  
U795                      ND2D1BWP20P90   N16ADFP_StdCelltt0p8v25c
                                                          0.207360  
U796                      XOR2D1BWP20P90  N16ADFP_StdCelltt0p8v25c
                                                          0.518400  
U797                      NR2D1BWP20P90   N16ADFP_StdCelltt0p8v25c
                                                          0.207360  
U798                      AOI21D1BWP20P90 N16ADFP_StdCelltt0p8v25c
                                                          0.259200  
U799                      INVD1BWP20P90   N16ADFP_StdCelltt0p8v25c
                                                          0.155520  
U800                      ND2D1BWP20P90   N16ADFP_StdCelltt0p8v25c
                                                          0.207360  
U801                      XOR2D1BWP20P90  N16ADFP_StdCelltt0p8v25c
                                                          0.518400  
U802                      NR2D1BWP20P90   N16ADFP_StdCelltt0p8v25c
                                                          0.207360  
U803                      OAI21D1BWP20P90 N16ADFP_StdCelltt0p8v25c
                                                          0.259200  
U804                      AOI21D1BWP20P90 N16ADFP_StdCelltt0p8v25c
                                                          0.259200  
U805                      ND2D1BWP20P90   N16ADFP_StdCelltt0p8v25c
                                                          0.207360  
U806                      XOR2D1BWP20P90  N16ADFP_StdCelltt0p8v25c
                                                          0.518400  
U807                      INVD1BWP20P90   N16ADFP_StdCelltt0p8v25c
                                                          0.155520  
U808                      INVD1BWP20P90   N16ADFP_StdCelltt0p8v25c
                                                          0.155520  
U809                      AOI21D1BWP20P90 N16ADFP_StdCelltt0p8v25c
                                                          0.259200  
U810                      ND2D1BWP20P90   N16ADFP_StdCelltt0p8v25c
                                                          0.207360  
U811                      XOR2D1BWP20P90  N16ADFP_StdCelltt0p8v25c
                                                          0.518400  
U812                      INVD1BWP20P90   N16ADFP_StdCelltt0p8v25c
                                                          0.155520  
U813                      NR2D1BWP20P90   N16ADFP_StdCelltt0p8v25c
                                                          0.207360  
U814                      INVD1BWP20P90   N16ADFP_StdCelltt0p8v25c
                                                          0.155520  
U815                      OAI21D1BWP20P90 N16ADFP_StdCelltt0p8v25c
                                                          0.259200  
U816                      AOI21D1BWP20P90 N16ADFP_StdCelltt0p8v25c
                                                          0.259200  
U817                      INVD1BWP20P90   N16ADFP_StdCelltt0p8v25c
                                                          0.155520  
U818                      ND2D1BWP20P90   N16ADFP_StdCelltt0p8v25c
                                                          0.207360  
U819                      XOR2D1BWP20P90  N16ADFP_StdCelltt0p8v25c
                                                          0.518400  
U820                      AOI21D1BWP20P90 N16ADFP_StdCelltt0p8v25c
                                                          0.259200  
U821                      INVD1BWP20P90   N16ADFP_StdCelltt0p8v25c
                                                          0.155520  
U822                      ND2D1BWP20P90   N16ADFP_StdCelltt0p8v25c
                                                          0.207360  
U823                      XOR2D1BWP20P90  N16ADFP_StdCelltt0p8v25c
                                                          0.518400  
U824                      INVD1BWP20P90   N16ADFP_StdCelltt0p8v25c
                                                          0.155520  
U825                      AOI21D1BWP20P90 N16ADFP_StdCelltt0p8v25c
                                                          0.259200  
U826                      INVD1BWP20P90   N16ADFP_StdCelltt0p8v25c
                                                          0.155520  
U827                      ND2D1BWP20P90   N16ADFP_StdCelltt0p8v25c
                                                          0.207360  
U828                      XOR2D1BWP20P90  N16ADFP_StdCelltt0p8v25c
                                                          0.518400  
U829                      INVD1BWP20P90   N16ADFP_StdCelltt0p8v25c
                                                          0.155520  
U830                      CKBD1BWP20P90   N16ADFP_StdCelltt0p8v25c
                                                          0.207360  
U831                      CKBD1BWP20P90   N16ADFP_StdCelltt0p8v25c
                                                          0.207360  
prod_reg[0]               DFCNQD1BWP20P90 N16ADFP_StdCelltt0p8v25c
                                                          1.140480  n
prod_reg[1]               DFCNQD2BWP20P90 N16ADFP_StdCelltt0p8v25c
                                                          1.140480  n
prod_reg[2]               DFCNQD1BWP20P90 N16ADFP_StdCelltt0p8v25c
                                                          1.140480  n
prod_reg[3]               DFCNQD2BWP20P90 N16ADFP_StdCelltt0p8v25c
                                                          1.140480  n
prod_reg[4]               DFCNQD2BWP20P90 N16ADFP_StdCelltt0p8v25c
                                                          1.140480  n
prod_reg[5]               DFCNQD2BWP20P90 N16ADFP_StdCelltt0p8v25c
                                                          1.140480  n
prod_reg[6]               DFCNQD2BWP20P90 N16ADFP_StdCelltt0p8v25c
                                                          1.140480  n
prod_reg[7]               DFCNQD2BWP20P90 N16ADFP_StdCelltt0p8v25c
                                                          1.140480  n
prod_reg[8]               DFCNQD2BWP20P90 N16ADFP_StdCelltt0p8v25c
                                                          1.140480  n
prod_reg[9]               DFCNQD2BWP20P90 N16ADFP_StdCelltt0p8v25c
                                                          1.140480  n
prod_reg[10]              DFCNQD2BWP20P90 N16ADFP_StdCelltt0p8v25c
                                                          1.140480  n
prod_reg[11]              DFCNQD2BWP20P90 N16ADFP_StdCelltt0p8v25c
                                                          1.140480  n
prod_reg[12]              DFCNQD2BWP20P90 N16ADFP_StdCelltt0p8v25c
                                                          1.140480  n
prod_reg[13]              DFCNQD2BWP20P90 N16ADFP_StdCelltt0p8v25c
                                                          1.140480  n
prod_reg[14]              DFCNQD2BWP20P90 N16ADFP_StdCelltt0p8v25c
                                                          1.140480  n
prod_reg[15]              DFCNQD2BWP20P90 N16ADFP_StdCelltt0p8v25c
                                                          1.140480  n
prod_reg[16]              DFCNQD2BWP20P90 N16ADFP_StdCelltt0p8v25c
                                                          1.140480  n
prod_reg[17]              DFCNQD1BWP20P90 N16ADFP_StdCelltt0p8v25c
                                                          1.140480  n
prod_reg[18]              DFCNQD2BWP20P90 N16ADFP_StdCelltt0p8v25c
                                                          1.140480  n
prod_reg[19]              DFCNQD2BWP20P90 N16ADFP_StdCelltt0p8v25c
                                                          1.140480  n
prod_reg[20]              DFCNQD2BWP20P90 N16ADFP_StdCelltt0p8v25c
                                                          1.140480  n
prod_reg[21]              DFCNQD2BWP20P90 N16ADFP_StdCelltt0p8v25c
                                                          1.140480  n
prod_reg[22]              DFCNQD2BWP20P90 N16ADFP_StdCelltt0p8v25c
                                                          1.140480  n
prod_reg[23]              DFCNQD2BWP20P90 N16ADFP_StdCelltt0p8v25c
                                                          1.140480  n
prod_reg[24]              DFCNQD2BWP20P90 N16ADFP_StdCelltt0p8v25c
                                                          1.140480  n
prod_reg[25]              DFCNQD2BWP20P90 N16ADFP_StdCelltt0p8v25c
                                                          1.140480  n
prod_reg[26]              DFCNQD2BWP20P90 N16ADFP_StdCelltt0p8v25c
                                                          1.140480  n
prod_reg[27]              DFCNQD2BWP20P90 N16ADFP_StdCelltt0p8v25c
                                                          1.140480  n
prod_reg[28]              DFCNQD2BWP20P90 N16ADFP_StdCelltt0p8v25c
                                                          1.140480  n
prod_reg[29]              DFCNQD2BWP20P90 N16ADFP_StdCelltt0p8v25c
                                                          1.140480  n
prod_reg[30]              DFCNQD2BWP20P90 N16ADFP_StdCelltt0p8v25c
                                                          1.140480  n
prod_reg[31]              DFCNQD2BWP20P90 N16ADFP_StdCelltt0p8v25c
                                                          1.140480  n
--------------------------------------------------------------------------------
Total 829 cells                                           371.796490
1
 
****************************************
Report : port
        -verbose
Design : mult
Version: V-2023.12-SP5
Date   : Tue Sep 22 18:08:35 2026
****************************************



Attributes:
    d - dont_touch_network

                       Pin      Wire     Max     Max     Connection
Port           Dir     Load     Load     Trans   Cap     Class      Attrs
--------------------------------------------------------------------------------
clk            in      0.0000   0.0000    0.40    0.07   --         d
inp_a[0]       in      0.0000   0.0000    0.40    0.07   --         
inp_a[1]       in      0.0000   0.0000    0.40    0.07   --         
inp_a[2]       in      0.0000   0.0000    0.40    0.07   --         
inp_a[3]       in      0.0000   0.0000    0.40    0.07   --         
inp_a[4]       in      0.0000   0.0000    0.40    0.07   --         
inp_a[5]       in      0.0000   0.0000    0.40    0.07   --         
inp_a[6]       in      0.0000   0.0000    0.40    0.07   --         
inp_a[7]       in      0.0000   0.0000    0.40    0.07   --         
inp_a[8]       in      0.0000   0.0000    0.40    0.07   --         
inp_a[9]       in      0.0000   0.0000    0.40    0.07   --         
inp_a[10]      in      0.0000   0.0000    0.40    0.07   --         
inp_a[11]      in      0.0000   0.0000    0.40    0.07   --         
inp_a[12]      in      0.0000   0.0000    0.40    0.07   --         
inp_a[13]      in      0.0000   0.0000    0.40    0.07   --         
inp_a[14]      in      0.0000   0.0000    0.40    0.07   --         
inp_a[15]      in      0.0000   0.0000    0.40    0.07   --         
inp_b[0]       in      0.0000   0.0000    0.40    0.07   --         
inp_b[1]       in      0.0000   0.0000    0.40    0.07   --         
inp_b[2]       in      0.0000   0.0000    0.40    0.07   --         
inp_b[3]       in      0.0000   0.0000    0.40    0.07   --         
inp_b[4]       in      0.0000   0.0000    0.40    0.07   --         
inp_b[5]       in      0.0000   0.0000    0.40    0.07   --         
inp_b[6]       in      0.0000   0.0000    0.40    0.07   --         
inp_b[7]       in      0.0000   0.0000    0.40    0.07   --         
inp_b[8]       in      0.0000   0.0000    0.40    0.07   --         
inp_b[9]       in      0.0000   0.0000    0.40    0.07   --         
inp_b[10]      in      0.0000   0.0000    0.40    0.07   --         
inp_b[11]      in      0.0000   0.0000    0.40    0.07   --         
inp_b[12]      in      0.0000   0.0000    0.40    0.07   --         
inp_b[13]      in      0.0000   0.0000    0.40    0.07   --         
inp_b[14]      in      0.0000   0.0000    0.40    0.07   --         
inp_b[15]      in      0.0000   0.0000    0.40    0.07   --         
rst            in      0.0000   0.0000    0.40    0.07   --         
prod[0]        out     0.0100   0.0000   --      --      --         
prod[1]        out     0.0100   0.0000   --      --      --         
prod[2]        out     0.0100   0.0000   --      --      --         
prod[3]        out     0.0100   0.0000   --      --      --         
prod[4]        out     0.0100   0.0000   --      --      --         
prod[5]        out     0.0100   0.0000   --      --      --         
prod[6]        out     0.0100   0.0000   --      --      --         
prod[7]        out     0.0100   0.0000   --      --      --         
prod[8]        out     0.0100   0.0000   --      --      --         
prod[9]        out     0.0100   0.0000   --      --      --         
prod[10]       out     0.0100   0.0000   --      --      --         
prod[11]       out     0.0100   0.0000   --      --      --         
prod[12]       out     0.0100   0.0000   --      --      --         
prod[13]       out     0.0100   0.0000   --      --      --         
prod[14]       out     0.0100   0.0000   --      --      --         
prod[15]       out     0.0100   0.0000   --      --      --         
prod[16]       out     0.0100   0.0000   --      --      --         
prod[17]       out     0.0100   0.0000   --      --      --         
prod[18]       out     0.0100   0.0000   --      --      --         
prod[19]       out     0.0100   0.0000   --      --      --         
prod[20]       out     0.0100   0.0000   --      --      --         
prod[21]       out     0.0100   0.0000   --      --      --         
prod[22]       out     0.0100   0.0000   --      --      --         
prod[23]       out     0.0100   0.0000   --      --      --         
prod[24]       out     0.0100   0.0000   --      --      --         
prod[25]       out     0.0100   0.0000   --      --      --         
prod[26]       out     0.0100   0.0000   --      --      --         
prod[27]       out     0.0100   0.0000   --      --      --         
prod[28]       out     0.0100   0.0000   --      --      --         
prod[29]       out     0.0100   0.0000   --      --      --         
prod[30]       out     0.0100   0.0000   --      --      --         
prod[31]       out     0.0100   0.0000   --      --      --         


              External  Max             Min                Min       Min
              Number    Wireload        Wireload           Pin       Wire
Port          Points    Model           Model              Load      Load
--------------------------------------------------------------------------------
clk                1      --              --              --        -- 
inp_a[0]           1      --              --              --        -- 
inp_a[1]           1      --              --              --        -- 
inp_a[2]           1      --              --              --        -- 
inp_a[3]           1      --              --              --        -- 
inp_a[4]           1      --              --              --        -- 
inp_a[5]           1      --              --              --        -- 
inp_a[6]           1      --              --              --        -- 
inp_a[7]           1      --              --              --        -- 
inp_a[8]           1      --              --              --        -- 
inp_a[9]           1      --              --              --        -- 
inp_a[10]          1      --              --              --        -- 
inp_a[11]          1      --              --              --        -- 
inp_a[12]          1      --              --              --        -- 
inp_a[13]          1      --              --              --        -- 
inp_a[14]          1      --              --              --        -- 
inp_a[15]          1      --              --              --        -- 
inp_b[0]           1      --              --              --        -- 
inp_b[1]           1      --              --              --        -- 
inp_b[2]           1      --              --              --        -- 
inp_b[3]           1      --              --              --        -- 
inp_b[4]           1      --              --              --        -- 
inp_b[5]           1      --              --              --        -- 
inp_b[6]           1      --              --              --        -- 
inp_b[7]           1      --              --              --        -- 
inp_b[8]           1      --              --              --        -- 
inp_b[9]           1      --              --              --        -- 
inp_b[10]          1      --              --              --        -- 
inp_b[11]          1      --              --              --        -- 
inp_b[12]          1      --              --              --        -- 
inp_b[13]          1      --              --              --        -- 
inp_b[14]          1      --              --              --        -- 
inp_b[15]          1      --              --              --        -- 
rst                1      --              --              --        -- 
prod[0]            1      --              --              --        -- 
prod[1]            1      --              --              --        -- 
prod[2]            1      --              --              --        -- 
prod[3]            1      --              --              --        -- 
prod[4]            1      --              --              --        -- 
prod[5]            1      --              --              --        -- 
prod[6]            1      --              --              --        -- 
prod[7]            1      --              --              --        -- 
prod[8]            1      --              --              --        -- 
prod[9]            1      --              --              --        -- 
prod[10]           1      --              --              --        -- 
prod[11]           1      --              --              --        -- 
prod[12]           1      --              --              --        -- 
prod[13]           1      --              --              --        -- 
prod[14]           1      --              --              --        -- 
prod[15]           1      --              --              --        -- 
prod[16]           1      --              --              --        -- 
prod[17]           1      --              --              --        -- 
prod[18]           1      --              --              --        -- 
prod[19]           1      --              --              --        -- 
prod[20]           1      --              --              --        -- 
prod[21]           1      --              --              --        -- 
prod[22]           1      --              --              --        -- 
prod[23]           1      --              --              --        -- 
prod[24]           1      --              --              --        -- 
prod[25]           1      --              --              --        -- 
prod[26]           1      --              --              --        -- 
prod[27]           1      --              --              --        -- 
prod[28]           1      --              --              --        -- 
prod[29]           1      --              --              --        -- 
prod[30]           1      --              --              --        -- 
prod[31]           1      --              --              --        -- 

                    Input Delay
                  Min             Max       Related   Max
Input Port    Rise    Fall    Rise    Fall   Clock  Fanout
--------------------------------------------------------------------------------
clk           --      --      --      --      --      -- 
inp_a[0]      0.01    0.01    0.01    0.01  clk       --    
inp_a[1]      0.01    0.01    0.01    0.01  clk       --    
inp_a[2]      0.01    0.01    0.01    0.01  clk       --    
inp_a[3]      0.01    0.01    0.01    0.01  clk       --    
inp_a[4]      0.01    0.01    0.01    0.01  clk       --    
inp_a[5]      0.01    0.01    0.01    0.01  clk       --    
inp_a[6]      0.01    0.01    0.01    0.01  clk       --    
inp_a[7]      0.01    0.01    0.01    0.01  clk       --    
inp_a[8]      0.01    0.01    0.01    0.01  clk       --    
inp_a[9]      0.01    0.01    0.01    0.01  clk       --    
inp_a[10]     0.01    0.01    0.01    0.01  clk       --    
inp_a[11]     0.01    0.01    0.01    0.01  clk       --    
inp_a[12]     0.01    0.01    0.01    0.01  clk       --    
inp_a[13]     0.01    0.01    0.01    0.01  clk       --    
inp_a[14]     0.01    0.01    0.01    0.01  clk       --    
inp_a[15]     0.01    0.01    0.01    0.01  clk       --    
inp_b[0]      0.01    0.01    0.01    0.01  clk       --    
inp_b[1]      0.01    0.01    0.01    0.01  clk       --    
inp_b[2]      0.01    0.01    0.01    0.01  clk       --    
inp_b[3]      0.01    0.01    0.01    0.01  clk       --    
inp_b[4]      0.01    0.01    0.01    0.01  clk       --    
inp_b[5]      0.01    0.01    0.01    0.01  clk       --    
inp_b[6]      0.01    0.01    0.01    0.01  clk       --    
inp_b[7]      0.01    0.01    0.01    0.01  clk       --    
inp_b[8]      0.01    0.01    0.01    0.01  clk       --    
inp_b[9]      0.01    0.01    0.01    0.01  clk       --    
inp_b[10]     0.01    0.01    0.01    0.01  clk       --    
inp_b[11]     0.01    0.01    0.01    0.01  clk       --    
inp_b[12]     0.01    0.01    0.01    0.01  clk       --    
inp_b[13]     0.01    0.01    0.01    0.01  clk       --    
inp_b[14]     0.01    0.01    0.01    0.01  clk       --    
inp_b[15]     0.01    0.01    0.01    0.01  clk       --    
rst           0.01    0.01    0.01    0.01  clk       --    


                    Driving Cell
Input Port   Rise(min/max)      Fall(min/max)      Mult(min/max)  Attrs(min/max)
--------------------------------------------------------------------------------
clk          INVD1BWP20P90      INVD1BWP20P90        -- /  --     
inp_a[0]     INVD1BWP20P90      INVD1BWP20P90        -- /  --     
inp_a[1]     INVD1BWP20P90      INVD1BWP20P90        -- /  --     
inp_a[2]     INVD1BWP20P90      INVD1BWP20P90        -- /  --     
inp_a[3]     INVD1BWP20P90      INVD1BWP20P90        -- /  --     
inp_a[4]     INVD1BWP20P90      INVD1BWP20P90        -- /  --     
inp_a[5]     INVD1BWP20P90      INVD1BWP20P90        -- /  --     
inp_a[6]     INVD1BWP20P90      INVD1BWP20P90        -- /  --     
inp_a[7]     INVD1BWP20P90      INVD1BWP20P90        -- /  --     
inp_a[8]     INVD1BWP20P90      INVD1BWP20P90        -- /  --     
inp_a[9]     INVD1BWP20P90      INVD1BWP20P90        -- /  --     
inp_a[10]    INVD1BWP20P90      INVD1BWP20P90        -- /  --     
inp_a[11]    INVD1BWP20P90      INVD1BWP20P90        -- /  --     
inp_a[12]    INVD1BWP20P90      INVD1BWP20P90        -- /  --     
inp_a[13]    INVD1BWP20P90      INVD1BWP20P90        -- /  --     
inp_a[14]    INVD1BWP20P90      INVD1BWP20P90        -- /  --     
inp_a[15]    INVD1BWP20P90      INVD1BWP20P90        -- /  --     
inp_b[0]     INVD1BWP20P90      INVD1BWP20P90        -- /  --     
inp_b[1]     INVD1BWP20P90      INVD1BWP20P90        -- /  --     
inp_b[2]     INVD1BWP20P90      INVD1BWP20P90        -- /  --     
inp_b[3]     INVD1BWP20P90      INVD1BWP20P90        -- /  --     
inp_b[4]     INVD1BWP20P90      INVD1BWP20P90        -- /  --     
inp_b[5]     INVD1BWP20P90      INVD1BWP20P90        -- /  --     
inp_b[6]     INVD1BWP20P90      INVD1BWP20P90        -- /  --     
inp_b[7]     INVD1BWP20P90      INVD1BWP20P90        -- /  --     
inp_b[8]     INVD1BWP20P90      INVD1BWP20P90        -- /  --     
inp_b[9]     INVD1BWP20P90      INVD1BWP20P90        -- /  --     
inp_b[10]    INVD1BWP20P90      INVD1BWP20P90        -- /  --     
inp_b[11]    INVD1BWP20P90      INVD1BWP20P90        -- /  --     
inp_b[12]    INVD1BWP20P90      INVD1BWP20P90        -- /  --     
inp_b[13]    INVD1BWP20P90      INVD1BWP20P90        -- /  --     
inp_b[14]    INVD1BWP20P90      INVD1BWP20P90        -- /  --     
inp_b[15]    INVD1BWP20P90      INVD1BWP20P90        -- /  --     
rst          INVD1BWP20P90      INVD1BWP20P90        -- /  --     


               Max Drive      Min Drive      Resistance    Min    Min       Cell
Input Port    Rise    Fall   Rise    Fall   Max     Min    Cap    Fanout    Deg
--------------------------------------------------------------------------------
clk           --      --     --      --     --      --     --     --        -- 
inp_a[0]      --      --     --      --     --      --     --     --        -- 
inp_a[1]      --      --     --      --     --      --     --     --        -- 
inp_a[2]      --      --     --      --     --      --     --     --        -- 
inp_a[3]      --      --     --      --     --      --     --     --        -- 
inp_a[4]      --      --     --      --     --      --     --     --        -- 
inp_a[5]      --      --     --      --     --      --     --     --        -- 
inp_a[6]      --      --     --      --     --      --     --     --        -- 
inp_a[7]      --      --     --      --     --      --     --     --        -- 
inp_a[8]      --      --     --      --     --      --     --     --        -- 
inp_a[9]      --      --     --      --     --      --     --     --        -- 
inp_a[10]     --      --     --      --     --      --     --     --        -- 
inp_a[11]     --      --     --      --     --      --     --     --        -- 
inp_a[12]     --      --     --      --     --      --     --     --        -- 
inp_a[13]     --      --     --      --     --      --     --     --        -- 
inp_a[14]     --      --     --      --     --      --     --     --        -- 
inp_a[15]     --      --     --      --     --      --     --     --        -- 
inp_b[0]      --      --     --      --     --      --     --     --        -- 
inp_b[1]      --      --     --      --     --      --     --     --        -- 
inp_b[2]      --      --     --      --     --      --     --     --        -- 
inp_b[3]      --      --     --      --     --      --     --     --        -- 
inp_b[4]      --      --     --      --     --      --     --     --        -- 
inp_b[5]      --      --     --      --     --      --     --     --        -- 
inp_b[6]      --      --     --      --     --      --     --     --        -- 
inp_b[7]      --      --     --      --     --      --     --     --        -- 
inp_b[8]      --      --     --      --     --      --     --     --        -- 
inp_b[9]      --      --     --      --     --      --     --     --        -- 
inp_b[10]     --      --     --      --     --      --     --     --        -- 
inp_b[11]     --      --     --      --     --      --     --     --        -- 
inp_b[12]     --      --     --      --     --      --     --     --        -- 
inp_b[13]     --      --     --      --     --      --     --     --        -- 
inp_b[14]     --      --     --      --     --      --     --     --        -- 
inp_b[15]     --      --     --      --     --      --     --     --        -- 
rst           --      --     --      --     --      --     --     --        -- 


               Max Tran        Min Tran
Input Port    Rise    Fall    Rise    Fall
--------------------------------------------------------------------------------
clk           --      --      --      -- 
inp_a[0]      --      --      --      -- 
inp_a[1]      --      --      --      -- 
inp_a[2]      --      --      --      -- 
inp_a[3]      --      --      --      -- 
inp_a[4]      --      --      --      -- 
inp_a[5]      --      --      --      -- 
inp_a[6]      --      --      --      -- 
inp_a[7]      --      --      --      -- 
inp_a[8]      --      --      --      -- 
inp_a[9]      --      --      --      -- 
inp_a[10]     --      --      --      -- 
inp_a[11]     --      --      --      -- 
inp_a[12]     --      --      --      -- 
inp_a[13]     --      --      --      -- 
inp_a[14]     --      --      --      -- 
inp_a[15]     --      --      --      -- 
inp_b[0]      --      --      --      -- 
inp_b[1]      --      --      --      -- 
inp_b[2]      --      --      --      -- 
inp_b[3]      --      --      --      -- 
inp_b[4]      --      --      --      -- 
inp_b[5]      --      --      --      -- 
inp_b[6]      --      --      --      -- 
inp_b[7]      --      --      --      -- 
inp_b[8]      --      --      --      -- 
inp_b[9]      --      --      --      -- 
inp_b[10]     --      --      --      -- 
inp_b[11]     --      --      --      -- 
inp_b[12]     --      --      --      -- 
inp_b[13]     --      --      --      -- 
inp_b[14]     --      --      --      -- 
inp_b[15]     --      --      --      -- 
rst           --      --      --      -- 


                    Output Delay
                  Min             Max      Related  Fanout
Output Port   Rise    Fall    Rise    Fall  Clock     Load
--------------------------------------------------------------------------------
prod[0]       0.01    0.01    0.01    0.01  clk       0.00  
prod[1]       0.01    0.01    0.01    0.01  clk       0.00  
prod[2]       0.01    0.01    0.01    0.01  clk       0.00  
prod[3]       0.01    0.01    0.01    0.01  clk       0.00  
prod[4]       0.01    0.01    0.01    0.01  clk       0.00  
prod[5]       0.01    0.01    0.01    0.01  clk       0.00  
prod[6]       0.01    0.01    0.01    0.01  clk       0.00  
prod[7]       0.01    0.01    0.01    0.01  clk       0.00  
prod[8]       0.01    0.01    0.01    0.01  clk       0.00  
prod[9]       0.01    0.01    0.01    0.01  clk       0.00  
prod[10]      0.01    0.01    0.01    0.01  clk       0.00  
prod[11]      0.01    0.01    0.01    0.01  clk       0.00  
prod[12]      0.01    0.01    0.01    0.01  clk       0.00  
prod[13]      0.01    0.01    0.01    0.01  clk       0.00  
prod[14]      0.01    0.01    0.01    0.01  clk       0.00  
prod[15]      0.01    0.01    0.01    0.01  clk       0.00  
prod[16]      0.01    0.01    0.01    0.01  clk       0.00  
prod[17]      0.01    0.01    0.01    0.01  clk       0.00  
prod[18]      0.01    0.01    0.01    0.01  clk       0.00  
prod[19]      0.01    0.01    0.01    0.01  clk       0.00  
prod[20]      0.01    0.01    0.01    0.01  clk       0.00  
prod[21]      0.01    0.01    0.01    0.01  clk       0.00  
prod[22]      0.01    0.01    0.01    0.01  clk       0.00  
prod[23]      0.01    0.01    0.01    0.01  clk       0.00  
prod[24]      0.01    0.01    0.01    0.01  clk       0.00  
prod[25]      0.01    0.01    0.01    0.01  clk       0.00  
prod[26]      0.01    0.01    0.01    0.01  clk       0.00  
prod[27]      0.01    0.01    0.01    0.01  clk       0.00  
prod[28]      0.01    0.01    0.01    0.01  clk       0.00  
prod[29]      0.01    0.01    0.01    0.01  clk       0.00  
prod[30]      0.01    0.01    0.01    0.01  clk       0.00  
prod[31]      0.01    0.01    0.01    0.01  clk       0.00  

1
 
****************************************
Report : compile_options
Design : mult
Version: V-2023.12-SP5
Date   : Tue Sep 22 18:08:35 2026
****************************************

Design                                   Compile Option         Value
--------------------------------------------------------------------------------
mult                                     flatten                false
                                         structure              true
                                         structure_boolean      false
                                         structure_timing       true
                                         isolate_port           disabled
                                         multibit_options
                                           optimization_mode    non_timing_driven
                                           minimum_width        2
                                           exclude_registers_with_timing_exceptions false
--------------------------------------------------------------------------------
1
