1
 
****************************************
Report : design
Design : mult
Version: V-2023.12-SP5
Date   : Tue Sep 22 18:09:15 2026
****************************************

Design allows ideal nets on clock nets.

Library(s) Used:

    N16ADFP_StdCelltt0p8v25c (File: /classes/ece5746/tsmcN16/Executable_Package/Collaterals/IP/stdcell/N16ADFP_StdCell/NLDM/N16ADFP_StdCelltt0p8v25c.db)

Local Link Library:

    {N16ADFP_StdCelltt0p8v25c.db}

Flip-Flop Types:

    No flip-flop types specified.

Latch Types:

    No latch types specified.

Operating Conditions:


    Operating Condition Name : tt0p8v25c
    Library : N16ADFP_StdCelltt0p8v25c
    Process :   1.00
    Temperature :  25.00
    Voltage :   0.80
    Interconnect Model : balanced_tree

Wire Loading Model:

    Selected automatically from the total cell area.

Name           :   ZeroWireload
Location       :   N16ADFP_StdCelltt0p8v25c
Resistance     :   1e-05
Capacitance    :   1
Area           :   0
Slope          :   0
Fanout   Length   Points Average Cap Std Deviation
--------------------------------------------------------------
     1     0.00
     2     0.00
     3     0.00
     4     0.00
     5     0.00
     6     0.00
     7     0.00
     8     0.00
     9     0.00
    10     0.00
    11     0.00
    12     0.00
    13     0.00
    14     0.00
    15     0.00
    16     0.00
    17     0.00
    18     0.00
    19     0.00
    20     0.00



Wire Loading Model Mode: segmented.

Timing Ranges:

    No timing ranges specified.

Pin Input Delays:

    None specified.

Pin Output Delays:

    None specified.

Disabled Timing Arcs:

    No arcs disabled.

Required Licenses:

    DesignWare

Design Parameters:

    None specified.
1
 
****************************************
Report : cell
Design : mult
Version: V-2023.12-SP5
Date   : Tue Sep 22 18:09:15 2026
****************************************

Attributes:
    b - black box (unknown)
    h - hierarchical
    n - noncombinational
    r - removable
    u - contains unmapped logic

Cell                      Reference       Library             Area  Attributes
--------------------------------------------------------------------------------
U35                       FA1D1BWP20P90   N16ADFP_StdCelltt0p8v25c
                                                          1.036800  r
U36                       OAI22D1BWP20P90 N16ADFP_StdCelltt0p8v25c
                                                          0.311040  
U37                       CKBD1BWP20P90   N16ADFP_StdCelltt0p8v25c
                                                          0.207360  
U38                       INVD1BWP20P90   N16ADFP_StdCelltt0p8v25c
                                                          0.155520  
U39                       BUFFD2BWP20P90  N16ADFP_StdCelltt0p8v25c
                                                          0.259200  
U40                       INVD1BWP20P90   N16ADFP_StdCelltt0p8v25c
                                                          0.155520  
U41                       ND2D1BWP20P90   N16ADFP_StdCelltt0p8v25c
                                                          0.207360  
U42                       CKBD1BWP20P90   N16ADFP_StdCelltt0p8v25c
                                                          0.207360  
U43                       INVD1BWP20P90   N16ADFP_StdCelltt0p8v25c
                                                          0.155520  
U44                       CKBD1BWP20P90   N16ADFP_StdCelltt0p8v25c
                                                          0.207360  
U45                       OAI22D1BWP20P90 N16ADFP_StdCelltt0p8v25c
                                                          0.311040  
U46                       OAI22D1BWP20P90 N16ADFP_StdCelltt0p8v25c
                                                          0.311040  
U47                       OAI22D1BWP20P90 N16ADFP_StdCelltt0p8v25c
                                                          0.311040  
U48                       INVD1BWP20P90   N16ADFP_StdCelltt0p8v25c
                                                          0.155520  
U49                       CKND2BWP20P90   N16ADFP_StdCelltt0p8v25c
                                                          0.207360  
U50                       CKBD1BWP20P90   N16ADFP_StdCelltt0p8v25c
                                                          0.207360  
U51                       INVD1BWP20P90   N16ADFP_StdCelltt0p8v25c
                                                          0.155520  
U52                       CKBD1BWP20P90   N16ADFP_StdCelltt0p8v25c
                                                          0.207360  
U53                       INVD1BWP20P90   N16ADFP_StdCelltt0p8v25c
                                                          0.155520  
U54                       NR2D1BWP20P90   N16ADFP_StdCelltt0p8v25c
                                                          0.207360  
U55                       NR2D1BWP20P90   N16ADFP_StdCelltt0p8v25c
                                                          0.207360  
U56                       OAI21D1BWP20P90 N16ADFP_StdCelltt0p8v25c
                                                          0.259200  
U57                       XOR2D1BWP20P90  N16ADFP_StdCelltt0p8v25c
                                                          0.518400  
U58                       AN2D1BWP20P90   N16ADFP_StdCelltt0p8v25c
                                                          0.259200  
U59                       XOR2D1BWP20P90  N16ADFP_StdCelltt0p8v25c
                                                          0.518400  
U60                       XOR2D1BWP20P90  N16ADFP_StdCelltt0p8v25c
                                                          0.518400  
U61                       XNR2D1BWP20P90  N16ADFP_StdCelltt0p8v25c
                                                          0.518400  
U62                       XNR2D1BWP20P90  N16ADFP_StdCelltt0p8v25c
                                                          0.518400  
U63                       XOR2D1BWP20P90  N16ADFP_StdCelltt0p8v25c
                                                          0.518400  
U64                       XOR2D1BWP20P90  N16ADFP_StdCelltt0p8v25c
                                                          0.518400  
U65                       CKBD1BWP20P90   N16ADFP_StdCelltt0p8v25c
                                                          0.207360  
U66                       HA1D1BWP20P90   N16ADFP_StdCelltt0p8v25c
                                                          0.881280  r
U67                       HA1D1BWP20P90   N16ADFP_StdCelltt0p8v25c
                                                          0.881280  r
U68                       HA1D1BWP20P90   N16ADFP_StdCelltt0p8v25c
                                                          0.881280  r
U69                       HA1D1BWP20P90   N16ADFP_StdCelltt0p8v25c
                                                          0.881280  r
U70                       HA1D1BWP20P90   N16ADFP_StdCelltt0p8v25c
                                                          0.881280  r
U71                       HA1D1BWP20P90   N16ADFP_StdCelltt0p8v25c
                                                          0.881280  r
U72                       HA1D1BWP20P90   N16ADFP_StdCelltt0p8v25c
                                                          0.881280  r
U73                       XOR3D1BWP20P90  N16ADFP_StdCelltt0p8v25c
                                                          0.984960  
U74                       ND2D1BWP20P90   N16ADFP_StdCelltt0p8v25c
                                                          0.207360  
U75                       XOR2D1BWP20P90  N16ADFP_StdCelltt0p8v25c
                                                          0.518400  
U76                       AN2D1BWP20P90   N16ADFP_StdCelltt0p8v25c
                                                          0.259200  
U77                       AN2D1BWP20P90   N16ADFP_StdCelltt0p8v25c
                                                          0.259200  
U78                       AN2D1BWP20P90   N16ADFP_StdCelltt0p8v25c
                                                          0.259200  
U79                       XOR2D1BWP20P90  N16ADFP_StdCelltt0p8v25c
                                                          0.518400  
U80                       AN2D1BWP20P90   N16ADFP_StdCelltt0p8v25c
                                                          0.259200  
U81                       XOR2D1BWP20P90  N16ADFP_StdCelltt0p8v25c
                                                          0.518400  
U82                       OAI21D4BWP20P90 N16ADFP_StdCelltt0p8v25c
                                                          0.725760  
U83                       AOI21D1BWP20P90 N16ADFP_StdCelltt0p8v25c
                                                          0.259200  
U84                       AOI21D1BWP20P90 N16ADFP_StdCelltt0p8v25c
                                                          0.259200  
U85                       AOI21D1BWP20P90 N16ADFP_StdCelltt0p8v25c
                                                          0.259200  
U86                       AOI21D2BWP20P90 N16ADFP_StdCelltt0p8v25c
                                                          0.414720  
U87                       ND2D2BWP20P90   N16ADFP_StdCelltt0p8v25c
                                                          0.311040  
U88                       AOI21D2BWP20P90 N16ADFP_StdCelltt0p8v25c
                                                          0.414720  
U89                       INVD1BWP20P90   N16ADFP_StdCelltt0p8v25c
                                                          0.155520  
U90                       INVD1BWP20P90   N16ADFP_StdCelltt0p8v25c
                                                          0.155520  
U91                       INVD1BWP20P90   N16ADFP_StdCelltt0p8v25c
                                                          0.155520  
U92                       INVD1BWP20P90   N16ADFP_StdCelltt0p8v25c
                                                          0.155520  
U93                       INVD1BWP20P90   N16ADFP_StdCelltt0p8v25c
                                                          0.155520  
U94                       INVD1BWP20P90   N16ADFP_StdCelltt0p8v25c
                                                          0.155520  
U95                       INVD1BWP20P90   N16ADFP_StdCelltt0p8v25c
                                                          0.155520  
U96                       INVD1BWP20P90   N16ADFP_StdCelltt0p8v25c
                                                          0.155520  
U97                       INVD1BWP20P90   N16ADFP_StdCelltt0p8v25c
                                                          0.155520  
U98                       INVD1BWP20P90   N16ADFP_StdCelltt0p8v25c
                                                          0.155520  
U99                       ND2D1BWP20P90   N16ADFP_StdCelltt0p8v25c
                                                          0.207360  
U100                      ND2D1BWP20P90   N16ADFP_StdCelltt0p8v25c
                                                          0.207360  
U101                      INVD1BWP20P90   N16ADFP_StdCelltt0p8v25c
                                                          0.155520  
U102                      INVD1BWP20P90   N16ADFP_StdCelltt0p8v25c
                                                          0.155520  
U103                      INVD1BWP20P90   N16ADFP_StdCelltt0p8v25c
                                                          0.155520  
U104                      INVD1BWP20P90   N16ADFP_StdCelltt0p8v25c
                                                          0.155520  
U105                      INVD1BWP20P90   N16ADFP_StdCelltt0p8v25c
                                                          0.155520  
U106                      XOR2D1BWP20P90  N16ADFP_StdCelltt0p8v25c
                                                          0.518400  
U107                      INVD1BWP20P90   N16ADFP_StdCelltt0p8v25c
                                                          0.155520  
U108                      XOR2D1BWP20P90  N16ADFP_StdCelltt0p8v25c
                                                          0.518400  
U109                      XOR2D1BWP20P90  N16ADFP_StdCelltt0p8v25c
                                                          0.518400  
U110                      INVD1BWP20P90   N16ADFP_StdCelltt0p8v25c
                                                          0.155520  
U111                      INVD1BWP20P90   N16ADFP_StdCelltt0p8v25c
                                                          0.155520  
U112                      XOR2D1BWP20P90  N16ADFP_StdCelltt0p8v25c
                                                          0.518400  
U113                      INVD1BWP20P90   N16ADFP_StdCelltt0p8v25c
                                                          0.155520  
U114                      INVD1BWP20P90   N16ADFP_StdCelltt0p8v25c
                                                          0.155520  
U115                      XOR2D1BWP20P90  N16ADFP_StdCelltt0p8v25c
                                                          0.518400  
U116                      INVD1BWP20P90   N16ADFP_StdCelltt0p8v25c
                                                          0.155520  
U117                      INVD1BWP20P90   N16ADFP_StdCelltt0p8v25c
                                                          0.155520  
U118                      XOR2D1BWP20P90  N16ADFP_StdCelltt0p8v25c
                                                          0.518400  
U119                      INVD1BWP20P90   N16ADFP_StdCelltt0p8v25c
                                                          0.155520  
U120                      INVD1BWP20P90   N16ADFP_StdCelltt0p8v25c
                                                          0.155520  
U121                      XOR2D1BWP20P90  N16ADFP_StdCelltt0p8v25c
                                                          0.518400  
U122                      INVD1BWP20P90   N16ADFP_StdCelltt0p8v25c
                                                          0.155520  
U123                      INVD1BWP20P90   N16ADFP_StdCelltt0p8v25c
                                                          0.155520  
U124                      XOR2D1BWP20P90  N16ADFP_StdCelltt0p8v25c
                                                          0.518400  
U125                      INVD1BWP20P90   N16ADFP_StdCelltt0p8v25c
                                                          0.155520  
U126                      INVD1BWP20P90   N16ADFP_StdCelltt0p8v25c
                                                          0.155520  
U127                      CKBD1BWP20P90   N16ADFP_StdCelltt0p8v25c
                                                          0.207360  
U128                      XOR2D1BWP20P90  N16ADFP_StdCelltt0p8v25c
                                                          0.518400  
U129                      OR2D1BWP20P90   N16ADFP_StdCelltt0p8v25c
                                                          0.259200  
U130                      AN2D1BWP20P90   N16ADFP_StdCelltt0p8v25c
                                                          0.259200  
U131                      OR2D1BWP20P90   N16ADFP_StdCelltt0p8v25c
                                                          0.259200  
U132                      OR2D1BWP20P90   N16ADFP_StdCelltt0p8v25c
                                                          0.259200  
U133                      BUFFD2BWP20P90  N16ADFP_StdCelltt0p8v25c
                                                          0.259200  
U134                      NR2D1BWP20P90   N16ADFP_StdCelltt0p8v25c
                                                          0.207360  
U135                      CKBD1BWP20P90   N16ADFP_StdCelltt0p8v25c
                                                          0.207360  
U136                      NR2D1BWP20P90   N16ADFP_StdCelltt0p8v25c
                                                          0.207360  
U137                      XOR2D1BWP20P90  N16ADFP_StdCelltt0p8v25c
                                                          0.518400  
U138                      XOR2D1BWP20P90  N16ADFP_StdCelltt0p8v25c
                                                          0.518400  
U139                      XNR2D1BWP20P90  N16ADFP_StdCelltt0p8v25c
                                                          0.518400  
U140                      XNR2D1BWP20P90  N16ADFP_StdCelltt0p8v25c
                                                          0.518400  
U141                      OAI22D1BWP20P90 N16ADFP_StdCelltt0p8v25c
                                                          0.311040  
U142                      XOR2D1BWP20P90  N16ADFP_StdCelltt0p8v25c
                                                          0.518400  
U143                      XNR2D1BWP20P90  N16ADFP_StdCelltt0p8v25c
                                                          0.518400  
U144                      XNR2D1BWP20P90  N16ADFP_StdCelltt0p8v25c
                                                          0.518400  
U145                      OAI22D1BWP20P90 N16ADFP_StdCelltt0p8v25c
                                                          0.311040  
U146                      XNR2D1BWP20P90  N16ADFP_StdCelltt0p8v25c
                                                          0.518400  
U147                      XNR2D1BWP20P90  N16ADFP_StdCelltt0p8v25c
                                                          0.518400  
U148                      OAI22D1BWP20P90 N16ADFP_StdCelltt0p8v25c
                                                          0.311040  
U149                      XNR2D1BWP20P90  N16ADFP_StdCelltt0p8v25c
                                                          0.518400  
U150                      XNR2D1BWP20P90  N16ADFP_StdCelltt0p8v25c
                                                          0.518400  
U151                      OAI22D1BWP20P90 N16ADFP_StdCelltt0p8v25c
                                                          0.311040  
U152                      XNR2D1BWP20P90  N16ADFP_StdCelltt0p8v25c
                                                          0.518400  
U153                      OAI22D1BWP20P90 N16ADFP_StdCelltt0p8v25c
                                                          0.311040  
U154                      XNR2D1BWP20P90  N16ADFP_StdCelltt0p8v25c
                                                          0.518400  
U155                      OAI22D1BWP20P90 N16ADFP_StdCelltt0p8v25c
                                                          0.311040  
U156                      XNR2D1BWP20P90  N16ADFP_StdCelltt0p8v25c
                                                          0.518400  
U157                      XNR2D1BWP20P90  N16ADFP_StdCelltt0p8v25c
                                                          0.518400  
U158                      OAI22D1BWP20P90 N16ADFP_StdCelltt0p8v25c
                                                          0.311040  
U159                      IND2D1BWP20P90  N16ADFP_StdCelltt0p8v25c
                                                          0.259200  
U160                      OAI22D1BWP20P90 N16ADFP_StdCelltt0p8v25c
                                                          0.311040  
U161                      XNR2D1BWP20P90  N16ADFP_StdCelltt0p8v25c
                                                          0.518400  
U162                      XNR2D1BWP20P90  N16ADFP_StdCelltt0p8v25c
                                                          0.518400  
U163                      OAI22D1BWP20P90 N16ADFP_StdCelltt0p8v25c
                                                          0.311040  
U164                      FA1D1BWP20P90   N16ADFP_StdCelltt0p8v25c
                                                          1.036800  r
U165                      XNR2D1BWP20P90  N16ADFP_StdCelltt0p8v25c
                                                          0.518400  
U166                      XNR2D1BWP20P90  N16ADFP_StdCelltt0p8v25c
                                                          0.518400  
U167                      OAI22D1BWP20P90 N16ADFP_StdCelltt0p8v25c
                                                          0.311040  
U168                      XNR2D1BWP20P90  N16ADFP_StdCelltt0p8v25c
                                                          0.518400  
U169                      OAI22D1BWP20P90 N16ADFP_StdCelltt0p8v25c
                                                          0.311040  
U170                      INR2D1BWP20P90  N16ADFP_StdCelltt0p8v25c
                                                          0.259200  
U171                      XNR2D1BWP20P90  N16ADFP_StdCelltt0p8v25c
                                                          0.518400  
U172                      OAI22D1BWP20P90 N16ADFP_StdCelltt0p8v25c
                                                          0.311040  
U173                      XNR2D1BWP20P90  N16ADFP_StdCelltt0p8v25c
                                                          0.518400  
U174                      XNR2D1BWP20P90  N16ADFP_StdCelltt0p8v25c
                                                          0.518400  
U175                      OAI22D1BWP20P90 N16ADFP_StdCelltt0p8v25c
                                                          0.311040  
U176                      XNR2D1BWP20P90  N16ADFP_StdCelltt0p8v25c
                                                          0.518400  
U177                      XNR2D1BWP20P90  N16ADFP_StdCelltt0p8v25c
                                                          0.518400  
U178                      OAI22D1BWP20P90 N16ADFP_StdCelltt0p8v25c
                                                          0.311040  
U179                      XNR2D1BWP20P90  N16ADFP_StdCelltt0p8v25c
                                                          0.518400  
U180                      XNR2D1BWP20P90  N16ADFP_StdCelltt0p8v25c
                                                          0.518400  
U181                      OAI22D1BWP20P90 N16ADFP_StdCelltt0p8v25c
                                                          0.311040  
U182                      XNR2D1BWP20P90  N16ADFP_StdCelltt0p8v25c
                                                          0.518400  
U183                      OAI22D1BWP20P90 N16ADFP_StdCelltt0p8v25c
                                                          0.311040  
U184                      XNR2D1BWP20P90  N16ADFP_StdCelltt0p8v25c
                                                          0.518400  
U185                      OAI22D1BWP20P90 N16ADFP_StdCelltt0p8v25c
                                                          0.311040  
U186                      XNR2D1BWP20P90  N16ADFP_StdCelltt0p8v25c
                                                          0.518400  
U187                      OAI22D1BWP20P90 N16ADFP_StdCelltt0p8v25c
                                                          0.311040  
U188                      FA1D1BWP20P90   N16ADFP_StdCelltt0p8v25c
                                                          1.036800  r
U189                      XNR2D1BWP20P90  N16ADFP_StdCelltt0p8v25c
                                                          0.518400  
U190                      OAI22D1BWP20P90 N16ADFP_StdCelltt0p8v25c
                                                          0.311040  
U191                      OAI22D1BWP20P90 N16ADFP_StdCelltt0p8v25c
                                                          0.311040  
U192                      XNR2D1BWP20P90  N16ADFP_StdCelltt0p8v25c
                                                          0.518400  
U193                      OAI22D1BWP20P90 N16ADFP_StdCelltt0p8v25c
                                                          0.311040  
U194                      OAI22D1BWP20P90 N16ADFP_StdCelltt0p8v25c
                                                          0.311040  
U195                      XNR2D1BWP20P90  N16ADFP_StdCelltt0p8v25c
                                                          0.518400  
U196                      OAI22D1BWP20P90 N16ADFP_StdCelltt0p8v25c
                                                          0.311040  
U197                      INVD1BWP20P90   N16ADFP_StdCelltt0p8v25c
                                                          0.155520  
U198                      IND2D1BWP20P90  N16ADFP_StdCelltt0p8v25c
                                                          0.259200  
U199                      OAI22D1BWP20P90 N16ADFP_StdCelltt0p8v25c
                                                          0.311040  
U200                      INR2D1BWP20P90  N16ADFP_StdCelltt0p8v25c
                                                          0.259200  
U201                      XNR2D1BWP20P90  N16ADFP_StdCelltt0p8v25c
                                                          0.518400  
U202                      OAI22D1BWP20P90 N16ADFP_StdCelltt0p8v25c
                                                          0.311040  
U203                      XNR2D1BWP20P90  N16ADFP_StdCelltt0p8v25c
                                                          0.518400  
U204                      OAI22D1BWP20P90 N16ADFP_StdCelltt0p8v25c
                                                          0.311040  
U205                      XNR2D1BWP20P90  N16ADFP_StdCelltt0p8v25c
                                                          0.518400  
U206                      OAI22D1BWP20P90 N16ADFP_StdCelltt0p8v25c
                                                          0.311040  
U207                      XNR2D1BWP20P90  N16ADFP_StdCelltt0p8v25c
                                                          0.518400  
U208                      OAI22D1BWP20P90 N16ADFP_StdCelltt0p8v25c
                                                          0.311040  
U209                      XNR2D1BWP20P90  N16ADFP_StdCelltt0p8v25c
                                                          0.518400  
U210                      OAI22D1BWP20P90 N16ADFP_StdCelltt0p8v25c
                                                          0.311040  
U211                      FA1D1BWP20P90   N16ADFP_StdCelltt0p8v25c
                                                          1.036800  r
U212                      FA1D1BWP20P90   N16ADFP_StdCelltt0p8v25c
                                                          1.036800  r
U213                      FA1D1BWP20P90   N16ADFP_StdCelltt0p8v25c
                                                          1.036800  r
U214                      XNR2D1BWP20P90  N16ADFP_StdCelltt0p8v25c
                                                          0.518400  
U215                      OAI22D1BWP20P90 N16ADFP_StdCelltt0p8v25c
                                                          0.311040  
U216                      XNR2D1BWP20P90  N16ADFP_StdCelltt0p8v25c
                                                          0.518400  
U217                      OAI22D1BWP20P90 N16ADFP_StdCelltt0p8v25c
                                                          0.311040  
U218                      XNR2D1BWP20P90  N16ADFP_StdCelltt0p8v25c
                                                          0.518400  
U219                      OAI22D1BWP20P90 N16ADFP_StdCelltt0p8v25c
                                                          0.311040  
U220                      XNR2D1BWP20P90  N16ADFP_StdCelltt0p8v25c
                                                          0.518400  
U221                      OAI22D1BWP20P90 N16ADFP_StdCelltt0p8v25c
                                                          0.311040  
U222                      INVD1BWP20P90   N16ADFP_StdCelltt0p8v25c
                                                          0.155520  
U223                      IND2D1BWP20P90  N16ADFP_StdCelltt0p8v25c
                                                          0.259200  
U224                      OAI22D1BWP20P90 N16ADFP_StdCelltt0p8v25c
                                                          0.311040  
U225                      XNR2D1BWP20P90  N16ADFP_StdCelltt0p8v25c
                                                          0.518400  
U226                      OAI22D1BWP20P90 N16ADFP_StdCelltt0p8v25c
                                                          0.311040  
U227                      FA1D1BWP20P90   N16ADFP_StdCelltt0p8v25c
                                                          1.036800  r
U228                      FA1D1BWP20P90   N16ADFP_StdCelltt0p8v25c
                                                          1.036800  r
U229                      NR2D1BWP20P90   N16ADFP_StdCelltt0p8v25c
                                                          0.207360  
U230                      FA1D1BWP20P90   N16ADFP_StdCelltt0p8v25c
                                                          1.036800  r
U231                      FA1D1BWP20P90   N16ADFP_StdCelltt0p8v25c
                                                          1.036800  r
U232                      FA1D1BWP20P90   N16ADFP_StdCelltt0p8v25c
                                                          1.036800  r
U233                      FA1D1BWP20P90   N16ADFP_StdCelltt0p8v25c
                                                          1.036800  r
U234                      XNR2D1BWP20P90  N16ADFP_StdCelltt0p8v25c
                                                          0.518400  
U235                      OAI22D1BWP20P90 N16ADFP_StdCelltt0p8v25c
                                                          0.311040  
U236                      XNR2D1BWP20P90  N16ADFP_StdCelltt0p8v25c
                                                          0.518400  
U237                      OAI22D1BWP20P90 N16ADFP_StdCelltt0p8v25c
                                                          0.311040  
U238                      FA1D1BWP20P90   N16ADFP_StdCelltt0p8v25c
                                                          1.036800  r
U239                      NR2D1BWP20P90   N16ADFP_StdCelltt0p8v25c
                                                          0.207360  
U240                      NR2D1BWP20P90   N16ADFP_StdCelltt0p8v25c
                                                          0.207360  
U241                      FA1D1BWP20P90   N16ADFP_StdCelltt0p8v25c
                                                          1.036800  r
U242                      XNR2D1BWP20P90  N16ADFP_StdCelltt0p8v25c
                                                          0.518400  
U243                      XNR2D1BWP20P90  N16ADFP_StdCelltt0p8v25c
                                                          0.518400  
U244                      OAI22D1BWP20P90 N16ADFP_StdCelltt0p8v25c
                                                          0.311040  
U245                      XNR2D1BWP20P90  N16ADFP_StdCelltt0p8v25c
                                                          0.518400  
U246                      XNR2D1BWP20P90  N16ADFP_StdCelltt0p8v25c
                                                          0.518400  
U247                      OAI22D1BWP20P90 N16ADFP_StdCelltt0p8v25c
                                                          0.311040  
U248                      XNR2D1BWP20P90  N16ADFP_StdCelltt0p8v25c
                                                          0.518400  
U249                      XNR2D1BWP20P90  N16ADFP_StdCelltt0p8v25c
                                                          0.518400  
U250                      OAI22D1BWP20P90 N16ADFP_StdCelltt0p8v25c
                                                          0.311040  
U251                      INVD1BWP20P90   N16ADFP_StdCelltt0p8v25c
                                                          0.155520  
U252                      IND2D1BWP20P90  N16ADFP_StdCelltt0p8v25c
                                                          0.259200  
U253                      OAI22D1BWP20P90 N16ADFP_StdCelltt0p8v25c
                                                          0.311040  
U254                      XNR2D1BWP20P90  N16ADFP_StdCelltt0p8v25c
                                                          0.518400  
U255                      XNR2D1BWP20P90  N16ADFP_StdCelltt0p8v25c
                                                          0.518400  
U256                      OAI22D1BWP20P90 N16ADFP_StdCelltt0p8v25c
                                                          0.311040  
U257                      INR2D1BWP20P90  N16ADFP_StdCelltt0p8v25c
                                                          0.259200  
U258                      OAI22D1BWP20P90 N16ADFP_StdCelltt0p8v25c
                                                          0.311040  
U259                      XNR2D1BWP20P90  N16ADFP_StdCelltt0p8v25c
                                                          0.518400  
U260                      OAI22D1BWP20P90 N16ADFP_StdCelltt0p8v25c
                                                          0.311040  
U261                      FA1D1BWP20P90   N16ADFP_StdCelltt0p8v25c
                                                          1.036800  r
U262                      OAI22D1BWP20P90 N16ADFP_StdCelltt0p8v25c
                                                          0.311040  
U263                      OAI22D1BWP20P90 N16ADFP_StdCelltt0p8v25c
                                                          0.311040  
U264                      OAI22D1BWP20P90 N16ADFP_StdCelltt0p8v25c
                                                          0.311040  
U265                      FA1D1BWP20P90   N16ADFP_StdCelltt0p8v25c
                                                          1.036800  r
U266                      FA1D1BWP20P90   N16ADFP_StdCelltt0p8v25c
                                                          1.036800  r
U267                      XNR2D1BWP20P90  N16ADFP_StdCelltt0p8v25c
                                                          0.518400  
U268                      OAI22D1BWP20P90 N16ADFP_StdCelltt0p8v25c
                                                          0.311040  
U269                      INR2D1BWP20P90  N16ADFP_StdCelltt0p8v25c
                                                          0.259200  
U270                      XNR2D1BWP20P90  N16ADFP_StdCelltt0p8v25c
                                                          0.518400  
U271                      OAI22D1BWP20P90 N16ADFP_StdCelltt0p8v25c
                                                          0.311040  
U272                      XNR2D1BWP20P90  N16ADFP_StdCelltt0p8v25c
                                                          0.518400  
U273                      OAI22D1BWP20P90 N16ADFP_StdCelltt0p8v25c
                                                          0.311040  
U274                      FA1D1BWP20P90   N16ADFP_StdCelltt0p8v25c
                                                          1.036800  r
U275                      NR2D1BWP20P90   N16ADFP_StdCelltt0p8v25c
                                                          0.207360  
U276                      FA1D1BWP20P90   N16ADFP_StdCelltt0p8v25c
                                                          1.036800  r
U277                      FA1D1BWP20P90   N16ADFP_StdCelltt0p8v25c
                                                          1.036800  r
U278                      XNR2D1BWP20P90  N16ADFP_StdCelltt0p8v25c
                                                          0.518400  
U279                      OAI22D1BWP20P90 N16ADFP_StdCelltt0p8v25c
                                                          0.311040  
U280                      XNR2D1BWP20P90  N16ADFP_StdCelltt0p8v25c
                                                          0.518400  
U281                      OAI22D1BWP20P90 N16ADFP_StdCelltt0p8v25c
                                                          0.311040  
U282                      XNR2D1BWP20P90  N16ADFP_StdCelltt0p8v25c
                                                          0.518400  
U283                      OAI22D1BWP20P90 N16ADFP_StdCelltt0p8v25c
                                                          0.311040  
U284                      XNR2D1BWP20P90  N16ADFP_StdCelltt0p8v25c
                                                          0.518400  
U285                      OAI22D1BWP20P90 N16ADFP_StdCelltt0p8v25c
                                                          0.311040  
U286                      FA1D1BWP20P90   N16ADFP_StdCelltt0p8v25c
                                                          1.036800  r
U287                      NR2D1BWP20P90   N16ADFP_StdCelltt0p8v25c
                                                          0.207360  
U288                      NR2D1BWP20P90   N16ADFP_StdCelltt0p8v25c
                                                          0.207360  
U289                      INR2D1BWP20P90  N16ADFP_StdCelltt0p8v25c
                                                          0.259200  
U290                      XNR2D1BWP20P90  N16ADFP_StdCelltt0p8v25c
                                                          0.518400  
U291                      OAI22D1BWP20P90 N16ADFP_StdCelltt0p8v25c
                                                          0.311040  
U292                      XNR2D1BWP20P90  N16ADFP_StdCelltt0p8v25c
                                                          0.518400  
U293                      XNR2D1BWP20P90  N16ADFP_StdCelltt0p8v25c
                                                          0.518400  
U294                      OAI22D1BWP20P90 N16ADFP_StdCelltt0p8v25c
                                                          0.311040  
U295                      XNR2D1BWP20P90  N16ADFP_StdCelltt0p8v25c
                                                          0.518400  
U296                      OAI22D1BWP20P90 N16ADFP_StdCelltt0p8v25c
                                                          0.311040  
U297                      XNR2D1BWP20P90  N16ADFP_StdCelltt0p8v25c
                                                          0.518400  
U298                      XNR2D1BWP20P90  N16ADFP_StdCelltt0p8v25c
                                                          0.518400  
U299                      OAI22D1BWP20P90 N16ADFP_StdCelltt0p8v25c
                                                          0.311040  
U300                      OAI22D1BWP20P90 N16ADFP_StdCelltt0p8v25c
                                                          0.311040  
U301                      XOR2D1BWP20P90  N16ADFP_StdCelltt0p8v25c
                                                          0.518400  
U302                      XOR2D1BWP20P90  N16ADFP_StdCelltt0p8v25c
                                                          0.518400  
U303                      XNR2D1BWP20P90  N16ADFP_StdCelltt0p8v25c
                                                          0.518400  
U304                      OAI22D1BWP20P90 N16ADFP_StdCelltt0p8v25c
                                                          0.311040  
U305                      INVD1BWP20P90   N16ADFP_StdCelltt0p8v25c
                                                          0.155520  
U306                      IND2D1BWP20P90  N16ADFP_StdCelltt0p8v25c
                                                          0.259200  
U307                      OAI22D1BWP20P90 N16ADFP_StdCelltt0p8v25c
                                                          0.311040  
U308                      OR2D1BWP20P90   N16ADFP_StdCelltt0p8v25c
                                                          0.259200  
U309                      FA1D1BWP20P90   N16ADFP_StdCelltt0p8v25c
                                                          1.036800  r
U310                      INR2D1BWP20P90  N16ADFP_StdCelltt0p8v25c
                                                          0.259200  
U311                      XNR2D1BWP20P90  N16ADFP_StdCelltt0p8v25c
                                                          0.518400  
U312                      OAI22D1BWP20P90 N16ADFP_StdCelltt0p8v25c
                                                          0.311040  
U313                      XNR2D1BWP20P90  N16ADFP_StdCelltt0p8v25c
                                                          0.518400  
U314                      OAI22D1BWP20P90 N16ADFP_StdCelltt0p8v25c
                                                          0.311040  
U315                      NR2D1BWP20P90   N16ADFP_StdCelltt0p8v25c
                                                          0.207360  
U316                      FA1D1BWP20P90   N16ADFP_StdCelltt0p8v25c
                                                          1.036800  r
U317                      INVD1BWP20P90   N16ADFP_StdCelltt0p8v25c
                                                          0.155520  
U318                      IND2D1BWP20P90  N16ADFP_StdCelltt0p8v25c
                                                          0.259200  
U319                      OAI22D1BWP20P90 N16ADFP_StdCelltt0p8v25c
                                                          0.311040  
U320                      XNR2D1BWP20P90  N16ADFP_StdCelltt0p8v25c
                                                          0.518400  
U321                      OAI22D1BWP20P90 N16ADFP_StdCelltt0p8v25c
                                                          0.311040  
U322                      XNR2D1BWP20P90  N16ADFP_StdCelltt0p8v25c
                                                          0.518400  
U323                      OAI22D1BWP20P90 N16ADFP_StdCelltt0p8v25c
                                                          0.311040  
U324                      NR2D1BWP20P90   N16ADFP_StdCelltt0p8v25c
                                                          0.207360  
U325                      XNR2D1BWP20P90  N16ADFP_StdCelltt0p8v25c
                                                          0.518400  
U326                      OAI22D1BWP20P90 N16ADFP_StdCelltt0p8v25c
                                                          0.311040  
U327                      INR2D1BWP20P90  N16ADFP_StdCelltt0p8v25c
                                                          0.259200  
U328                      OR2D1BWP20P90   N16ADFP_StdCelltt0p8v25c
                                                          0.259200  
U329                      OAI22D1BWP20P90 N16ADFP_StdCelltt0p8v25c
                                                          0.311040  
U330                      IND2D1BWP20P90  N16ADFP_StdCelltt0p8v25c
                                                          0.259200  
U331                      ND2D1BWP20P90   N16ADFP_StdCelltt0p8v25c
                                                          0.207360  
U332                      ND2D1BWP20P90   N16ADFP_StdCelltt0p8v25c
                                                          0.207360  
U333                      INVD1BWP20P90   N16ADFP_StdCelltt0p8v25c
                                                          0.155520  
U334                      ND2D1BWP20P90   N16ADFP_StdCelltt0p8v25c
                                                          0.207360  
U335                      INVD1BWP20P90   N16ADFP_StdCelltt0p8v25c
                                                          0.155520  
U336                      AOI21D1BWP20P90 N16ADFP_StdCelltt0p8v25c
                                                          0.259200  
U337                      ND2D1BWP20P90   N16ADFP_StdCelltt0p8v25c
                                                          0.207360  
U338                      OAI21D1BWP20P90 N16ADFP_StdCelltt0p8v25c
                                                          0.259200  
U339                      ND2D1BWP20P90   N16ADFP_StdCelltt0p8v25c
                                                          0.207360  
U340                      INVD1BWP20P90   N16ADFP_StdCelltt0p8v25c
                                                          0.155520  
U341                      AOI21D1BWP20P90 N16ADFP_StdCelltt0p8v25c
                                                          0.259200  
U342                      ND2D1BWP20P90   N16ADFP_StdCelltt0p8v25c
                                                          0.207360  
U343                      OAI21D1BWP20P90 N16ADFP_StdCelltt0p8v25c
                                                          0.259200  
U344                      ND2D1BWP20P90   N16ADFP_StdCelltt0p8v25c
                                                          0.207360  
U345                      INVD1BWP20P90   N16ADFP_StdCelltt0p8v25c
                                                          0.155520  
U346                      AOI21D1BWP20P90 N16ADFP_StdCelltt0p8v25c
                                                          0.259200  
U347                      FA1D1BWP20P90   N16ADFP_StdCelltt0p8v25c
                                                          1.036800  r
U348                      OAI22D1BWP20P90 N16ADFP_StdCelltt0p8v25c
                                                          0.311040  
U349                      INVD1BWP20P90   N16ADFP_StdCelltt0p8v25c
                                                          0.155520  
U350                      IND2D1BWP20P90  N16ADFP_StdCelltt0p8v25c
                                                          0.259200  
U351                      OAI22D1BWP20P90 N16ADFP_StdCelltt0p8v25c
                                                          0.311040  
U352                      XNR2D1BWP20P90  N16ADFP_StdCelltt0p8v25c
                                                          0.518400  
U353                      OAI22D1BWP20P90 N16ADFP_StdCelltt0p8v25c
                                                          0.311040  
U354                      OR2D1BWP20P90   N16ADFP_StdCelltt0p8v25c
                                                          0.259200  
U355                      AO21D1BWP20P90  N16ADFP_StdCelltt0p8v25c
                                                          0.311040  
U356                      NR2D1BWP20P90   N16ADFP_StdCelltt0p8v25c
                                                          0.207360  
U357                      ND2D1BWP20P90   N16ADFP_StdCelltt0p8v25c
                                                          0.207360  
U358                      OAI21D1BWP20P90 N16ADFP_StdCelltt0p8v25c
                                                          0.259200  
U359                      FA1D1BWP20P90   N16ADFP_StdCelltt0p8v25c
                                                          1.036800  r
U360                      FA1D1BWP20P90   N16ADFP_StdCelltt0p8v25c
                                                          1.036800  r
U361                      FA1D1BWP20P90   N16ADFP_StdCelltt0p8v25c
                                                          1.036800  r
U362                      FA1D1BWP20P90   N16ADFP_StdCelltt0p8v25c
                                                          1.036800  r
U363                      OR2D1BWP20P90   N16ADFP_StdCelltt0p8v25c
                                                          0.259200  
U364                      ND2D1BWP20P90   N16ADFP_StdCelltt0p8v25c
                                                          0.207360  
U365                      INVD1BWP20P90   N16ADFP_StdCelltt0p8v25c
                                                          0.155520  
U366                      AOI21D1BWP20P90 N16ADFP_StdCelltt0p8v25c
                                                          0.259200  
U367                      FA1D1BWP20P90   N16ADFP_StdCelltt0p8v25c
                                                          1.036800  r
U368                      FA1D1BWP20P90   N16ADFP_StdCelltt0p8v25c
                                                          1.036800  r
U369                      NR2D1BWP20P90   N16ADFP_StdCelltt0p8v25c
                                                          0.207360  
U370                      ND2D1BWP20P90   N16ADFP_StdCelltt0p8v25c
                                                          0.207360  
U371                      OAI21D1BWP20P90 N16ADFP_StdCelltt0p8v25c
                                                          0.259200  
U372                      ND2D1BWP20P90   N16ADFP_StdCelltt0p8v25c
                                                          0.207360  
U373                      ND2D1BWP20P90   N16ADFP_StdCelltt0p8v25c
                                                          0.207360  
U374                      OAI21D1BWP20P90 N16ADFP_StdCelltt0p8v25c
                                                          0.259200  
U375                      AOI21D1BWP20P90 N16ADFP_StdCelltt0p8v25c
                                                          0.259200  
U376                      FA1D1BWP20P90   N16ADFP_StdCelltt0p8v25c
                                                          1.036800  r
U377                      FA1D1BWP20P90   N16ADFP_StdCelltt0p8v25c
                                                          1.036800  r
U378                      FA1D1BWP20P90   N16ADFP_StdCelltt0p8v25c
                                                          1.036800  r
U379                      FA1D1BWP20P90   N16ADFP_StdCelltt0p8v25c
                                                          1.036800  r
U380                      FA1D1BWP20P90   N16ADFP_StdCelltt0p8v25c
                                                          1.036800  r
U381                      FA1D1BWP20P90   N16ADFP_StdCelltt0p8v25c
                                                          1.036800  r
U382                      OR2D1BWP20P90   N16ADFP_StdCelltt0p8v25c
                                                          0.259200  
U383                      ND2D1BWP20P90   N16ADFP_StdCelltt0p8v25c
                                                          0.207360  
U384                      ND2D1BWP20P90   N16ADFP_StdCelltt0p8v25c
                                                          0.207360  
U385                      INVD1BWP20P90   N16ADFP_StdCelltt0p8v25c
                                                          0.155520  
U386                      ND2D1BWP20P90   N16ADFP_StdCelltt0p8v25c
                                                          0.207360  
U387                      INVD1BWP20P90   N16ADFP_StdCelltt0p8v25c
                                                          0.155520  
U388                      AOI21D1BWP20P90 N16ADFP_StdCelltt0p8v25c
                                                          0.259200  
U389                      OAI21D1BWP20P90 N16ADFP_StdCelltt0p8v25c
                                                          0.259200  
U390                      ND2D1BWP20P90   N16ADFP_StdCelltt0p8v25c
                                                          0.207360  
U391                      ND2D1BWP20P90   N16ADFP_StdCelltt0p8v25c
                                                          0.207360  
U392                      OAI21D1BWP20P90 N16ADFP_StdCelltt0p8v25c
                                                          0.259200  
U393                      INVD1BWP20P90   N16ADFP_StdCelltt0p8v25c
                                                          0.155520  
U394                      NR2D1BWP20P90   N16ADFP_StdCelltt0p8v25c
                                                          0.207360  
U395                      INVD1BWP20P90   N16ADFP_StdCelltt0p8v25c
                                                          0.155520  
U396                      NR2D1BWP20P90   N16ADFP_StdCelltt0p8v25c
                                                          0.207360  
U397                      INVD1BWP20P90   N16ADFP_StdCelltt0p8v25c
                                                          0.155520  
U398                      XNR2D1BWP20P90  N16ADFP_StdCelltt0p8v25c
                                                          0.518400  
U399                      OAI22D1BWP20P90 N16ADFP_StdCelltt0p8v25c
                                                          0.311040  
U400                      XNR2D1BWP20P90  N16ADFP_StdCelltt0p8v25c
                                                          0.518400  
U401                      XNR2D1BWP20P90  N16ADFP_StdCelltt0p8v25c
                                                          0.518400  
U402                      OAI22D1BWP20P90 N16ADFP_StdCelltt0p8v25c
                                                          0.311040  
U403                      XNR2D1BWP20P90  N16ADFP_StdCelltt0p8v25c
                                                          0.518400  
U404                      XNR2D1BWP20P90  N16ADFP_StdCelltt0p8v25c
                                                          0.518400  
U405                      OAI22D1BWP20P90 N16ADFP_StdCelltt0p8v25c
                                                          0.311040  
U406                      XNR2D1BWP20P90  N16ADFP_StdCelltt0p8v25c
                                                          0.518400  
U407                      XNR2D1BWP20P90  N16ADFP_StdCelltt0p8v25c
                                                          0.518400  
U408                      OAI22D1BWP20P90 N16ADFP_StdCelltt0p8v25c
                                                          0.311040  
U409                      XNR2D1BWP20P90  N16ADFP_StdCelltt0p8v25c
                                                          0.518400  
U410                      XNR2D1BWP20P90  N16ADFP_StdCelltt0p8v25c
                                                          0.518400  
U411                      OAI22D1BWP20P90 N16ADFP_StdCelltt0p8v25c
                                                          0.311040  
U412                      XNR2D1BWP20P90  N16ADFP_StdCelltt0p8v25c
                                                          0.518400  
U413                      XNR2D1BWP20P90  N16ADFP_StdCelltt0p8v25c
                                                          0.518400  
U414                      OAI22D1BWP20P90 N16ADFP_StdCelltt0p8v25c
                                                          0.311040  
U415                      XNR2D1BWP20P90  N16ADFP_StdCelltt0p8v25c
                                                          0.518400  
U416                      XNR2D1BWP20P90  N16ADFP_StdCelltt0p8v25c
                                                          0.518400  
U417                      OAI22D1BWP20P90 N16ADFP_StdCelltt0p8v25c
                                                          0.311040  
U418                      FA1D1BWP20P90   N16ADFP_StdCelltt0p8v25c
                                                          1.036800  r
U419                      FA1D1BWP20P90   N16ADFP_StdCelltt0p8v25c
                                                          1.036800  r
U420                      INR2D1BWP20P90  N16ADFP_StdCelltt0p8v25c
                                                          0.259200  
U421                      XNR2D1BWP20P90  N16ADFP_StdCelltt0p8v25c
                                                          0.518400  
U422                      XNR2D1BWP20P90  N16ADFP_StdCelltt0p8v25c
                                                          0.518400  
U423                      OAI22D1BWP20P90 N16ADFP_StdCelltt0p8v25c
                                                          0.311040  
U424                      XNR2D1BWP20P90  N16ADFP_StdCelltt0p8v25c
                                                          0.518400  
U425                      OAI22D1BWP20P90 N16ADFP_StdCelltt0p8v25c
                                                          0.311040  
U426                      XNR2D1BWP20P90  N16ADFP_StdCelltt0p8v25c
                                                          0.518400  
U427                      OAI22D1BWP20P90 N16ADFP_StdCelltt0p8v25c
                                                          0.311040  
U428                      XNR2D1BWP20P90  N16ADFP_StdCelltt0p8v25c
                                                          0.518400  
U429                      OAI22D1BWP20P90 N16ADFP_StdCelltt0p8v25c
                                                          0.311040  
U430                      XNR2D1BWP20P90  N16ADFP_StdCelltt0p8v25c
                                                          0.518400  
U431                      OAI22D1BWP20P90 N16ADFP_StdCelltt0p8v25c
                                                          0.311040  
U432                      XNR2D1BWP20P90  N16ADFP_StdCelltt0p8v25c
                                                          0.518400  
U433                      OAI22D1BWP20P90 N16ADFP_StdCelltt0p8v25c
                                                          0.311040  
U434                      INVD1BWP20P90   N16ADFP_StdCelltt0p8v25c
                                                          0.155520  
U435                      OAI22D1BWP20P90 N16ADFP_StdCelltt0p8v25c
                                                          0.311040  
U436                      OAI21D1BWP20P90 N16ADFP_StdCelltt0p8v25c
                                                          0.259200  
U437                      IOA21D1BWP20P90 N16ADFP_StdCelltt0p8v25c
                                                          0.311040  
U438                      FA1D1BWP20P90   N16ADFP_StdCelltt0p8v25c
                                                          1.036800  r
U439                      FA1D1BWP20P90   N16ADFP_StdCelltt0p8v25c
                                                          1.036800  r
U440                      XOR2D1BWP20P90  N16ADFP_StdCelltt0p8v25c
                                                          0.518400  
U441                      XOR2D1BWP20P90  N16ADFP_StdCelltt0p8v25c
                                                          0.518400  
U442                      FA1D1BWP20P90   N16ADFP_StdCelltt0p8v25c
                                                          1.036800  r
U443                      OAI22D1BWP20P90 N16ADFP_StdCelltt0p8v25c
                                                          0.311040  
U444                      OAI22D1BWP20P90 N16ADFP_StdCelltt0p8v25c
                                                          0.311040  
U445                      OAI22D1BWP20P90 N16ADFP_StdCelltt0p8v25c
                                                          0.311040  
U446                      OAI22D1BWP20P90 N16ADFP_StdCelltt0p8v25c
                                                          0.311040  
U447                      OAI22D1BWP20P90 N16ADFP_StdCelltt0p8v25c
                                                          0.311040  
U448                      OAI22D1BWP20P90 N16ADFP_StdCelltt0p8v25c
                                                          0.311040  
U449                      FA1D1BWP20P90   N16ADFP_StdCelltt0p8v25c
                                                          1.036800  r
U450                      FA1D1BWP20P90   N16ADFP_StdCelltt0p8v25c
                                                          1.036800  r
U451                      FA1D1BWP20P90   N16ADFP_StdCelltt0p8v25c
                                                          1.036800  r
U452                      FA1D1BWP20P90   N16ADFP_StdCelltt0p8v25c
                                                          1.036800  r
U453                      FA1D1BWP20P90   N16ADFP_StdCelltt0p8v25c
                                                          1.036800  r
U454                      FA1D1BWP20P90   N16ADFP_StdCelltt0p8v25c
                                                          1.036800  r
U455                      FA1D1BWP20P90   N16ADFP_StdCelltt0p8v25c
                                                          1.036800  r
U456                      FA1D1BWP20P90   N16ADFP_StdCelltt0p8v25c
                                                          1.036800  r
U457                      NR2D1BWP20P90   N16ADFP_StdCelltt0p8v25c
                                                          0.207360  
U458                      INVD1BWP20P90   N16ADFP_StdCelltt0p8v25c
                                                          0.155520  
U459                      NR2D1BWP20P90   N16ADFP_StdCelltt0p8v25c
                                                          0.207360  
U460                      XNR2D1BWP20P90  N16ADFP_StdCelltt0p8v25c
                                                          0.518400  
U461                      OAI22D1BWP20P90 N16ADFP_StdCelltt0p8v25c
                                                          0.311040  
U462                      XNR2D1BWP20P90  N16ADFP_StdCelltt0p8v25c
                                                          0.518400  
U463                      OAI22D1BWP20P90 N16ADFP_StdCelltt0p8v25c
                                                          0.311040  
U464                      XNR2D1BWP20P90  N16ADFP_StdCelltt0p8v25c
                                                          0.518400  
U465                      OAI22D1BWP20P90 N16ADFP_StdCelltt0p8v25c
                                                          0.311040  
U466                      XNR2D1BWP20P90  N16ADFP_StdCelltt0p8v25c
                                                          0.518400  
U467                      OAI22D1BWP20P90 N16ADFP_StdCelltt0p8v25c
                                                          0.311040  
U468                      XNR2D1BWP20P90  N16ADFP_StdCelltt0p8v25c
                                                          0.518400  
U469                      OAI22D1BWP20P90 N16ADFP_StdCelltt0p8v25c
                                                          0.311040  
U470                      XNR2D1BWP20P90  N16ADFP_StdCelltt0p8v25c
                                                          0.518400  
U471                      OAI22D1BWP20P90 N16ADFP_StdCelltt0p8v25c
                                                          0.311040  
U472                      AO21D1BWP20P90  N16ADFP_StdCelltt0p8v25c
                                                          0.311040  
U473                      FA1D1BWP20P90   N16ADFP_StdCelltt0p8v25c
                                                          1.036800  r
U474                      FA1D1BWP20P90   N16ADFP_StdCelltt0p8v25c
                                                          1.036800  r
U475                      FA1D1BWP20P90   N16ADFP_StdCelltt0p8v25c
                                                          1.036800  r
U476                      FA1D1BWP20P90   N16ADFP_StdCelltt0p8v25c
                                                          1.036800  r
U477                      FA1D1BWP20P90   N16ADFP_StdCelltt0p8v25c
                                                          1.036800  r
U478                      INVD1BWP20P90   N16ADFP_StdCelltt0p8v25c
                                                          0.155520  
U479                      XNR3D1BWP20P90  N16ADFP_StdCelltt0p8v25c
                                                          0.984960  
U480                      FA1D1BWP20P90   N16ADFP_StdCelltt0p8v25c
                                                          1.036800  r
U481                      FA1D1BWP20P90   N16ADFP_StdCelltt0p8v25c
                                                          1.036800  r
U482                      FA1D1BWP20P90   N16ADFP_StdCelltt0p8v25c
                                                          1.036800  r
U483                      FA1D1BWP20P90   N16ADFP_StdCelltt0p8v25c
                                                          1.036800  r
U484                      FA1D1BWP20P90   N16ADFP_StdCelltt0p8v25c
                                                          1.036800  r
U485                      AN2D1BWP20P90   N16ADFP_StdCelltt0p8v25c
                                                          0.259200  
U486                      AO21D1BWP20P90  N16ADFP_StdCelltt0p8v25c
                                                          0.311040  
U487                      XOR2D1BWP20P90  N16ADFP_StdCelltt0p8v25c
                                                          0.518400  
U488                      XOR2D1BWP20P90  N16ADFP_StdCelltt0p8v25c
                                                          0.518400  
U489                      FA1D1BWP20P90   N16ADFP_StdCelltt0p8v25c
                                                          1.036800  r
U490                      NR2D1BWP20P90   N16ADFP_StdCelltt0p8v25c
                                                          0.207360  
U491                      NR2D1BWP20P90   N16ADFP_StdCelltt0p8v25c
                                                          0.207360  
U492                      ND2D1BWP20P90   N16ADFP_StdCelltt0p8v25c
                                                          0.207360  
U493                      ND2D1BWP20P90   N16ADFP_StdCelltt0p8v25c
                                                          0.207360  
U494                      OAI21D1BWP20P90 N16ADFP_StdCelltt0p8v25c
                                                          0.259200  
U495                      ND2D1BWP20P90   N16ADFP_StdCelltt0p8v25c
                                                          0.207360  
U496                      ND2D1BWP20P90   N16ADFP_StdCelltt0p8v25c
                                                          0.207360  
U497                      OAI21D1BWP20P90 N16ADFP_StdCelltt0p8v25c
                                                          0.259200  
U498                      FA1D1BWP20P90   N16ADFP_StdCelltt0p8v25c
                                                          1.036800  r
U499                      INVD1BWP20P90   N16ADFP_StdCelltt0p8v25c
                                                          0.155520  
U500                      NR2D1BWP20P90   N16ADFP_StdCelltt0p8v25c
                                                          0.207360  
U501                      INVD1BWP20P90   N16ADFP_StdCelltt0p8v25c
                                                          0.155520  
U502                      OAI22D1BWP20P90 N16ADFP_StdCelltt0p8v25c
                                                          0.311040  
U503                      XNR2D1BWP20P90  N16ADFP_StdCelltt0p8v25c
                                                          0.518400  
U504                      OAI22D1BWP20P90 N16ADFP_StdCelltt0p8v25c
                                                          0.311040  
U505                      XNR2D1BWP20P90  N16ADFP_StdCelltt0p8v25c
                                                          0.518400  
U506                      XNR2D1BWP20P90  N16ADFP_StdCelltt0p8v25c
                                                          0.518400  
U507                      OAI22D1BWP20P90 N16ADFP_StdCelltt0p8v25c
                                                          0.311040  
U508                      XNR2D1BWP20P90  N16ADFP_StdCelltt0p8v25c
                                                          0.518400  
U509                      OAI22D1BWP20P90 N16ADFP_StdCelltt0p8v25c
                                                          0.311040  
U510                      FA1D1BWP20P90   N16ADFP_StdCelltt0p8v25c
                                                          1.036800  r
U511                      OAI21D1BWP20P90 N16ADFP_StdCelltt0p8v25c
                                                          0.259200  
U512                      IOA21D1BWP20P90 N16ADFP_StdCelltt0p8v25c
                                                          0.311040  
U513                      XNR2D1BWP20P90  N16ADFP_StdCelltt0p8v25c
                                                          0.518400  
U514                      OAI22D1BWP20P90 N16ADFP_StdCelltt0p8v25c
                                                          0.311040  
U515                      FA1D1BWP20P90   N16ADFP_StdCelltt0p8v25c
                                                          1.036800  r
U516                      FA1D1BWP20P90   N16ADFP_StdCelltt0p8v25c
                                                          1.036800  r
U517                      FA1D1BWP20P90   N16ADFP_StdCelltt0p8v25c
                                                          1.036800  r
U518                      FA1D1BWP20P90   N16ADFP_StdCelltt0p8v25c
                                                          1.036800  r
U519                      NR2D1BWP20P90   N16ADFP_StdCelltt0p8v25c
                                                          0.207360  
U520                      FA1D1BWP20P90   N16ADFP_StdCelltt0p8v25c
                                                          1.036800  r
U521                      INVD1BWP20P90   N16ADFP_StdCelltt0p8v25c
                                                          0.155520  
U522                      NR2D1BWP20P90   N16ADFP_StdCelltt0p8v25c
                                                          0.207360  
U523                      XNR2D1BWP20P90  N16ADFP_StdCelltt0p8v25c
                                                          0.518400  
U524                      OAI22D1BWP20P90 N16ADFP_StdCelltt0p8v25c
                                                          0.311040  
U525                      XNR2D1BWP20P90  N16ADFP_StdCelltt0p8v25c
                                                          0.518400  
U526                      OAI22D1BWP20P90 N16ADFP_StdCelltt0p8v25c
                                                          0.311040  
U527                      XNR2D1BWP20P90  N16ADFP_StdCelltt0p8v25c
                                                          0.518400  
U528                      OAI22D1BWP20P90 N16ADFP_StdCelltt0p8v25c
                                                          0.311040  
U529                      XNR2D1BWP20P90  N16ADFP_StdCelltt0p8v25c
                                                          0.518400  
U530                      OAI22D1BWP20P90 N16ADFP_StdCelltt0p8v25c
                                                          0.311040  
U531                      FA1D1BWP20P90   N16ADFP_StdCelltt0p8v25c
                                                          1.036800  r
U532                      FA1D1BWP20P90   N16ADFP_StdCelltt0p8v25c
                                                          1.036800  r
U533                      XNR2D1BWP20P90  N16ADFP_StdCelltt0p8v25c
                                                          0.518400  
U534                      OAI22D1BWP20P90 N16ADFP_StdCelltt0p8v25c
                                                          0.311040  
U535                      AO21D1BWP20P90  N16ADFP_StdCelltt0p8v25c
                                                          0.311040  
U536                      FA1D1BWP20P90   N16ADFP_StdCelltt0p8v25c
                                                          1.036800  r
U537                      FA1D1BWP20P90   N16ADFP_StdCelltt0p8v25c
                                                          1.036800  r
U538                      FA1D1BWP20P90   N16ADFP_StdCelltt0p8v25c
                                                          1.036800  r
U539                      NR2D1BWP20P90   N16ADFP_StdCelltt0p8v25c
                                                          0.207360  
U540                      NR2D1BWP20P90   N16ADFP_StdCelltt0p8v25c
                                                          0.207360  
U541                      FA1D1BWP20P90   N16ADFP_StdCelltt0p8v25c
                                                          1.036800  r
U542                      FA1D1BWP20P90   N16ADFP_StdCelltt0p8v25c
                                                          1.036800  r
U543                      INVD1BWP20P90   N16ADFP_StdCelltt0p8v25c
                                                          0.155520  
U544                      NR2D1BWP20P90   N16ADFP_StdCelltt0p8v25c
                                                          0.207360  
U545                      INVD1BWP20P90   N16ADFP_StdCelltt0p8v25c
                                                          0.155520  
U546                      XNR2D1BWP20P90  N16ADFP_StdCelltt0p8v25c
                                                          0.518400  
U547                      OAI22D1BWP20P90 N16ADFP_StdCelltt0p8v25c
                                                          0.311040  
U548                      FA1D1BWP20P90   N16ADFP_StdCelltt0p8v25c
                                                          1.036800  r
U549                      XNR2D1BWP20P90  N16ADFP_StdCelltt0p8v25c
                                                          0.518400  
U550                      OAI22D1BWP20P90 N16ADFP_StdCelltt0p8v25c
                                                          0.311040  
U551                      XNR2D1BWP20P90  N16ADFP_StdCelltt0p8v25c
                                                          0.518400  
U552                      OAI22D1BWP20P90 N16ADFP_StdCelltt0p8v25c
                                                          0.311040  
U553                      XNR2D1BWP20P90  N16ADFP_StdCelltt0p8v25c
                                                          0.518400  
U554                      OAI22D1BWP20P90 N16ADFP_StdCelltt0p8v25c
                                                          0.311040  
U555                      FA1D1BWP20P90   N16ADFP_StdCelltt0p8v25c
                                                          1.036800  r
U556                      FA1D1BWP20P90   N16ADFP_StdCelltt0p8v25c
                                                          1.036800  r
U557                      FA1D1BWP20P90   N16ADFP_StdCelltt0p8v25c
                                                          1.036800  r
U558                      NR2D1BWP20P90   N16ADFP_StdCelltt0p8v25c
                                                          0.207360  
U559                      AO21D1BWP20P90  N16ADFP_StdCelltt0p8v25c
                                                          0.311040  
U560                      FA1D1BWP20P90   N16ADFP_StdCelltt0p8v25c
                                                          1.036800  r
U561                      FA1D1BWP20P90   N16ADFP_StdCelltt0p8v25c
                                                          1.036800  r
U562                      FA1D1BWP20P90   N16ADFP_StdCelltt0p8v25c
                                                          1.036800  r
U563                      INVD1BWP20P90   N16ADFP_StdCelltt0p8v25c
                                                          0.155520  
U564                      NR2D1BWP20P90   N16ADFP_StdCelltt0p8v25c
                                                          0.207360  
U565                      XNR2D1BWP20P90  N16ADFP_StdCelltt0p8v25c
                                                          0.518400  
U566                      OAI22D1BWP20P90 N16ADFP_StdCelltt0p8v25c
                                                          0.311040  
U567                      XNR2D1BWP20P90  N16ADFP_StdCelltt0p8v25c
                                                          0.518400  
U568                      OAI22D1BWP20P90 N16ADFP_StdCelltt0p8v25c
                                                          0.311040  
U569                      XNR2D1BWP20P90  N16ADFP_StdCelltt0p8v25c
                                                          0.518400  
U570                      OAI22D1BWP20P90 N16ADFP_StdCelltt0p8v25c
                                                          0.311040  
U571                      XNR2D1BWP20P90  N16ADFP_StdCelltt0p8v25c
                                                          0.518400  
U572                      OAI22D1BWP20P90 N16ADFP_StdCelltt0p8v25c
                                                          0.311040  
U573                      FA1D1BWP20P90   N16ADFP_StdCelltt0p8v25c
                                                          1.036800  r
U574                      FA1D1BWP20P90   N16ADFP_StdCelltt0p8v25c
                                                          1.036800  r
U575                      NR2D1BWP20P90   N16ADFP_StdCelltt0p8v25c
                                                          0.207360  
U576                      ND2D1BWP20P90   N16ADFP_StdCelltt0p8v25c
                                                          0.207360  
U577                      INVD1BWP20P90   N16ADFP_StdCelltt0p8v25c
                                                          0.155520  
U578                      ND2D1BWP20P90   N16ADFP_StdCelltt0p8v25c
                                                          0.207360  
U579                      ND2D1BWP20P90   N16ADFP_StdCelltt0p8v25c
                                                          0.207360  
U580                      ND2D1BWP20P90   N16ADFP_StdCelltt0p8v25c
                                                          0.207360  
U581                      ND2D1BWP20P90   N16ADFP_StdCelltt0p8v25c
                                                          0.207360  
U582                      OAI21D1BWP20P90 N16ADFP_StdCelltt0p8v25c
                                                          0.259200  
U583                      AOI21D1BWP20P90 N16ADFP_StdCelltt0p8v25c
                                                          0.259200  
U584                      INVD1BWP20P90   N16ADFP_StdCelltt0p8v25c
                                                          0.155520  
U585                      XNR2D1BWP20P90  N16ADFP_StdCelltt0p8v25c
                                                          0.518400  
U586                      OAI22D1BWP20P90 N16ADFP_StdCelltt0p8v25c
                                                          0.311040  
U587                      XNR2D1BWP20P90  N16ADFP_StdCelltt0p8v25c
                                                          0.518400  
U588                      OAI22D1BWP20P90 N16ADFP_StdCelltt0p8v25c
                                                          0.311040  
U589                      FA1D1BWP20P90   N16ADFP_StdCelltt0p8v25c
                                                          1.036800  r
U590                      FA1D1BWP20P90   N16ADFP_StdCelltt0p8v25c
                                                          1.036800  r
U591                      FA1D1BWP20P90   N16ADFP_StdCelltt0p8v25c
                                                          1.036800  r
U592                      INVD1BWP20P90   N16ADFP_StdCelltt0p8v25c
                                                          0.155520  
U593                      NR2D1BWP20P90   N16ADFP_StdCelltt0p8v25c
                                                          0.207360  
U594                      INVD1BWP20P90   N16ADFP_StdCelltt0p8v25c
                                                          0.155520  
U595                      OAI22D1BWP20P90 N16ADFP_StdCelltt0p8v25c
                                                          0.311040  
U596                      XNR2D1BWP20P90  N16ADFP_StdCelltt0p8v25c
                                                          0.518400  
U597                      OAI22D1BWP20P90 N16ADFP_StdCelltt0p8v25c
                                                          0.311040  
U598                      FA1D1BWP20P90   N16ADFP_StdCelltt0p8v25c
                                                          1.036800  r
U599                      FA1D1BWP20P90   N16ADFP_StdCelltt0p8v25c
                                                          1.036800  r
U600                      NR2D1BWP20P90   N16ADFP_StdCelltt0p8v25c
                                                          0.207360  
U601                      INVD1BWP20P90   N16ADFP_StdCelltt0p8v25c
                                                          0.155520  
U602                      FA1D1BWP20P90   N16ADFP_StdCelltt0p8v25c
                                                          1.036800  r
U603                      FA1D1BWP20P90   N16ADFP_StdCelltt0p8v25c
                                                          1.036800  r
U604                      INVD1BWP20P90   N16ADFP_StdCelltt0p8v25c
                                                          0.155520  
U605                      NR2D1BWP20P90   N16ADFP_StdCelltt0p8v25c
                                                          0.207360  
U606                      XNR2D1BWP20P90  N16ADFP_StdCelltt0p8v25c
                                                          0.518400  
U607                      OAI22D1BWP20P90 N16ADFP_StdCelltt0p8v25c
                                                          0.311040  
U608                      XNR2D1BWP20P90  N16ADFP_StdCelltt0p8v25c
                                                          0.518400  
U609                      OAI22D1BWP20P90 N16ADFP_StdCelltt0p8v25c
                                                          0.311040  
U610                      XNR2D1BWP20P90  N16ADFP_StdCelltt0p8v25c
                                                          0.518400  
U611                      OAI22D1BWP20P90 N16ADFP_StdCelltt0p8v25c
                                                          0.311040  
U612                      AO21D1BWP20P90  N16ADFP_StdCelltt0p8v25c
                                                          0.311040  
U613                      FA1D1BWP20P90   N16ADFP_StdCelltt0p8v25c
                                                          1.036800  r
U614                      FA1D1BWP20P90   N16ADFP_StdCelltt0p8v25c
                                                          1.036800  r
U615                      OR2D1BWP20P90   N16ADFP_StdCelltt0p8v25c
                                                          0.259200  
U616                      ND2D1BWP20P90   N16ADFP_StdCelltt0p8v25c
                                                          0.207360  
U617                      FA1D1BWP20P90   N16ADFP_StdCelltt0p8v25c
                                                          1.036800  r
U618                      INVD1BWP20P90   N16ADFP_StdCelltt0p8v25c
                                                          0.155520  
U619                      NR2D1BWP20P90   N16ADFP_StdCelltt0p8v25c
                                                          0.207360  
U620                      INVD1BWP20P90   N16ADFP_StdCelltt0p8v25c
                                                          0.155520  
U621                      OAI22D1BWP20P90 N16ADFP_StdCelltt0p8v25c
                                                          0.311040  
U622                      XNR2D1BWP20P90  N16ADFP_StdCelltt0p8v25c
                                                          0.518400  
U623                      OAI22D1BWP20P90 N16ADFP_StdCelltt0p8v25c
                                                          0.311040  
U624                      FA1D1BWP20P90   N16ADFP_StdCelltt0p8v25c
                                                          1.036800  r
U625                      XNR2D1BWP20P90  N16ADFP_StdCelltt0p8v25c
                                                          0.518400  
U626                      OAI22D1BWP20P90 N16ADFP_StdCelltt0p8v25c
                                                          0.311040  
U627                      FA1D1BWP20P90   N16ADFP_StdCelltt0p8v25c
                                                          1.036800  r
U628                      FA1D1BWP20P90   N16ADFP_StdCelltt0p8v25c
                                                          1.036800  r
U629                      NR2D1BWP20P90   N16ADFP_StdCelltt0p8v25c
                                                          0.207360  
U630                      INVD1BWP20P90   N16ADFP_StdCelltt0p8v25c
                                                          0.155520  
U631                      NR2D1BWP20P90   N16ADFP_StdCelltt0p8v25c
                                                          0.207360  
U632                      XNR2D1BWP20P90  N16ADFP_StdCelltt0p8v25c
                                                          0.518400  
U633                      OAI22D1BWP20P90 N16ADFP_StdCelltt0p8v25c
                                                          0.311040  
U634                      FA1D1BWP20P90   N16ADFP_StdCelltt0p8v25c
                                                          1.036800  r
U635                      XNR2D1BWP20P90  N16ADFP_StdCelltt0p8v25c
                                                          0.518400  
U636                      OAI22D1BWP20P90 N16ADFP_StdCelltt0p8v25c
                                                          0.311040  
U637                      AO21D1BWP20P90  N16ADFP_StdCelltt0p8v25c
                                                          0.311040  
U638                      FA1D1BWP20P90   N16ADFP_StdCelltt0p8v25c
                                                          1.036800  r
U639                      FA1D1BWP20P90   N16ADFP_StdCelltt0p8v25c
                                                          1.036800  r
U640                      NR2D1BWP20P90   N16ADFP_StdCelltt0p8v25c
                                                          0.207360  
U641                      NR2D1BWP20P90   N16ADFP_StdCelltt0p8v25c
                                                          0.207360  
U642                      FA1D1BWP20P90   N16ADFP_StdCelltt0p8v25c
                                                          1.036800  r
U643                      INVD1BWP20P90   N16ADFP_StdCelltt0p8v25c
                                                          0.155520  
U644                      NR2D1BWP20P90   N16ADFP_StdCelltt0p8v25c
                                                          0.207360  
U645                      INVD1BWP20P90   N16ADFP_StdCelltt0p8v25c
                                                          0.155520  
U646                      OAI22D1BWP20P90 N16ADFP_StdCelltt0p8v25c
                                                          0.311040  
U647                      XNR2D1BWP20P90  N16ADFP_StdCelltt0p8v25c
                                                          0.518400  
U648                      OAI22D1BWP20P90 N16ADFP_StdCelltt0p8v25c
                                                          0.311040  
U649                      FA1D1BWP20P90   N16ADFP_StdCelltt0p8v25c
                                                          1.036800  r
U650                      FA1D1BWP20P90   N16ADFP_StdCelltt0p8v25c
                                                          1.036800  r
U651                      OR2D1BWP20P90   N16ADFP_StdCelltt0p8v25c
                                                          0.259200  
U652                      ND2D1BWP20P90   N16ADFP_StdCelltt0p8v25c
                                                          0.207360  
U653                      NR2D1BWP20P90   N16ADFP_StdCelltt0p8v25c
                                                          0.207360  
U654                      INVD1BWP20P90   N16ADFP_StdCelltt0p8v25c
                                                          0.155520  
U655                      ND2D1BWP20P90   N16ADFP_StdCelltt0p8v25c
                                                          0.207360  
U656                      INVD1BWP20P90   N16ADFP_StdCelltt0p8v25c
                                                          0.155520  
U657                      ND2D1BWP20P90   N16ADFP_StdCelltt0p8v25c
                                                          0.207360  
U658                      INVD1BWP20P90   N16ADFP_StdCelltt0p8v25c
                                                          0.155520  
U659                      AOI21D1BWP20P90 N16ADFP_StdCelltt0p8v25c
                                                          0.259200  
U660                      ND2D1BWP20P90   N16ADFP_StdCelltt0p8v25c
                                                          0.207360  
U661                      ND2D1BWP20P90   N16ADFP_StdCelltt0p8v25c
                                                          0.207360  
U662                      OAI21D1BWP20P90 N16ADFP_StdCelltt0p8v25c
                                                          0.259200  
U663                      ND2D1BWP20P90   N16ADFP_StdCelltt0p8v25c
                                                          0.207360  
U664                      INVD1BWP20P90   N16ADFP_StdCelltt0p8v25c
                                                          0.155520  
U665                      AOI21D1BWP20P90 N16ADFP_StdCelltt0p8v25c
                                                          0.259200  
U666                      OAI21D1BWP20P90 N16ADFP_StdCelltt0p8v25c
                                                          0.259200  
U667                      INVD1BWP20P90   N16ADFP_StdCelltt0p8v25c
                                                          0.155520  
U668                      OAI21D1BWP20P90 N16ADFP_StdCelltt0p8v25c
                                                          0.259200  
U669                      FA1D1BWP20P90   N16ADFP_StdCelltt0p8v25c
                                                          1.036800  r
U670                      AO21D1BWP20P90  N16ADFP_StdCelltt0p8v25c
                                                          0.311040  
U671                      FA1D1BWP20P90   N16ADFP_StdCelltt0p8v25c
                                                          1.036800  r
U672                      INVD1BWP20P90   N16ADFP_StdCelltt0p8v25c
                                                          0.155520  
U673                      NR2D1BWP20P90   N16ADFP_StdCelltt0p8v25c
                                                          0.207360  
U674                      XNR2D1BWP20P90  N16ADFP_StdCelltt0p8v25c
                                                          0.518400  
U675                      OAI22D1BWP20P90 N16ADFP_StdCelltt0p8v25c
                                                          0.311040  
U676                      OR2D1BWP20P90   N16ADFP_StdCelltt0p8v25c
                                                          0.259200  
U677                      ND2D1BWP20P90   N16ADFP_StdCelltt0p8v25c
                                                          0.207360  
U678                      ND2D1BWP20P90   N16ADFP_StdCelltt0p8v25c
                                                          0.207360  
U679                      XNR2D1BWP20P90  N16ADFP_StdCelltt0p8v25c
                                                          0.518400  
U680                      ND2D1BWP20P90   N16ADFP_StdCelltt0p8v25c
                                                          0.207360  
U681                      NR2D1BWP20P90   N16ADFP_StdCelltt0p8v25c
                                                          0.207360  
U682                      INVD1BWP20P90   N16ADFP_StdCelltt0p8v25c
                                                          0.155520  
U683                      AOI21D1BWP20P90 N16ADFP_StdCelltt0p8v25c
                                                          0.259200  
U684                      OAI21D1BWP20P90 N16ADFP_StdCelltt0p8v25c
                                                          0.259200  
U685                      AOI21D1BWP20P90 N16ADFP_StdCelltt0p8v25c
                                                          0.259200  
U686                      INVD1BWP20P90   N16ADFP_StdCelltt0p8v25c
                                                          0.155520  
U687                      NR2D1BWP20P90   N16ADFP_StdCelltt0p8v25c
                                                          0.207360  
U688                      INVD1BWP20P90   N16ADFP_StdCelltt0p8v25c
                                                          0.155520  
U689                      OAI22D1BWP20P90 N16ADFP_StdCelltt0p8v25c
                                                          0.311040  
U690                      FA1D1BWP20P90   N16ADFP_StdCelltt0p8v25c
                                                          1.036800  r
U691                      FA1D1BWP20P90   N16ADFP_StdCelltt0p8v25c
                                                          1.036800  r
U692                      NR2D1BWP20P90   N16ADFP_StdCelltt0p8v25c
                                                          0.207360  
U693                      ND2D1BWP20P90   N16ADFP_StdCelltt0p8v25c
                                                          0.207360  
U694                      OAI21D1BWP20P90 N16ADFP_StdCelltt0p8v25c
                                                          0.259200  
U695                      FA1D1BWP20P90   N16ADFP_StdCelltt0p8v25c
                                                          1.036800  r
U696                      INVD1BWP20P90   N16ADFP_StdCelltt0p8v25c
                                                          0.155520  
U697                      NR2D1BWP20P90   N16ADFP_StdCelltt0p8v25c
                                                          0.207360  
U698                      AO21D1BWP20P90  N16ADFP_StdCelltt0p8v25c
                                                          0.311040  
U699                      OR2D1BWP20P90   N16ADFP_StdCelltt0p8v25c
                                                          0.259200  
U700                      ND2D1BWP20P90   N16ADFP_StdCelltt0p8v25c
                                                          0.207360  
U701                      ND2D1BWP20P90   N16ADFP_StdCelltt0p8v25c
                                                          0.207360  
U702                      XNR2D1BWP20P90  N16ADFP_StdCelltt0p8v25c
                                                          0.518400  
U703                      OAI21D1BWP20P90 N16ADFP_StdCelltt0p8v25c
                                                          0.259200  
U704                      INVD1BWP20P90   N16ADFP_StdCelltt0p8v25c
                                                          0.155520  
U705                      ND2D1BWP20P90   N16ADFP_StdCelltt0p8v25c
                                                          0.207360  
U706                      XNR2D1BWP20P90  N16ADFP_StdCelltt0p8v25c
                                                          0.518400  
U707                      INVD1BWP20P90   N16ADFP_StdCelltt0p8v25c
                                                          0.155520  
U708                      ND2D1BWP20P90   N16ADFP_StdCelltt0p8v25c
                                                          0.207360  
U709                      NR2D1BWP20P90   N16ADFP_StdCelltt0p8v25c
                                                          0.207360  
U710                      OAI21D1BWP20P90 N16ADFP_StdCelltt0p8v25c
                                                          0.259200  
U711                      INVD1BWP20P90   N16ADFP_StdCelltt0p8v25c
                                                          0.155520  
U712                      ND2D1BWP20P90   N16ADFP_StdCelltt0p8v25c
                                                          0.207360  
U713                      ND2D1BWP20P90   N16ADFP_StdCelltt0p8v25c
                                                          0.207360  
U714                      INVD1BWP20P90   N16ADFP_StdCelltt0p8v25c
                                                          0.155520  
U715                      ND2D1BWP20P90   N16ADFP_StdCelltt0p8v25c
                                                          0.207360  
U716                      INVD1BWP20P90   N16ADFP_StdCelltt0p8v25c
                                                          0.155520  
U717                      OAI21D1BWP20P90 N16ADFP_StdCelltt0p8v25c
                                                          0.259200  
U718                      INVD1BWP20P90   N16ADFP_StdCelltt0p8v25c
                                                          0.155520  
U719                      ND2D1BWP20P90   N16ADFP_StdCelltt0p8v25c
                                                          0.207360  
U720                      INVD1BWP20P90   N16ADFP_StdCelltt0p8v25c
                                                          0.155520  
U721                      ND2D1BWP20P90   N16ADFP_StdCelltt0p8v25c
                                                          0.207360  
U722                      INVD1BWP20P90   N16ADFP_StdCelltt0p8v25c
                                                          0.155520  
U723                      AOI21D1BWP20P90 N16ADFP_StdCelltt0p8v25c
                                                          0.259200  
U724                      OAI21D1BWP20P90 N16ADFP_StdCelltt0p8v25c
                                                          0.259200  
U725                      INVD1BWP20P90   N16ADFP_StdCelltt0p8v25c
                                                          0.155520  
U726                      ND2D1BWP20P90   N16ADFP_StdCelltt0p8v25c
                                                          0.207360  
U727                      INVD1BWP20P90   N16ADFP_StdCelltt0p8v25c
                                                          0.155520  
U728                      ND2D1BWP20P90   N16ADFP_StdCelltt0p8v25c
                                                          0.207360  
U729                      INR2D1BWP20P90  N16ADFP_StdCelltt0p8v25c
                                                          0.259200  
U730                      OR2D1BWP20P90   N16ADFP_StdCelltt0p8v25c
                                                          0.259200  
U731                      AN2D1BWP20P90   N16ADFP_StdCelltt0p8v25c
                                                          0.259200  
U732                      INVD1BWP20P90   N16ADFP_StdCelltt0p8v25c
                                                          0.155520  
U733                      INVD1BWP20P90   N16ADFP_StdCelltt0p8v25c
                                                          0.155520  
U734                      AOI21D1BWP20P90 N16ADFP_StdCelltt0p8v25c
                                                          0.259200  
U735                      INVD1BWP20P90   N16ADFP_StdCelltt0p8v25c
                                                          0.155520  
U736                      ND2D1BWP20P90   N16ADFP_StdCelltt0p8v25c
                                                          0.207360  
U737                      XOR2D1BWP20P90  N16ADFP_StdCelltt0p8v25c
                                                          0.518400  
U738                      ND2D1BWP20P90   N16ADFP_StdCelltt0p8v25c
                                                          0.207360  
U739                      XNR2D1BWP20P90  N16ADFP_StdCelltt0p8v25c
                                                          0.518400  
U740                      INVD1BWP20P90   N16ADFP_StdCelltt0p8v25c
                                                          0.155520  
U741                      OAI21D1BWP20P90 N16ADFP_StdCelltt0p8v25c
                                                          0.259200  
U742                      INVD1BWP20P90   N16ADFP_StdCelltt0p8v25c
                                                          0.155520  
U743                      ND2D1BWP20P90   N16ADFP_StdCelltt0p8v25c
                                                          0.207360  
U744                      XNR2D1BWP20P90  N16ADFP_StdCelltt0p8v25c
                                                          0.518400  
U745                      INVD1BWP20P90   N16ADFP_StdCelltt0p8v25c
                                                          0.155520  
U746                      ND2D1BWP20P90   N16ADFP_StdCelltt0p8v25c
                                                          0.207360  
U747                      XOR2D1BWP20P90  N16ADFP_StdCelltt0p8v25c
                                                          0.518400  
U748                      INVD1BWP20P90   N16ADFP_StdCelltt0p8v25c
                                                          0.155520  
U749                      AOI21D1BWP20P90 N16ADFP_StdCelltt0p8v25c
                                                          0.259200  
U750                      ND2D1BWP20P90   N16ADFP_StdCelltt0p8v25c
                                                          0.207360  
U751                      XOR2D1BWP20P90  N16ADFP_StdCelltt0p8v25c
                                                          0.518400  
U752                      ND2D1BWP20P90   N16ADFP_StdCelltt0p8v25c
                                                          0.207360  
U753                      XNR2D1BWP20P90  N16ADFP_StdCelltt0p8v25c
                                                          0.518400  
U754                      INVD1BWP20P90   N16ADFP_StdCelltt0p8v25c
                                                          0.155520  
U755                      OAI21D1BWP20P90 N16ADFP_StdCelltt0p8v25c
                                                          0.259200  
U756                      INVD1BWP20P90   N16ADFP_StdCelltt0p8v25c
                                                          0.155520  
U757                      ND2D1BWP20P90   N16ADFP_StdCelltt0p8v25c
                                                          0.207360  
U758                      XNR2D1BWP20P90  N16ADFP_StdCelltt0p8v25c
                                                          0.518400  
U759                      INVD1BWP20P90   N16ADFP_StdCelltt0p8v25c
                                                          0.155520  
U760                      ND2D1BWP20P90   N16ADFP_StdCelltt0p8v25c
                                                          0.207360  
U761                      XOR2D1BWP20P90  N16ADFP_StdCelltt0p8v25c
                                                          0.518400  
U762                      INVD1BWP20P90   N16ADFP_StdCelltt0p8v25c
                                                          0.155520  
U763                      ND2D1BWP20P90   N16ADFP_StdCelltt0p8v25c
                                                          0.207360  
U764                      XOR2D1BWP20P90  N16ADFP_StdCelltt0p8v25c
                                                          0.518400  
U765                      ND2D1BWP20P90   N16ADFP_StdCelltt0p8v25c
                                                          0.207360  
U766                      XNR2D1BWP20P90  N16ADFP_StdCelltt0p8v25c
                                                          0.518400  
U767                      INVD1BWP20P90   N16ADFP_StdCelltt0p8v25c
                                                          0.155520  
U768                      ND2D1BWP20P90   N16ADFP_StdCelltt0p8v25c
                                                          0.207360  
U769                      XOR2D1BWP20P90  N16ADFP_StdCelltt0p8v25c
                                                          0.518400  
U770                      ND2D1BWP20P90   N16ADFP_StdCelltt0p8v25c
                                                          0.207360  
U771                      XNR2D1BWP20P90  N16ADFP_StdCelltt0p8v25c
                                                          0.518400  
U772                      INVD1BWP20P90   N16ADFP_StdCelltt0p8v25c
                                                          0.155520  
U773                      ND2D1BWP20P90   N16ADFP_StdCelltt0p8v25c
                                                          0.207360  
U774                      XOR2D1BWP20P90  N16ADFP_StdCelltt0p8v25c
                                                          0.518400  
U775                      ND2D1BWP20P90   N16ADFP_StdCelltt0p8v25c
                                                          0.207360  
U776                      XNR2D1BWP20P90  N16ADFP_StdCelltt0p8v25c
                                                          0.518400  
U777                      INVD1BWP20P90   N16ADFP_StdCelltt0p8v25c
                                                          0.155520  
U778                      ND2D1BWP20P90   N16ADFP_StdCelltt0p8v25c
                                                          0.207360  
U779                      XOR2D1BWP20P90  N16ADFP_StdCelltt0p8v25c
                                                          0.518400  
U780                      ND2D1BWP20P90   N16ADFP_StdCelltt0p8v25c
                                                          0.207360  
U781                      XNR2D1BWP20P90  N16ADFP_StdCelltt0p8v25c
                                                          0.518400  
U782                      INVD1BWP20P90   N16ADFP_StdCelltt0p8v25c
                                                          0.155520  
U783                      INVD1BWP20P90   N16ADFP_StdCelltt0p8v25c
                                                          0.155520  
U784                      OAI21D1BWP20P90 N16ADFP_StdCelltt0p8v25c
                                                          0.259200  
U785                      ND2D1BWP20P90   N16ADFP_StdCelltt0p8v25c
                                                          0.207360  
U786                      XNR2D1BWP20P90  N16ADFP_StdCelltt0p8v25c
                                                          0.518400  
U787                      OAI21D1BWP20P90 N16ADFP_StdCelltt0p8v25c
                                                          0.259200  
U788                      INVD1BWP20P90   N16ADFP_StdCelltt0p8v25c
                                                          0.155520  
U789                      ND2D1BWP20P90   N16ADFP_StdCelltt0p8v25c
                                                          0.207360  
U790                      XNR2D1BWP20P90  N16ADFP_StdCelltt0p8v25c
                                                          0.518400  
U791                      OAI21D1BWP20P90 N16ADFP_StdCelltt0p8v25c
                                                          0.259200  
U792                      ND2D1BWP20P90   N16ADFP_StdCelltt0p8v25c
                                                          0.207360  
U793                      XNR2D1BWP20P90  N16ADFP_StdCelltt0p8v25c
                                                          0.518400  
U794                      INVD1BWP20P90   N16ADFP_StdCelltt0p8v25c
                                                          0.155520  
U795                      CKBD1BWP20P90   N16ADFP_StdCelltt0p8v25c
                                                          0.207360  
U796                      CKBD1BWP20P90   N16ADFP_StdCelltt0p8v25c
                                                          0.207360  
prod_reg[0]               DFCNQD1BWP20P90 N16ADFP_StdCelltt0p8v25c
                                                          1.140480  n
prod_reg[1]               DFCNQD2BWP20P90 N16ADFP_StdCelltt0p8v25c
                                                          1.140480  n
prod_reg[2]               DFCNQD1BWP20P90 N16ADFP_StdCelltt0p8v25c
                                                          1.140480  n
prod_reg[3]               DFCNQD2BWP20P90 N16ADFP_StdCelltt0p8v25c
                                                          1.140480  n
prod_reg[4]               DFCNQD2BWP20P90 N16ADFP_StdCelltt0p8v25c
                                                          1.140480  n
prod_reg[5]               DFCNQD2BWP20P90 N16ADFP_StdCelltt0p8v25c
                                                          1.140480  n
prod_reg[6]               DFCNQD2BWP20P90 N16ADFP_StdCelltt0p8v25c
                                                          1.140480  n
prod_reg[7]               DFCNQD2BWP20P90 N16ADFP_StdCelltt0p8v25c
                                                          1.140480  n
prod_reg[8]               DFCNQD2BWP20P90 N16ADFP_StdCelltt0p8v25c
                                                          1.140480  n
prod_reg[9]               DFCNQD2BWP20P90 N16ADFP_StdCelltt0p8v25c
                                                          1.140480  n
prod_reg[10]              DFCNQD2BWP20P90 N16ADFP_StdCelltt0p8v25c
                                                          1.140480  n
prod_reg[11]              DFCNQD2BWP20P90 N16ADFP_StdCelltt0p8v25c
                                                          1.140480  n
prod_reg[12]              DFCNQD2BWP20P90 N16ADFP_StdCelltt0p8v25c
                                                          1.140480  n
prod_reg[13]              DFCNQD2BWP20P90 N16ADFP_StdCelltt0p8v25c
                                                          1.140480  n
prod_reg[14]              DFCNQD2BWP20P90 N16ADFP_StdCelltt0p8v25c
                                                          1.140480  n
prod_reg[15]              DFCNQD2BWP20P90 N16ADFP_StdCelltt0p8v25c
                                                          1.140480  n
prod_reg[16]              DFCNQD2BWP20P90 N16ADFP_StdCelltt0p8v25c
                                                          1.140480  n
prod_reg[17]              DFCNQD1BWP20P90 N16ADFP_StdCelltt0p8v25c
                                                          1.140480  n
prod_reg[18]              DFCNQD2BWP20P90 N16ADFP_StdCelltt0p8v25c
                                                          1.140480  n
prod_reg[19]              DFCNQD2BWP20P90 N16ADFP_StdCelltt0p8v25c
                                                          1.140480  n
prod_reg[20]              DFCNQD2BWP20P90 N16ADFP_StdCelltt0p8v25c
                                                          1.140480  n
prod_reg[21]              DFCNQD2BWP20P90 N16ADFP_StdCelltt0p8v25c
                                                          1.140480  n
prod_reg[22]              DFCNQD2BWP20P90 N16ADFP_StdCelltt0p8v25c
                                                          1.140480  n
prod_reg[23]              DFCNQD2BWP20P90 N16ADFP_StdCelltt0p8v25c
                                                          1.140480  n
prod_reg[24]              DFCNQD2BWP20P90 N16ADFP_StdCelltt0p8v25c
                                                          1.140480  n
prod_reg[25]              DFCNQD2BWP20P90 N16ADFP_StdCelltt0p8v25c
                                                          1.140480  n
prod_reg[26]              DFCNQD2BWP20P90 N16ADFP_StdCelltt0p8v25c
                                                          1.140480  n
prod_reg[27]              DFCNQD2BWP20P90 N16ADFP_StdCelltt0p8v25c
                                                          1.140480  n
prod_reg[28]              DFCNQD2BWP20P90 N16ADFP_StdCelltt0p8v25c
                                                          1.140480  n
prod_reg[29]              DFCNQD2BWP20P90 N16ADFP_StdCelltt0p8v25c
                                                          1.140480  n
prod_reg[30]              DFCNQD2BWP20P90 N16ADFP_StdCelltt0p8v25c
                                                          1.140480  n
prod_reg[31]              DFCNQD2BWP20P90 N16ADFP_StdCelltt0p8v25c
                                                          1.140480  n
--------------------------------------------------------------------------------
Total 794 cells                                           359.510410
1
 
****************************************
Report : port
        -verbose
Design : mult
Version: V-2023.12-SP5
Date   : Tue Sep 22 18:09:15 2026
****************************************



Attributes:
    d - dont_touch_network

                       Pin      Wire     Max     Max     Connection
Port           Dir     Load     Load     Trans   Cap     Class      Attrs
--------------------------------------------------------------------------------
clk            in      0.0000   0.0000    0.40    0.07   --         d
inp_a[0]       in      0.0000   0.0000    0.40    0.07   --         
inp_a[1]       in      0.0000   0.0000    0.40    0.07   --         
inp_a[2]       in      0.0000   0.0000    0.40    0.07   --         
inp_a[3]       in      0.0000   0.0000    0.40    0.07   --         
inp_a[4]       in      0.0000   0.0000    0.40    0.07   --         
inp_a[5]       in      0.0000   0.0000    0.40    0.07   --         
inp_a[6]       in      0.0000   0.0000    0.40    0.07   --         
inp_a[7]       in      0.0000   0.0000    0.40    0.07   --         
inp_a[8]       in      0.0000   0.0000    0.40    0.07   --         
inp_a[9]       in      0.0000   0.0000    0.40    0.07   --         
inp_a[10]      in      0.0000   0.0000    0.40    0.07   --         
inp_a[11]      in      0.0000   0.0000    0.40    0.07   --         
inp_a[12]      in      0.0000   0.0000    0.40    0.07   --         
inp_a[13]      in      0.0000   0.0000    0.40    0.07   --         
inp_a[14]      in      0.0000   0.0000    0.40    0.07   --         
inp_a[15]      in      0.0000   0.0000    0.40    0.07   --         
inp_b[0]       in      0.0000   0.0000    0.40    0.07   --         
inp_b[1]       in      0.0000   0.0000    0.40    0.07   --         
inp_b[2]       in      0.0000   0.0000    0.40    0.07   --         
inp_b[3]       in      0.0000   0.0000    0.40    0.07   --         
inp_b[4]       in      0.0000   0.0000    0.40    0.07   --         
inp_b[5]       in      0.0000   0.0000    0.40    0.07   --         
inp_b[6]       in      0.0000   0.0000    0.40    0.07   --         
inp_b[7]       in      0.0000   0.0000    0.40    0.07   --         
inp_b[8]       in      0.0000   0.0000    0.40    0.07   --         
inp_b[9]       in      0.0000   0.0000    0.40    0.07   --         
inp_b[10]      in      0.0000   0.0000    0.40    0.07   --         
inp_b[11]      in      0.0000   0.0000    0.40    0.07   --         
inp_b[12]      in      0.0000   0.0000    0.40    0.07   --         
inp_b[13]      in      0.0000   0.0000    0.40    0.07   --         
inp_b[14]      in      0.0000   0.0000    0.40    0.07   --         
inp_b[15]      in      0.0000   0.0000    0.40    0.07   --         
rst            in      0.0000   0.0000    0.40    0.07   --         
prod[0]        out     0.0100   0.0000   --      --      --         
prod[1]        out     0.0100   0.0000   --      --      --         
prod[2]        out     0.0100   0.0000   --      --      --         
prod[3]        out     0.0100   0.0000   --      --      --         
prod[4]        out     0.0100   0.0000   --      --      --         
prod[5]        out     0.0100   0.0000   --      --      --         
prod[6]        out     0.0100   0.0000   --      --      --         
prod[7]        out     0.0100   0.0000   --      --      --         
prod[8]        out     0.0100   0.0000   --      --      --         
prod[9]        out     0.0100   0.0000   --      --      --         
prod[10]       out     0.0100   0.0000   --      --      --         
prod[11]       out     0.0100   0.0000   --      --      --         
prod[12]       out     0.0100   0.0000   --      --      --         
prod[13]       out     0.0100   0.0000   --      --      --         
prod[14]       out     0.0100   0.0000   --      --      --         
prod[15]       out     0.0100   0.0000   --      --      --         
prod[16]       out     0.0100   0.0000   --      --      --         
prod[17]       out     0.0100   0.0000   --      --      --         
prod[18]       out     0.0100   0.0000   --      --      --         
prod[19]       out     0.0100   0.0000   --      --      --         
prod[20]       out     0.0100   0.0000   --      --      --         
prod[21]       out     0.0100   0.0000   --      --      --         
prod[22]       out     0.0100   0.0000   --      --      --         
prod[23]       out     0.0100   0.0000   --      --      --         
prod[24]       out     0.0100   0.0000   --      --      --         
prod[25]       out     0.0100   0.0000   --      --      --         
prod[26]       out     0.0100   0.0000   --      --      --         
prod[27]       out     0.0100   0.0000   --      --      --         
prod[28]       out     0.0100   0.0000   --      --      --         
prod[29]       out     0.0100   0.0000   --      --      --         
prod[30]       out     0.0100   0.0000   --      --      --         
prod[31]       out     0.0100   0.0000   --      --      --         


              External  Max             Min                Min       Min
              Number    Wireload        Wireload           Pin       Wire
Port          Points    Model           Model              Load      Load
--------------------------------------------------------------------------------
clk                1      --              --              --        -- 
inp_a[0]           1      --              --              --        -- 
inp_a[1]           1      --              --              --        -- 
inp_a[2]           1      --              --              --        -- 
inp_a[3]           1      --              --              --        -- 
inp_a[4]           1      --              --              --        -- 
inp_a[5]           1      --              --              --        -- 
inp_a[6]           1      --              --              --        -- 
inp_a[7]           1      --              --              --        -- 
inp_a[8]           1      --              --              --        -- 
inp_a[9]           1      --              --              --        -- 
inp_a[10]          1      --              --              --        -- 
inp_a[11]          1      --              --              --        -- 
inp_a[12]          1      --              --              --        -- 
inp_a[13]          1      --              --              --        -- 
inp_a[14]          1      --              --              --        -- 
inp_a[15]          1      --              --              --        -- 
inp_b[0]           1      --              --              --        -- 
inp_b[1]           1      --              --              --        -- 
inp_b[2]           1      --              --              --        -- 
inp_b[3]           1      --              --              --        -- 
inp_b[4]           1      --              --              --        -- 
inp_b[5]           1      --              --              --        -- 
inp_b[6]           1      --              --              --        -- 
inp_b[7]           1      --              --              --        -- 
inp_b[8]           1      --              --              --        -- 
inp_b[9]           1      --              --              --        -- 
inp_b[10]          1      --              --              --        -- 
inp_b[11]          1      --              --              --        -- 
inp_b[12]          1      --              --              --        -- 
inp_b[13]          1      --              --              --        -- 
inp_b[14]          1      --              --              --        -- 
inp_b[15]          1      --              --              --        -- 
rst                1      --              --              --        -- 
prod[0]            1      --              --              --        -- 
prod[1]            1      --              --              --        -- 
prod[2]            1      --              --              --        -- 
prod[3]            1      --              --              --        -- 
prod[4]            1      --              --              --        -- 
prod[5]            1      --              --              --        -- 
prod[6]            1      --              --              --        -- 
prod[7]            1      --              --              --        -- 
prod[8]            1      --              --              --        -- 
prod[9]            1      --              --              --        -- 
prod[10]           1      --              --              --        -- 
prod[11]           1      --              --              --        -- 
prod[12]           1      --              --              --        -- 
prod[13]           1      --              --              --        -- 
prod[14]           1      --              --              --        -- 
prod[15]           1      --              --              --        -- 
prod[16]           1      --              --              --        -- 
prod[17]           1      --              --              --        -- 
prod[18]           1      --              --              --        -- 
prod[19]           1      --              --              --        -- 
prod[20]           1      --              --              --        -- 
prod[21]           1      --              --              --        -- 
prod[22]           1      --              --              --        -- 
prod[23]           1      --              --              --        -- 
prod[24]           1      --              --              --        -- 
prod[25]           1      --              --              --        -- 
prod[26]           1      --              --              --        -- 
prod[27]           1      --              --              --        -- 
prod[28]           1      --              --              --        -- 
prod[29]           1      --              --              --        -- 
prod[30]           1      --              --              --        -- 
prod[31]           1      --              --              --        -- 

                    Input Delay
                  Min             Max       Related   Max
Input Port    Rise    Fall    Rise    Fall   Clock  Fanout
--------------------------------------------------------------------------------
clk           --      --      --      --      --      -- 
inp_a[0]      0.01    0.01    0.01    0.01  clk       --    
inp_a[1]      0.01    0.01    0.01    0.01  clk       --    
inp_a[2]      0.01    0.01    0.01    0.01  clk       --    
inp_a[3]      0.01    0.01    0.01    0.01  clk       --    
inp_a[4]      0.01    0.01    0.01    0.01  clk       --    
inp_a[5]      0.01    0.01    0.01    0.01  clk       --    
inp_a[6]      0.01    0.01    0.01    0.01  clk       --    
inp_a[7]      0.01    0.01    0.01    0.01  clk       --    
inp_a[8]      0.01    0.01    0.01    0.01  clk       --    
inp_a[9]      0.01    0.01    0.01    0.01  clk       --    
inp_a[10]     0.01    0.01    0.01    0.01  clk       --    
inp_a[11]     0.01    0.01    0.01    0.01  clk       --    
inp_a[12]     0.01    0.01    0.01    0.01  clk       --    
inp_a[13]     0.01    0.01    0.01    0.01  clk       --    
inp_a[14]     0.01    0.01    0.01    0.01  clk       --    
inp_a[15]     0.01    0.01    0.01    0.01  clk       --    
inp_b[0]      0.01    0.01    0.01    0.01  clk       --    
inp_b[1]      0.01    0.01    0.01    0.01  clk       --    
inp_b[2]      0.01    0.01    0.01    0.01  clk       --    
inp_b[3]      0.01    0.01    0.01    0.01  clk       --    
inp_b[4]      0.01    0.01    0.01    0.01  clk       --    
inp_b[5]      0.01    0.01    0.01    0.01  clk       --    
inp_b[6]      0.01    0.01    0.01    0.01  clk       --    
inp_b[7]      0.01    0.01    0.01    0.01  clk       --    
inp_b[8]      0.01    0.01    0.01    0.01  clk       --    
inp_b[9]      0.01    0.01    0.01    0.01  clk       --    
inp_b[10]     0.01    0.01    0.01    0.01  clk       --    
inp_b[11]     0.01    0.01    0.01    0.01  clk       --    
inp_b[12]     0.01    0.01    0.01    0.01  clk       --    
inp_b[13]     0.01    0.01    0.01    0.01  clk       --    
inp_b[14]     0.01    0.01    0.01    0.01  clk       --    
inp_b[15]     0.01    0.01    0.01    0.01  clk       --    
rst           0.01    0.01    0.01    0.01  clk       --    


                    Driving Cell
Input Port   Rise(min/max)      Fall(min/max)      Mult(min/max)  Attrs(min/max)
--------------------------------------------------------------------------------
clk          INVD1BWP20P90      INVD1BWP20P90        -- /  --     
inp_a[0]     INVD1BWP20P90      INVD1BWP20P90        -- /  --     
inp_a[1]     INVD1BWP20P90      INVD1BWP20P90        -- /  --     
inp_a[2]     INVD1BWP20P90      INVD1BWP20P90        -- /  --     
inp_a[3]     INVD1BWP20P90      INVD1BWP20P90        -- /  --     
inp_a[4]     INVD1BWP20P90      INVD1BWP20P90        -- /  --     
inp_a[5]     INVD1BWP20P90      INVD1BWP20P90        -- /  --     
inp_a[6]     INVD1BWP20P90      INVD1BWP20P90        -- /  --     
inp_a[7]     INVD1BWP20P90      INVD1BWP20P90        -- /  --     
inp_a[8]     INVD1BWP20P90      INVD1BWP20P90        -- /  --     
inp_a[9]     INVD1BWP20P90      INVD1BWP20P90        -- /  --     
inp_a[10]    INVD1BWP20P90      INVD1BWP20P90        -- /  --     
inp_a[11]    INVD1BWP20P90      INVD1BWP20P90        -- /  --     
inp_a[12]    INVD1BWP20P90      INVD1BWP20P90        -- /  --     
inp_a[13]    INVD1BWP20P90      INVD1BWP20P90        -- /  --     
inp_a[14]    INVD1BWP20P90      INVD1BWP20P90        -- /  --     
inp_a[15]    INVD1BWP20P90      INVD1BWP20P90        -- /  --     
inp_b[0]     INVD1BWP20P90      INVD1BWP20P90        -- /  --     
inp_b[1]     INVD1BWP20P90      INVD1BWP20P90        -- /  --     
inp_b[2]     INVD1BWP20P90      INVD1BWP20P90        -- /  --     
inp_b[3]     INVD1BWP20P90      INVD1BWP20P90        -- /  --     
inp_b[4]     INVD1BWP20P90      INVD1BWP20P90        -- /  --     
inp_b[5]     INVD1BWP20P90      INVD1BWP20P90        -- /  --     
inp_b[6]     INVD1BWP20P90      INVD1BWP20P90        -- /  --     
inp_b[7]     INVD1BWP20P90      INVD1BWP20P90        -- /  --     
inp_b[8]     INVD1BWP20P90      INVD1BWP20P90        -- /  --     
inp_b[9]     INVD1BWP20P90      INVD1BWP20P90        -- /  --     
inp_b[10]    INVD1BWP20P90      INVD1BWP20P90        -- /  --     
inp_b[11]    INVD1BWP20P90      INVD1BWP20P90        -- /  --     
inp_b[12]    INVD1BWP20P90      INVD1BWP20P90        -- /  --     
inp_b[13]    INVD1BWP20P90      INVD1BWP20P90        -- /  --     
inp_b[14]    INVD1BWP20P90      INVD1BWP20P90        -- /  --     
inp_b[15]    INVD1BWP20P90      INVD1BWP20P90        -- /  --     
rst          INVD1BWP20P90      INVD1BWP20P90        -- /  --     


               Max Drive      Min Drive      Resistance    Min    Min       Cell
Input Port    Rise    Fall   Rise    Fall   Max     Min    Cap    Fanout    Deg
--------------------------------------------------------------------------------
clk           --      --     --      --     --      --     --     --        -- 
inp_a[0]      --      --     --      --     --      --     --     --        -- 
inp_a[1]      --      --     --      --     --      --     --     --        -- 
inp_a[2]      --      --     --      --     --      --     --     --        -- 
inp_a[3]      --      --     --      --     --      --     --     --        -- 
inp_a[4]      --      --     --      --     --      --     --     --        -- 
inp_a[5]      --      --     --      --     --      --     --     --        -- 
inp_a[6]      --      --     --      --     --      --     --     --        -- 
inp_a[7]      --      --     --      --     --      --     --     --        -- 
inp_a[8]      --      --     --      --     --      --     --     --        -- 
inp_a[9]      --      --     --      --     --      --     --     --        -- 
inp_a[10]     --      --     --      --     --      --     --     --        -- 
inp_a[11]     --      --     --      --     --      --     --     --        -- 
inp_a[12]     --      --     --      --     --      --     --     --        -- 
inp_a[13]     --      --     --      --     --      --     --     --        -- 
inp_a[14]     --      --     --      --     --      --     --     --        -- 
inp_a[15]     --      --     --      --     --      --     --     --        -- 
inp_b[0]      --      --     --      --     --      --     --     --        -- 
inp_b[1]      --      --     --      --     --      --     --     --        -- 
inp_b[2]      --      --     --      --     --      --     --     --        -- 
inp_b[3]      --      --     --      --     --      --     --     --        -- 
inp_b[4]      --      --     --      --     --      --     --     --        -- 
inp_b[5]      --      --     --      --     --      --     --     --        -- 
inp_b[6]      --      --     --      --     --      --     --     --        -- 
inp_b[7]      --      --     --      --     --      --     --     --        -- 
inp_b[8]      --      --     --      --     --      --     --     --        -- 
inp_b[9]      --      --     --      --     --      --     --     --        -- 
inp_b[10]     --      --     --      --     --      --     --     --        -- 
inp_b[11]     --      --     --      --     --      --     --     --        -- 
inp_b[12]     --      --     --      --     --      --     --     --        -- 
inp_b[13]     --      --     --      --     --      --     --     --        -- 
inp_b[14]     --      --     --      --     --      --     --     --        -- 
inp_b[15]     --      --     --      --     --      --     --     --        -- 
rst           --      --     --      --     --      --     --     --        -- 


               Max Tran        Min Tran
Input Port    Rise    Fall    Rise    Fall
--------------------------------------------------------------------------------
clk           --      --      --      -- 
inp_a[0]      --      --      --      -- 
inp_a[1]      --      --      --      -- 
inp_a[2]      --      --      --      -- 
inp_a[3]      --      --      --      -- 
inp_a[4]      --      --      --      -- 
inp_a[5]      --      --      --      -- 
inp_a[6]      --      --      --      -- 
inp_a[7]      --      --      --      -- 
inp_a[8]      --      --      --      -- 
inp_a[9]      --      --      --      -- 
inp_a[10]     --      --      --      -- 
inp_a[11]     --      --      --      -- 
inp_a[12]     --      --      --      -- 
inp_a[13]     --      --      --      -- 
inp_a[14]     --      --      --      -- 
inp_a[15]     --      --      --      -- 
inp_b[0]      --      --      --      -- 
inp_b[1]      --      --      --      -- 
inp_b[2]      --      --      --      -- 
inp_b[3]      --      --      --      -- 
inp_b[4]      --      --      --      -- 
inp_b[5]      --      --      --      -- 
inp_b[6]      --      --      --      -- 
inp_b[7]      --      --      --      -- 
inp_b[8]      --      --      --      -- 
inp_b[9]      --      --      --      -- 
inp_b[10]     --      --      --      -- 
inp_b[11]     --      --      --      -- 
inp_b[12]     --      --      --      -- 
inp_b[13]     --      --      --      -- 
inp_b[14]     --      --      --      -- 
inp_b[15]     --      --      --      -- 
rst           --      --      --      -- 


                    Output Delay
                  Min             Max      Related  Fanout
Output Port   Rise    Fall    Rise    Fall  Clock     Load
--------------------------------------------------------------------------------
prod[0]       0.01    0.01    0.01    0.01  clk       0.00  
prod[1]       0.01    0.01    0.01    0.01  clk       0.00  
prod[2]       0.01    0.01    0.01    0.01  clk       0.00  
prod[3]       0.01    0.01    0.01    0.01  clk       0.00  
prod[4]       0.01    0.01    0.01    0.01  clk       0.00  
prod[5]       0.01    0.01    0.01    0.01  clk       0.00  
prod[6]       0.01    0.01    0.01    0.01  clk       0.00  
prod[7]       0.01    0.01    0.01    0.01  clk       0.00  
prod[8]       0.01    0.01    0.01    0.01  clk       0.00  
prod[9]       0.01    0.01    0.01    0.01  clk       0.00  
prod[10]      0.01    0.01    0.01    0.01  clk       0.00  
prod[11]      0.01    0.01    0.01    0.01  clk       0.00  
prod[12]      0.01    0.01    0.01    0.01  clk       0.00  
prod[13]      0.01    0.01    0.01    0.01  clk       0.00  
prod[14]      0.01    0.01    0.01    0.01  clk       0.00  
prod[15]      0.01    0.01    0.01    0.01  clk       0.00  
prod[16]      0.01    0.01    0.01    0.01  clk       0.00  
prod[17]      0.01    0.01    0.01    0.01  clk       0.00  
prod[18]      0.01    0.01    0.01    0.01  clk       0.00  
prod[19]      0.01    0.01    0.01    0.01  clk       0.00  
prod[20]      0.01    0.01    0.01    0.01  clk       0.00  
prod[21]      0.01    0.01    0.01    0.01  clk       0.00  
prod[22]      0.01    0.01    0.01    0.01  clk       0.00  
prod[23]      0.01    0.01    0.01    0.01  clk       0.00  
prod[24]      0.01    0.01    0.01    0.01  clk       0.00  
prod[25]      0.01    0.01    0.01    0.01  clk       0.00  
prod[26]      0.01    0.01    0.01    0.01  clk       0.00  
prod[27]      0.01    0.01    0.01    0.01  clk       0.00  
prod[28]      0.01    0.01    0.01    0.01  clk       0.00  
prod[29]      0.01    0.01    0.01    0.01  clk       0.00  
prod[30]      0.01    0.01    0.01    0.01  clk       0.00  
prod[31]      0.01    0.01    0.01    0.01  clk       0.00  

1
 
****************************************
Report : compile_options
Design : mult
Version: V-2023.12-SP5
Date   : Tue Sep 22 18:09:15 2026
****************************************

Design                                   Compile Option         Value
--------------------------------------------------------------------------------
mult                                     flatten                false
                                         structure              true
                                         structure_boolean      false
                                         structure_timing       true
                                         isolate_port           disabled
                                         multibit_options
                                           optimization_mode    non_timing_driven
                                           minimum_width        2
                                           exclude_registers_with_timing_exceptions false
--------------------------------------------------------------------------------
1
