1
 
****************************************
Report : design
Design : mult
Version: V-2023.12-SP5
Date   : Tue Sep 22 18:10:14 2026
****************************************

Design allows ideal nets on clock nets.

Library(s) Used:

    N16ADFP_StdCelltt0p8v25c (File: /classes/ece5746/tsmcN16/Executable_Package/Collaterals/IP/stdcell/N16ADFP_StdCell/NLDM/N16ADFP_StdCelltt0p8v25c.db)

Local Link Library:

    {N16ADFP_StdCelltt0p8v25c.db}

Flip-Flop Types:

    No flip-flop types specified.

Latch Types:

    No latch types specified.

Operating Conditions:


    Operating Condition Name : tt0p8v25c
    Library : N16ADFP_StdCelltt0p8v25c
    Process :   1.00
    Temperature :  25.00
    Voltage :   0.80
    Interconnect Model : balanced_tree

Wire Loading Model:

    Selected automatically from the total cell area.

Name           :   ZeroWireload
Location       :   N16ADFP_StdCelltt0p8v25c
Resistance     :   1e-05
Capacitance    :   1
Area           :   0
Slope          :   0
Fanout   Length   Points Average Cap Std Deviation
--------------------------------------------------------------
     1     0.00
     2     0.00
     3     0.00
     4     0.00
     5     0.00
     6     0.00
     7     0.00
     8     0.00
     9     0.00
    10     0.00
    11     0.00
    12     0.00
    13     0.00
    14     0.00
    15     0.00
    16     0.00
    17     0.00
    18     0.00
    19     0.00
    20     0.00



Wire Loading Model Mode: segmented.

Timing Ranges:

    No timing ranges specified.

Pin Input Delays:

    None specified.

Pin Output Delays:

    None specified.

Disabled Timing Arcs:

    No arcs disabled.

Required Licenses:

    DesignWare

Design Parameters:

    None specified.
1
 
****************************************
Report : cell
Design : mult
Version: V-2023.12-SP5
Date   : Tue Sep 22 18:10:14 2026
****************************************

Attributes:
    b - black box (unknown)
    h - hierarchical
    n - noncombinational
    r - removable
    u - contains unmapped logic

Cell                      Reference       Library             Area  Attributes
--------------------------------------------------------------------------------
U35                       CKBD1BWP20P90   N16ADFP_StdCelltt0p8v25c
                                                          0.207360  
U36                       CKBD1BWP20P90   N16ADFP_StdCelltt0p8v25c
                                                          0.207360  
U37                       CKBD1BWP20P90   N16ADFP_StdCelltt0p8v25c
                                                          0.207360  
U38                       INVD1BWP20P90   N16ADFP_StdCelltt0p8v25c
                                                          0.155520  
U39                       INVD1BWP20P90   N16ADFP_StdCelltt0p8v25c
                                                          0.155520  
U40                       INVD1BWP20P90   N16ADFP_StdCelltt0p8v25c
                                                          0.155520  
U41                       INVD1BWP20P90   N16ADFP_StdCelltt0p8v25c
                                                          0.155520  
U42                       AOI21D1BWP20P90 N16ADFP_StdCelltt0p8v25c
                                                          0.259200  
U43                       OAI21D1BWP20P90 N16ADFP_StdCelltt0p8v25c
                                                          0.259200  
U44                       XNR2D1BWP20P90  N16ADFP_StdCelltt0p8v25c
                                                          0.518400  
U45                       AN2D1BWP20P90   N16ADFP_StdCelltt0p8v25c
                                                          0.259200  
U46                       INVD1BWP20P90   N16ADFP_StdCelltt0p8v25c
                                                          0.155520  
U47                       XOR2D1BWP20P90  N16ADFP_StdCelltt0p8v25c
                                                          0.518400  
U48                       INVD1BWP20P90   N16ADFP_StdCelltt0p8v25c
                                                          0.155520  
U49                       OAI22D1BWP20P90 N16ADFP_StdCelltt0p8v25c
                                                          0.311040  
U50                       AN2D1BWP20P90   N16ADFP_StdCelltt0p8v25c
                                                          0.259200  
U51                       OAI21D2BWP20P90 N16ADFP_StdCelltt0p8v25c
                                                          0.414720  
U52                       AOI21D2BWP20P90 N16ADFP_StdCelltt0p8v25c
                                                          0.414720  
U53                       OAI21D2BWP20P90 N16ADFP_StdCelltt0p8v25c
                                                          0.414720  
U54                       OAI21D1BWP20P90 N16ADFP_StdCelltt0p8v25c
                                                          0.259200  
U55                       ND2D1BWP20P90   N16ADFP_StdCelltt0p8v25c
                                                          0.207360  
U56                       ND2D1BWP20P90   N16ADFP_StdCelltt0p8v25c
                                                          0.207360  
U57                       FA1D1BWP20P90   N16ADFP_StdCelltt0p8v25c
                                                          1.036800  r
U58                       HA1D1BWP20P90   N16ADFP_StdCelltt0p8v25c
                                                          0.881280  r
U59                       HA1D1BWP20P90   N16ADFP_StdCelltt0p8v25c
                                                          0.881280  r
U60                       HA1D1BWP20P90   N16ADFP_StdCelltt0p8v25c
                                                          0.881280  r
U61                       HA1D1BWP20P90   N16ADFP_StdCelltt0p8v25c
                                                          0.881280  r
U62                       HA1D1BWP20P90   N16ADFP_StdCelltt0p8v25c
                                                          0.881280  r
U63                       HA1D1BWP20P90   N16ADFP_StdCelltt0p8v25c
                                                          0.881280  r
U64                       HA1D1BWP20P90   N16ADFP_StdCelltt0p8v25c
                                                          0.881280  r
U65                       OAI22D1BWP20P90 N16ADFP_StdCelltt0p8v25c
                                                          0.311040  
U66                       XOR3D1BWP20P90  N16ADFP_StdCelltt0p8v25c
                                                          0.984960  
U67                       INVD1BWP20P90   N16ADFP_StdCelltt0p8v25c
                                                          0.155520  
U68                       AN2D1BWP20P90   N16ADFP_StdCelltt0p8v25c
                                                          0.259200  
U69                       AN2D1BWP20P90   N16ADFP_StdCelltt0p8v25c
                                                          0.259200  
U70                       AN2D1BWP20P90   N16ADFP_StdCelltt0p8v25c
                                                          0.259200  
U71                       AN2D1BWP20P90   N16ADFP_StdCelltt0p8v25c
                                                          0.259200  
U72                       XOR2D1BWP20P90  N16ADFP_StdCelltt0p8v25c
                                                          0.518400  
U73                       AN2D1BWP20P90   N16ADFP_StdCelltt0p8v25c
                                                          0.259200  
U74                       AN2D1BWP20P90   N16ADFP_StdCelltt0p8v25c
                                                          0.259200  
U75                       XNR2D1BWP20P90  N16ADFP_StdCelltt0p8v25c
                                                          0.518400  
U76                       BUFFD2BWP20P90  N16ADFP_StdCelltt0p8v25c
                                                          0.259200  
U77                       INVD1BWP20P90   N16ADFP_StdCelltt0p8v25c
                                                          0.155520  
U78                       BUFFD2BWP20P90  N16ADFP_StdCelltt0p8v25c
                                                          0.259200  
U79                       INVD1BWP20P90   N16ADFP_StdCelltt0p8v25c
                                                          0.155520  
U80                       INVD1BWP20P90   N16ADFP_StdCelltt0p8v25c
                                                          0.155520  
U81                       INVD1BWP20P90   N16ADFP_StdCelltt0p8v25c
                                                          0.155520  
U82                       INVD1BWP20P90   N16ADFP_StdCelltt0p8v25c
                                                          0.155520  
U83                       INVD1BWP20P90   N16ADFP_StdCelltt0p8v25c
                                                          0.155520  
U84                       INVD1BWP20P90   N16ADFP_StdCelltt0p8v25c
                                                          0.155520  
U85                       INVD1BWP20P90   N16ADFP_StdCelltt0p8v25c
                                                          0.155520  
U86                       INVD1BWP20P90   N16ADFP_StdCelltt0p8v25c
                                                          0.155520  
U87                       INVD1BWP20P90   N16ADFP_StdCelltt0p8v25c
                                                          0.155520  
U88                       INVD1BWP20P90   N16ADFP_StdCelltt0p8v25c
                                                          0.155520  
U89                       INVD1BWP20P90   N16ADFP_StdCelltt0p8v25c
                                                          0.155520  
U90                       CKND2BWP20P90   N16ADFP_StdCelltt0p8v25c
                                                          0.207360  
U91                       INVD1BWP20P90   N16ADFP_StdCelltt0p8v25c
                                                          0.155520  
U92                       INVD1BWP20P90   N16ADFP_StdCelltt0p8v25c
                                                          0.155520  
U93                       INVD1BWP20P90   N16ADFP_StdCelltt0p8v25c
                                                          0.155520  
U94                       INVD1BWP20P90   N16ADFP_StdCelltt0p8v25c
                                                          0.155520  
U95                       INVD1BWP20P90   N16ADFP_StdCelltt0p8v25c
                                                          0.155520  
U96                       INVD1BWP20P90   N16ADFP_StdCelltt0p8v25c
                                                          0.155520  
U97                       XOR2D1BWP20P90  N16ADFP_StdCelltt0p8v25c
                                                          0.518400  
U98                       XOR2D1BWP20P90  N16ADFP_StdCelltt0p8v25c
                                                          0.518400  
U99                       INVD1BWP20P90   N16ADFP_StdCelltt0p8v25c
                                                          0.155520  
U100                      INVD1BWP20P90   N16ADFP_StdCelltt0p8v25c
                                                          0.155520  
U101                      XOR2D1BWP20P90  N16ADFP_StdCelltt0p8v25c
                                                          0.518400  
U102                      INVD1BWP20P90   N16ADFP_StdCelltt0p8v25c
                                                          0.155520  
U103                      INVD1BWP20P90   N16ADFP_StdCelltt0p8v25c
                                                          0.155520  
U104                      XOR2D1BWP20P90  N16ADFP_StdCelltt0p8v25c
                                                          0.518400  
U105                      INVD1BWP20P90   N16ADFP_StdCelltt0p8v25c
                                                          0.155520  
U106                      INVD1BWP20P90   N16ADFP_StdCelltt0p8v25c
                                                          0.155520  
U107                      INVD1BWP20P90   N16ADFP_StdCelltt0p8v25c
                                                          0.155520  
U108                      BUFFD2BWP20P90  N16ADFP_StdCelltt0p8v25c
                                                          0.259200  
U109                      XOR2D1BWP20P90  N16ADFP_StdCelltt0p8v25c
                                                          0.518400  
U110                      INVD1BWP20P90   N16ADFP_StdCelltt0p8v25c
                                                          0.155520  
U111                      INVD1BWP20P90   N16ADFP_StdCelltt0p8v25c
                                                          0.155520  
U112                      XOR2D1BWP20P90  N16ADFP_StdCelltt0p8v25c
                                                          0.518400  
U113                      INVD1BWP20P90   N16ADFP_StdCelltt0p8v25c
                                                          0.155520  
U114                      INVD1BWP20P90   N16ADFP_StdCelltt0p8v25c
                                                          0.155520  
U115                      OR2D1BWP20P90   N16ADFP_StdCelltt0p8v25c
                                                          0.259200  
U116                      OR2D1BWP20P90   N16ADFP_StdCelltt0p8v25c
                                                          0.259200  
U117                      BUFFD2BWP20P90  N16ADFP_StdCelltt0p8v25c
                                                          0.259200  
U118                      CKBD1BWP20P90   N16ADFP_StdCelltt0p8v25c
                                                          0.207360  
U119                      NR2D1BWP20P90   N16ADFP_StdCelltt0p8v25c
                                                          0.207360  
U120                      OR2D1BWP20P90   N16ADFP_StdCelltt0p8v25c
                                                          0.259200  
U121                      OAI21D1BWP20P90 N16ADFP_StdCelltt0p8v25c
                                                          0.259200  
U122                      XOR2D1BWP20P90  N16ADFP_StdCelltt0p8v25c
                                                          0.518400  
U123                      INVD1BWP20P90   N16ADFP_StdCelltt0p8v25c
                                                          0.155520  
U124                      NR2D1BWP20P90   N16ADFP_StdCelltt0p8v25c
                                                          0.207360  
U125                      INVD1BWP20P90   N16ADFP_StdCelltt0p8v25c
                                                          0.155520  
U126                      XOR2D1BWP20P90  N16ADFP_StdCelltt0p8v25c
                                                          0.518400  
U127                      XNR2D1BWP20P90  N16ADFP_StdCelltt0p8v25c
                                                          0.518400  
U128                      XNR2D1BWP20P90  N16ADFP_StdCelltt0p8v25c
                                                          0.518400  
U129                      OAI22D1BWP20P90 N16ADFP_StdCelltt0p8v25c
                                                          0.311040  
U130                      XOR2D1BWP20P90  N16ADFP_StdCelltt0p8v25c
                                                          0.518400  
U131                      XNR2D1BWP20P90  N16ADFP_StdCelltt0p8v25c
                                                          0.518400  
U132                      XNR2D1BWP20P90  N16ADFP_StdCelltt0p8v25c
                                                          0.518400  
U133                      OAI22D1BWP20P90 N16ADFP_StdCelltt0p8v25c
                                                          0.311040  
U134                      XOR2D1BWP20P90  N16ADFP_StdCelltt0p8v25c
                                                          0.518400  
U135                      XNR2D1BWP20P90  N16ADFP_StdCelltt0p8v25c
                                                          0.518400  
U136                      XNR2D1BWP20P90  N16ADFP_StdCelltt0p8v25c
                                                          0.518400  
U137                      OAI22D1BWP20P90 N16ADFP_StdCelltt0p8v25c
                                                          0.311040  
U138                      XOR2D1BWP20P90  N16ADFP_StdCelltt0p8v25c
                                                          0.518400  
U139                      XNR2D1BWP20P90  N16ADFP_StdCelltt0p8v25c
                                                          0.518400  
U140                      XNR2D1BWP20P90  N16ADFP_StdCelltt0p8v25c
                                                          0.518400  
U141                      OAI22D1BWP20P90 N16ADFP_StdCelltt0p8v25c
                                                          0.311040  
U142                      XNR2D1BWP20P90  N16ADFP_StdCelltt0p8v25c
                                                          0.518400  
U143                      XNR2D1BWP20P90  N16ADFP_StdCelltt0p8v25c
                                                          0.518400  
U144                      OAI22D1BWP20P90 N16ADFP_StdCelltt0p8v25c
                                                          0.311040  
U145                      XNR2D1BWP20P90  N16ADFP_StdCelltt0p8v25c
                                                          0.518400  
U146                      XNR2D1BWP20P90  N16ADFP_StdCelltt0p8v25c
                                                          0.518400  
U147                      OAI22D1BWP20P90 N16ADFP_StdCelltt0p8v25c
                                                          0.311040  
U148                      XOR2D1BWP20P90  N16ADFP_StdCelltt0p8v25c
                                                          0.518400  
U149                      XNR2D1BWP20P90  N16ADFP_StdCelltt0p8v25c
                                                          0.518400  
U150                      XNR2D1BWP20P90  N16ADFP_StdCelltt0p8v25c
                                                          0.518400  
U151                      XNR2D1BWP20P90  N16ADFP_StdCelltt0p8v25c
                                                          0.518400  
U152                      XNR2D1BWP20P90  N16ADFP_StdCelltt0p8v25c
                                                          0.518400  
U153                      OAI22D1BWP20P90 N16ADFP_StdCelltt0p8v25c
                                                          0.311040  
U154                      XNR2D1BWP20P90  N16ADFP_StdCelltt0p8v25c
                                                          0.518400  
U155                      XNR2D1BWP20P90  N16ADFP_StdCelltt0p8v25c
                                                          0.518400  
U156                      OAI22D1BWP20P90 N16ADFP_StdCelltt0p8v25c
                                                          0.311040  
U157                      XNR2D1BWP20P90  N16ADFP_StdCelltt0p8v25c
                                                          0.518400  
U158                      XNR2D1BWP20P90  N16ADFP_StdCelltt0p8v25c
                                                          0.518400  
U159                      OAI22D1BWP20P90 N16ADFP_StdCelltt0p8v25c
                                                          0.311040  
U160                      INR2D1BWP20P90  N16ADFP_StdCelltt0p8v25c
                                                          0.259200  
U161                      XNR2D1BWP20P90  N16ADFP_StdCelltt0p8v25c
                                                          0.518400  
U162                      OAI22D1BWP20P90 N16ADFP_StdCelltt0p8v25c
                                                          0.311040  
U163                      XNR2D1BWP20P90  N16ADFP_StdCelltt0p8v25c
                                                          0.518400  
U164                      OAI22D1BWP20P90 N16ADFP_StdCelltt0p8v25c
                                                          0.311040  
U165                      XNR2D1BWP20P90  N16ADFP_StdCelltt0p8v25c
                                                          0.518400  
U166                      XNR2D1BWP20P90  N16ADFP_StdCelltt0p8v25c
                                                          0.518400  
U167                      OAI22D1BWP20P90 N16ADFP_StdCelltt0p8v25c
                                                          0.311040  
U168                      XNR2D1BWP20P90  N16ADFP_StdCelltt0p8v25c
                                                          0.518400  
U169                      XNR2D1BWP20P90  N16ADFP_StdCelltt0p8v25c
                                                          0.518400  
U170                      OAI22D1BWP20P90 N16ADFP_StdCelltt0p8v25c
                                                          0.311040  
U171                      XNR2D1BWP20P90  N16ADFP_StdCelltt0p8v25c
                                                          0.518400  
U172                      OAI22D1BWP20P90 N16ADFP_StdCelltt0p8v25c
                                                          0.311040  
U173                      XNR2D1BWP20P90  N16ADFP_StdCelltt0p8v25c
                                                          0.518400  
U174                      XNR2D1BWP20P90  N16ADFP_StdCelltt0p8v25c
                                                          0.518400  
U175                      OAI22D1BWP20P90 N16ADFP_StdCelltt0p8v25c
                                                          0.311040  
U176                      XNR2D1BWP20P90  N16ADFP_StdCelltt0p8v25c
                                                          0.518400  
U177                      OAI22D1BWP20P90 N16ADFP_StdCelltt0p8v25c
                                                          0.311040  
U178                      XNR2D1BWP20P90  N16ADFP_StdCelltt0p8v25c
                                                          0.518400  
U179                      OAI22D1BWP20P90 N16ADFP_StdCelltt0p8v25c
                                                          0.311040  
U180                      XNR2D1BWP20P90  N16ADFP_StdCelltt0p8v25c
                                                          0.518400  
U181                      XNR2D1BWP20P90  N16ADFP_StdCelltt0p8v25c
                                                          0.518400  
U182                      OAI22D1BWP20P90 N16ADFP_StdCelltt0p8v25c
                                                          0.311040  
U183                      IND2D1BWP20P90  N16ADFP_StdCelltt0p8v25c
                                                          0.259200  
U184                      OAI22D1BWP20P90 N16ADFP_StdCelltt0p8v25c
                                                          0.311040  
U185                      XNR2D1BWP20P90  N16ADFP_StdCelltt0p8v25c
                                                          0.518400  
U186                      XNR2D1BWP20P90  N16ADFP_StdCelltt0p8v25c
                                                          0.518400  
U187                      OAI22D1BWP20P90 N16ADFP_StdCelltt0p8v25c
                                                          0.311040  
U188                      FA1D1BWP20P90   N16ADFP_StdCelltt0p8v25c
                                                          1.036800  r
U189                      FA1D1BWP20P90   N16ADFP_StdCelltt0p8v25c
                                                          1.036800  r
U190                      INR2D1BWP20P90  N16ADFP_StdCelltt0p8v25c
                                                          0.259200  
U191                      OAI22D1BWP20P90 N16ADFP_StdCelltt0p8v25c
                                                          0.311040  
U192                      OAI22D1BWP20P90 N16ADFP_StdCelltt0p8v25c
                                                          0.311040  
U193                      OAI22D1BWP20P90 N16ADFP_StdCelltt0p8v25c
                                                          0.311040  
U194                      OAI22D1BWP20P90 N16ADFP_StdCelltt0p8v25c
                                                          0.311040  
U195                      OAI22D1BWP20P90 N16ADFP_StdCelltt0p8v25c
                                                          0.311040  
U196                      OAI22D1BWP20P90 N16ADFP_StdCelltt0p8v25c
                                                          0.311040  
U197                      OAI22D1BWP20P90 N16ADFP_StdCelltt0p8v25c
                                                          0.311040  
U198                      OAI22D1BWP20P90 N16ADFP_StdCelltt0p8v25c
                                                          0.311040  
U199                      FA1D1BWP20P90   N16ADFP_StdCelltt0p8v25c
                                                          1.036800  r
U200                      FA1D1BWP20P90   N16ADFP_StdCelltt0p8v25c
                                                          1.036800  r
U201                      FA1D1BWP20P90   N16ADFP_StdCelltt0p8v25c
                                                          1.036800  r
U202                      FA1D1BWP20P90   N16ADFP_StdCelltt0p8v25c
                                                          1.036800  r
U203                      XNR2D1BWP20P90  N16ADFP_StdCelltt0p8v25c
                                                          0.518400  
U204                      OAI22D1BWP20P90 N16ADFP_StdCelltt0p8v25c
                                                          0.311040  
U205                      XNR2D1BWP20P90  N16ADFP_StdCelltt0p8v25c
                                                          0.518400  
U206                      OAI22D1BWP20P90 N16ADFP_StdCelltt0p8v25c
                                                          0.311040  
U207                      XNR2D1BWP20P90  N16ADFP_StdCelltt0p8v25c
                                                          0.518400  
U208                      OAI22D1BWP20P90 N16ADFP_StdCelltt0p8v25c
                                                          0.311040  
U209                      XNR2D1BWP20P90  N16ADFP_StdCelltt0p8v25c
                                                          0.518400  
U210                      OAI22D1BWP20P90 N16ADFP_StdCelltt0p8v25c
                                                          0.311040  
U211                      XNR2D1BWP20P90  N16ADFP_StdCelltt0p8v25c
                                                          0.518400  
U212                      OAI22D1BWP20P90 N16ADFP_StdCelltt0p8v25c
                                                          0.311040  
U213                      XNR2D1BWP20P90  N16ADFP_StdCelltt0p8v25c
                                                          0.518400  
U214                      OAI22D1BWP20P90 N16ADFP_StdCelltt0p8v25c
                                                          0.311040  
U215                      XNR2D1BWP20P90  N16ADFP_StdCelltt0p8v25c
                                                          0.518400  
U216                      OAI22D1BWP20P90 N16ADFP_StdCelltt0p8v25c
                                                          0.311040  
U217                      XNR2D1BWP20P90  N16ADFP_StdCelltt0p8v25c
                                                          0.518400  
U218                      OAI22D1BWP20P90 N16ADFP_StdCelltt0p8v25c
                                                          0.311040  
U219                      XNR2D1BWP20P90  N16ADFP_StdCelltt0p8v25c
                                                          0.518400  
U220                      OAI22D1BWP20P90 N16ADFP_StdCelltt0p8v25c
                                                          0.311040  
U221                      INVD1BWP20P90   N16ADFP_StdCelltt0p8v25c
                                                          0.155520  
U222                      IND2D1BWP20P90  N16ADFP_StdCelltt0p8v25c
                                                          0.259200  
U223                      OAI22D1BWP20P90 N16ADFP_StdCelltt0p8v25c
                                                          0.311040  
U224                      FA1D1BWP20P90   N16ADFP_StdCelltt0p8v25c
                                                          1.036800  r
U225                      FA1D1BWP20P90   N16ADFP_StdCelltt0p8v25c
                                                          1.036800  r
U226                      FA1D1BWP20P90   N16ADFP_StdCelltt0p8v25c
                                                          1.036800  r
U227                      NR2D1BWP20P90   N16ADFP_StdCelltt0p8v25c
                                                          0.207360  
U228                      FA1D1BWP20P90   N16ADFP_StdCelltt0p8v25c
                                                          1.036800  r
U229                      FA1D1BWP20P90   N16ADFP_StdCelltt0p8v25c
                                                          1.036800  r
U230                      FA1D1BWP20P90   N16ADFP_StdCelltt0p8v25c
                                                          1.036800  r
U231                      INR2D1BWP20P90  N16ADFP_StdCelltt0p8v25c
                                                          0.259200  
U232                      XNR2D1BWP20P90  N16ADFP_StdCelltt0p8v25c
                                                          0.518400  
U233                      OAI22D1BWP20P90 N16ADFP_StdCelltt0p8v25c
                                                          0.311040  
U234                      XNR2D1BWP20P90  N16ADFP_StdCelltt0p8v25c
                                                          0.518400  
U235                      OAI22D1BWP20P90 N16ADFP_StdCelltt0p8v25c
                                                          0.311040  
U236                      XNR2D1BWP20P90  N16ADFP_StdCelltt0p8v25c
                                                          0.518400  
U237                      OAI22D1BWP20P90 N16ADFP_StdCelltt0p8v25c
                                                          0.311040  
U238                      XNR2D1BWP20P90  N16ADFP_StdCelltt0p8v25c
                                                          0.518400  
U239                      OAI22D1BWP20P90 N16ADFP_StdCelltt0p8v25c
                                                          0.311040  
U240                      XNR2D1BWP20P90  N16ADFP_StdCelltt0p8v25c
                                                          0.518400  
U241                      OAI22D1BWP20P90 N16ADFP_StdCelltt0p8v25c
                                                          0.311040  
U242                      FA1D1BWP20P90   N16ADFP_StdCelltt0p8v25c
                                                          1.036800  r
U243                      FA1D1BWP20P90   N16ADFP_StdCelltt0p8v25c
                                                          1.036800  r
U244                      NR2D1BWP20P90   N16ADFP_StdCelltt0p8v25c
                                                          0.207360  
U245                      NR2D1BWP20P90   N16ADFP_StdCelltt0p8v25c
                                                          0.207360  
U246                      INVD1BWP20P90   N16ADFP_StdCelltt0p8v25c
                                                          0.155520  
U247                      NR2D1BWP20P90   N16ADFP_StdCelltt0p8v25c
                                                          0.207360  
U248                      INVD1BWP20P90   N16ADFP_StdCelltt0p8v25c
                                                          0.155520  
U249                      OAI22D1BWP20P90 N16ADFP_StdCelltt0p8v25c
                                                          0.311040  
U250                      XNR2D1BWP20P90  N16ADFP_StdCelltt0p8v25c
                                                          0.518400  
U251                      OAI22D1BWP20P90 N16ADFP_StdCelltt0p8v25c
                                                          0.311040  
U252                      XNR2D1BWP20P90  N16ADFP_StdCelltt0p8v25c
                                                          0.518400  
U253                      OAI22D1BWP20P90 N16ADFP_StdCelltt0p8v25c
                                                          0.311040  
U254                      XNR2D1BWP20P90  N16ADFP_StdCelltt0p8v25c
                                                          0.518400  
U255                      OAI22D1BWP20P90 N16ADFP_StdCelltt0p8v25c
                                                          0.311040  
U256                      XNR2D1BWP20P90  N16ADFP_StdCelltt0p8v25c
                                                          0.518400  
U257                      OAI22D1BWP20P90 N16ADFP_StdCelltt0p8v25c
                                                          0.311040  
U258                      XNR2D1BWP20P90  N16ADFP_StdCelltt0p8v25c
                                                          0.518400  
U259                      OAI22D1BWP20P90 N16ADFP_StdCelltt0p8v25c
                                                          0.311040  
U260                      XNR2D1BWP20P90  N16ADFP_StdCelltt0p8v25c
                                                          0.518400  
U261                      OAI22D1BWP20P90 N16ADFP_StdCelltt0p8v25c
                                                          0.311040  
U262                      FA1D1BWP20P90   N16ADFP_StdCelltt0p8v25c
                                                          1.036800  r
U263                      FA1D1BWP20P90   N16ADFP_StdCelltt0p8v25c
                                                          1.036800  r
U264                      FA1D1BWP20P90   N16ADFP_StdCelltt0p8v25c
                                                          1.036800  r
U265                      FA1D1BWP20P90   N16ADFP_StdCelltt0p8v25c
                                                          1.036800  r
U266                      FA1D1BWP20P90   N16ADFP_StdCelltt0p8v25c
                                                          1.036800  r
U267                      FA1D1BWP20P90   N16ADFP_StdCelltt0p8v25c
                                                          1.036800  r
U268                      FA1D1BWP20P90   N16ADFP_StdCelltt0p8v25c
                                                          1.036800  r
U269                      NR2D1BWP20P90   N16ADFP_StdCelltt0p8v25c
                                                          0.207360  
U270                      INVD1BWP20P90   N16ADFP_StdCelltt0p8v25c
                                                          0.155520  
U271                      NR2D1BWP20P90   N16ADFP_StdCelltt0p8v25c
                                                          0.207360  
U272                      XNR2D1BWP20P90  N16ADFP_StdCelltt0p8v25c
                                                          0.518400  
U273                      OAI22D1BWP20P90 N16ADFP_StdCelltt0p8v25c
                                                          0.311040  
U274                      XNR2D1BWP20P90  N16ADFP_StdCelltt0p8v25c
                                                          0.518400  
U275                      OAI22D1BWP20P90 N16ADFP_StdCelltt0p8v25c
                                                          0.311040  
U276                      XNR2D1BWP20P90  N16ADFP_StdCelltt0p8v25c
                                                          0.518400  
U277                      OAI22D1BWP20P90 N16ADFP_StdCelltt0p8v25c
                                                          0.311040  
U278                      XNR2D1BWP20P90  N16ADFP_StdCelltt0p8v25c
                                                          0.518400  
U279                      OAI22D1BWP20P90 N16ADFP_StdCelltt0p8v25c
                                                          0.311040  
U280                      XNR2D1BWP20P90  N16ADFP_StdCelltt0p8v25c
                                                          0.518400  
U281                      OAI22D1BWP20P90 N16ADFP_StdCelltt0p8v25c
                                                          0.311040  
U282                      XNR2D1BWP20P90  N16ADFP_StdCelltt0p8v25c
                                                          0.518400  
U283                      OAI22D1BWP20P90 N16ADFP_StdCelltt0p8v25c
                                                          0.311040  
U284                      AO21D1BWP20P90  N16ADFP_StdCelltt0p8v25c
                                                          0.311040  
U285                      FA1D1BWP20P90   N16ADFP_StdCelltt0p8v25c
                                                          1.036800  r
U286                      FA1D1BWP20P90   N16ADFP_StdCelltt0p8v25c
                                                          1.036800  r
U287                      FA1D1BWP20P90   N16ADFP_StdCelltt0p8v25c
                                                          1.036800  r
U288                      FA1D1BWP20P90   N16ADFP_StdCelltt0p8v25c
                                                          1.036800  r
U289                      FA1D1BWP20P90   N16ADFP_StdCelltt0p8v25c
                                                          1.036800  r
U290                      FA1D1BWP20P90   N16ADFP_StdCelltt0p8v25c
                                                          1.036800  r
U291                      FA1D1BWP20P90   N16ADFP_StdCelltt0p8v25c
                                                          1.036800  r
U292                      NR2D1BWP20P90   N16ADFP_StdCelltt0p8v25c
                                                          0.207360  
U293                      FA1D1BWP20P90   N16ADFP_StdCelltt0p8v25c
                                                          1.036800  r
U294                      FA1D1BWP20P90   N16ADFP_StdCelltt0p8v25c
                                                          1.036800  r
U295                      FA1D1BWP20P90   N16ADFP_StdCelltt0p8v25c
                                                          1.036800  r
U296                      XNR2D1BWP20P90  N16ADFP_StdCelltt0p8v25c
                                                          0.518400  
U297                      OAI22D1BWP20P90 N16ADFP_StdCelltt0p8v25c
                                                          0.311040  
U298                      XNR2D1BWP20P90  N16ADFP_StdCelltt0p8v25c
                                                          0.518400  
U299                      OAI22D1BWP20P90 N16ADFP_StdCelltt0p8v25c
                                                          0.311040  
U300                      XNR2D1BWP20P90  N16ADFP_StdCelltt0p8v25c
                                                          0.518400  
U301                      OAI22D1BWP20P90 N16ADFP_StdCelltt0p8v25c
                                                          0.311040  
U302                      XNR2D1BWP20P90  N16ADFP_StdCelltt0p8v25c
                                                          0.518400  
U303                      OAI22D1BWP20P90 N16ADFP_StdCelltt0p8v25c
                                                          0.311040  
U304                      INVD1BWP20P90   N16ADFP_StdCelltt0p8v25c
                                                          0.155520  
U305                      IND2D1BWP20P90  N16ADFP_StdCelltt0p8v25c
                                                          0.259200  
U306                      OAI22D1BWP20P90 N16ADFP_StdCelltt0p8v25c
                                                          0.311040  
U307                      XNR2D1BWP20P90  N16ADFP_StdCelltt0p8v25c
                                                          0.518400  
U308                      OAI22D1BWP20P90 N16ADFP_StdCelltt0p8v25c
                                                          0.311040  
U309                      FA1D1BWP20P90   N16ADFP_StdCelltt0p8v25c
                                                          1.036800  r
U310                      FA1D1BWP20P90   N16ADFP_StdCelltt0p8v25c
                                                          1.036800  r
U311                      NR2D1BWP20P90   N16ADFP_StdCelltt0p8v25c
                                                          0.207360  
U312                      FA1D1BWP20P90   N16ADFP_StdCelltt0p8v25c
                                                          1.036800  r
U313                      FA1D1BWP20P90   N16ADFP_StdCelltt0p8v25c
                                                          1.036800  r
U314                      FA1D1BWP20P90   N16ADFP_StdCelltt0p8v25c
                                                          1.036800  r
U315                      FA1D1BWP20P90   N16ADFP_StdCelltt0p8v25c
                                                          1.036800  r
U316                      XNR2D1BWP20P90  N16ADFP_StdCelltt0p8v25c
                                                          0.518400  
U317                      OAI22D1BWP20P90 N16ADFP_StdCelltt0p8v25c
                                                          0.311040  
U318                      XNR2D1BWP20P90  N16ADFP_StdCelltt0p8v25c
                                                          0.518400  
U319                      OAI22D1BWP20P90 N16ADFP_StdCelltt0p8v25c
                                                          0.311040  
U320                      FA1D1BWP20P90   N16ADFP_StdCelltt0p8v25c
                                                          1.036800  r
U321                      NR2D1BWP20P90   N16ADFP_StdCelltt0p8v25c
                                                          0.207360  
U322                      NR2D1BWP20P90   N16ADFP_StdCelltt0p8v25c
                                                          0.207360  
U323                      FA1D1BWP20P90   N16ADFP_StdCelltt0p8v25c
                                                          1.036800  r
U324                      XNR2D1BWP20P90  N16ADFP_StdCelltt0p8v25c
                                                          0.518400  
U325                      XNR2D1BWP20P90  N16ADFP_StdCelltt0p8v25c
                                                          0.518400  
U326                      OAI22D1BWP20P90 N16ADFP_StdCelltt0p8v25c
                                                          0.311040  
U327                      XNR2D1BWP20P90  N16ADFP_StdCelltt0p8v25c
                                                          0.518400  
U328                      XNR2D1BWP20P90  N16ADFP_StdCelltt0p8v25c
                                                          0.518400  
U329                      OAI22D1BWP20P90 N16ADFP_StdCelltt0p8v25c
                                                          0.311040  
U330                      XNR2D1BWP20P90  N16ADFP_StdCelltt0p8v25c
                                                          0.518400  
U331                      XNR2D1BWP20P90  N16ADFP_StdCelltt0p8v25c
                                                          0.518400  
U332                      OAI22D1BWP20P90 N16ADFP_StdCelltt0p8v25c
                                                          0.311040  
U333                      INVD1BWP20P90   N16ADFP_StdCelltt0p8v25c
                                                          0.155520  
U334                      IND2D1BWP20P90  N16ADFP_StdCelltt0p8v25c
                                                          0.259200  
U335                      OAI22D1BWP20P90 N16ADFP_StdCelltt0p8v25c
                                                          0.311040  
U336                      XNR2D1BWP20P90  N16ADFP_StdCelltt0p8v25c
                                                          0.518400  
U337                      XNR2D1BWP20P90  N16ADFP_StdCelltt0p8v25c
                                                          0.518400  
U338                      OAI22D1BWP20P90 N16ADFP_StdCelltt0p8v25c
                                                          0.311040  
U339                      INR2D1BWP20P90  N16ADFP_StdCelltt0p8v25c
                                                          0.259200  
U340                      OAI22D1BWP20P90 N16ADFP_StdCelltt0p8v25c
                                                          0.311040  
U341                      XNR2D1BWP20P90  N16ADFP_StdCelltt0p8v25c
                                                          0.518400  
U342                      OAI22D1BWP20P90 N16ADFP_StdCelltt0p8v25c
                                                          0.311040  
U343                      FA1D1BWP20P90   N16ADFP_StdCelltt0p8v25c
                                                          1.036800  r
U344                      OAI22D1BWP20P90 N16ADFP_StdCelltt0p8v25c
                                                          0.311040  
U345                      OAI22D1BWP20P90 N16ADFP_StdCelltt0p8v25c
                                                          0.311040  
U346                      OAI22D1BWP20P90 N16ADFP_StdCelltt0p8v25c
                                                          0.311040  
U347                      FA1D1BWP20P90   N16ADFP_StdCelltt0p8v25c
                                                          1.036800  r
U348                      FA1D1BWP20P90   N16ADFP_StdCelltt0p8v25c
                                                          1.036800  r
U349                      XNR2D1BWP20P90  N16ADFP_StdCelltt0p8v25c
                                                          0.518400  
U350                      OAI22D1BWP20P90 N16ADFP_StdCelltt0p8v25c
                                                          0.311040  
U351                      INR2D1BWP20P90  N16ADFP_StdCelltt0p8v25c
                                                          0.259200  
U352                      XNR2D1BWP20P90  N16ADFP_StdCelltt0p8v25c
                                                          0.518400  
U353                      OAI22D1BWP20P90 N16ADFP_StdCelltt0p8v25c
                                                          0.311040  
U354                      XNR2D1BWP20P90  N16ADFP_StdCelltt0p8v25c
                                                          0.518400  
U355                      OAI22D1BWP20P90 N16ADFP_StdCelltt0p8v25c
                                                          0.311040  
U356                      FA1D1BWP20P90   N16ADFP_StdCelltt0p8v25c
                                                          1.036800  r
U357                      NR2D1BWP20P90   N16ADFP_StdCelltt0p8v25c
                                                          0.207360  
U358                      FA1D1BWP20P90   N16ADFP_StdCelltt0p8v25c
                                                          1.036800  r
U359                      FA1D1BWP20P90   N16ADFP_StdCelltt0p8v25c
                                                          1.036800  r
U360                      XNR2D1BWP20P90  N16ADFP_StdCelltt0p8v25c
                                                          0.518400  
U361                      OAI22D1BWP20P90 N16ADFP_StdCelltt0p8v25c
                                                          0.311040  
U362                      XNR2D1BWP20P90  N16ADFP_StdCelltt0p8v25c
                                                          0.518400  
U363                      OAI22D1BWP20P90 N16ADFP_StdCelltt0p8v25c
                                                          0.311040  
U364                      XNR2D1BWP20P90  N16ADFP_StdCelltt0p8v25c
                                                          0.518400  
U365                      OAI22D1BWP20P90 N16ADFP_StdCelltt0p8v25c
                                                          0.311040  
U366                      XNR2D1BWP20P90  N16ADFP_StdCelltt0p8v25c
                                                          0.518400  
U367                      OAI22D1BWP20P90 N16ADFP_StdCelltt0p8v25c
                                                          0.311040  
U368                      FA1D1BWP20P90   N16ADFP_StdCelltt0p8v25c
                                                          1.036800  r
U369                      NR2D1BWP20P90   N16ADFP_StdCelltt0p8v25c
                                                          0.207360  
U370                      NR2D1BWP20P90   N16ADFP_StdCelltt0p8v25c
                                                          0.207360  
U371                      XNR2D1BWP20P90  N16ADFP_StdCelltt0p8v25c
                                                          0.518400  
U372                      OAI22D1BWP20P90 N16ADFP_StdCelltt0p8v25c
                                                          0.311040  
U373                      XNR2D1BWP20P90  N16ADFP_StdCelltt0p8v25c
                                                          0.518400  
U374                      XNR2D1BWP20P90  N16ADFP_StdCelltt0p8v25c
                                                          0.518400  
U375                      OAI22D1BWP20P90 N16ADFP_StdCelltt0p8v25c
                                                          0.311040  
U376                      XNR2D1BWP20P90  N16ADFP_StdCelltt0p8v25c
                                                          0.518400  
U377                      OAI22D1BWP20P90 N16ADFP_StdCelltt0p8v25c
                                                          0.311040  
U378                      INR2D1BWP20P90  N16ADFP_StdCelltt0p8v25c
                                                          0.259200  
U379                      OAI22D1BWP20P90 N16ADFP_StdCelltt0p8v25c
                                                          0.311040  
U380                      XNR2D1BWP20P90  N16ADFP_StdCelltt0p8v25c
                                                          0.518400  
U381                      XNR2D1BWP20P90  N16ADFP_StdCelltt0p8v25c
                                                          0.518400  
U382                      XNR2D1BWP20P90  N16ADFP_StdCelltt0p8v25c
                                                          0.518400  
U383                      OAI22D1BWP20P90 N16ADFP_StdCelltt0p8v25c
                                                          0.311040  
U384                      INVD1BWP20P90   N16ADFP_StdCelltt0p8v25c
                                                          0.155520  
U385                      IND2D1BWP20P90  N16ADFP_StdCelltt0p8v25c
                                                          0.259200  
U386                      OAI22D1BWP20P90 N16ADFP_StdCelltt0p8v25c
                                                          0.311040  
U387                      OR2D1BWP20P90   N16ADFP_StdCelltt0p8v25c
                                                          0.259200  
U388                      FA1D1BWP20P90   N16ADFP_StdCelltt0p8v25c
                                                          1.036800  r
U389                      INR2D1BWP20P90  N16ADFP_StdCelltt0p8v25c
                                                          0.259200  
U390                      XNR2D1BWP20P90  N16ADFP_StdCelltt0p8v25c
                                                          0.518400  
U391                      OAI22D1BWP20P90 N16ADFP_StdCelltt0p8v25c
                                                          0.311040  
U392                      XNR2D1BWP20P90  N16ADFP_StdCelltt0p8v25c
                                                          0.518400  
U393                      OAI22D1BWP20P90 N16ADFP_StdCelltt0p8v25c
                                                          0.311040  
U394                      NR2D1BWP20P90   N16ADFP_StdCelltt0p8v25c
                                                          0.207360  
U395                      FA1D1BWP20P90   N16ADFP_StdCelltt0p8v25c
                                                          1.036800  r
U396                      IND2D1BWP20P90  N16ADFP_StdCelltt0p8v25c
                                                          0.259200  
U397                      OAI22D1BWP20P90 N16ADFP_StdCelltt0p8v25c
                                                          0.311040  
U398                      XNR2D1BWP20P90  N16ADFP_StdCelltt0p8v25c
                                                          0.518400  
U399                      OAI22D1BWP20P90 N16ADFP_StdCelltt0p8v25c
                                                          0.311040  
U400                      XNR2D1BWP20P90  N16ADFP_StdCelltt0p8v25c
                                                          0.518400  
U401                      OAI22D1BWP20P90 N16ADFP_StdCelltt0p8v25c
                                                          0.311040  
U402                      NR2D1BWP20P90   N16ADFP_StdCelltt0p8v25c
                                                          0.207360  
U403                      XNR2D1BWP20P90  N16ADFP_StdCelltt0p8v25c
                                                          0.518400  
U404                      OAI22D1BWP20P90 N16ADFP_StdCelltt0p8v25c
                                                          0.311040  
U405                      INR2D1BWP20P90  N16ADFP_StdCelltt0p8v25c
                                                          0.259200  
U406                      OR2D1BWP20P90   N16ADFP_StdCelltt0p8v25c
                                                          0.259200  
U407                      OAI22D1BWP20P90 N16ADFP_StdCelltt0p8v25c
                                                          0.311040  
U408                      IND2D1BWP20P90  N16ADFP_StdCelltt0p8v25c
                                                          0.259200  
U409                      ND2D1BWP20P90   N16ADFP_StdCelltt0p8v25c
                                                          0.207360  
U410                      ND2D1BWP20P90   N16ADFP_StdCelltt0p8v25c
                                                          0.207360  
U411                      INVD1BWP20P90   N16ADFP_StdCelltt0p8v25c
                                                          0.155520  
U412                      ND2D1BWP20P90   N16ADFP_StdCelltt0p8v25c
                                                          0.207360  
U413                      INVD1BWP20P90   N16ADFP_StdCelltt0p8v25c
                                                          0.155520  
U414                      AOI21D1BWP20P90 N16ADFP_StdCelltt0p8v25c
                                                          0.259200  
U415                      ND2D1BWP20P90   N16ADFP_StdCelltt0p8v25c
                                                          0.207360  
U416                      OAI21D1BWP20P90 N16ADFP_StdCelltt0p8v25c
                                                          0.259200  
U417                      ND2D1BWP20P90   N16ADFP_StdCelltt0p8v25c
                                                          0.207360  
U418                      INVD1BWP20P90   N16ADFP_StdCelltt0p8v25c
                                                          0.155520  
U419                      AOI21D1BWP20P90 N16ADFP_StdCelltt0p8v25c
                                                          0.259200  
U420                      ND2D1BWP20P90   N16ADFP_StdCelltt0p8v25c
                                                          0.207360  
U421                      OAI21D1BWP20P90 N16ADFP_StdCelltt0p8v25c
                                                          0.259200  
U422                      ND2D1BWP20P90   N16ADFP_StdCelltt0p8v25c
                                                          0.207360  
U423                      INVD1BWP20P90   N16ADFP_StdCelltt0p8v25c
                                                          0.155520  
U424                      AOI21D1BWP20P90 N16ADFP_StdCelltt0p8v25c
                                                          0.259200  
U425                      FA1D1BWP20P90   N16ADFP_StdCelltt0p8v25c
                                                          1.036800  r
U426                      OAI22D1BWP20P90 N16ADFP_StdCelltt0p8v25c
                                                          0.311040  
U427                      INVD1BWP20P90   N16ADFP_StdCelltt0p8v25c
                                                          0.155520  
U428                      IND2D1BWP20P90  N16ADFP_StdCelltt0p8v25c
                                                          0.259200  
U429                      OAI22D1BWP20P90 N16ADFP_StdCelltt0p8v25c
                                                          0.311040  
U430                      XNR2D1BWP20P90  N16ADFP_StdCelltt0p8v25c
                                                          0.518400  
U431                      OAI22D1BWP20P90 N16ADFP_StdCelltt0p8v25c
                                                          0.311040  
U432                      FA1D1BWP20P90   N16ADFP_StdCelltt0p8v25c
                                                          1.036800  r
U433                      NR2D1BWP20P90   N16ADFP_StdCelltt0p8v25c
                                                          0.207360  
U434                      ND2D1BWP20P90   N16ADFP_StdCelltt0p8v25c
                                                          0.207360  
U435                      OAI21D1BWP20P90 N16ADFP_StdCelltt0p8v25c
                                                          0.259200  
U436                      FA1D1BWP20P90   N16ADFP_StdCelltt0p8v25c
                                                          1.036800  r
U437                      FA1D1BWP20P90   N16ADFP_StdCelltt0p8v25c
                                                          1.036800  r
U438                      FA1D1BWP20P90   N16ADFP_StdCelltt0p8v25c
                                                          1.036800  r
U439                      FA1D1BWP20P90   N16ADFP_StdCelltt0p8v25c
                                                          1.036800  r
U440                      OR2D1BWP20P90   N16ADFP_StdCelltt0p8v25c
                                                          0.259200  
U441                      ND2D1BWP20P90   N16ADFP_StdCelltt0p8v25c
                                                          0.207360  
U442                      INVD1BWP20P90   N16ADFP_StdCelltt0p8v25c
                                                          0.155520  
U443                      AOI21D1BWP20P90 N16ADFP_StdCelltt0p8v25c
                                                          0.259200  
U444                      FA1D1BWP20P90   N16ADFP_StdCelltt0p8v25c
                                                          1.036800  r
U445                      FA1D1BWP20P90   N16ADFP_StdCelltt0p8v25c
                                                          1.036800  r
U446                      NR2D1BWP20P90   N16ADFP_StdCelltt0p8v25c
                                                          0.207360  
U447                      ND2D1BWP20P90   N16ADFP_StdCelltt0p8v25c
                                                          0.207360  
U448                      OAI21D1BWP20P90 N16ADFP_StdCelltt0p8v25c
                                                          0.259200  
U449                      ND2D1BWP20P90   N16ADFP_StdCelltt0p8v25c
                                                          0.207360  
U450                      ND2D1BWP20P90   N16ADFP_StdCelltt0p8v25c
                                                          0.207360  
U451                      OAI21D1BWP20P90 N16ADFP_StdCelltt0p8v25c
                                                          0.259200  
U452                      AOI21D1BWP20P90 N16ADFP_StdCelltt0p8v25c
                                                          0.259200  
U453                      FA1D1BWP20P90   N16ADFP_StdCelltt0p8v25c
                                                          1.036800  r
U454                      FA1D1BWP20P90   N16ADFP_StdCelltt0p8v25c
                                                          1.036800  r
U455                      FA1D1BWP20P90   N16ADFP_StdCelltt0p8v25c
                                                          1.036800  r
U456                      FA1D1BWP20P90   N16ADFP_StdCelltt0p8v25c
                                                          1.036800  r
U457                      FA1D1BWP20P90   N16ADFP_StdCelltt0p8v25c
                                                          1.036800  r
U458                      FA1D1BWP20P90   N16ADFP_StdCelltt0p8v25c
                                                          1.036800  r
U459                      ND2D1BWP20P90   N16ADFP_StdCelltt0p8v25c
                                                          0.207360  
U460                      ND2D1BWP20P90   N16ADFP_StdCelltt0p8v25c
                                                          0.207360  
U461                      INVD1BWP20P90   N16ADFP_StdCelltt0p8v25c
                                                          0.155520  
U462                      ND2D1BWP20P90   N16ADFP_StdCelltt0p8v25c
                                                          0.207360  
U463                      INVD1BWP20P90   N16ADFP_StdCelltt0p8v25c
                                                          0.155520  
U464                      AOI21D1BWP20P90 N16ADFP_StdCelltt0p8v25c
                                                          0.259200  
U465                      OAI21D1BWP20P90 N16ADFP_StdCelltt0p8v25c
                                                          0.259200  
U466                      ND2D1BWP20P90   N16ADFP_StdCelltt0p8v25c
                                                          0.207360  
U467                      ND2D1BWP20P90   N16ADFP_StdCelltt0p8v25c
                                                          0.207360  
U468                      OAI21D1BWP20P90 N16ADFP_StdCelltt0p8v25c
                                                          0.259200  
U469                      AOI21D1BWP20P90 N16ADFP_StdCelltt0p8v25c
                                                          0.259200  
U470                      ND2D1BWP20P90   N16ADFP_StdCelltt0p8v25c
                                                          0.207360  
U471                      ND2D1BWP20P90   N16ADFP_StdCelltt0p8v25c
                                                          0.207360  
U472                      ND2D1BWP20P90   N16ADFP_StdCelltt0p8v25c
                                                          0.207360  
U473                      OAI21D1BWP20P90 N16ADFP_StdCelltt0p8v25c
                                                          0.259200  
U474                      AOI21D1BWP20P90 N16ADFP_StdCelltt0p8v25c
                                                          0.259200  
U475                      FA1D1BWP20P90   N16ADFP_StdCelltt0p8v25c
                                                          1.036800  r
U476                      INVD1BWP20P90   N16ADFP_StdCelltt0p8v25c
                                                          0.155520  
U477                      NR2D1BWP20P90   N16ADFP_StdCelltt0p8v25c
                                                          0.207360  
U478                      INVD1BWP20P90   N16ADFP_StdCelltt0p8v25c
                                                          0.155520  
U479                      OAI22D1BWP20P90 N16ADFP_StdCelltt0p8v25c
                                                          0.311040  
U480                      XNR2D1BWP20P90  N16ADFP_StdCelltt0p8v25c
                                                          0.518400  
U481                      OAI22D1BWP20P90 N16ADFP_StdCelltt0p8v25c
                                                          0.311040  
U482                      XNR2D1BWP20P90  N16ADFP_StdCelltt0p8v25c
                                                          0.518400  
U483                      OAI22D1BWP20P90 N16ADFP_StdCelltt0p8v25c
                                                          0.311040  
U484                      XNR2D1BWP20P90  N16ADFP_StdCelltt0p8v25c
                                                          0.518400  
U485                      OAI22D1BWP20P90 N16ADFP_StdCelltt0p8v25c
                                                          0.311040  
U486                      XNR2D1BWP20P90  N16ADFP_StdCelltt0p8v25c
                                                          0.518400  
U487                      OAI22D1BWP20P90 N16ADFP_StdCelltt0p8v25c
                                                          0.311040  
U488                      FA1D1BWP20P90   N16ADFP_StdCelltt0p8v25c
                                                          1.036800  r
U489                      FA1D1BWP20P90   N16ADFP_StdCelltt0p8v25c
                                                          1.036800  r
U490                      XNR2D1BWP20P90  N16ADFP_StdCelltt0p8v25c
                                                          0.518400  
U491                      OAI22D1BWP20P90 N16ADFP_StdCelltt0p8v25c
                                                          0.311040  
U492                      FA1D1BWP20P90   N16ADFP_StdCelltt0p8v25c
                                                          1.036800  r
U493                      FA1D1BWP20P90   N16ADFP_StdCelltt0p8v25c
                                                          1.036800  r
U494                      FA1D1BWP20P90   N16ADFP_StdCelltt0p8v25c
                                                          1.036800  r
U495                      FA1D1BWP20P90   N16ADFP_StdCelltt0p8v25c
                                                          1.036800  r
U496                      OR2D1BWP20P90   N16ADFP_StdCelltt0p8v25c
                                                          0.259200  
U497                      ND2D1BWP20P90   N16ADFP_StdCelltt0p8v25c
                                                          0.207360  
U498                      INVD1BWP20P90   N16ADFP_StdCelltt0p8v25c
                                                          0.155520  
U499                      FA1D1BWP20P90   N16ADFP_StdCelltt0p8v25c
                                                          1.036800  r
U500                      INVD1BWP20P90   N16ADFP_StdCelltt0p8v25c
                                                          0.155520  
U501                      NR2D1BWP20P90   N16ADFP_StdCelltt0p8v25c
                                                          0.207360  
U502                      XNR2D1BWP20P90  N16ADFP_StdCelltt0p8v25c
                                                          0.518400  
U503                      OAI22D1BWP20P90 N16ADFP_StdCelltt0p8v25c
                                                          0.311040  
U504                      XNR2D1BWP20P90  N16ADFP_StdCelltt0p8v25c
                                                          0.518400  
U505                      OAI22D1BWP20P90 N16ADFP_StdCelltt0p8v25c
                                                          0.311040  
U506                      XNR2D1BWP20P90  N16ADFP_StdCelltt0p8v25c
                                                          0.518400  
U507                      OAI22D1BWP20P90 N16ADFP_StdCelltt0p8v25c
                                                          0.311040  
U508                      XNR2D1BWP20P90  N16ADFP_StdCelltt0p8v25c
                                                          0.518400  
U509                      OAI22D1BWP20P90 N16ADFP_StdCelltt0p8v25c
                                                          0.311040  
U510                      FA1D1BWP20P90   N16ADFP_StdCelltt0p8v25c
                                                          1.036800  r
U511                      FA1D1BWP20P90   N16ADFP_StdCelltt0p8v25c
                                                          1.036800  r
U512                      XNR2D1BWP20P90  N16ADFP_StdCelltt0p8v25c
                                                          0.518400  
U513                      OAI22D1BWP20P90 N16ADFP_StdCelltt0p8v25c
                                                          0.311040  
U514                      AO21D1BWP20P90  N16ADFP_StdCelltt0p8v25c
                                                          0.311040  
U515                      FA1D1BWP20P90   N16ADFP_StdCelltt0p8v25c
                                                          1.036800  r
U516                      FA1D1BWP20P90   N16ADFP_StdCelltt0p8v25c
                                                          1.036800  r
U517                      FA1D1BWP20P90   N16ADFP_StdCelltt0p8v25c
                                                          1.036800  r
U518                      NR2D1BWP20P90   N16ADFP_StdCelltt0p8v25c
                                                          0.207360  
U519                      ND2D1BWP20P90   N16ADFP_StdCelltt0p8v25c
                                                          0.207360  
U520                      FA1D1BWP20P90   N16ADFP_StdCelltt0p8v25c
                                                          1.036800  r
U521                      FA1D1BWP20P90   N16ADFP_StdCelltt0p8v25c
                                                          1.036800  r
U522                      INVD1BWP20P90   N16ADFP_StdCelltt0p8v25c
                                                          0.155520  
U523                      NR2D1BWP20P90   N16ADFP_StdCelltt0p8v25c
                                                          0.207360  
U524                      INVD1BWP20P90   N16ADFP_StdCelltt0p8v25c
                                                          0.155520  
U525                      OAI22D1BWP20P90 N16ADFP_StdCelltt0p8v25c
                                                          0.311040  
U526                      XNR2D1BWP20P90  N16ADFP_StdCelltt0p8v25c
                                                          0.518400  
U527                      OAI22D1BWP20P90 N16ADFP_StdCelltt0p8v25c
                                                          0.311040  
U528                      FA1D1BWP20P90   N16ADFP_StdCelltt0p8v25c
                                                          1.036800  r
U529                      XNR2D1BWP20P90  N16ADFP_StdCelltt0p8v25c
                                                          0.518400  
U530                      OAI22D1BWP20P90 N16ADFP_StdCelltt0p8v25c
                                                          0.311040  
U531                      XNR2D1BWP20P90  N16ADFP_StdCelltt0p8v25c
                                                          0.518400  
U532                      OAI22D1BWP20P90 N16ADFP_StdCelltt0p8v25c
                                                          0.311040  
U533                      XNR2D1BWP20P90  N16ADFP_StdCelltt0p8v25c
                                                          0.518400  
U534                      OAI22D1BWP20P90 N16ADFP_StdCelltt0p8v25c
                                                          0.311040  
U535                      FA1D1BWP20P90   N16ADFP_StdCelltt0p8v25c
                                                          1.036800  r
U536                      FA1D1BWP20P90   N16ADFP_StdCelltt0p8v25c
                                                          1.036800  r
U537                      FA1D1BWP20P90   N16ADFP_StdCelltt0p8v25c
                                                          1.036800  r
U538                      OR2D1BWP20P90   N16ADFP_StdCelltt0p8v25c
                                                          0.259200  
U539                      ND2D1BWP20P90   N16ADFP_StdCelltt0p8v25c
                                                          0.207360  
U540                      INVD1BWP20P90   N16ADFP_StdCelltt0p8v25c
                                                          0.155520  
U541                      AO21D1BWP20P90  N16ADFP_StdCelltt0p8v25c
                                                          0.311040  
U542                      FA1D1BWP20P90   N16ADFP_StdCelltt0p8v25c
                                                          1.036800  r
U543                      FA1D1BWP20P90   N16ADFP_StdCelltt0p8v25c
                                                          1.036800  r
U544                      FA1D1BWP20P90   N16ADFP_StdCelltt0p8v25c
                                                          1.036800  r
U545                      INVD1BWP20P90   N16ADFP_StdCelltt0p8v25c
                                                          0.155520  
U546                      NR2D1BWP20P90   N16ADFP_StdCelltt0p8v25c
                                                          0.207360  
U547                      XNR2D1BWP20P90  N16ADFP_StdCelltt0p8v25c
                                                          0.518400  
U548                      OAI22D1BWP20P90 N16ADFP_StdCelltt0p8v25c
                                                          0.311040  
U549                      XNR2D1BWP20P90  N16ADFP_StdCelltt0p8v25c
                                                          0.518400  
U550                      OAI22D1BWP20P90 N16ADFP_StdCelltt0p8v25c
                                                          0.311040  
U551                      XNR2D1BWP20P90  N16ADFP_StdCelltt0p8v25c
                                                          0.518400  
U552                      OAI22D1BWP20P90 N16ADFP_StdCelltt0p8v25c
                                                          0.311040  
U553                      XNR2D1BWP20P90  N16ADFP_StdCelltt0p8v25c
                                                          0.518400  
U554                      OAI22D1BWP20P90 N16ADFP_StdCelltt0p8v25c
                                                          0.311040  
U555                      FA1D1BWP20P90   N16ADFP_StdCelltt0p8v25c
                                                          1.036800  r
U556                      FA1D1BWP20P90   N16ADFP_StdCelltt0p8v25c
                                                          1.036800  r
U557                      NR2D1BWP20P90   N16ADFP_StdCelltt0p8v25c
                                                          0.207360  
U558                      ND2D1BWP20P90   N16ADFP_StdCelltt0p8v25c
                                                          0.207360  
U559                      XNR2D1BWP20P90  N16ADFP_StdCelltt0p8v25c
                                                          0.518400  
U560                      OAI22D1BWP20P90 N16ADFP_StdCelltt0p8v25c
                                                          0.311040  
U561                      XNR2D1BWP20P90  N16ADFP_StdCelltt0p8v25c
                                                          0.518400  
U562                      OAI22D1BWP20P90 N16ADFP_StdCelltt0p8v25c
                                                          0.311040  
U563                      FA1D1BWP20P90   N16ADFP_StdCelltt0p8v25c
                                                          1.036800  r
U564                      FA1D1BWP20P90   N16ADFP_StdCelltt0p8v25c
                                                          1.036800  r
U565                      FA1D1BWP20P90   N16ADFP_StdCelltt0p8v25c
                                                          1.036800  r
U566                      INVD1BWP20P90   N16ADFP_StdCelltt0p8v25c
                                                          0.155520  
U567                      NR2D1BWP20P90   N16ADFP_StdCelltt0p8v25c
                                                          0.207360  
U568                      INVD1BWP20P90   N16ADFP_StdCelltt0p8v25c
                                                          0.155520  
U569                      OAI22D1BWP20P90 N16ADFP_StdCelltt0p8v25c
                                                          0.311040  
U570                      XNR2D1BWP20P90  N16ADFP_StdCelltt0p8v25c
                                                          0.518400  
U571                      OAI22D1BWP20P90 N16ADFP_StdCelltt0p8v25c
                                                          0.311040  
U572                      FA1D1BWP20P90   N16ADFP_StdCelltt0p8v25c
                                                          1.036800  r
U573                      FA1D1BWP20P90   N16ADFP_StdCelltt0p8v25c
                                                          1.036800  r
U574                      OR2D1BWP20P90   N16ADFP_StdCelltt0p8v25c
                                                          0.259200  
U575                      ND2D1BWP20P90   N16ADFP_StdCelltt0p8v25c
                                                          0.207360  
U576                      INVD1BWP20P90   N16ADFP_StdCelltt0p8v25c
                                                          0.155520  
U577                      AOI21D4BWP20P90 N16ADFP_StdCelltt0p8v25c
                                                          0.725760  
U578                      FA1D1BWP20P90   N16ADFP_StdCelltt0p8v25c
                                                          1.036800  r
U579                      FA1D1BWP20P90   N16ADFP_StdCelltt0p8v25c
                                                          1.036800  r
U580                      INVD1BWP20P90   N16ADFP_StdCelltt0p8v25c
                                                          0.155520  
U581                      NR2D1BWP20P90   N16ADFP_StdCelltt0p8v25c
                                                          0.207360  
U582                      XNR2D1BWP20P90  N16ADFP_StdCelltt0p8v25c
                                                          0.518400  
U583                      OAI22D1BWP20P90 N16ADFP_StdCelltt0p8v25c
                                                          0.311040  
U584                      XNR2D1BWP20P90  N16ADFP_StdCelltt0p8v25c
                                                          0.518400  
U585                      OAI22D1BWP20P90 N16ADFP_StdCelltt0p8v25c
                                                          0.311040  
U586                      XNR2D1BWP20P90  N16ADFP_StdCelltt0p8v25c
                                                          0.518400  
U587                      OAI22D1BWP20P90 N16ADFP_StdCelltt0p8v25c
                                                          0.311040  
U588                      AO21D1BWP20P90  N16ADFP_StdCelltt0p8v25c
                                                          0.311040  
U589                      FA1D1BWP20P90   N16ADFP_StdCelltt0p8v25c
                                                          1.036800  r
U590                      FA1D1BWP20P90   N16ADFP_StdCelltt0p8v25c
                                                          1.036800  r
U591                      NR2D1BWP20P90   N16ADFP_StdCelltt0p8v25c
                                                          0.207360  
U592                      ND2D1BWP20P90   N16ADFP_StdCelltt0p8v25c
                                                          0.207360  
U593                      OAI21D4BWP20P90 N16ADFP_StdCelltt0p8v25c
                                                          0.725760  
U594                      FA1D1BWP20P90   N16ADFP_StdCelltt0p8v25c
                                                          1.036800  r
U595                      INVD1BWP20P90   N16ADFP_StdCelltt0p8v25c
                                                          0.155520  
U596                      NR2D1BWP20P90   N16ADFP_StdCelltt0p8v25c
                                                          0.207360  
U597                      INVD1BWP20P90   N16ADFP_StdCelltt0p8v25c
                                                          0.155520  
U598                      OAI22D1BWP20P90 N16ADFP_StdCelltt0p8v25c
                                                          0.311040  
U599                      XNR2D1BWP20P90  N16ADFP_StdCelltt0p8v25c
                                                          0.518400  
U600                      OAI22D1BWP20P90 N16ADFP_StdCelltt0p8v25c
                                                          0.311040  
U601                      FA1D1BWP20P90   N16ADFP_StdCelltt0p8v25c
                                                          1.036800  r
U602                      XNR2D1BWP20P90  N16ADFP_StdCelltt0p8v25c
                                                          0.518400  
U603                      OAI22D1BWP20P90 N16ADFP_StdCelltt0p8v25c
                                                          0.311040  
U604                      FA1D1BWP20P90   N16ADFP_StdCelltt0p8v25c
                                                          1.036800  r
U605                      FA1D1BWP20P90   N16ADFP_StdCelltt0p8v25c
                                                          1.036800  r
U606                      OR2D1BWP20P90   N16ADFP_StdCelltt0p8v25c
                                                          0.259200  
U607                      ND2D1BWP20P90   N16ADFP_StdCelltt0p8v25c
                                                          0.207360  
U608                      INVD1BWP20P90   N16ADFP_StdCelltt0p8v25c
                                                          0.155520  
U609                      AOI21D4BWP20P90 N16ADFP_StdCelltt0p8v25c
                                                          0.725760  
U610                      INVD1BWP20P90   N16ADFP_StdCelltt0p8v25c
                                                          0.155520  
U611                      NR2D1BWP20P90   N16ADFP_StdCelltt0p8v25c
                                                          0.207360  
U612                      XNR2D1BWP20P90  N16ADFP_StdCelltt0p8v25c
                                                          0.518400  
U613                      OAI22D1BWP20P90 N16ADFP_StdCelltt0p8v25c
                                                          0.311040  
U614                      FA1D1BWP20P90   N16ADFP_StdCelltt0p8v25c
                                                          1.036800  r
U615                      XNR2D1BWP20P90  N16ADFP_StdCelltt0p8v25c
                                                          0.518400  
U616                      OAI22D1BWP20P90 N16ADFP_StdCelltt0p8v25c
                                                          0.311040  
U617                      AO21D1BWP20P90  N16ADFP_StdCelltt0p8v25c
                                                          0.311040  
U618                      FA1D1BWP20P90   N16ADFP_StdCelltt0p8v25c
                                                          1.036800  r
U619                      FA1D1BWP20P90   N16ADFP_StdCelltt0p8v25c
                                                          1.036800  r
U620                      NR2D1BWP20P90   N16ADFP_StdCelltt0p8v25c
                                                          0.207360  
U621                      ND2D1BWP20P90   N16ADFP_StdCelltt0p8v25c
                                                          0.207360  
U622                      OAI21D2BWP20P90 N16ADFP_StdCelltt0p8v25c
                                                          0.414720  
U623                      FA1D1BWP20P90   N16ADFP_StdCelltt0p8v25c
                                                          1.036800  r
U624                      INVD1BWP20P90   N16ADFP_StdCelltt0p8v25c
                                                          0.155520  
U625                      NR2D1BWP20P90   N16ADFP_StdCelltt0p8v25c
                                                          0.207360  
U626                      INVD1BWP20P90   N16ADFP_StdCelltt0p8v25c
                                                          0.155520  
U627                      OAI22D1BWP20P90 N16ADFP_StdCelltt0p8v25c
                                                          0.311040  
U628                      XNR2D1BWP20P90  N16ADFP_StdCelltt0p8v25c
                                                          0.518400  
U629                      OAI22D1BWP20P90 N16ADFP_StdCelltt0p8v25c
                                                          0.311040  
U630                      FA1D1BWP20P90   N16ADFP_StdCelltt0p8v25c
                                                          1.036800  r
U631                      FA1D1BWP20P90   N16ADFP_StdCelltt0p8v25c
                                                          1.036800  r
U632                      OR2D1BWP20P90   N16ADFP_StdCelltt0p8v25c
                                                          0.259200  
U633                      ND2D1BWP20P90   N16ADFP_StdCelltt0p8v25c
                                                          0.207360  
U634                      INVD1BWP20P90   N16ADFP_StdCelltt0p8v25c
                                                          0.155520  
U635                      AOI21D4BWP20P90 N16ADFP_StdCelltt0p8v25c
                                                          0.725760  
U636                      FA1D1BWP20P90   N16ADFP_StdCelltt0p8v25c
                                                          1.036800  r
U637                      AO21D1BWP20P90  N16ADFP_StdCelltt0p8v25c
                                                          0.311040  
U638                      FA1D1BWP20P90   N16ADFP_StdCelltt0p8v25c
                                                          1.036800  r
U639                      INVD1BWP20P90   N16ADFP_StdCelltt0p8v25c
                                                          0.155520  
U640                      NR2D1BWP20P90   N16ADFP_StdCelltt0p8v25c
                                                          0.207360  
U641                      XNR2D1BWP20P90  N16ADFP_StdCelltt0p8v25c
                                                          0.518400  
U642                      OAI22D1BWP20P90 N16ADFP_StdCelltt0p8v25c
                                                          0.311040  
U643                      NR2D1BWP20P90   N16ADFP_StdCelltt0p8v25c
                                                          0.207360  
U644                      ND2D1BWP20P90   N16ADFP_StdCelltt0p8v25c
                                                          0.207360  
U645                      INVD1BWP20P90   N16ADFP_StdCelltt0p8v25c
                                                          0.155520  
U646                      NR2D1BWP20P90   N16ADFP_StdCelltt0p8v25c
                                                          0.207360  
U647                      INVD1BWP20P90   N16ADFP_StdCelltt0p8v25c
                                                          0.155520  
U648                      OAI22D1BWP20P90 N16ADFP_StdCelltt0p8v25c
                                                          0.311040  
U649                      FA1D1BWP20P90   N16ADFP_StdCelltt0p8v25c
                                                          1.036800  r
U650                      FA1D1BWP20P90   N16ADFP_StdCelltt0p8v25c
                                                          1.036800  r
U651                      OR2D1BWP20P90   N16ADFP_StdCelltt0p8v25c
                                                          0.259200  
U652                      ND2D1BWP20P90   N16ADFP_StdCelltt0p8v25c
                                                          0.207360  
U653                      INVD1BWP20P90   N16ADFP_StdCelltt0p8v25c
                                                          0.155520  
U654                      AO21D1BWP20P90  N16ADFP_StdCelltt0p8v25c
                                                          0.311040  
U655                      FA1D1BWP20P90   N16ADFP_StdCelltt0p8v25c
                                                          1.036800  r
U656                      INVD1BWP20P90   N16ADFP_StdCelltt0p8v25c
                                                          0.155520  
U657                      NR2D1BWP20P90   N16ADFP_StdCelltt0p8v25c
                                                          0.207360  
U658                      AO21D1BWP20P90  N16ADFP_StdCelltt0p8v25c
                                                          0.311040  
U659                      XOR2D1BWP20P90  N16ADFP_StdCelltt0p8v25c
                                                          0.518400  
U660                      XOR2D1BWP20P90  N16ADFP_StdCelltt0p8v25c
                                                          0.518400  
U661                      ND2D1BWP20P90   N16ADFP_StdCelltt0p8v25c
                                                          0.207360  
U662                      INVD1BWP20P90   N16ADFP_StdCelltt0p8v25c
                                                          0.155520  
U663                      ND2D1BWP20P90   N16ADFP_StdCelltt0p8v25c
                                                          0.207360  
U664                      INR2D1BWP20P90  N16ADFP_StdCelltt0p8v25c
                                                          0.259200  
U665                      OR2D1BWP20P90   N16ADFP_StdCelltt0p8v25c
                                                          0.259200  
U666                      AN2D1BWP20P90   N16ADFP_StdCelltt0p8v25c
                                                          0.259200  
U667                      ND2D1BWP20P90   N16ADFP_StdCelltt0p8v25c
                                                          0.207360  
U668                      XNR2D1BWP20P90  N16ADFP_StdCelltt0p8v25c
                                                          0.518400  
U669                      INVD1BWP20P90   N16ADFP_StdCelltt0p8v25c
                                                          0.155520  
U670                      ND2D1BWP20P90   N16ADFP_StdCelltt0p8v25c
                                                          0.207360  
U671                      XOR2D1BWP20P90  N16ADFP_StdCelltt0p8v25c
                                                          0.518400  
U672                      ND2D1BWP20P90   N16ADFP_StdCelltt0p8v25c
                                                          0.207360  
U673                      XNR2D1BWP20P90  N16ADFP_StdCelltt0p8v25c
                                                          0.518400  
U674                      INVD1BWP20P90   N16ADFP_StdCelltt0p8v25c
                                                          0.155520  
U675                      ND2D1BWP20P90   N16ADFP_StdCelltt0p8v25c
                                                          0.207360  
U676                      XOR2D1BWP20P90  N16ADFP_StdCelltt0p8v25c
                                                          0.518400  
U677                      ND2D1BWP20P90   N16ADFP_StdCelltt0p8v25c
                                                          0.207360  
U678                      XNR2D1BWP20P90  N16ADFP_StdCelltt0p8v25c
                                                          0.518400  
U679                      INVD1BWP20P90   N16ADFP_StdCelltt0p8v25c
                                                          0.155520  
U680                      ND2D1BWP20P90   N16ADFP_StdCelltt0p8v25c
                                                          0.207360  
U681                      XOR2D1BWP20P90  N16ADFP_StdCelltt0p8v25c
                                                          0.518400  
U682                      ND2D1BWP20P90   N16ADFP_StdCelltt0p8v25c
                                                          0.207360  
U683                      XNR2D1BWP20P90  N16ADFP_StdCelltt0p8v25c
                                                          0.518400  
U684                      INVD1BWP20P90   N16ADFP_StdCelltt0p8v25c
                                                          0.155520  
U685                      AOI21D1BWP20P90 N16ADFP_StdCelltt0p8v25c
                                                          0.259200  
U686                      OAI21D1BWP20P90 N16ADFP_StdCelltt0p8v25c
                                                          0.259200  
U687                      INVD1BWP20P90   N16ADFP_StdCelltt0p8v25c
                                                          0.155520  
U688                      ND2D1BWP20P90   N16ADFP_StdCelltt0p8v25c
                                                          0.207360  
U689                      XNR2D1BWP20P90  N16ADFP_StdCelltt0p8v25c
                                                          0.518400  
U690                      INVD1BWP20P90   N16ADFP_StdCelltt0p8v25c
                                                          0.155520  
U691                      ND2D1BWP20P90   N16ADFP_StdCelltt0p8v25c
                                                          0.207360  
U692                      XOR2D1BWP20P90  N16ADFP_StdCelltt0p8v25c
                                                          0.518400  
U693                      INVD1BWP20P90   N16ADFP_StdCelltt0p8v25c
                                                          0.155520  
U694                      ND2D1BWP20P90   N16ADFP_StdCelltt0p8v25c
                                                          0.207360  
U695                      XOR2D1BWP20P90  N16ADFP_StdCelltt0p8v25c
                                                          0.518400  
U696                      INVD1BWP20P90   N16ADFP_StdCelltt0p8v25c
                                                          0.155520  
U697                      INVD1BWP20P90   N16ADFP_StdCelltt0p8v25c
                                                          0.155520  
U698                      AOI21D1BWP20P90 N16ADFP_StdCelltt0p8v25c
                                                          0.259200  
U699                      INVD1BWP20P90   N16ADFP_StdCelltt0p8v25c
                                                          0.155520  
U700                      ND2D1BWP20P90   N16ADFP_StdCelltt0p8v25c
                                                          0.207360  
U701                      XOR2D1BWP20P90  N16ADFP_StdCelltt0p8v25c
                                                          0.518400  
U702                      ND2D1BWP20P90   N16ADFP_StdCelltt0p8v25c
                                                          0.207360  
U703                      XNR2D1BWP20P90  N16ADFP_StdCelltt0p8v25c
                                                          0.518400  
U704                      ND2D1BWP20P90   N16ADFP_StdCelltt0p8v25c
                                                          0.207360  
U705                      XNR2D1BWP20P90  N16ADFP_StdCelltt0p8v25c
                                                          0.518400  
U706                      INVD1BWP20P90   N16ADFP_StdCelltt0p8v25c
                                                          0.155520  
U707                      OAI21D1BWP20P90 N16ADFP_StdCelltt0p8v25c
                                                          0.259200  
U708                      INVD1BWP20P90   N16ADFP_StdCelltt0p8v25c
                                                          0.155520  
U709                      ND2D1BWP20P90   N16ADFP_StdCelltt0p8v25c
                                                          0.207360  
U710                      XNR2D1BWP20P90  N16ADFP_StdCelltt0p8v25c
                                                          0.518400  
U711                      INVD1BWP20P90   N16ADFP_StdCelltt0p8v25c
                                                          0.155520  
U712                      ND2D1BWP20P90   N16ADFP_StdCelltt0p8v25c
                                                          0.207360  
U713                      XOR2D1BWP20P90  N16ADFP_StdCelltt0p8v25c
                                                          0.518400  
U714                      INVD1BWP20P90   N16ADFP_StdCelltt0p8v25c
                                                          0.155520  
U715                      AOI21D1BWP20P90 N16ADFP_StdCelltt0p8v25c
                                                          0.259200  
U716                      ND2D1BWP20P90   N16ADFP_StdCelltt0p8v25c
                                                          0.207360  
U717                      XOR2D1BWP20P90  N16ADFP_StdCelltt0p8v25c
                                                          0.518400  
U718                      ND2D1BWP20P90   N16ADFP_StdCelltt0p8v25c
                                                          0.207360  
U719                      XNR2D1BWP20P90  N16ADFP_StdCelltt0p8v25c
                                                          0.518400  
U720                      INVD1BWP20P90   N16ADFP_StdCelltt0p8v25c
                                                          0.155520  
U721                      OAI21D1BWP20P90 N16ADFP_StdCelltt0p8v25c
                                                          0.259200  
U722                      INVD1BWP20P90   N16ADFP_StdCelltt0p8v25c
                                                          0.155520  
U723                      ND2D1BWP20P90   N16ADFP_StdCelltt0p8v25c
                                                          0.207360  
U724                      XNR2D1BWP20P90  N16ADFP_StdCelltt0p8v25c
                                                          0.518400  
U725                      INVD1BWP20P90   N16ADFP_StdCelltt0p8v25c
                                                          0.155520  
U726                      ND2D1BWP20P90   N16ADFP_StdCelltt0p8v25c
                                                          0.207360  
U727                      XOR2D1BWP20P90  N16ADFP_StdCelltt0p8v25c
                                                          0.518400  
U728                      INVD1BWP20P90   N16ADFP_StdCelltt0p8v25c
                                                          0.155520  
U729                      ND2D1BWP20P90   N16ADFP_StdCelltt0p8v25c
                                                          0.207360  
U730                      XOR2D1BWP20P90  N16ADFP_StdCelltt0p8v25c
                                                          0.518400  
U731                      ND2D1BWP20P90   N16ADFP_StdCelltt0p8v25c
                                                          0.207360  
U732                      XNR2D1BWP20P90  N16ADFP_StdCelltt0p8v25c
                                                          0.518400  
U733                      INVD1BWP20P90   N16ADFP_StdCelltt0p8v25c
                                                          0.155520  
U734                      ND2D1BWP20P90   N16ADFP_StdCelltt0p8v25c
                                                          0.207360  
U735                      XOR2D1BWP20P90  N16ADFP_StdCelltt0p8v25c
                                                          0.518400  
U736                      ND2D1BWP20P90   N16ADFP_StdCelltt0p8v25c
                                                          0.207360  
U737                      XNR2D1BWP20P90  N16ADFP_StdCelltt0p8v25c
                                                          0.518400  
U738                      INVD1BWP20P90   N16ADFP_StdCelltt0p8v25c
                                                          0.155520  
U739                      ND2D1BWP20P90   N16ADFP_StdCelltt0p8v25c
                                                          0.207360  
U740                      XOR2D1BWP20P90  N16ADFP_StdCelltt0p8v25c
                                                          0.518400  
U741                      ND2D1BWP20P90   N16ADFP_StdCelltt0p8v25c
                                                          0.207360  
U742                      XNR2D1BWP20P90  N16ADFP_StdCelltt0p8v25c
                                                          0.518400  
U743                      INVD1BWP20P90   N16ADFP_StdCelltt0p8v25c
                                                          0.155520  
U744                      ND2D1BWP20P90   N16ADFP_StdCelltt0p8v25c
                                                          0.207360  
U745                      XOR2D1BWP20P90  N16ADFP_StdCelltt0p8v25c
                                                          0.518400  
U746                      ND2D1BWP20P90   N16ADFP_StdCelltt0p8v25c
                                                          0.207360  
U747                      XNR2D1BWP20P90  N16ADFP_StdCelltt0p8v25c
                                                          0.518400  
U748                      INVD1BWP20P90   N16ADFP_StdCelltt0p8v25c
                                                          0.155520  
U749                      CKBD1BWP20P90   N16ADFP_StdCelltt0p8v25c
                                                          0.207360  
U750                      CKBD1BWP20P90   N16ADFP_StdCelltt0p8v25c
                                                          0.207360  
prod_reg[0]               DFCNQD1BWP20P90 N16ADFP_StdCelltt0p8v25c
                                                          1.140480  n
prod_reg[1]               DFCNQD2BWP20P90 N16ADFP_StdCelltt0p8v25c
                                                          1.140480  n
prod_reg[2]               DFCNQD1BWP20P90 N16ADFP_StdCelltt0p8v25c
                                                          1.140480  n
prod_reg[3]               DFCNQD2BWP20P90 N16ADFP_StdCelltt0p8v25c
                                                          1.140480  n
prod_reg[4]               DFCNQD2BWP20P90 N16ADFP_StdCelltt0p8v25c
                                                          1.140480  n
prod_reg[5]               DFCNQD2BWP20P90 N16ADFP_StdCelltt0p8v25c
                                                          1.140480  n
prod_reg[6]               DFCNQD2BWP20P90 N16ADFP_StdCelltt0p8v25c
                                                          1.140480  n
prod_reg[7]               DFCNQD2BWP20P90 N16ADFP_StdCelltt0p8v25c
                                                          1.140480  n
prod_reg[8]               DFCNQD2BWP20P90 N16ADFP_StdCelltt0p8v25c
                                                          1.140480  n
prod_reg[9]               DFCNQD2BWP20P90 N16ADFP_StdCelltt0p8v25c
                                                          1.140480  n
prod_reg[10]              DFCNQD2BWP20P90 N16ADFP_StdCelltt0p8v25c
                                                          1.140480  n
prod_reg[11]              DFCNQD2BWP20P90 N16ADFP_StdCelltt0p8v25c
                                                          1.140480  n
prod_reg[12]              DFCNQD2BWP20P90 N16ADFP_StdCelltt0p8v25c
                                                          1.140480  n
prod_reg[13]              DFCNQD2BWP20P90 N16ADFP_StdCelltt0p8v25c
                                                          1.140480  n
prod_reg[14]              DFCNQD2BWP20P90 N16ADFP_StdCelltt0p8v25c
                                                          1.140480  n
prod_reg[15]              DFCNQD2BWP20P90 N16ADFP_StdCelltt0p8v25c
                                                          1.140480  n
prod_reg[16]              DFCNQD2BWP20P90 N16ADFP_StdCelltt0p8v25c
                                                          1.140480  n
prod_reg[17]              DFCNQD1BWP20P90 N16ADFP_StdCelltt0p8v25c
                                                          1.140480  n
prod_reg[18]              DFCNQD2BWP20P90 N16ADFP_StdCelltt0p8v25c
                                                          1.140480  n
prod_reg[19]              DFCNQD2BWP20P90 N16ADFP_StdCelltt0p8v25c
                                                          1.140480  n
prod_reg[20]              DFCNQD2BWP20P90 N16ADFP_StdCelltt0p8v25c
                                                          1.140480  n
prod_reg[21]              DFCNQD2BWP20P90 N16ADFP_StdCelltt0p8v25c
                                                          1.140480  n
prod_reg[22]              DFCNQD2BWP20P90 N16ADFP_StdCelltt0p8v25c
                                                          1.140480  n
prod_reg[23]              DFCNQD2BWP20P90 N16ADFP_StdCelltt0p8v25c
                                                          1.140480  n
prod_reg[24]              DFCNQD2BWP20P90 N16ADFP_StdCelltt0p8v25c
                                                          1.140480  n
prod_reg[25]              DFCNQD2BWP20P90 N16ADFP_StdCelltt0p8v25c
                                                          1.140480  n
prod_reg[26]              DFCNQD2BWP20P90 N16ADFP_StdCelltt0p8v25c
                                                          1.140480  n
prod_reg[27]              DFCNQD2BWP20P90 N16ADFP_StdCelltt0p8v25c
                                                          1.140480  n
prod_reg[28]              DFCNQD2BWP20P90 N16ADFP_StdCelltt0p8v25c
                                                          1.140480  n
prod_reg[29]              DFCNQD2BWP20P90 N16ADFP_StdCelltt0p8v25c
                                                          1.140480  n
prod_reg[30]              DFCNQD2BWP20P90 N16ADFP_StdCelltt0p8v25c
                                                          1.140480  n
prod_reg[31]              DFCNQD2BWP20P90 N16ADFP_StdCelltt0p8v25c
                                                          1.140480  n
--------------------------------------------------------------------------------
Total 748 cells                                           352.149130
1
 
****************************************
Report : port
        -verbose
Design : mult
Version: V-2023.12-SP5
Date   : Tue Sep 22 18:10:14 2026
****************************************



Attributes:
    d - dont_touch_network

                       Pin      Wire     Max     Max     Connection
Port           Dir     Load     Load     Trans   Cap     Class      Attrs
--------------------------------------------------------------------------------
clk            in      0.0000   0.0000    0.40    0.07   --         d
inp_a[0]       in      0.0000   0.0000    0.40    0.07   --         
inp_a[1]       in      0.0000   0.0000    0.40    0.07   --         
inp_a[2]       in      0.0000   0.0000    0.40    0.07   --         
inp_a[3]       in      0.0000   0.0000    0.40    0.07   --         
inp_a[4]       in      0.0000   0.0000    0.40    0.07   --         
inp_a[5]       in      0.0000   0.0000    0.40    0.07   --         
inp_a[6]       in      0.0000   0.0000    0.40    0.07   --         
inp_a[7]       in      0.0000   0.0000    0.40    0.07   --         
inp_a[8]       in      0.0000   0.0000    0.40    0.07   --         
inp_a[9]       in      0.0000   0.0000    0.40    0.07   --         
inp_a[10]      in      0.0000   0.0000    0.40    0.07   --         
inp_a[11]      in      0.0000   0.0000    0.40    0.07   --         
inp_a[12]      in      0.0000   0.0000    0.40    0.07   --         
inp_a[13]      in      0.0000   0.0000    0.40    0.07   --         
inp_a[14]      in      0.0000   0.0000    0.40    0.07   --         
inp_a[15]      in      0.0000   0.0000    0.40    0.07   --         
inp_b[0]       in      0.0000   0.0000    0.40    0.07   --         
inp_b[1]       in      0.0000   0.0000    0.40    0.07   --         
inp_b[2]       in      0.0000   0.0000    0.40    0.07   --         
inp_b[3]       in      0.0000   0.0000    0.40    0.07   --         
inp_b[4]       in      0.0000   0.0000    0.40    0.07   --         
inp_b[5]       in      0.0000   0.0000    0.40    0.07   --         
inp_b[6]       in      0.0000   0.0000    0.40    0.07   --         
inp_b[7]       in      0.0000   0.0000    0.40    0.07   --         
inp_b[8]       in      0.0000   0.0000    0.40    0.07   --         
inp_b[9]       in      0.0000   0.0000    0.40    0.07   --         
inp_b[10]      in      0.0000   0.0000    0.40    0.07   --         
inp_b[11]      in      0.0000   0.0000    0.40    0.07   --         
inp_b[12]      in      0.0000   0.0000    0.40    0.07   --         
inp_b[13]      in      0.0000   0.0000    0.40    0.07   --         
inp_b[14]      in      0.0000   0.0000    0.40    0.07   --         
inp_b[15]      in      0.0000   0.0000    0.40    0.07   --         
rst            in      0.0000   0.0000    0.40    0.07   --         
prod[0]        out     0.0100   0.0000   --      --      --         
prod[1]        out     0.0100   0.0000   --      --      --         
prod[2]        out     0.0100   0.0000   --      --      --         
prod[3]        out     0.0100   0.0000   --      --      --         
prod[4]        out     0.0100   0.0000   --      --      --         
prod[5]        out     0.0100   0.0000   --      --      --         
prod[6]        out     0.0100   0.0000   --      --      --         
prod[7]        out     0.0100   0.0000   --      --      --         
prod[8]        out     0.0100   0.0000   --      --      --         
prod[9]        out     0.0100   0.0000   --      --      --         
prod[10]       out     0.0100   0.0000   --      --      --         
prod[11]       out     0.0100   0.0000   --      --      --         
prod[12]       out     0.0100   0.0000   --      --      --         
prod[13]       out     0.0100   0.0000   --      --      --         
prod[14]       out     0.0100   0.0000   --      --      --         
prod[15]       out     0.0100   0.0000   --      --      --         
prod[16]       out     0.0100   0.0000   --      --      --         
prod[17]       out     0.0100   0.0000   --      --      --         
prod[18]       out     0.0100   0.0000   --      --      --         
prod[19]       out     0.0100   0.0000   --      --      --         
prod[20]       out     0.0100   0.0000   --      --      --         
prod[21]       out     0.0100   0.0000   --      --      --         
prod[22]       out     0.0100   0.0000   --      --      --         
prod[23]       out     0.0100   0.0000   --      --      --         
prod[24]       out     0.0100   0.0000   --      --      --         
prod[25]       out     0.0100   0.0000   --      --      --         
prod[26]       out     0.0100   0.0000   --      --      --         
prod[27]       out     0.0100   0.0000   --      --      --         
prod[28]       out     0.0100   0.0000   --      --      --         
prod[29]       out     0.0100   0.0000   --      --      --         
prod[30]       out     0.0100   0.0000   --      --      --         
prod[31]       out     0.0100   0.0000   --      --      --         


              External  Max             Min                Min       Min
              Number    Wireload        Wireload           Pin       Wire
Port          Points    Model           Model              Load      Load
--------------------------------------------------------------------------------
clk                1      --              --              --        -- 
inp_a[0]           1      --              --              --        -- 
inp_a[1]           1      --              --              --        -- 
inp_a[2]           1      --              --              --        -- 
inp_a[3]           1      --              --              --        -- 
inp_a[4]           1      --              --              --        -- 
inp_a[5]           1      --              --              --        -- 
inp_a[6]           1      --              --              --        -- 
inp_a[7]           1      --              --              --        -- 
inp_a[8]           1      --              --              --        -- 
inp_a[9]           1      --              --              --        -- 
inp_a[10]          1      --              --              --        -- 
inp_a[11]          1      --              --              --        -- 
inp_a[12]          1      --              --              --        -- 
inp_a[13]          1      --              --              --        -- 
inp_a[14]          1      --              --              --        -- 
inp_a[15]          1      --              --              --        -- 
inp_b[0]           1      --              --              --        -- 
inp_b[1]           1      --              --              --        -- 
inp_b[2]           1      --              --              --        -- 
inp_b[3]           1      --              --              --        -- 
inp_b[4]           1      --              --              --        -- 
inp_b[5]           1      --              --              --        -- 
inp_b[6]           1      --              --              --        -- 
inp_b[7]           1      --              --              --        -- 
inp_b[8]           1      --              --              --        -- 
inp_b[9]           1      --              --              --        -- 
inp_b[10]          1      --              --              --        -- 
inp_b[11]          1      --              --              --        -- 
inp_b[12]          1      --              --              --        -- 
inp_b[13]          1      --              --              --        -- 
inp_b[14]          1      --              --              --        -- 
inp_b[15]          1      --              --              --        -- 
rst                1      --              --              --        -- 
prod[0]            1      --              --              --        -- 
prod[1]            1      --              --              --        -- 
prod[2]            1      --              --              --        -- 
prod[3]            1      --              --              --        -- 
prod[4]            1      --              --              --        -- 
prod[5]            1      --              --              --        -- 
prod[6]            1      --              --              --        -- 
prod[7]            1      --              --              --        -- 
prod[8]            1      --              --              --        -- 
prod[9]            1      --              --              --        -- 
prod[10]           1      --              --              --        -- 
prod[11]           1      --              --              --        -- 
prod[12]           1      --              --              --        -- 
prod[13]           1      --              --              --        -- 
prod[14]           1      --              --              --        -- 
prod[15]           1      --              --              --        -- 
prod[16]           1      --              --              --        -- 
prod[17]           1      --              --              --        -- 
prod[18]           1      --              --              --        -- 
prod[19]           1      --              --              --        -- 
prod[20]           1      --              --              --        -- 
prod[21]           1      --              --              --        -- 
prod[22]           1      --              --              --        -- 
prod[23]           1      --              --              --        -- 
prod[24]           1      --              --              --        -- 
prod[25]           1      --              --              --        -- 
prod[26]           1      --              --              --        -- 
prod[27]           1      --              --              --        -- 
prod[28]           1      --              --              --        -- 
prod[29]           1      --              --              --        -- 
prod[30]           1      --              --              --        -- 
prod[31]           1      --              --              --        -- 

                    Input Delay
                  Min             Max       Related   Max
Input Port    Rise    Fall    Rise    Fall   Clock  Fanout
--------------------------------------------------------------------------------
clk           --      --      --      --      --      -- 
inp_a[0]      0.01    0.01    0.01    0.01  clk       --    
inp_a[1]      0.01    0.01    0.01    0.01  clk       --    
inp_a[2]      0.01    0.01    0.01    0.01  clk       --    
inp_a[3]      0.01    0.01    0.01    0.01  clk       --    
inp_a[4]      0.01    0.01    0.01    0.01  clk       --    
inp_a[5]      0.01    0.01    0.01    0.01  clk       --    
inp_a[6]      0.01    0.01    0.01    0.01  clk       --    
inp_a[7]      0.01    0.01    0.01    0.01  clk       --    
inp_a[8]      0.01    0.01    0.01    0.01  clk       --    
inp_a[9]      0.01    0.01    0.01    0.01  clk       --    
inp_a[10]     0.01    0.01    0.01    0.01  clk       --    
inp_a[11]     0.01    0.01    0.01    0.01  clk       --    
inp_a[12]     0.01    0.01    0.01    0.01  clk       --    
inp_a[13]     0.01    0.01    0.01    0.01  clk       --    
inp_a[14]     0.01    0.01    0.01    0.01  clk       --    
inp_a[15]     0.01    0.01    0.01    0.01  clk       --    
inp_b[0]      0.01    0.01    0.01    0.01  clk       --    
inp_b[1]      0.01    0.01    0.01    0.01  clk       --    
inp_b[2]      0.01    0.01    0.01    0.01  clk       --    
inp_b[3]      0.01    0.01    0.01    0.01  clk       --    
inp_b[4]      0.01    0.01    0.01    0.01  clk       --    
inp_b[5]      0.01    0.01    0.01    0.01  clk       --    
inp_b[6]      0.01    0.01    0.01    0.01  clk       --    
inp_b[7]      0.01    0.01    0.01    0.01  clk       --    
inp_b[8]      0.01    0.01    0.01    0.01  clk       --    
inp_b[9]      0.01    0.01    0.01    0.01  clk       --    
inp_b[10]     0.01    0.01    0.01    0.01  clk       --    
inp_b[11]     0.01    0.01    0.01    0.01  clk       --    
inp_b[12]     0.01    0.01    0.01    0.01  clk       --    
inp_b[13]     0.01    0.01    0.01    0.01  clk       --    
inp_b[14]     0.01    0.01    0.01    0.01  clk       --    
inp_b[15]     0.01    0.01    0.01    0.01  clk       --    
rst           0.01    0.01    0.01    0.01  clk       --    


                    Driving Cell
Input Port   Rise(min/max)      Fall(min/max)      Mult(min/max)  Attrs(min/max)
--------------------------------------------------------------------------------
clk          INVD1BWP20P90      INVD1BWP20P90        -- /  --     
inp_a[0]     INVD1BWP20P90      INVD1BWP20P90        -- /  --     
inp_a[1]     INVD1BWP20P90      INVD1BWP20P90        -- /  --     
inp_a[2]     INVD1BWP20P90      INVD1BWP20P90        -- /  --     
inp_a[3]     INVD1BWP20P90      INVD1BWP20P90        -- /  --     
inp_a[4]     INVD1BWP20P90      INVD1BWP20P90        -- /  --     
inp_a[5]     INVD1BWP20P90      INVD1BWP20P90        -- /  --     
inp_a[6]     INVD1BWP20P90      INVD1BWP20P90        -- /  --     
inp_a[7]     INVD1BWP20P90      INVD1BWP20P90        -- /  --     
inp_a[8]     INVD1BWP20P90      INVD1BWP20P90        -- /  --     
inp_a[9]     INVD1BWP20P90      INVD1BWP20P90        -- /  --     
inp_a[10]    INVD1BWP20P90      INVD1BWP20P90        -- /  --     
inp_a[11]    INVD1BWP20P90      INVD1BWP20P90        -- /  --     
inp_a[12]    INVD1BWP20P90      INVD1BWP20P90        -- /  --     
inp_a[13]    INVD1BWP20P90      INVD1BWP20P90        -- /  --     
inp_a[14]    INVD1BWP20P90      INVD1BWP20P90        -- /  --     
inp_a[15]    INVD1BWP20P90      INVD1BWP20P90        -- /  --     
inp_b[0]     INVD1BWP20P90      INVD1BWP20P90        -- /  --     
inp_b[1]     INVD1BWP20P90      INVD1BWP20P90        -- /  --     
inp_b[2]     INVD1BWP20P90      INVD1BWP20P90        -- /  --     
inp_b[3]     INVD1BWP20P90      INVD1BWP20P90        -- /  --     
inp_b[4]     INVD1BWP20P90      INVD1BWP20P90        -- /  --     
inp_b[5]     INVD1BWP20P90      INVD1BWP20P90        -- /  --     
inp_b[6]     INVD1BWP20P90      INVD1BWP20P90        -- /  --     
inp_b[7]     INVD1BWP20P90      INVD1BWP20P90        -- /  --     
inp_b[8]     INVD1BWP20P90      INVD1BWP20P90        -- /  --     
inp_b[9]     INVD1BWP20P90      INVD1BWP20P90        -- /  --     
inp_b[10]    INVD1BWP20P90      INVD1BWP20P90        -- /  --     
inp_b[11]    INVD1BWP20P90      INVD1BWP20P90        -- /  --     
inp_b[12]    INVD1BWP20P90      INVD1BWP20P90        -- /  --     
inp_b[13]    INVD1BWP20P90      INVD1BWP20P90        -- /  --     
inp_b[14]    INVD1BWP20P90      INVD1BWP20P90        -- /  --     
inp_b[15]    INVD1BWP20P90      INVD1BWP20P90        -- /  --     
rst          INVD1BWP20P90      INVD1BWP20P90        -- /  --     


               Max Drive      Min Drive      Resistance    Min    Min       Cell
Input Port    Rise    Fall   Rise    Fall   Max     Min    Cap    Fanout    Deg
--------------------------------------------------------------------------------
clk           --      --     --      --     --      --     --     --        -- 
inp_a[0]      --      --     --      --     --      --     --     --        -- 
inp_a[1]      --      --     --      --     --      --     --     --        -- 
inp_a[2]      --      --     --      --     --      --     --     --        -- 
inp_a[3]      --      --     --      --     --      --     --     --        -- 
inp_a[4]      --      --     --      --     --      --     --     --        -- 
inp_a[5]      --      --     --      --     --      --     --     --        -- 
inp_a[6]      --      --     --      --     --      --     --     --        -- 
inp_a[7]      --      --     --      --     --      --     --     --        -- 
inp_a[8]      --      --     --      --     --      --     --     --        -- 
inp_a[9]      --      --     --      --     --      --     --     --        -- 
inp_a[10]     --      --     --      --     --      --     --     --        -- 
inp_a[11]     --      --     --      --     --      --     --     --        -- 
inp_a[12]     --      --     --      --     --      --     --     --        -- 
inp_a[13]     --      --     --      --     --      --     --     --        -- 
inp_a[14]     --      --     --      --     --      --     --     --        -- 
inp_a[15]     --      --     --      --     --      --     --     --        -- 
inp_b[0]      --      --     --      --     --      --     --     --        -- 
inp_b[1]      --      --     --      --     --      --     --     --        -- 
inp_b[2]      --      --     --      --     --      --     --     --        -- 
inp_b[3]      --      --     --      --     --      --     --     --        -- 
inp_b[4]      --      --     --      --     --      --     --     --        -- 
inp_b[5]      --      --     --      --     --      --     --     --        -- 
inp_b[6]      --      --     --      --     --      --     --     --        -- 
inp_b[7]      --      --     --      --     --      --     --     --        -- 
inp_b[8]      --      --     --      --     --      --     --     --        -- 
inp_b[9]      --      --     --      --     --      --     --     --        -- 
inp_b[10]     --      --     --      --     --      --     --     --        -- 
inp_b[11]     --      --     --      --     --      --     --     --        -- 
inp_b[12]     --      --     --      --     --      --     --     --        -- 
inp_b[13]     --      --     --      --     --      --     --     --        -- 
inp_b[14]     --      --     --      --     --      --     --     --        -- 
inp_b[15]     --      --     --      --     --      --     --     --        -- 
rst           --      --     --      --     --      --     --     --        -- 


               Max Tran        Min Tran
Input Port    Rise    Fall    Rise    Fall
--------------------------------------------------------------------------------
clk           --      --      --      -- 
inp_a[0]      --      --      --      -- 
inp_a[1]      --      --      --      -- 
inp_a[2]      --      --      --      -- 
inp_a[3]      --      --      --      -- 
inp_a[4]      --      --      --      -- 
inp_a[5]      --      --      --      -- 
inp_a[6]      --      --      --      -- 
inp_a[7]      --      --      --      -- 
inp_a[8]      --      --      --      -- 
inp_a[9]      --      --      --      -- 
inp_a[10]     --      --      --      -- 
inp_a[11]     --      --      --      -- 
inp_a[12]     --      --      --      -- 
inp_a[13]     --      --      --      -- 
inp_a[14]     --      --      --      -- 
inp_a[15]     --      --      --      -- 
inp_b[0]      --      --      --      -- 
inp_b[1]      --      --      --      -- 
inp_b[2]      --      --      --      -- 
inp_b[3]      --      --      --      -- 
inp_b[4]      --      --      --      -- 
inp_b[5]      --      --      --      -- 
inp_b[6]      --      --      --      -- 
inp_b[7]      --      --      --      -- 
inp_b[8]      --      --      --      -- 
inp_b[9]      --      --      --      -- 
inp_b[10]     --      --      --      -- 
inp_b[11]     --      --      --      -- 
inp_b[12]     --      --      --      -- 
inp_b[13]     --      --      --      -- 
inp_b[14]     --      --      --      -- 
inp_b[15]     --      --      --      -- 
rst           --      --      --      -- 


                    Output Delay
                  Min             Max      Related  Fanout
Output Port   Rise    Fall    Rise    Fall  Clock     Load
--------------------------------------------------------------------------------
prod[0]       0.01    0.01    0.01    0.01  clk       0.00  
prod[1]       0.01    0.01    0.01    0.01  clk       0.00  
prod[2]       0.01    0.01    0.01    0.01  clk       0.00  
prod[3]       0.01    0.01    0.01    0.01  clk       0.00  
prod[4]       0.01    0.01    0.01    0.01  clk       0.00  
prod[5]       0.01    0.01    0.01    0.01  clk       0.00  
prod[6]       0.01    0.01    0.01    0.01  clk       0.00  
prod[7]       0.01    0.01    0.01    0.01  clk       0.00  
prod[8]       0.01    0.01    0.01    0.01  clk       0.00  
prod[9]       0.01    0.01    0.01    0.01  clk       0.00  
prod[10]      0.01    0.01    0.01    0.01  clk       0.00  
prod[11]      0.01    0.01    0.01    0.01  clk       0.00  
prod[12]      0.01    0.01    0.01    0.01  clk       0.00  
prod[13]      0.01    0.01    0.01    0.01  clk       0.00  
prod[14]      0.01    0.01    0.01    0.01  clk       0.00  
prod[15]      0.01    0.01    0.01    0.01  clk       0.00  
prod[16]      0.01    0.01    0.01    0.01  clk       0.00  
prod[17]      0.01    0.01    0.01    0.01  clk       0.00  
prod[18]      0.01    0.01    0.01    0.01  clk       0.00  
prod[19]      0.01    0.01    0.01    0.01  clk       0.00  
prod[20]      0.01    0.01    0.01    0.01  clk       0.00  
prod[21]      0.01    0.01    0.01    0.01  clk       0.00  
prod[22]      0.01    0.01    0.01    0.01  clk       0.00  
prod[23]      0.01    0.01    0.01    0.01  clk       0.00  
prod[24]      0.01    0.01    0.01    0.01  clk       0.00  
prod[25]      0.01    0.01    0.01    0.01  clk       0.00  
prod[26]      0.01    0.01    0.01    0.01  clk       0.00  
prod[27]      0.01    0.01    0.01    0.01  clk       0.00  
prod[28]      0.01    0.01    0.01    0.01  clk       0.00  
prod[29]      0.01    0.01    0.01    0.01  clk       0.00  
prod[30]      0.01    0.01    0.01    0.01  clk       0.00  
prod[31]      0.01    0.01    0.01    0.01  clk       0.00  

1
 
****************************************
Report : compile_options
Design : mult
Version: V-2023.12-SP5
Date   : Tue Sep 22 18:10:14 2026
****************************************

Design                                   Compile Option         Value
--------------------------------------------------------------------------------
mult                                     flatten                false
                                         structure              true
                                         structure_boolean      false
                                         structure_timing       true
                                         isolate_port           disabled
                                         multibit_options
                                           optimization_mode    non_timing_driven
                                           minimum_width        2
                                           exclude_registers_with_timing_exceptions false
--------------------------------------------------------------------------------
1
