 
****************************************
Report : timing
        -path full
        -delay max
        -nworst 100
        -max_paths 100
Design : mult
Version: V-2023.12-SP5
Date   : Tue Sep 22 18:09:15 2026
****************************************

Operating Conditions: tt0p8v25c   Library: N16ADFP_StdCelltt0p8v25c
Wire Load Model Mode: segmented

  Startpoint: inp_a[7] (input port clocked by clk)
  Endpoint: prod_reg[27]
            (rising edge-triggered flip-flop clocked by clk)
  Path Group: clk
  Path Type: max

  Des/Clust/Port     Wire Load Model       Library
  ------------------------------------------------
  mult               ZeroWireload          N16ADFP_StdCelltt0p8v25c

  Point                                    Incr       Path
  -----------------------------------------------------------
  clock clk (rise edge)                    0.00       0.00
  clock network delay (ideal)              0.00       0.00
  input external delay                     0.01       0.01 f
  inp_a[7] (in)                            0.00       0.01 f
  U133/Z (BUFFD2BWP20P90)                  0.03       0.05 f
  U79/Z (XOR2D1BWP20P90)                   0.03       0.07 r
  U99/ZN (ND2D1BWP20P90)                   0.03       0.10 f
  U47/ZN (OAI22D1BWP20P90)                 0.02       0.13 r
  U560/S (FA1D1BWP20P90)                   0.05       0.18 f
  U573/CO (FA1D1BWP20P90)                  0.03       0.21 f
  U590/S (FA1D1BWP20P90)                   0.05       0.26 r
  U599/S (FA1D1BWP20P90)                   0.04       0.30 f
  U55/ZN (NR2D1BWP20P90)                   0.01       0.32 r
  U575/ZN (NR2D1BWP20P90)                  0.01       0.33 f
  U583/ZN (AOI21D1BWP20P90)                0.02       0.35 r
  U710/ZN (OAI21D1BWP20P90)                0.01       0.36 f
  U83/ZN (AOI21D1BWP20P90)                 0.02       0.38 r
  U787/ZN (OAI21D1BWP20P90)                0.01       0.39 f
  U790/ZN (XNR2D1BWP20P90)                 0.02       0.41 r
  prod_reg[27]/D (DFCNQD2BWP20P90)         0.00       0.41 r
  data arrival time                                   0.41

  clock clk (rise edge)                    0.43       0.43
  clock network delay (ideal)              0.00       0.43
  clock uncertainty                       -0.01       0.42
  prod_reg[27]/CP (DFCNQD2BWP20P90)        0.00       0.42 r
  library setup time                      -0.01       0.41
  data required time                                  0.41
  -----------------------------------------------------------
  data required time                                  0.41
  data arrival time                                  -0.41
  -----------------------------------------------------------
  slack (MET)                                         0.00


  Startpoint: inp_a[7] (input port clocked by clk)
  Endpoint: prod_reg[28]
            (rising edge-triggered flip-flop clocked by clk)
  Path Group: clk
  Path Type: max

  Des/Clust/Port     Wire Load Model       Library
  ------------------------------------------------
  mult               ZeroWireload          N16ADFP_StdCelltt0p8v25c

  Point                                    Incr       Path
  -----------------------------------------------------------
  clock clk (rise edge)                    0.00       0.00
  clock network delay (ideal)              0.00       0.00
  input external delay                     0.01       0.01 f
  inp_a[7] (in)                            0.00       0.01 f
  U133/Z (BUFFD2BWP20P90)                  0.03       0.05 f
  U79/Z (XOR2D1BWP20P90)                   0.03       0.07 r
  U99/ZN (ND2D1BWP20P90)                   0.03       0.10 f
  U47/ZN (OAI22D1BWP20P90)                 0.02       0.13 r
  U560/S (FA1D1BWP20P90)                   0.05       0.18 f
  U573/CO (FA1D1BWP20P90)                  0.03       0.21 f
  U590/S (FA1D1BWP20P90)                   0.05       0.26 r
  U599/S (FA1D1BWP20P90)                   0.04       0.30 f
  U55/ZN (NR2D1BWP20P90)                   0.01       0.32 r
  U575/ZN (NR2D1BWP20P90)                  0.01       0.33 f
  U583/ZN (AOI21D1BWP20P90)                0.02       0.35 r
  U710/ZN (OAI21D1BWP20P90)                0.01       0.36 f
  U83/ZN (AOI21D1BWP20P90)                 0.02       0.38 r
  U784/ZN (OAI21D1BWP20P90)                0.01       0.39 f
  U786/ZN (XNR2D1BWP20P90)                 0.02       0.41 r
  prod_reg[28]/D (DFCNQD2BWP20P90)         0.00       0.41 r
  data arrival time                                   0.41

  clock clk (rise edge)                    0.43       0.43
  clock network delay (ideal)              0.00       0.43
  clock uncertainty                       -0.01       0.42
  prod_reg[28]/CP (DFCNQD2BWP20P90)        0.00       0.42 r
  library setup time                      -0.01       0.41
  data required time                                  0.41
  -----------------------------------------------------------
  data required time                                  0.41
  data arrival time                                  -0.41
  -----------------------------------------------------------
  slack (MET)                                         0.00


  Startpoint: inp_a[7] (input port clocked by clk)
  Endpoint: prod_reg[27]
            (rising edge-triggered flip-flop clocked by clk)
  Path Group: clk
  Path Type: max

  Des/Clust/Port     Wire Load Model       Library
  ------------------------------------------------
  mult               ZeroWireload          N16ADFP_StdCelltt0p8v25c

  Point                                    Incr       Path
  -----------------------------------------------------------
  clock clk (rise edge)                    0.00       0.00
  clock network delay (ideal)              0.00       0.00
  input external delay                     0.01       0.01 f
  inp_a[7] (in)                            0.00       0.01 f
  U133/Z (BUFFD2BWP20P90)                  0.03       0.05 f
  U79/Z (XOR2D1BWP20P90)                   0.03       0.07 r
  U99/ZN (ND2D1BWP20P90)                   0.03       0.10 f
  U47/ZN (OAI22D1BWP20P90)                 0.02       0.13 r
  U560/S (FA1D1BWP20P90)                   0.05       0.18 f
  U573/CO (FA1D1BWP20P90)                  0.03       0.21 f
  U590/S (FA1D1BWP20P90)                   0.05       0.26 r
  U599/S (FA1D1BWP20P90)                   0.04       0.30 f
  U55/ZN (NR2D1BWP20P90)                   0.01       0.32 r
  U575/ZN (NR2D1BWP20P90)                  0.01       0.33 f
  U583/ZN (AOI21D1BWP20P90)                0.02       0.35 r
  U710/ZN (OAI21D1BWP20P90)                0.01       0.36 f
  U83/ZN (AOI21D1BWP20P90)                 0.02       0.38 r
  U787/ZN (OAI21D1BWP20P90)                0.01       0.39 f
  U790/ZN (XNR2D1BWP20P90)                 0.02       0.41 r
  prod_reg[27]/D (DFCNQD2BWP20P90)         0.00       0.41 r
  data arrival time                                   0.41

  clock clk (rise edge)                    0.43       0.43
  clock network delay (ideal)              0.00       0.43
  clock uncertainty                       -0.01       0.42
  prod_reg[27]/CP (DFCNQD2BWP20P90)        0.00       0.42 r
  library setup time                      -0.01       0.41
  data required time                                  0.41
  -----------------------------------------------------------
  data required time                                  0.41
  data arrival time                                  -0.41
  -----------------------------------------------------------
  slack (MET)                                         0.00


  Startpoint: inp_a[7] (input port clocked by clk)
  Endpoint: prod_reg[28]
            (rising edge-triggered flip-flop clocked by clk)
  Path Group: clk
  Path Type: max

  Des/Clust/Port     Wire Load Model       Library
  ------------------------------------------------
  mult               ZeroWireload          N16ADFP_StdCelltt0p8v25c

  Point                                    Incr       Path
  -----------------------------------------------------------
  clock clk (rise edge)                    0.00       0.00
  clock network delay (ideal)              0.00       0.00
  input external delay                     0.01       0.01 f
  inp_a[7] (in)                            0.00       0.01 f
  U133/Z (BUFFD2BWP20P90)                  0.03       0.05 f
  U79/Z (XOR2D1BWP20P90)                   0.03       0.07 r
  U99/ZN (ND2D1BWP20P90)                   0.03       0.10 f
  U47/ZN (OAI22D1BWP20P90)                 0.02       0.13 r
  U560/S (FA1D1BWP20P90)                   0.05       0.18 f
  U573/CO (FA1D1BWP20P90)                  0.03       0.21 f
  U590/S (FA1D1BWP20P90)                   0.05       0.26 r
  U599/S (FA1D1BWP20P90)                   0.04       0.30 f
  U55/ZN (NR2D1BWP20P90)                   0.01       0.32 r
  U575/ZN (NR2D1BWP20P90)                  0.01       0.33 f
  U583/ZN (AOI21D1BWP20P90)                0.02       0.35 r
  U710/ZN (OAI21D1BWP20P90)                0.01       0.36 f
  U83/ZN (AOI21D1BWP20P90)                 0.02       0.38 r
  U784/ZN (OAI21D1BWP20P90)                0.01       0.39 f
  U786/ZN (XNR2D1BWP20P90)                 0.02       0.41 r
  prod_reg[28]/D (DFCNQD2BWP20P90)         0.00       0.41 r
  data arrival time                                   0.41

  clock clk (rise edge)                    0.43       0.43
  clock network delay (ideal)              0.00       0.43
  clock uncertainty                       -0.01       0.42
  prod_reg[28]/CP (DFCNQD2BWP20P90)        0.00       0.42 r
  library setup time                      -0.01       0.41
  data required time                                  0.41
  -----------------------------------------------------------
  data required time                                  0.41
  data arrival time                                  -0.41
  -----------------------------------------------------------
  slack (MET)                                         0.00


  Startpoint: inp_a[7] (input port clocked by clk)
  Endpoint: prod_reg[27]
            (rising edge-triggered flip-flop clocked by clk)
  Path Group: clk
  Path Type: max

  Des/Clust/Port     Wire Load Model       Library
  ------------------------------------------------
  mult               ZeroWireload          N16ADFP_StdCelltt0p8v25c

  Point                                    Incr       Path
  -----------------------------------------------------------
  clock clk (rise edge)                    0.00       0.00
  clock network delay (ideal)              0.00       0.00
  input external delay                     0.01       0.01 f
  inp_a[7] (in)                            0.00       0.01 f
  U133/Z (BUFFD2BWP20P90)                  0.03       0.05 f
  U79/Z (XOR2D1BWP20P90)                   0.03       0.07 r
  U99/ZN (ND2D1BWP20P90)                   0.03       0.10 f
  U47/ZN (OAI22D1BWP20P90)                 0.02       0.13 r
  U560/S (FA1D1BWP20P90)                   0.05       0.18 f
  U573/CO (FA1D1BWP20P90)                  0.03       0.21 f
  U590/S (FA1D1BWP20P90)                   0.05       0.26 r
  U599/S (FA1D1BWP20P90)                   0.04       0.30 f
  U55/ZN (NR2D1BWP20P90)                   0.01       0.32 r
  U575/ZN (NR2D1BWP20P90)                  0.01       0.33 f
  U583/ZN (AOI21D1BWP20P90)                0.02       0.35 r
  U710/ZN (OAI21D1BWP20P90)                0.01       0.36 f
  U83/ZN (AOI21D1BWP20P90)                 0.02       0.38 r
  U787/ZN (OAI21D1BWP20P90)                0.01       0.39 f
  U790/ZN (XNR2D1BWP20P90)                 0.02       0.41 r
  prod_reg[27]/D (DFCNQD2BWP20P90)         0.00       0.41 r
  data arrival time                                   0.41

  clock clk (rise edge)                    0.43       0.43
  clock network delay (ideal)              0.00       0.43
  clock uncertainty                       -0.01       0.42
  prod_reg[27]/CP (DFCNQD2BWP20P90)        0.00       0.42 r
  library setup time                      -0.01       0.41
  data required time                                  0.41
  -----------------------------------------------------------
  data required time                                  0.41
  data arrival time                                  -0.41
  -----------------------------------------------------------
  slack (MET)                                         0.00


  Startpoint: inp_a[7] (input port clocked by clk)
  Endpoint: prod_reg[27]
            (rising edge-triggered flip-flop clocked by clk)
  Path Group: clk
  Path Type: max

  Des/Clust/Port     Wire Load Model       Library
  ------------------------------------------------
  mult               ZeroWireload          N16ADFP_StdCelltt0p8v25c

  Point                                    Incr       Path
  -----------------------------------------------------------
  clock clk (rise edge)                    0.00       0.00
  clock network delay (ideal)              0.00       0.00
  input external delay                     0.01       0.01 f
  inp_a[7] (in)                            0.00       0.01 f
  U133/Z (BUFFD2BWP20P90)                  0.03       0.05 f
  U79/Z (XOR2D1BWP20P90)                   0.03       0.07 r
  U99/ZN (ND2D1BWP20P90)                   0.03       0.10 f
  U47/ZN (OAI22D1BWP20P90)                 0.02       0.13 r
  U560/S (FA1D1BWP20P90)                   0.05       0.18 f
  U573/CO (FA1D1BWP20P90)                  0.03       0.21 f
  U590/S (FA1D1BWP20P90)                   0.05       0.26 r
  U599/S (FA1D1BWP20P90)                   0.04       0.30 f
  U55/ZN (NR2D1BWP20P90)                   0.01       0.32 r
  U575/ZN (NR2D1BWP20P90)                  0.01       0.33 f
  U583/ZN (AOI21D1BWP20P90)                0.02       0.35 r
  U710/ZN (OAI21D1BWP20P90)                0.01       0.36 f
  U83/ZN (AOI21D1BWP20P90)                 0.02       0.38 r
  U787/ZN (OAI21D1BWP20P90)                0.01       0.39 f
  U790/ZN (XNR2D1BWP20P90)                 0.02       0.41 r
  prod_reg[27]/D (DFCNQD2BWP20P90)         0.00       0.41 r
  data arrival time                                   0.41

  clock clk (rise edge)                    0.43       0.43
  clock network delay (ideal)              0.00       0.43
  clock uncertainty                       -0.01       0.42
  prod_reg[27]/CP (DFCNQD2BWP20P90)        0.00       0.42 r
  library setup time                      -0.01       0.41
  data required time                                  0.41
  -----------------------------------------------------------
  data required time                                  0.41
  data arrival time                                  -0.41
  -----------------------------------------------------------
  slack (MET)                                         0.00


  Startpoint: inp_a[7] (input port clocked by clk)
  Endpoint: prod_reg[27]
            (rising edge-triggered flip-flop clocked by clk)
  Path Group: clk
  Path Type: max

  Des/Clust/Port     Wire Load Model       Library
  ------------------------------------------------
  mult               ZeroWireload          N16ADFP_StdCelltt0p8v25c

  Point                                    Incr       Path
  -----------------------------------------------------------
  clock clk (rise edge)                    0.00       0.00
  clock network delay (ideal)              0.00       0.00
  input external delay                     0.01       0.01 f
  inp_a[7] (in)                            0.00       0.01 f
  U133/Z (BUFFD2BWP20P90)                  0.03       0.05 f
  U79/Z (XOR2D1BWP20P90)                   0.03       0.07 r
  U99/ZN (ND2D1BWP20P90)                   0.03       0.10 f
  U47/ZN (OAI22D1BWP20P90)                 0.02       0.13 r
  U560/S (FA1D1BWP20P90)                   0.05       0.18 f
  U573/CO (FA1D1BWP20P90)                  0.03       0.21 f
  U590/S (FA1D1BWP20P90)                   0.05       0.26 r
  U599/S (FA1D1BWP20P90)                   0.04       0.30 f
  U55/ZN (NR2D1BWP20P90)                   0.01       0.32 r
  U575/ZN (NR2D1BWP20P90)                  0.01       0.33 f
  U583/ZN (AOI21D1BWP20P90)                0.02       0.35 r
  U710/ZN (OAI21D1BWP20P90)                0.01       0.36 f
  U83/ZN (AOI21D1BWP20P90)                 0.02       0.38 r
  U787/ZN (OAI21D1BWP20P90)                0.01       0.39 f
  U790/ZN (XNR2D1BWP20P90)                 0.02       0.41 r
  prod_reg[27]/D (DFCNQD2BWP20P90)         0.00       0.41 r
  data arrival time                                   0.41

  clock clk (rise edge)                    0.43       0.43
  clock network delay (ideal)              0.00       0.43
  clock uncertainty                       -0.01       0.42
  prod_reg[27]/CP (DFCNQD2BWP20P90)        0.00       0.42 r
  library setup time                      -0.01       0.41
  data required time                                  0.41
  -----------------------------------------------------------
  data required time                                  0.41
  data arrival time                                  -0.41
  -----------------------------------------------------------
  slack (MET)                                         0.00


  Startpoint: inp_a[7] (input port clocked by clk)
  Endpoint: prod_reg[28]
            (rising edge-triggered flip-flop clocked by clk)
  Path Group: clk
  Path Type: max

  Des/Clust/Port     Wire Load Model       Library
  ------------------------------------------------
  mult               ZeroWireload          N16ADFP_StdCelltt0p8v25c

  Point                                    Incr       Path
  -----------------------------------------------------------
  clock clk (rise edge)                    0.00       0.00
  clock network delay (ideal)              0.00       0.00
  input external delay                     0.01       0.01 f
  inp_a[7] (in)                            0.00       0.01 f
  U133/Z (BUFFD2BWP20P90)                  0.03       0.05 f
  U79/Z (XOR2D1BWP20P90)                   0.03       0.07 r
  U99/ZN (ND2D1BWP20P90)                   0.03       0.10 f
  U47/ZN (OAI22D1BWP20P90)                 0.02       0.13 r
  U560/S (FA1D1BWP20P90)                   0.05       0.18 f
  U573/CO (FA1D1BWP20P90)                  0.03       0.21 f
  U590/S (FA1D1BWP20P90)                   0.05       0.26 r
  U599/S (FA1D1BWP20P90)                   0.04       0.30 f
  U55/ZN (NR2D1BWP20P90)                   0.01       0.32 r
  U575/ZN (NR2D1BWP20P90)                  0.01       0.33 f
  U583/ZN (AOI21D1BWP20P90)                0.02       0.35 r
  U710/ZN (OAI21D1BWP20P90)                0.01       0.36 f
  U83/ZN (AOI21D1BWP20P90)                 0.02       0.38 r
  U784/ZN (OAI21D1BWP20P90)                0.01       0.39 f
  U786/ZN (XNR2D1BWP20P90)                 0.02       0.41 r
  prod_reg[28]/D (DFCNQD2BWP20P90)         0.00       0.41 r
  data arrival time                                   0.41

  clock clk (rise edge)                    0.43       0.43
  clock network delay (ideal)              0.00       0.43
  clock uncertainty                       -0.01       0.42
  prod_reg[28]/CP (DFCNQD2BWP20P90)        0.00       0.42 r
  library setup time                      -0.01       0.41
  data required time                                  0.41
  -----------------------------------------------------------
  data required time                                  0.41
  data arrival time                                  -0.41
  -----------------------------------------------------------
  slack (MET)                                         0.00


  Startpoint: inp_a[7] (input port clocked by clk)
  Endpoint: prod_reg[27]
            (rising edge-triggered flip-flop clocked by clk)
  Path Group: clk
  Path Type: max

  Des/Clust/Port     Wire Load Model       Library
  ------------------------------------------------
  mult               ZeroWireload          N16ADFP_StdCelltt0p8v25c

  Point                                    Incr       Path
  -----------------------------------------------------------
  clock clk (rise edge)                    0.00       0.00
  clock network delay (ideal)              0.00       0.00
  input external delay                     0.01       0.01 f
  inp_a[7] (in)                            0.00       0.01 f
  U133/Z (BUFFD2BWP20P90)                  0.03       0.05 f
  U79/Z (XOR2D1BWP20P90)                   0.03       0.07 r
  U99/ZN (ND2D1BWP20P90)                   0.03       0.10 f
  U47/ZN (OAI22D1BWP20P90)                 0.02       0.13 r
  U560/S (FA1D1BWP20P90)                   0.05       0.18 f
  U573/CO (FA1D1BWP20P90)                  0.03       0.21 f
  U590/S (FA1D1BWP20P90)                   0.05       0.26 r
  U599/S (FA1D1BWP20P90)                   0.04       0.30 f
  U55/ZN (NR2D1BWP20P90)                   0.01       0.32 r
  U575/ZN (NR2D1BWP20P90)                  0.01       0.33 f
  U583/ZN (AOI21D1BWP20P90)                0.02       0.35 r
  U710/ZN (OAI21D1BWP20P90)                0.01       0.36 f
  U83/ZN (AOI21D1BWP20P90)                 0.02       0.38 r
  U787/ZN (OAI21D1BWP20P90)                0.01       0.39 f
  U790/ZN (XNR2D1BWP20P90)                 0.02       0.41 r
  prod_reg[27]/D (DFCNQD2BWP20P90)         0.00       0.41 r
  data arrival time                                   0.41

  clock clk (rise edge)                    0.43       0.43
  clock network delay (ideal)              0.00       0.43
  clock uncertainty                       -0.01       0.42
  prod_reg[27]/CP (DFCNQD2BWP20P90)        0.00       0.42 r
  library setup time                      -0.01       0.41
  data required time                                  0.41
  -----------------------------------------------------------
  data required time                                  0.41
  data arrival time                                  -0.41
  -----------------------------------------------------------
  slack (MET)                                         0.00


  Startpoint: inp_a[11] (input port clocked by clk)
  Endpoint: prod_reg[25]
            (rising edge-triggered flip-flop clocked by clk)
  Path Group: clk
  Path Type: max

  Des/Clust/Port     Wire Load Model       Library
  ------------------------------------------------
  mult               ZeroWireload          N16ADFP_StdCelltt0p8v25c

  Point                                    Incr       Path
  -----------------------------------------------------------
  clock clk (rise edge)                    0.00       0.00
  clock network delay (ideal)              0.00       0.00
  input external delay                     0.01       0.01 f
  inp_a[11] (in)                           0.01       0.02 f
  U44/Z (CKBD1BWP20P90)                    0.05       0.07 f
  U403/ZN (XNR2D1BWP20P90)                 0.03       0.10 r
  U45/ZN (OAI22D1BWP20P90)                 0.02       0.12 f
  U450/CO (FA1D1BWP20P90)                  0.04       0.16 f
  U474/S (FA1D1BWP20P90)                   0.05       0.21 r
  U473/S (FA1D1BWP20P90)                   0.05       0.26 f
  U481/S (FA1D1BWP20P90)                   0.05       0.30 r
  U457/ZN (NR2D1BWP20P90)                  0.01       0.32 f
  U134/ZN (NR2D1BWP20P90)                  0.02       0.33 r
  U87/ZN (ND2D2BWP20P90)                   0.01       0.34 f
  U82/ZN (OAI21D4BWP20P90)                 0.01       0.36 r
  U84/ZN (AOI21D1BWP20P90)                 0.02       0.38 f
  U791/ZN (OAI21D1BWP20P90)                0.02       0.39 r
  U793/ZN (XNR2D1BWP20P90)                 0.02       0.41 r
  prod_reg[25]/D (DFCNQD2BWP20P90)         0.00       0.41 r
  data arrival time                                   0.41

  clock clk (rise edge)                    0.43       0.43
  clock network delay (ideal)              0.00       0.43
  clock uncertainty                       -0.01       0.42
  prod_reg[25]/CP (DFCNQD2BWP20P90)        0.00       0.42 r
  library setup time                      -0.01       0.41
  data required time                                  0.41
  -----------------------------------------------------------
  data required time                                  0.41
  data arrival time                                  -0.41
  -----------------------------------------------------------
  slack (MET)                                         0.00


  Startpoint: inp_a[11] (input port clocked by clk)
  Endpoint: prod_reg[29]
            (rising edge-triggered flip-flop clocked by clk)
  Path Group: clk
  Path Type: max

  Des/Clust/Port     Wire Load Model       Library
  ------------------------------------------------
  mult               ZeroWireload          N16ADFP_StdCelltt0p8v25c

  Point                                    Incr       Path
  -----------------------------------------------------------
  clock clk (rise edge)                    0.00       0.00
  clock network delay (ideal)              0.00       0.00
  input external delay                     0.01       0.01 f
  inp_a[11] (in)                           0.01       0.02 f
  U44/Z (CKBD1BWP20P90)                    0.05       0.07 f
  U403/ZN (XNR2D1BWP20P90)                 0.03       0.10 r
  U45/ZN (OAI22D1BWP20P90)                 0.02       0.12 f
  U450/CO (FA1D1BWP20P90)                  0.04       0.16 f
  U474/S (FA1D1BWP20P90)                   0.05       0.21 r
  U473/S (FA1D1BWP20P90)                   0.05       0.26 f
  U481/S (FA1D1BWP20P90)                   0.05       0.30 r
  U457/ZN (NR2D1BWP20P90)                  0.01       0.32 f
  U134/ZN (NR2D1BWP20P90)                  0.02       0.33 r
  U87/ZN (ND2D2BWP20P90)                   0.01       0.34 f
  U82/ZN (OAI21D4BWP20P90)                 0.01       0.36 r
  U84/ZN (AOI21D1BWP20P90)                 0.02       0.38 f
  U668/ZN (OAI21D1BWP20P90)                0.02       0.39 r
  U679/ZN (XNR2D1BWP20P90)                 0.02       0.41 r
  prod_reg[29]/D (DFCNQD2BWP20P90)         0.00       0.41 r
  data arrival time                                   0.41

  clock clk (rise edge)                    0.43       0.43
  clock network delay (ideal)              0.00       0.43
  clock uncertainty                       -0.01       0.42
  prod_reg[29]/CP (DFCNQD2BWP20P90)        0.00       0.42 r
  library setup time                      -0.01       0.41
  data required time                                  0.41
  -----------------------------------------------------------
  data required time                                  0.41
  data arrival time                                  -0.41
  -----------------------------------------------------------
  slack (MET)                                         0.00


  Startpoint: inp_a[7] (input port clocked by clk)
  Endpoint: prod_reg[28]
            (rising edge-triggered flip-flop clocked by clk)
  Path Group: clk
  Path Type: max

  Des/Clust/Port     Wire Load Model       Library
  ------------------------------------------------
  mult               ZeroWireload          N16ADFP_StdCelltt0p8v25c

  Point                                    Incr       Path
  -----------------------------------------------------------
  clock clk (rise edge)                    0.00       0.00
  clock network delay (ideal)              0.00       0.00
  input external delay                     0.01       0.01 f
  inp_a[7] (in)                            0.00       0.01 f
  U133/Z (BUFFD2BWP20P90)                  0.03       0.05 f
  U79/Z (XOR2D1BWP20P90)                   0.03       0.07 r
  U99/ZN (ND2D1BWP20P90)                   0.03       0.10 f
  U47/ZN (OAI22D1BWP20P90)                 0.02       0.13 r
  U560/S (FA1D1BWP20P90)                   0.05       0.18 f
  U573/CO (FA1D1BWP20P90)                  0.03       0.21 f
  U590/S (FA1D1BWP20P90)                   0.05       0.26 r
  U599/S (FA1D1BWP20P90)                   0.04       0.30 f
  U55/ZN (NR2D1BWP20P90)                   0.01       0.32 r
  U575/ZN (NR2D1BWP20P90)                  0.01       0.33 f
  U583/ZN (AOI21D1BWP20P90)                0.02       0.35 r
  U710/ZN (OAI21D1BWP20P90)                0.01       0.36 f
  U83/ZN (AOI21D1BWP20P90)                 0.02       0.38 r
  U784/ZN (OAI21D1BWP20P90)                0.01       0.39 f
  U786/ZN (XNR2D1BWP20P90)                 0.02       0.41 r
  prod_reg[28]/D (DFCNQD2BWP20P90)         0.00       0.41 r
  data arrival time                                   0.41

  clock clk (rise edge)                    0.43       0.43
  clock network delay (ideal)              0.00       0.43
  clock uncertainty                       -0.01       0.42
  prod_reg[28]/CP (DFCNQD2BWP20P90)        0.00       0.42 r
  library setup time                      -0.01       0.41
  data required time                                  0.41
  -----------------------------------------------------------
  data required time                                  0.41
  data arrival time                                  -0.41
  -----------------------------------------------------------
  slack (MET)                                         0.00


  Startpoint: inp_a[7] (input port clocked by clk)
  Endpoint: prod_reg[28]
            (rising edge-triggered flip-flop clocked by clk)
  Path Group: clk
  Path Type: max

  Des/Clust/Port     Wire Load Model       Library
  ------------------------------------------------
  mult               ZeroWireload          N16ADFP_StdCelltt0p8v25c

  Point                                    Incr       Path
  -----------------------------------------------------------
  clock clk (rise edge)                    0.00       0.00
  clock network delay (ideal)              0.00       0.00
  input external delay                     0.01       0.01 f
  inp_a[7] (in)                            0.00       0.01 f
  U133/Z (BUFFD2BWP20P90)                  0.03       0.05 f
  U79/Z (XOR2D1BWP20P90)                   0.03       0.07 r
  U99/ZN (ND2D1BWP20P90)                   0.03       0.10 f
  U47/ZN (OAI22D1BWP20P90)                 0.02       0.13 r
  U560/S (FA1D1BWP20P90)                   0.05       0.18 f
  U573/CO (FA1D1BWP20P90)                  0.03       0.21 f
  U590/S (FA1D1BWP20P90)                   0.05       0.26 r
  U599/S (FA1D1BWP20P90)                   0.04       0.30 f
  U55/ZN (NR2D1BWP20P90)                   0.01       0.32 r
  U575/ZN (NR2D1BWP20P90)                  0.01       0.33 f
  U583/ZN (AOI21D1BWP20P90)                0.02       0.35 r
  U710/ZN (OAI21D1BWP20P90)                0.01       0.36 f
  U83/ZN (AOI21D1BWP20P90)                 0.02       0.38 r
  U784/ZN (OAI21D1BWP20P90)                0.01       0.39 f
  U786/ZN (XNR2D1BWP20P90)                 0.02       0.41 r
  prod_reg[28]/D (DFCNQD2BWP20P90)         0.00       0.41 r
  data arrival time                                   0.41

  clock clk (rise edge)                    0.43       0.43
  clock network delay (ideal)              0.00       0.43
  clock uncertainty                       -0.01       0.42
  prod_reg[28]/CP (DFCNQD2BWP20P90)        0.00       0.42 r
  library setup time                      -0.01       0.41
  data required time                                  0.41
  -----------------------------------------------------------
  data required time                                  0.41
  data arrival time                                  -0.41
  -----------------------------------------------------------
  slack (MET)                                         0.00


  Startpoint: inp_a[7] (input port clocked by clk)
  Endpoint: prod_reg[28]
            (rising edge-triggered flip-flop clocked by clk)
  Path Group: clk
  Path Type: max

  Des/Clust/Port     Wire Load Model       Library
  ------------------------------------------------
  mult               ZeroWireload          N16ADFP_StdCelltt0p8v25c

  Point                                    Incr       Path
  -----------------------------------------------------------
  clock clk (rise edge)                    0.00       0.00
  clock network delay (ideal)              0.00       0.00
  input external delay                     0.01       0.01 f
  inp_a[7] (in)                            0.00       0.01 f
  U133/Z (BUFFD2BWP20P90)                  0.03       0.05 f
  U79/Z (XOR2D1BWP20P90)                   0.03       0.07 r
  U99/ZN (ND2D1BWP20P90)                   0.03       0.10 f
  U47/ZN (OAI22D1BWP20P90)                 0.02       0.13 r
  U560/S (FA1D1BWP20P90)                   0.05       0.18 f
  U573/CO (FA1D1BWP20P90)                  0.03       0.21 f
  U590/S (FA1D1BWP20P90)                   0.05       0.26 r
  U599/S (FA1D1BWP20P90)                   0.04       0.30 f
  U55/ZN (NR2D1BWP20P90)                   0.01       0.32 r
  U575/ZN (NR2D1BWP20P90)                  0.01       0.33 f
  U583/ZN (AOI21D1BWP20P90)                0.02       0.35 r
  U710/ZN (OAI21D1BWP20P90)                0.01       0.36 f
  U83/ZN (AOI21D1BWP20P90)                 0.02       0.38 r
  U784/ZN (OAI21D1BWP20P90)                0.01       0.39 f
  U786/ZN (XNR2D1BWP20P90)                 0.02       0.41 r
  prod_reg[28]/D (DFCNQD2BWP20P90)         0.00       0.41 r
  data arrival time                                   0.41

  clock clk (rise edge)                    0.43       0.43
  clock network delay (ideal)              0.00       0.43
  clock uncertainty                       -0.01       0.42
  prod_reg[28]/CP (DFCNQD2BWP20P90)        0.00       0.42 r
  library setup time                      -0.01       0.41
  data required time                                  0.41
  -----------------------------------------------------------
  data required time                                  0.41
  data arrival time                                  -0.41
  -----------------------------------------------------------
  slack (MET)                                         0.00


  Startpoint: inp_a[7] (input port clocked by clk)
  Endpoint: prod_reg[27]
            (rising edge-triggered flip-flop clocked by clk)
  Path Group: clk
  Path Type: max

  Des/Clust/Port     Wire Load Model       Library
  ------------------------------------------------
  mult               ZeroWireload          N16ADFP_StdCelltt0p8v25c

  Point                                    Incr       Path
  -----------------------------------------------------------
  clock clk (rise edge)                    0.00       0.00
  clock network delay (ideal)              0.00       0.00
  input external delay                     0.01       0.01 f
  inp_a[7] (in)                            0.00       0.01 f
  U133/Z (BUFFD2BWP20P90)                  0.03       0.05 f
  U79/Z (XOR2D1BWP20P90)                   0.03       0.07 r
  U99/ZN (ND2D1BWP20P90)                   0.03       0.10 f
  U47/ZN (OAI22D1BWP20P90)                 0.02       0.13 r
  U560/S (FA1D1BWP20P90)                   0.05       0.18 f
  U573/CO (FA1D1BWP20P90)                  0.03       0.21 f
  U590/S (FA1D1BWP20P90)                   0.05       0.26 r
  U599/S (FA1D1BWP20P90)                   0.04       0.30 f
  U55/ZN (NR2D1BWP20P90)                   0.01       0.32 r
  U575/ZN (NR2D1BWP20P90)                  0.01       0.33 f
  U583/ZN (AOI21D1BWP20P90)                0.02       0.35 r
  U710/ZN (OAI21D1BWP20P90)                0.01       0.36 f
  U83/ZN (AOI21D1BWP20P90)                 0.02       0.38 r
  U787/ZN (OAI21D1BWP20P90)                0.01       0.39 f
  U790/ZN (XNR2D1BWP20P90)                 0.02       0.41 r
  prod_reg[27]/D (DFCNQD2BWP20P90)         0.00       0.41 r
  data arrival time                                   0.41

  clock clk (rise edge)                    0.43       0.43
  clock network delay (ideal)              0.00       0.43
  clock uncertainty                       -0.01       0.42
  prod_reg[27]/CP (DFCNQD2BWP20P90)        0.00       0.42 r
  library setup time                      -0.01       0.41
  data required time                                  0.41
  -----------------------------------------------------------
  data required time                                  0.41
  data arrival time                                  -0.41
  -----------------------------------------------------------
  slack (MET)                                         0.00


  Startpoint: inp_a[7] (input port clocked by clk)
  Endpoint: prod_reg[27]
            (rising edge-triggered flip-flop clocked by clk)
  Path Group: clk
  Path Type: max

  Des/Clust/Port     Wire Load Model       Library
  ------------------------------------------------
  mult               ZeroWireload          N16ADFP_StdCelltt0p8v25c

  Point                                    Incr       Path
  -----------------------------------------------------------
  clock clk (rise edge)                    0.00       0.00
  clock network delay (ideal)              0.00       0.00
  input external delay                     0.01       0.01 f
  inp_a[7] (in)                            0.00       0.01 f
  U133/Z (BUFFD2BWP20P90)                  0.03       0.05 f
  U79/Z (XOR2D1BWP20P90)                   0.03       0.07 r
  U99/ZN (ND2D1BWP20P90)                   0.03       0.10 f
  U47/ZN (OAI22D1BWP20P90)                 0.02       0.13 r
  U560/S (FA1D1BWP20P90)                   0.05       0.18 f
  U573/CO (FA1D1BWP20P90)                  0.03       0.21 f
  U590/S (FA1D1BWP20P90)                   0.05       0.26 r
  U599/S (FA1D1BWP20P90)                   0.04       0.30 f
  U55/ZN (NR2D1BWP20P90)                   0.01       0.32 r
  U575/ZN (NR2D1BWP20P90)                  0.01       0.33 f
  U583/ZN (AOI21D1BWP20P90)                0.02       0.35 r
  U710/ZN (OAI21D1BWP20P90)                0.01       0.36 f
  U83/ZN (AOI21D1BWP20P90)                 0.02       0.38 r
  U787/ZN (OAI21D1BWP20P90)                0.01       0.39 f
  U790/ZN (XNR2D1BWP20P90)                 0.02       0.41 r
  prod_reg[27]/D (DFCNQD2BWP20P90)         0.00       0.41 r
  data arrival time                                   0.41

  clock clk (rise edge)                    0.43       0.43
  clock network delay (ideal)              0.00       0.43
  clock uncertainty                       -0.01       0.42
  prod_reg[27]/CP (DFCNQD2BWP20P90)        0.00       0.42 r
  library setup time                      -0.01       0.41
  data required time                                  0.41
  -----------------------------------------------------------
  data required time                                  0.41
  data arrival time                                  -0.41
  -----------------------------------------------------------
  slack (MET)                                         0.00


  Startpoint: inp_a[7] (input port clocked by clk)
  Endpoint: prod_reg[31]
            (rising edge-triggered flip-flop clocked by clk)
  Path Group: clk
  Path Type: max

  Des/Clust/Port     Wire Load Model       Library
  ------------------------------------------------
  mult               ZeroWireload          N16ADFP_StdCelltt0p8v25c

  Point                                    Incr       Path
  -----------------------------------------------------------
  clock clk (rise edge)                    0.00       0.00
  clock network delay (ideal)              0.00       0.00
  input external delay                     0.01       0.01 f
  inp_a[7] (in)                            0.00       0.01 f
  U133/Z (BUFFD2BWP20P90)                  0.03       0.05 f
  U79/Z (XOR2D1BWP20P90)                   0.03       0.07 r
  U99/ZN (ND2D1BWP20P90)                   0.03       0.10 f
  U47/ZN (OAI22D1BWP20P90)                 0.02       0.13 r
  U560/S (FA1D1BWP20P90)                   0.05       0.18 f
  U573/CO (FA1D1BWP20P90)                  0.03       0.21 f
  U590/S (FA1D1BWP20P90)                   0.05       0.26 r
  U599/S (FA1D1BWP20P90)                   0.04       0.30 f
  U55/ZN (NR2D1BWP20P90)                   0.01       0.32 r
  U575/ZN (NR2D1BWP20P90)                  0.01       0.33 f
  U583/ZN (AOI21D1BWP20P90)                0.02       0.35 r
  U684/ZN (OAI21D1BWP20P90)                0.01       0.36 f
  U685/ZN (AOI21D1BWP20P90)                0.02       0.38 r
  U694/ZN (OAI21D1BWP20P90)                0.01       0.39 f
  U702/ZN (XNR2D1BWP20P90)                 0.02       0.41 r
  prod_reg[31]/D (DFCNQD2BWP20P90)         0.00       0.41 r
  data arrival time                                   0.41

  clock clk (rise edge)                    0.43       0.43
  clock network delay (ideal)              0.00       0.43
  clock uncertainty                       -0.01       0.42
  prod_reg[31]/CP (DFCNQD2BWP20P90)        0.00       0.42 r
  library setup time                      -0.01       0.41
  data required time                                  0.41
  -----------------------------------------------------------
  data required time                                  0.41
  data arrival time                                  -0.41
  -----------------------------------------------------------
  slack (MET)                                         0.00


  Startpoint: inp_a[7] (input port clocked by clk)
  Endpoint: prod_reg[27]
            (rising edge-triggered flip-flop clocked by clk)
  Path Group: clk
  Path Type: max

  Des/Clust/Port     Wire Load Model       Library
  ------------------------------------------------
  mult               ZeroWireload          N16ADFP_StdCelltt0p8v25c

  Point                                    Incr       Path
  -----------------------------------------------------------
  clock clk (rise edge)                    0.00       0.00
  clock network delay (ideal)              0.00       0.00
  input external delay                     0.01       0.01 f
  inp_a[7] (in)                            0.00       0.01 f
  U133/Z (BUFFD2BWP20P90)                  0.03       0.05 f
  U79/Z (XOR2D1BWP20P90)                   0.03       0.07 r
  U99/ZN (ND2D1BWP20P90)                   0.03       0.10 f
  U47/ZN (OAI22D1BWP20P90)                 0.02       0.13 r
  U560/S (FA1D1BWP20P90)                   0.05       0.18 f
  U573/CO (FA1D1BWP20P90)                  0.03       0.21 f
  U590/S (FA1D1BWP20P90)                   0.05       0.26 r
  U599/S (FA1D1BWP20P90)                   0.04       0.30 f
  U55/ZN (NR2D1BWP20P90)                   0.01       0.32 r
  U575/ZN (NR2D1BWP20P90)                  0.01       0.33 f
  U583/ZN (AOI21D1BWP20P90)                0.02       0.35 r
  U710/ZN (OAI21D1BWP20P90)                0.01       0.36 f
  U83/ZN (AOI21D1BWP20P90)                 0.02       0.38 r
  U787/ZN (OAI21D1BWP20P90)                0.01       0.39 f
  U790/ZN (XNR2D1BWP20P90)                 0.02       0.41 r
  prod_reg[27]/D (DFCNQD2BWP20P90)         0.00       0.41 r
  data arrival time                                   0.41

  clock clk (rise edge)                    0.43       0.43
  clock network delay (ideal)              0.00       0.43
  clock uncertainty                       -0.01       0.42
  prod_reg[27]/CP (DFCNQD2BWP20P90)        0.00       0.42 r
  library setup time                      -0.01       0.41
  data required time                                  0.41
  -----------------------------------------------------------
  data required time                                  0.41
  data arrival time                                  -0.41
  -----------------------------------------------------------
  slack (MET)                                         0.00


  Startpoint: inp_a[7] (input port clocked by clk)
  Endpoint: prod_reg[28]
            (rising edge-triggered flip-flop clocked by clk)
  Path Group: clk
  Path Type: max

  Des/Clust/Port     Wire Load Model       Library
  ------------------------------------------------
  mult               ZeroWireload          N16ADFP_StdCelltt0p8v25c

  Point                                    Incr       Path
  -----------------------------------------------------------
  clock clk (rise edge)                    0.00       0.00
  clock network delay (ideal)              0.00       0.00
  input external delay                     0.01       0.01 f
  inp_a[7] (in)                            0.00       0.01 f
  U133/Z (BUFFD2BWP20P90)                  0.03       0.05 f
  U79/Z (XOR2D1BWP20P90)                   0.03       0.07 r
  U99/ZN (ND2D1BWP20P90)                   0.03       0.10 f
  U47/ZN (OAI22D1BWP20P90)                 0.02       0.13 r
  U560/S (FA1D1BWP20P90)                   0.05       0.18 f
  U573/CO (FA1D1BWP20P90)                  0.03       0.21 f
  U590/S (FA1D1BWP20P90)                   0.05       0.26 r
  U599/S (FA1D1BWP20P90)                   0.04       0.30 f
  U55/ZN (NR2D1BWP20P90)                   0.01       0.32 r
  U575/ZN (NR2D1BWP20P90)                  0.01       0.33 f
  U583/ZN (AOI21D1BWP20P90)                0.02       0.35 r
  U710/ZN (OAI21D1BWP20P90)                0.01       0.36 f
  U83/ZN (AOI21D1BWP20P90)                 0.02       0.38 r
  U784/ZN (OAI21D1BWP20P90)                0.01       0.39 f
  U786/ZN (XNR2D1BWP20P90)                 0.02       0.41 r
  prod_reg[28]/D (DFCNQD2BWP20P90)         0.00       0.41 r
  data arrival time                                   0.41

  clock clk (rise edge)                    0.43       0.43
  clock network delay (ideal)              0.00       0.43
  clock uncertainty                       -0.01       0.42
  prod_reg[28]/CP (DFCNQD2BWP20P90)        0.00       0.42 r
  library setup time                      -0.01       0.41
  data required time                                  0.41
  -----------------------------------------------------------
  data required time                                  0.41
  data arrival time                                  -0.41
  -----------------------------------------------------------
  slack (MET)                                         0.00


  Startpoint: inp_a[7] (input port clocked by clk)
  Endpoint: prod_reg[27]
            (rising edge-triggered flip-flop clocked by clk)
  Path Group: clk
  Path Type: max

  Des/Clust/Port     Wire Load Model       Library
  ------------------------------------------------
  mult               ZeroWireload          N16ADFP_StdCelltt0p8v25c

  Point                                    Incr       Path
  -----------------------------------------------------------
  clock clk (rise edge)                    0.00       0.00
  clock network delay (ideal)              0.00       0.00
  input external delay                     0.01       0.01 f
  inp_a[7] (in)                            0.00       0.01 f
  U133/Z (BUFFD2BWP20P90)                  0.03       0.05 f
  U79/Z (XOR2D1BWP20P90)                   0.03       0.07 r
  U99/ZN (ND2D1BWP20P90)                   0.03       0.10 f
  U47/ZN (OAI22D1BWP20P90)                 0.02       0.13 r
  U560/S (FA1D1BWP20P90)                   0.05       0.18 f
  U573/CO (FA1D1BWP20P90)                  0.03       0.21 f
  U590/S (FA1D1BWP20P90)                   0.05       0.26 r
  U599/S (FA1D1BWP20P90)                   0.04       0.30 f
  U55/ZN (NR2D1BWP20P90)                   0.01       0.32 r
  U575/ZN (NR2D1BWP20P90)                  0.01       0.33 f
  U583/ZN (AOI21D1BWP20P90)                0.02       0.35 r
  U710/ZN (OAI21D1BWP20P90)                0.01       0.36 f
  U83/ZN (AOI21D1BWP20P90)                 0.02       0.38 r
  U787/ZN (OAI21D1BWP20P90)                0.01       0.39 f
  U790/ZN (XNR2D1BWP20P90)                 0.02       0.41 r
  prod_reg[27]/D (DFCNQD2BWP20P90)         0.00       0.41 r
  data arrival time                                   0.41

  clock clk (rise edge)                    0.43       0.43
  clock network delay (ideal)              0.00       0.43
  clock uncertainty                       -0.01       0.42
  prod_reg[27]/CP (DFCNQD2BWP20P90)        0.00       0.42 r
  library setup time                      -0.01       0.41
  data required time                                  0.41
  -----------------------------------------------------------
  data required time                                  0.41
  data arrival time                                  -0.41
  -----------------------------------------------------------
  slack (MET)                                         0.00


  Startpoint: inp_a[7] (input port clocked by clk)
  Endpoint: prod_reg[28]
            (rising edge-triggered flip-flop clocked by clk)
  Path Group: clk
  Path Type: max

  Des/Clust/Port     Wire Load Model       Library
  ------------------------------------------------
  mult               ZeroWireload          N16ADFP_StdCelltt0p8v25c

  Point                                    Incr       Path
  -----------------------------------------------------------
  clock clk (rise edge)                    0.00       0.00
  clock network delay (ideal)              0.00       0.00
  input external delay                     0.01       0.01 f
  inp_a[7] (in)                            0.00       0.01 f
  U133/Z (BUFFD2BWP20P90)                  0.03       0.05 f
  U79/Z (XOR2D1BWP20P90)                   0.03       0.07 r
  U99/ZN (ND2D1BWP20P90)                   0.03       0.10 f
  U47/ZN (OAI22D1BWP20P90)                 0.02       0.13 r
  U560/S (FA1D1BWP20P90)                   0.05       0.18 f
  U573/CO (FA1D1BWP20P90)                  0.03       0.21 f
  U590/S (FA1D1BWP20P90)                   0.05       0.26 r
  U599/S (FA1D1BWP20P90)                   0.04       0.30 f
  U55/ZN (NR2D1BWP20P90)                   0.01       0.32 r
  U575/ZN (NR2D1BWP20P90)                  0.01       0.33 f
  U583/ZN (AOI21D1BWP20P90)                0.02       0.35 r
  U710/ZN (OAI21D1BWP20P90)                0.01       0.36 f
  U83/ZN (AOI21D1BWP20P90)                 0.02       0.38 r
  U784/ZN (OAI21D1BWP20P90)                0.01       0.39 f
  U786/ZN (XNR2D1BWP20P90)                 0.02       0.41 r
  prod_reg[28]/D (DFCNQD2BWP20P90)         0.00       0.41 r
  data arrival time                                   0.41

  clock clk (rise edge)                    0.43       0.43
  clock network delay (ideal)              0.00       0.43
  clock uncertainty                       -0.01       0.42
  prod_reg[28]/CP (DFCNQD2BWP20P90)        0.00       0.42 r
  library setup time                      -0.01       0.41
  data required time                                  0.41
  -----------------------------------------------------------
  data required time                                  0.41
  data arrival time                                  -0.41
  -----------------------------------------------------------
  slack (MET)                                         0.00


  Startpoint: inp_a[7] (input port clocked by clk)
  Endpoint: prod_reg[27]
            (rising edge-triggered flip-flop clocked by clk)
  Path Group: clk
  Path Type: max

  Des/Clust/Port     Wire Load Model       Library
  ------------------------------------------------
  mult               ZeroWireload          N16ADFP_StdCelltt0p8v25c

  Point                                    Incr       Path
  -----------------------------------------------------------
  clock clk (rise edge)                    0.00       0.00
  clock network delay (ideal)              0.00       0.00
  input external delay                     0.01       0.01 f
  inp_a[7] (in)                            0.00       0.01 f
  U133/Z (BUFFD2BWP20P90)                  0.03       0.05 f
  U79/Z (XOR2D1BWP20P90)                   0.03       0.07 r
  U99/ZN (ND2D1BWP20P90)                   0.03       0.10 f
  U47/ZN (OAI22D1BWP20P90)                 0.02       0.13 r
  U560/S (FA1D1BWP20P90)                   0.05       0.18 f
  U573/CO (FA1D1BWP20P90)                  0.03       0.21 f
  U590/S (FA1D1BWP20P90)                   0.05       0.26 r
  U599/S (FA1D1BWP20P90)                   0.04       0.30 f
  U55/ZN (NR2D1BWP20P90)                   0.01       0.32 r
  U582/ZN (OAI21D1BWP20P90)                0.01       0.33 f
  U583/ZN (AOI21D1BWP20P90)                0.02       0.35 r
  U710/ZN (OAI21D1BWP20P90)                0.01       0.36 f
  U83/ZN (AOI21D1BWP20P90)                 0.02       0.38 r
  U787/ZN (OAI21D1BWP20P90)                0.01       0.39 f
  U790/ZN (XNR2D1BWP20P90)                 0.02       0.41 r
  prod_reg[27]/D (DFCNQD2BWP20P90)         0.00       0.41 r
  data arrival time                                   0.41

  clock clk (rise edge)                    0.43       0.43
  clock network delay (ideal)              0.00       0.43
  clock uncertainty                       -0.01       0.42
  prod_reg[27]/CP (DFCNQD2BWP20P90)        0.00       0.42 r
  library setup time                      -0.01       0.41
  data required time                                  0.41
  -----------------------------------------------------------
  data required time                                  0.41
  data arrival time                                  -0.41
  -----------------------------------------------------------
  slack (MET)                                         0.00


  Startpoint: inp_a[7] (input port clocked by clk)
  Endpoint: prod_reg[28]
            (rising edge-triggered flip-flop clocked by clk)
  Path Group: clk
  Path Type: max

  Des/Clust/Port     Wire Load Model       Library
  ------------------------------------------------
  mult               ZeroWireload          N16ADFP_StdCelltt0p8v25c

  Point                                    Incr       Path
  -----------------------------------------------------------
  clock clk (rise edge)                    0.00       0.00
  clock network delay (ideal)              0.00       0.00
  input external delay                     0.01       0.01 f
  inp_a[7] (in)                            0.00       0.01 f
  U133/Z (BUFFD2BWP20P90)                  0.03       0.05 f
  U79/Z (XOR2D1BWP20P90)                   0.03       0.07 r
  U99/ZN (ND2D1BWP20P90)                   0.03       0.10 f
  U47/ZN (OAI22D1BWP20P90)                 0.02       0.13 r
  U560/S (FA1D1BWP20P90)                   0.05       0.18 f
  U573/CO (FA1D1BWP20P90)                  0.03       0.21 f
  U590/S (FA1D1BWP20P90)                   0.05       0.26 r
  U599/S (FA1D1BWP20P90)                   0.04       0.30 f
  U55/ZN (NR2D1BWP20P90)                   0.01       0.32 r
  U575/ZN (NR2D1BWP20P90)                  0.01       0.33 f
  U583/ZN (AOI21D1BWP20P90)                0.02       0.35 r
  U710/ZN (OAI21D1BWP20P90)                0.01       0.36 f
  U83/ZN (AOI21D1BWP20P90)                 0.02       0.38 r
  U784/ZN (OAI21D1BWP20P90)                0.01       0.39 f
  U786/ZN (XNR2D1BWP20P90)                 0.02       0.41 r
  prod_reg[28]/D (DFCNQD2BWP20P90)         0.00       0.41 r
  data arrival time                                   0.41

  clock clk (rise edge)                    0.43       0.43
  clock network delay (ideal)              0.00       0.43
  clock uncertainty                       -0.01       0.42
  prod_reg[28]/CP (DFCNQD2BWP20P90)        0.00       0.42 r
  library setup time                      -0.01       0.41
  data required time                                  0.41
  -----------------------------------------------------------
  data required time                                  0.41
  data arrival time                                  -0.41
  -----------------------------------------------------------
  slack (MET)                                         0.00


  Startpoint: inp_a[7] (input port clocked by clk)
  Endpoint: prod_reg[28]
            (rising edge-triggered flip-flop clocked by clk)
  Path Group: clk
  Path Type: max

  Des/Clust/Port     Wire Load Model       Library
  ------------------------------------------------
  mult               ZeroWireload          N16ADFP_StdCelltt0p8v25c

  Point                                    Incr       Path
  -----------------------------------------------------------
  clock clk (rise edge)                    0.00       0.00
  clock network delay (ideal)              0.00       0.00
  input external delay                     0.01       0.01 f
  inp_a[7] (in)                            0.00       0.01 f
  U133/Z (BUFFD2BWP20P90)                  0.03       0.05 f
  U79/Z (XOR2D1BWP20P90)                   0.03       0.07 r
  U99/ZN (ND2D1BWP20P90)                   0.03       0.10 f
  U47/ZN (OAI22D1BWP20P90)                 0.02       0.13 r
  U560/S (FA1D1BWP20P90)                   0.05       0.18 f
  U573/CO (FA1D1BWP20P90)                  0.03       0.21 f
  U590/S (FA1D1BWP20P90)                   0.05       0.26 r
  U599/S (FA1D1BWP20P90)                   0.04       0.30 f
  U55/ZN (NR2D1BWP20P90)                   0.01       0.32 r
  U575/ZN (NR2D1BWP20P90)                  0.01       0.33 f
  U583/ZN (AOI21D1BWP20P90)                0.02       0.35 r
  U710/ZN (OAI21D1BWP20P90)                0.01       0.36 f
  U83/ZN (AOI21D1BWP20P90)                 0.02       0.38 r
  U784/ZN (OAI21D1BWP20P90)                0.01       0.39 f
  U786/ZN (XNR2D1BWP20P90)                 0.02       0.41 r
  prod_reg[28]/D (DFCNQD2BWP20P90)         0.00       0.41 r
  data arrival time                                   0.41

  clock clk (rise edge)                    0.43       0.43
  clock network delay (ideal)              0.00       0.43
  clock uncertainty                       -0.01       0.42
  prod_reg[28]/CP (DFCNQD2BWP20P90)        0.00       0.42 r
  library setup time                      -0.01       0.41
  data required time                                  0.41
  -----------------------------------------------------------
  data required time                                  0.41
  data arrival time                                  -0.41
  -----------------------------------------------------------
  slack (MET)                                         0.00


  Startpoint: inp_a[7] (input port clocked by clk)
  Endpoint: prod_reg[27]
            (rising edge-triggered flip-flop clocked by clk)
  Path Group: clk
  Path Type: max

  Des/Clust/Port     Wire Load Model       Library
  ------------------------------------------------
  mult               ZeroWireload          N16ADFP_StdCelltt0p8v25c

  Point                                    Incr       Path
  -----------------------------------------------------------
  clock clk (rise edge)                    0.00       0.00
  clock network delay (ideal)              0.00       0.00
  input external delay                     0.01       0.01 f
  inp_a[7] (in)                            0.00       0.01 f
  U133/Z (BUFFD2BWP20P90)                  0.03       0.05 f
  U79/Z (XOR2D1BWP20P90)                   0.03       0.07 r
  U99/ZN (ND2D1BWP20P90)                   0.03       0.10 f
  U47/ZN (OAI22D1BWP20P90)                 0.02       0.13 r
  U560/S (FA1D1BWP20P90)                   0.05       0.18 f
  U573/CO (FA1D1BWP20P90)                  0.03       0.21 f
  U590/S (FA1D1BWP20P90)                   0.05       0.26 r
  U599/S (FA1D1BWP20P90)                   0.04       0.30 f
  U55/ZN (NR2D1BWP20P90)                   0.01       0.32 r
  U575/ZN (NR2D1BWP20P90)                  0.01       0.33 f
  U583/ZN (AOI21D1BWP20P90)                0.02       0.35 r
  U710/ZN (OAI21D1BWP20P90)                0.01       0.36 f
  U83/ZN (AOI21D1BWP20P90)                 0.02       0.38 r
  U787/ZN (OAI21D1BWP20P90)                0.01       0.39 f
  U790/ZN (XNR2D1BWP20P90)                 0.02       0.41 r
  prod_reg[27]/D (DFCNQD2BWP20P90)         0.00       0.41 r
  data arrival time                                   0.41

  clock clk (rise edge)                    0.43       0.43
  clock network delay (ideal)              0.00       0.43
  clock uncertainty                       -0.01       0.42
  prod_reg[27]/CP (DFCNQD2BWP20P90)        0.00       0.42 r
  library setup time                      -0.01       0.41
  data required time                                  0.41
  -----------------------------------------------------------
  data required time                                  0.41
  data arrival time                                  -0.41
  -----------------------------------------------------------
  slack (MET)                                         0.00


  Startpoint: inp_a[7] (input port clocked by clk)
  Endpoint: prod_reg[28]
            (rising edge-triggered flip-flop clocked by clk)
  Path Group: clk
  Path Type: max

  Des/Clust/Port     Wire Load Model       Library
  ------------------------------------------------
  mult               ZeroWireload          N16ADFP_StdCelltt0p8v25c

  Point                                    Incr       Path
  -----------------------------------------------------------
  clock clk (rise edge)                    0.00       0.00
  clock network delay (ideal)              0.00       0.00
  input external delay                     0.01       0.01 f
  inp_a[7] (in)                            0.00       0.01 f
  U133/Z (BUFFD2BWP20P90)                  0.03       0.05 f
  U79/Z (XOR2D1BWP20P90)                   0.03       0.07 r
  U99/ZN (ND2D1BWP20P90)                   0.03       0.10 f
  U47/ZN (OAI22D1BWP20P90)                 0.02       0.13 r
  U560/S (FA1D1BWP20P90)                   0.05       0.18 f
  U573/CO (FA1D1BWP20P90)                  0.03       0.21 f
  U590/S (FA1D1BWP20P90)                   0.05       0.26 r
  U599/S (FA1D1BWP20P90)                   0.04       0.30 f
  U55/ZN (NR2D1BWP20P90)                   0.01       0.32 r
  U582/ZN (OAI21D1BWP20P90)                0.01       0.33 f
  U583/ZN (AOI21D1BWP20P90)                0.02       0.35 r
  U710/ZN (OAI21D1BWP20P90)                0.01       0.36 f
  U83/ZN (AOI21D1BWP20P90)                 0.02       0.38 r
  U784/ZN (OAI21D1BWP20P90)                0.01       0.39 f
  U786/ZN (XNR2D1BWP20P90)                 0.02       0.41 r
  prod_reg[28]/D (DFCNQD2BWP20P90)         0.00       0.41 r
  data arrival time                                   0.41

  clock clk (rise edge)                    0.43       0.43
  clock network delay (ideal)              0.00       0.43
  clock uncertainty                       -0.01       0.42
  prod_reg[28]/CP (DFCNQD2BWP20P90)        0.00       0.42 r
  library setup time                      -0.01       0.41
  data required time                                  0.41
  -----------------------------------------------------------
  data required time                                  0.41
  data arrival time                                  -0.41
  -----------------------------------------------------------
  slack (MET)                                         0.00


  Startpoint: inp_a[7] (input port clocked by clk)
  Endpoint: prod_reg[27]
            (rising edge-triggered flip-flop clocked by clk)
  Path Group: clk
  Path Type: max

  Des/Clust/Port     Wire Load Model       Library
  ------------------------------------------------
  mult               ZeroWireload          N16ADFP_StdCelltt0p8v25c

  Point                                    Incr       Path
  -----------------------------------------------------------
  clock clk (rise edge)                    0.00       0.00
  clock network delay (ideal)              0.00       0.00
  input external delay                     0.01       0.01 f
  inp_a[7] (in)                            0.00       0.01 f
  U133/Z (BUFFD2BWP20P90)                  0.03       0.05 f
  U79/Z (XOR2D1BWP20P90)                   0.03       0.07 r
  U99/ZN (ND2D1BWP20P90)                   0.03       0.10 f
  U47/ZN (OAI22D1BWP20P90)                 0.02       0.13 r
  U560/S (FA1D1BWP20P90)                   0.05       0.18 f
  U573/CO (FA1D1BWP20P90)                  0.03       0.21 f
  U590/S (FA1D1BWP20P90)                   0.05       0.26 r
  U599/S (FA1D1BWP20P90)                   0.04       0.30 f
  U55/ZN (NR2D1BWP20P90)                   0.01       0.32 r
  U575/ZN (NR2D1BWP20P90)                  0.01       0.33 f
  U583/ZN (AOI21D1BWP20P90)                0.02       0.35 r
  U710/ZN (OAI21D1BWP20P90)                0.01       0.36 f
  U83/ZN (AOI21D1BWP20P90)                 0.02       0.38 r
  U787/ZN (OAI21D1BWP20P90)                0.01       0.39 f
  U790/ZN (XNR2D1BWP20P90)                 0.02       0.41 r
  prod_reg[27]/D (DFCNQD2BWP20P90)         0.00       0.41 r
  data arrival time                                   0.41

  clock clk (rise edge)                    0.43       0.43
  clock network delay (ideal)              0.00       0.43
  clock uncertainty                       -0.01       0.42
  prod_reg[27]/CP (DFCNQD2BWP20P90)        0.00       0.42 r
  library setup time                      -0.01       0.41
  data required time                                  0.41
  -----------------------------------------------------------
  data required time                                  0.41
  data arrival time                                  -0.41
  -----------------------------------------------------------
  slack (MET)                                         0.00


  Startpoint: inp_a[11] (input port clocked by clk)
  Endpoint: prod_reg[25]
            (rising edge-triggered flip-flop clocked by clk)
  Path Group: clk
  Path Type: max

  Des/Clust/Port     Wire Load Model       Library
  ------------------------------------------------
  mult               ZeroWireload          N16ADFP_StdCelltt0p8v25c

  Point                                    Incr       Path
  -----------------------------------------------------------
  clock clk (rise edge)                    0.00       0.00
  clock network delay (ideal)              0.00       0.00
  input external delay                     0.01       0.01 f
  inp_a[11] (in)                           0.01       0.02 f
  U44/Z (CKBD1BWP20P90)                    0.05       0.07 f
  U403/ZN (XNR2D1BWP20P90)                 0.03       0.10 r
  U45/ZN (OAI22D1BWP20P90)                 0.02       0.12 f
  U450/CO (FA1D1BWP20P90)                  0.04       0.16 f
  U474/S (FA1D1BWP20P90)                   0.05       0.21 r
  U473/S (FA1D1BWP20P90)                   0.05       0.26 f
  U481/S (FA1D1BWP20P90)                   0.05       0.30 r
  U457/ZN (NR2D1BWP20P90)                  0.01       0.31 f
  U134/ZN (NR2D1BWP20P90)                  0.02       0.33 r
  U87/ZN (ND2D2BWP20P90)                   0.01       0.34 f
  U82/ZN (OAI21D4BWP20P90)                 0.01       0.36 r
  U84/ZN (AOI21D1BWP20P90)                 0.02       0.38 f
  U791/ZN (OAI21D1BWP20P90)                0.02       0.39 r
  U793/ZN (XNR2D1BWP20P90)                 0.02       0.41 r
  prod_reg[25]/D (DFCNQD2BWP20P90)         0.00       0.41 r
  data arrival time                                   0.41

  clock clk (rise edge)                    0.43       0.43
  clock network delay (ideal)              0.00       0.43
  clock uncertainty                       -0.01       0.42
  prod_reg[25]/CP (DFCNQD2BWP20P90)        0.00       0.42 r
  library setup time                      -0.01       0.41
  data required time                                  0.41
  -----------------------------------------------------------
  data required time                                  0.41
  data arrival time                                  -0.41
  -----------------------------------------------------------
  slack (MET)                                         0.00


  Startpoint: inp_a[11] (input port clocked by clk)
  Endpoint: prod_reg[29]
            (rising edge-triggered flip-flop clocked by clk)
  Path Group: clk
  Path Type: max

  Des/Clust/Port     Wire Load Model       Library
  ------------------------------------------------
  mult               ZeroWireload          N16ADFP_StdCelltt0p8v25c

  Point                                    Incr       Path
  -----------------------------------------------------------
  clock clk (rise edge)                    0.00       0.00
  clock network delay (ideal)              0.00       0.00
  input external delay                     0.01       0.01 f
  inp_a[11] (in)                           0.01       0.02 f
  U44/Z (CKBD1BWP20P90)                    0.05       0.07 f
  U403/ZN (XNR2D1BWP20P90)                 0.03       0.10 r
  U45/ZN (OAI22D1BWP20P90)                 0.02       0.12 f
  U450/CO (FA1D1BWP20P90)                  0.04       0.16 f
  U474/S (FA1D1BWP20P90)                   0.05       0.21 r
  U473/S (FA1D1BWP20P90)                   0.05       0.26 f
  U481/S (FA1D1BWP20P90)                   0.05       0.30 r
  U457/ZN (NR2D1BWP20P90)                  0.01       0.31 f
  U134/ZN (NR2D1BWP20P90)                  0.02       0.33 r
  U87/ZN (ND2D2BWP20P90)                   0.01       0.34 f
  U82/ZN (OAI21D4BWP20P90)                 0.01       0.36 r
  U84/ZN (AOI21D1BWP20P90)                 0.02       0.38 f
  U668/ZN (OAI21D1BWP20P90)                0.02       0.39 r
  U679/ZN (XNR2D1BWP20P90)                 0.02       0.41 r
  prod_reg[29]/D (DFCNQD2BWP20P90)         0.00       0.41 r
  data arrival time                                   0.41

  clock clk (rise edge)                    0.43       0.43
  clock network delay (ideal)              0.00       0.43
  clock uncertainty                       -0.01       0.42
  prod_reg[29]/CP (DFCNQD2BWP20P90)        0.00       0.42 r
  library setup time                      -0.01       0.41
  data required time                                  0.41
  -----------------------------------------------------------
  data required time                                  0.41
  data arrival time                                  -0.41
  -----------------------------------------------------------
  slack (MET)                                         0.00


  Startpoint: inp_a[7] (input port clocked by clk)
  Endpoint: prod_reg[27]
            (rising edge-triggered flip-flop clocked by clk)
  Path Group: clk
  Path Type: max

  Des/Clust/Port     Wire Load Model       Library
  ------------------------------------------------
  mult               ZeroWireload          N16ADFP_StdCelltt0p8v25c

  Point                                    Incr       Path
  -----------------------------------------------------------
  clock clk (rise edge)                    0.00       0.00
  clock network delay (ideal)              0.00       0.00
  input external delay                     0.01       0.01 f
  inp_a[7] (in)                            0.00       0.01 f
  U133/Z (BUFFD2BWP20P90)                  0.03       0.05 f
  U79/Z (XOR2D1BWP20P90)                   0.03       0.07 r
  U99/ZN (ND2D1BWP20P90)                   0.03       0.10 f
  U47/ZN (OAI22D1BWP20P90)                 0.02       0.13 r
  U560/S (FA1D1BWP20P90)                   0.05       0.18 f
  U573/CO (FA1D1BWP20P90)                  0.03       0.21 f
  U590/S (FA1D1BWP20P90)                   0.05       0.26 r
  U599/S (FA1D1BWP20P90)                   0.04       0.30 f
  U55/ZN (NR2D1BWP20P90)                   0.01       0.32 r
  U575/ZN (NR2D1BWP20P90)                  0.01       0.33 f
  U583/ZN (AOI21D1BWP20P90)                0.02       0.35 r
  U710/ZN (OAI21D1BWP20P90)                0.01       0.36 f
  U83/ZN (AOI21D1BWP20P90)                 0.02       0.38 r
  U787/ZN (OAI21D1BWP20P90)                0.01       0.39 f
  U790/ZN (XNR2D1BWP20P90)                 0.02       0.41 r
  prod_reg[27]/D (DFCNQD2BWP20P90)         0.00       0.41 r
  data arrival time                                   0.41

  clock clk (rise edge)                    0.43       0.43
  clock network delay (ideal)              0.00       0.43
  clock uncertainty                       -0.01       0.42
  prod_reg[27]/CP (DFCNQD2BWP20P90)        0.00       0.42 r
  library setup time                      -0.01       0.41
  data required time                                  0.41
  -----------------------------------------------------------
  data required time                                  0.41
  data arrival time                                  -0.41
  -----------------------------------------------------------
  slack (MET)                                         0.00


  Startpoint: inp_a[7] (input port clocked by clk)
  Endpoint: prod_reg[31]
            (rising edge-triggered flip-flop clocked by clk)
  Path Group: clk
  Path Type: max

  Des/Clust/Port     Wire Load Model       Library
  ------------------------------------------------
  mult               ZeroWireload          N16ADFP_StdCelltt0p8v25c

  Point                                    Incr       Path
  -----------------------------------------------------------
  clock clk (rise edge)                    0.00       0.00
  clock network delay (ideal)              0.00       0.00
  input external delay                     0.01       0.01 f
  inp_a[7] (in)                            0.00       0.01 f
  U133/Z (BUFFD2BWP20P90)                  0.03       0.05 f
  U79/Z (XOR2D1BWP20P90)                   0.03       0.07 r
  U99/ZN (ND2D1BWP20P90)                   0.03       0.10 f
  U47/ZN (OAI22D1BWP20P90)                 0.02       0.13 r
  U560/S (FA1D1BWP20P90)                   0.05       0.18 f
  U573/CO (FA1D1BWP20P90)                  0.03       0.21 f
  U590/S (FA1D1BWP20P90)                   0.05       0.26 r
  U599/S (FA1D1BWP20P90)                   0.04       0.30 f
  U55/ZN (NR2D1BWP20P90)                   0.01       0.32 r
  U575/ZN (NR2D1BWP20P90)                  0.01       0.33 f
  U583/ZN (AOI21D1BWP20P90)                0.02       0.35 r
  U684/ZN (OAI21D1BWP20P90)                0.01       0.36 f
  U685/ZN (AOI21D1BWP20P90)                0.02       0.38 r
  U694/ZN (OAI21D1BWP20P90)                0.01       0.39 f
  U702/ZN (XNR2D1BWP20P90)                 0.02       0.41 r
  prod_reg[31]/D (DFCNQD2BWP20P90)         0.00       0.41 r
  data arrival time                                   0.41

  clock clk (rise edge)                    0.43       0.43
  clock network delay (ideal)              0.00       0.43
  clock uncertainty                       -0.01       0.42
  prod_reg[31]/CP (DFCNQD2BWP20P90)        0.00       0.42 r
  library setup time                      -0.01       0.41
  data required time                                  0.41
  -----------------------------------------------------------
  data required time                                  0.41
  data arrival time                                  -0.41
  -----------------------------------------------------------
  slack (MET)                                         0.00


  Startpoint: inp_a[11] (input port clocked by clk)
  Endpoint: prod_reg[25]
            (rising edge-triggered flip-flop clocked by clk)
  Path Group: clk
  Path Type: max

  Des/Clust/Port     Wire Load Model       Library
  ------------------------------------------------
  mult               ZeroWireload          N16ADFP_StdCelltt0p8v25c

  Point                                    Incr       Path
  -----------------------------------------------------------
  clock clk (rise edge)                    0.00       0.00
  clock network delay (ideal)              0.00       0.00
  input external delay                     0.01       0.01 f
  inp_a[11] (in)                           0.01       0.02 f
  U44/Z (CKBD1BWP20P90)                    0.05       0.07 f
  U430/ZN (XNR2D1BWP20P90)                 0.03       0.10 r
  U45/ZN (OAI22D1BWP20P90)                 0.02       0.12 f
  U450/CO (FA1D1BWP20P90)                  0.04       0.16 f
  U474/S (FA1D1BWP20P90)                   0.05       0.21 r
  U473/S (FA1D1BWP20P90)                   0.05       0.26 f
  U481/S (FA1D1BWP20P90)                   0.05       0.30 r
  U457/ZN (NR2D1BWP20P90)                  0.01       0.31 f
  U134/ZN (NR2D1BWP20P90)                  0.02       0.33 r
  U87/ZN (ND2D2BWP20P90)                   0.01       0.34 f
  U82/ZN (OAI21D4BWP20P90)                 0.01       0.36 r
  U84/ZN (AOI21D1BWP20P90)                 0.02       0.38 f
  U791/ZN (OAI21D1BWP20P90)                0.02       0.39 r
  U793/ZN (XNR2D1BWP20P90)                 0.02       0.41 r
  prod_reg[25]/D (DFCNQD2BWP20P90)         0.00       0.41 r
  data arrival time                                   0.41

  clock clk (rise edge)                    0.43       0.43
  clock network delay (ideal)              0.00       0.43
  clock uncertainty                       -0.01       0.42
  prod_reg[25]/CP (DFCNQD2BWP20P90)        0.00       0.42 r
  library setup time                      -0.01       0.41
  data required time                                  0.41
  -----------------------------------------------------------
  data required time                                  0.41
  data arrival time                                  -0.41
  -----------------------------------------------------------
  slack (MET)                                         0.00


  Startpoint: inp_a[11] (input port clocked by clk)
  Endpoint: prod_reg[29]
            (rising edge-triggered flip-flop clocked by clk)
  Path Group: clk
  Path Type: max

  Des/Clust/Port     Wire Load Model       Library
  ------------------------------------------------
  mult               ZeroWireload          N16ADFP_StdCelltt0p8v25c

  Point                                    Incr       Path
  -----------------------------------------------------------
  clock clk (rise edge)                    0.00       0.00
  clock network delay (ideal)              0.00       0.00
  input external delay                     0.01       0.01 f
  inp_a[11] (in)                           0.01       0.02 f
  U44/Z (CKBD1BWP20P90)                    0.05       0.07 f
  U430/ZN (XNR2D1BWP20P90)                 0.03       0.10 r
  U45/ZN (OAI22D1BWP20P90)                 0.02       0.12 f
  U450/CO (FA1D1BWP20P90)                  0.04       0.16 f
  U474/S (FA1D1BWP20P90)                   0.05       0.21 r
  U473/S (FA1D1BWP20P90)                   0.05       0.26 f
  U481/S (FA1D1BWP20P90)                   0.05       0.30 r
  U457/ZN (NR2D1BWP20P90)                  0.01       0.31 f
  U134/ZN (NR2D1BWP20P90)                  0.02       0.33 r
  U87/ZN (ND2D2BWP20P90)                   0.01       0.34 f
  U82/ZN (OAI21D4BWP20P90)                 0.01       0.36 r
  U84/ZN (AOI21D1BWP20P90)                 0.02       0.38 f
  U668/ZN (OAI21D1BWP20P90)                0.02       0.39 r
  U679/ZN (XNR2D1BWP20P90)                 0.02       0.41 r
  prod_reg[29]/D (DFCNQD2BWP20P90)         0.00       0.41 r
  data arrival time                                   0.41

  clock clk (rise edge)                    0.43       0.43
  clock network delay (ideal)              0.00       0.43
  clock uncertainty                       -0.01       0.42
  prod_reg[29]/CP (DFCNQD2BWP20P90)        0.00       0.42 r
  library setup time                      -0.01       0.41
  data required time                                  0.41
  -----------------------------------------------------------
  data required time                                  0.41
  data arrival time                                  -0.41
  -----------------------------------------------------------
  slack (MET)                                         0.00


  Startpoint: inp_a[7] (input port clocked by clk)
  Endpoint: prod_reg[27]
            (rising edge-triggered flip-flop clocked by clk)
  Path Group: clk
  Path Type: max

  Des/Clust/Port     Wire Load Model       Library
  ------------------------------------------------
  mult               ZeroWireload          N16ADFP_StdCelltt0p8v25c

  Point                                    Incr       Path
  -----------------------------------------------------------
  clock clk (rise edge)                    0.00       0.00
  clock network delay (ideal)              0.00       0.00
  input external delay                     0.01       0.01 f
  inp_a[7] (in)                            0.00       0.01 f
  U133/Z (BUFFD2BWP20P90)                  0.03       0.05 f
  U79/Z (XOR2D1BWP20P90)                   0.03       0.07 r
  U99/ZN (ND2D1BWP20P90)                   0.03       0.10 f
  U47/ZN (OAI22D1BWP20P90)                 0.02       0.13 r
  U560/S (FA1D1BWP20P90)                   0.05       0.18 f
  U573/CO (FA1D1BWP20P90)                  0.03       0.21 f
  U590/S (FA1D1BWP20P90)                   0.05       0.26 r
  U599/S (FA1D1BWP20P90)                   0.04       0.30 f
  U55/ZN (NR2D1BWP20P90)                   0.01       0.32 r
  U575/ZN (NR2D1BWP20P90)                  0.01       0.33 f
  U583/ZN (AOI21D1BWP20P90)                0.02       0.35 r
  U710/ZN (OAI21D1BWP20P90)                0.01       0.36 f
  U83/ZN (AOI21D1BWP20P90)                 0.02       0.38 r
  U787/ZN (OAI21D1BWP20P90)                0.01       0.39 f
  U790/ZN (XNR2D1BWP20P90)                 0.02       0.41 r
  prod_reg[27]/D (DFCNQD2BWP20P90)         0.00       0.41 r
  data arrival time                                   0.41

  clock clk (rise edge)                    0.43       0.43
  clock network delay (ideal)              0.00       0.43
  clock uncertainty                       -0.01       0.42
  prod_reg[27]/CP (DFCNQD2BWP20P90)        0.00       0.42 r
  library setup time                      -0.01       0.41
  data required time                                  0.41
  -----------------------------------------------------------
  data required time                                  0.41
  data arrival time                                  -0.41
  -----------------------------------------------------------
  slack (MET)                                         0.00


  Startpoint: inp_a[11] (input port clocked by clk)
  Endpoint: prod_reg[25]
            (rising edge-triggered flip-flop clocked by clk)
  Path Group: clk
  Path Type: max

  Des/Clust/Port     Wire Load Model       Library
  ------------------------------------------------
  mult               ZeroWireload          N16ADFP_StdCelltt0p8v25c

  Point                                    Incr       Path
  -----------------------------------------------------------
  clock clk (rise edge)                    0.00       0.00
  clock network delay (ideal)              0.00       0.00
  input external delay                     0.01       0.01 f
  inp_a[11] (in)                           0.01       0.02 f
  U44/Z (CKBD1BWP20P90)                    0.05       0.07 f
  U403/ZN (XNR2D1BWP20P90)                 0.03       0.10 r
  U45/ZN (OAI22D1BWP20P90)                 0.02       0.12 f
  U450/CO (FA1D1BWP20P90)                  0.04       0.16 f
  U474/S (FA1D1BWP20P90)                   0.05       0.21 r
  U473/S (FA1D1BWP20P90)                   0.05       0.26 f
  U481/S (FA1D1BWP20P90)                   0.05       0.30 r
  U457/ZN (NR2D1BWP20P90)                  0.01       0.31 f
  U134/ZN (NR2D1BWP20P90)                  0.02       0.33 r
  U87/ZN (ND2D2BWP20P90)                   0.01       0.34 f
  U82/ZN (OAI21D4BWP20P90)                 0.01       0.36 r
  U84/ZN (AOI21D1BWP20P90)                 0.02       0.38 f
  U791/ZN (OAI21D1BWP20P90)                0.02       0.39 r
  U793/ZN (XNR2D1BWP20P90)                 0.02       0.41 r
  prod_reg[25]/D (DFCNQD2BWP20P90)         0.00       0.41 r
  data arrival time                                   0.41

  clock clk (rise edge)                    0.43       0.43
  clock network delay (ideal)              0.00       0.43
  clock uncertainty                       -0.01       0.42
  prod_reg[25]/CP (DFCNQD2BWP20P90)        0.00       0.42 r
  library setup time                      -0.01       0.41
  data required time                                  0.41
  -----------------------------------------------------------
  data required time                                  0.41
  data arrival time                                  -0.41
  -----------------------------------------------------------
  slack (MET)                                         0.00


  Startpoint: inp_a[11] (input port clocked by clk)
  Endpoint: prod_reg[29]
            (rising edge-triggered flip-flop clocked by clk)
  Path Group: clk
  Path Type: max

  Des/Clust/Port     Wire Load Model       Library
  ------------------------------------------------
  mult               ZeroWireload          N16ADFP_StdCelltt0p8v25c

  Point                                    Incr       Path
  -----------------------------------------------------------
  clock clk (rise edge)                    0.00       0.00
  clock network delay (ideal)              0.00       0.00
  input external delay                     0.01       0.01 f
  inp_a[11] (in)                           0.01       0.02 f
  U44/Z (CKBD1BWP20P90)                    0.05       0.07 f
  U403/ZN (XNR2D1BWP20P90)                 0.03       0.10 r
  U45/ZN (OAI22D1BWP20P90)                 0.02       0.12 f
  U450/CO (FA1D1BWP20P90)                  0.04       0.16 f
  U474/S (FA1D1BWP20P90)                   0.05       0.21 r
  U473/S (FA1D1BWP20P90)                   0.05       0.26 f
  U481/S (FA1D1BWP20P90)                   0.05       0.30 r
  U457/ZN (NR2D1BWP20P90)                  0.01       0.31 f
  U134/ZN (NR2D1BWP20P90)                  0.02       0.33 r
  U87/ZN (ND2D2BWP20P90)                   0.01       0.34 f
  U82/ZN (OAI21D4BWP20P90)                 0.01       0.36 r
  U84/ZN (AOI21D1BWP20P90)                 0.02       0.38 f
  U668/ZN (OAI21D1BWP20P90)                0.02       0.39 r
  U679/ZN (XNR2D1BWP20P90)                 0.02       0.41 r
  prod_reg[29]/D (DFCNQD2BWP20P90)         0.00       0.41 r
  data arrival time                                   0.41

  clock clk (rise edge)                    0.43       0.43
  clock network delay (ideal)              0.00       0.43
  clock uncertainty                       -0.01       0.42
  prod_reg[29]/CP (DFCNQD2BWP20P90)        0.00       0.42 r
  library setup time                      -0.01       0.41
  data required time                                  0.41
  -----------------------------------------------------------
  data required time                                  0.41
  data arrival time                                  -0.41
  -----------------------------------------------------------
  slack (MET)                                         0.00


  Startpoint: inp_a[7] (input port clocked by clk)
  Endpoint: prod_reg[28]
            (rising edge-triggered flip-flop clocked by clk)
  Path Group: clk
  Path Type: max

  Des/Clust/Port     Wire Load Model       Library
  ------------------------------------------------
  mult               ZeroWireload          N16ADFP_StdCelltt0p8v25c

  Point                                    Incr       Path
  -----------------------------------------------------------
  clock clk (rise edge)                    0.00       0.00
  clock network delay (ideal)              0.00       0.00
  input external delay                     0.01       0.01 f
  inp_a[7] (in)                            0.00       0.01 f
  U133/Z (BUFFD2BWP20P90)                  0.03       0.05 f
  U79/Z (XOR2D1BWP20P90)                   0.03       0.07 r
  U99/ZN (ND2D1BWP20P90)                   0.03       0.10 f
  U47/ZN (OAI22D1BWP20P90)                 0.02       0.13 r
  U560/S (FA1D1BWP20P90)                   0.05       0.18 f
  U573/CO (FA1D1BWP20P90)                  0.03       0.21 f
  U590/S (FA1D1BWP20P90)                   0.05       0.26 r
  U599/S (FA1D1BWP20P90)                   0.04       0.30 f
  U55/ZN (NR2D1BWP20P90)                   0.01       0.32 r
  U575/ZN (NR2D1BWP20P90)                  0.01       0.33 f
  U583/ZN (AOI21D1BWP20P90)                0.02       0.35 r
  U710/ZN (OAI21D1BWP20P90)                0.01       0.36 f
  U83/ZN (AOI21D1BWP20P90)                 0.02       0.38 r
  U784/ZN (OAI21D1BWP20P90)                0.01       0.39 f
  U786/ZN (XNR2D1BWP20P90)                 0.02       0.41 r
  prod_reg[28]/D (DFCNQD2BWP20P90)         0.00       0.41 r
  data arrival time                                   0.41

  clock clk (rise edge)                    0.43       0.43
  clock network delay (ideal)              0.00       0.43
  clock uncertainty                       -0.01       0.42
  prod_reg[28]/CP (DFCNQD2BWP20P90)        0.00       0.42 r
  library setup time                      -0.01       0.41
  data required time                                  0.41
  -----------------------------------------------------------
  data required time                                  0.41
  data arrival time                                  -0.41
  -----------------------------------------------------------
  slack (MET)                                         0.00


  Startpoint: inp_a[7] (input port clocked by clk)
  Endpoint: prod_reg[27]
            (rising edge-triggered flip-flop clocked by clk)
  Path Group: clk
  Path Type: max

  Des/Clust/Port     Wire Load Model       Library
  ------------------------------------------------
  mult               ZeroWireload          N16ADFP_StdCelltt0p8v25c

  Point                                    Incr       Path
  -----------------------------------------------------------
  clock clk (rise edge)                    0.00       0.00
  clock network delay (ideal)              0.00       0.00
  input external delay                     0.01       0.01 f
  inp_a[7] (in)                            0.00       0.01 f
  U133/Z (BUFFD2BWP20P90)                  0.03       0.05 f
  U79/Z (XOR2D1BWP20P90)                   0.03       0.07 r
  U99/ZN (ND2D1BWP20P90)                   0.03       0.10 f
  U47/ZN (OAI22D1BWP20P90)                 0.02       0.13 r
  U560/S (FA1D1BWP20P90)                   0.05       0.18 f
  U573/CO (FA1D1BWP20P90)                  0.03       0.21 f
  U590/S (FA1D1BWP20P90)                   0.05       0.26 r
  U599/S (FA1D1BWP20P90)                   0.04       0.30 f
  U55/ZN (NR2D1BWP20P90)                   0.01       0.32 r
  U575/ZN (NR2D1BWP20P90)                  0.01       0.33 f
  U583/ZN (AOI21D1BWP20P90)                0.02       0.35 r
  U710/ZN (OAI21D1BWP20P90)                0.01       0.36 f
  U83/ZN (AOI21D1BWP20P90)                 0.02       0.38 r
  U787/ZN (OAI21D1BWP20P90)                0.01       0.39 f
  U790/ZN (XNR2D1BWP20P90)                 0.02       0.41 r
  prod_reg[27]/D (DFCNQD2BWP20P90)         0.00       0.41 r
  data arrival time                                   0.41

  clock clk (rise edge)                    0.43       0.43
  clock network delay (ideal)              0.00       0.43
  clock uncertainty                       -0.01       0.42
  prod_reg[27]/CP (DFCNQD2BWP20P90)        0.00       0.42 r
  library setup time                      -0.01       0.41
  data required time                                  0.41
  -----------------------------------------------------------
  data required time                                  0.41
  data arrival time                                  -0.41
  -----------------------------------------------------------
  slack (MET)                                         0.00


  Startpoint: inp_a[7] (input port clocked by clk)
  Endpoint: prod_reg[28]
            (rising edge-triggered flip-flop clocked by clk)
  Path Group: clk
  Path Type: max

  Des/Clust/Port     Wire Load Model       Library
  ------------------------------------------------
  mult               ZeroWireload          N16ADFP_StdCelltt0p8v25c

  Point                                    Incr       Path
  -----------------------------------------------------------
  clock clk (rise edge)                    0.00       0.00
  clock network delay (ideal)              0.00       0.00
  input external delay                     0.01       0.01 f
  inp_a[7] (in)                            0.00       0.01 f
  U133/Z (BUFFD2BWP20P90)                  0.03       0.05 f
  U79/Z (XOR2D1BWP20P90)                   0.03       0.07 r
  U99/ZN (ND2D1BWP20P90)                   0.03       0.10 f
  U47/ZN (OAI22D1BWP20P90)                 0.02       0.13 r
  U560/S (FA1D1BWP20P90)                   0.05       0.18 f
  U573/CO (FA1D1BWP20P90)                  0.03       0.21 f
  U590/S (FA1D1BWP20P90)                   0.05       0.26 r
  U599/S (FA1D1BWP20P90)                   0.04       0.30 f
  U55/ZN (NR2D1BWP20P90)                   0.01       0.32 r
  U575/ZN (NR2D1BWP20P90)                  0.01       0.33 f
  U583/ZN (AOI21D1BWP20P90)                0.02       0.35 r
  U710/ZN (OAI21D1BWP20P90)                0.01       0.36 f
  U83/ZN (AOI21D1BWP20P90)                 0.02       0.38 r
  U784/ZN (OAI21D1BWP20P90)                0.01       0.39 f
  U786/ZN (XNR2D1BWP20P90)                 0.02       0.41 r
  prod_reg[28]/D (DFCNQD2BWP20P90)         0.00       0.41 r
  data arrival time                                   0.41

  clock clk (rise edge)                    0.43       0.43
  clock network delay (ideal)              0.00       0.43
  clock uncertainty                       -0.01       0.42
  prod_reg[28]/CP (DFCNQD2BWP20P90)        0.00       0.42 r
  library setup time                      -0.01       0.41
  data required time                                  0.41
  -----------------------------------------------------------
  data required time                                  0.41
  data arrival time                                  -0.41
  -----------------------------------------------------------
  slack (MET)                                         0.00


  Startpoint: inp_a[7] (input port clocked by clk)
  Endpoint: prod_reg[28]
            (rising edge-triggered flip-flop clocked by clk)
  Path Group: clk
  Path Type: max

  Des/Clust/Port     Wire Load Model       Library
  ------------------------------------------------
  mult               ZeroWireload          N16ADFP_StdCelltt0p8v25c

  Point                                    Incr       Path
  -----------------------------------------------------------
  clock clk (rise edge)                    0.00       0.00
  clock network delay (ideal)              0.00       0.00
  input external delay                     0.01       0.01 f
  inp_a[7] (in)                            0.00       0.01 f
  U133/Z (BUFFD2BWP20P90)                  0.03       0.05 f
  U79/Z (XOR2D1BWP20P90)                   0.03       0.07 r
  U99/ZN (ND2D1BWP20P90)                   0.03       0.10 f
  U47/ZN (OAI22D1BWP20P90)                 0.02       0.13 r
  U560/S (FA1D1BWP20P90)                   0.05       0.18 f
  U573/CO (FA1D1BWP20P90)                  0.03       0.21 f
  U590/S (FA1D1BWP20P90)                   0.05       0.26 r
  U599/S (FA1D1BWP20P90)                   0.04       0.30 f
  U55/ZN (NR2D1BWP20P90)                   0.01       0.32 r
  U575/ZN (NR2D1BWP20P90)                  0.01       0.33 f
  U583/ZN (AOI21D1BWP20P90)                0.02       0.35 r
  U710/ZN (OAI21D1BWP20P90)                0.01       0.36 f
  U83/ZN (AOI21D1BWP20P90)                 0.02       0.38 r
  U784/ZN (OAI21D1BWP20P90)                0.01       0.39 f
  U786/ZN (XNR2D1BWP20P90)                 0.02       0.41 r
  prod_reg[28]/D (DFCNQD2BWP20P90)         0.00       0.41 r
  data arrival time                                   0.41

  clock clk (rise edge)                    0.43       0.43
  clock network delay (ideal)              0.00       0.43
  clock uncertainty                       -0.01       0.42
  prod_reg[28]/CP (DFCNQD2BWP20P90)        0.00       0.42 r
  library setup time                      -0.01       0.41
  data required time                                  0.41
  -----------------------------------------------------------
  data required time                                  0.41
  data arrival time                                  -0.41
  -----------------------------------------------------------
  slack (MET)                                         0.00


  Startpoint: inp_a[7] (input port clocked by clk)
  Endpoint: prod_reg[27]
            (rising edge-triggered flip-flop clocked by clk)
  Path Group: clk
  Path Type: max

  Des/Clust/Port     Wire Load Model       Library
  ------------------------------------------------
  mult               ZeroWireload          N16ADFP_StdCelltt0p8v25c

  Point                                    Incr       Path
  -----------------------------------------------------------
  clock clk (rise edge)                    0.00       0.00
  clock network delay (ideal)              0.00       0.00
  input external delay                     0.01       0.01 f
  inp_a[7] (in)                            0.00       0.01 f
  U133/Z (BUFFD2BWP20P90)                  0.03       0.05 f
  U79/Z (XOR2D1BWP20P90)                   0.03       0.07 r
  U99/ZN (ND2D1BWP20P90)                   0.03       0.10 f
  U47/ZN (OAI22D1BWP20P90)                 0.02       0.13 r
  U560/S (FA1D1BWP20P90)                   0.05       0.18 f
  U573/CO (FA1D1BWP20P90)                  0.03       0.21 f
  U590/S (FA1D1BWP20P90)                   0.05       0.26 r
  U599/S (FA1D1BWP20P90)                   0.04       0.30 f
  U55/ZN (NR2D1BWP20P90)                   0.01       0.32 r
  U582/ZN (OAI21D1BWP20P90)                0.01       0.33 f
  U583/ZN (AOI21D1BWP20P90)                0.02       0.35 r
  U710/ZN (OAI21D1BWP20P90)                0.01       0.36 f
  U83/ZN (AOI21D1BWP20P90)                 0.02       0.38 r
  U787/ZN (OAI21D1BWP20P90)                0.01       0.39 f
  U790/ZN (XNR2D1BWP20P90)                 0.02       0.41 r
  prod_reg[27]/D (DFCNQD2BWP20P90)         0.00       0.41 r
  data arrival time                                   0.41

  clock clk (rise edge)                    0.43       0.43
  clock network delay (ideal)              0.00       0.43
  clock uncertainty                       -0.01       0.42
  prod_reg[27]/CP (DFCNQD2BWP20P90)        0.00       0.42 r
  library setup time                      -0.01       0.41
  data required time                                  0.41
  -----------------------------------------------------------
  data required time                                  0.41
  data arrival time                                  -0.41
  -----------------------------------------------------------
  slack (MET)                                         0.00


  Startpoint: inp_a[11] (input port clocked by clk)
  Endpoint: prod_reg[25]
            (rising edge-triggered flip-flop clocked by clk)
  Path Group: clk
  Path Type: max

  Des/Clust/Port     Wire Load Model       Library
  ------------------------------------------------
  mult               ZeroWireload          N16ADFP_StdCelltt0p8v25c

  Point                                    Incr       Path
  -----------------------------------------------------------
  clock clk (rise edge)                    0.00       0.00
  clock network delay (ideal)              0.00       0.00
  input external delay                     0.01       0.01 f
  inp_a[11] (in)                           0.01       0.02 f
  U44/Z (CKBD1BWP20P90)                    0.05       0.07 f
  U403/ZN (XNR2D1BWP20P90)                 0.03       0.10 r
  U45/ZN (OAI22D1BWP20P90)                 0.02       0.12 f
  U450/CO (FA1D1BWP20P90)                  0.04       0.16 f
  U474/S (FA1D1BWP20P90)                   0.05       0.21 r
  U473/S (FA1D1BWP20P90)                   0.05       0.26 f
  U481/S (FA1D1BWP20P90)                   0.05       0.30 r
  U457/ZN (NR2D1BWP20P90)                  0.01       0.31 f
  U134/ZN (NR2D1BWP20P90)                  0.02       0.33 r
  U87/ZN (ND2D2BWP20P90)                   0.01       0.34 f
  U82/ZN (OAI21D4BWP20P90)                 0.01       0.36 r
  U84/ZN (AOI21D1BWP20P90)                 0.02       0.38 f
  U791/ZN (OAI21D1BWP20P90)                0.02       0.39 r
  U793/ZN (XNR2D1BWP20P90)                 0.02       0.41 r
  prod_reg[25]/D (DFCNQD2BWP20P90)         0.00       0.41 r
  data arrival time                                   0.41

  clock clk (rise edge)                    0.43       0.43
  clock network delay (ideal)              0.00       0.43
  clock uncertainty                       -0.01       0.42
  prod_reg[25]/CP (DFCNQD2BWP20P90)        0.00       0.42 r
  library setup time                      -0.01       0.41
  data required time                                  0.41
  -----------------------------------------------------------
  data required time                                  0.41
  data arrival time                                  -0.41
  -----------------------------------------------------------
  slack (MET)                                         0.00


  Startpoint: inp_a[11] (input port clocked by clk)
  Endpoint: prod_reg[29]
            (rising edge-triggered flip-flop clocked by clk)
  Path Group: clk
  Path Type: max

  Des/Clust/Port     Wire Load Model       Library
  ------------------------------------------------
  mult               ZeroWireload          N16ADFP_StdCelltt0p8v25c

  Point                                    Incr       Path
  -----------------------------------------------------------
  clock clk (rise edge)                    0.00       0.00
  clock network delay (ideal)              0.00       0.00
  input external delay                     0.01       0.01 f
  inp_a[11] (in)                           0.01       0.02 f
  U44/Z (CKBD1BWP20P90)                    0.05       0.07 f
  U403/ZN (XNR2D1BWP20P90)                 0.03       0.10 r
  U45/ZN (OAI22D1BWP20P90)                 0.02       0.12 f
  U450/CO (FA1D1BWP20P90)                  0.04       0.16 f
  U474/S (FA1D1BWP20P90)                   0.05       0.21 r
  U473/S (FA1D1BWP20P90)                   0.05       0.26 f
  U481/S (FA1D1BWP20P90)                   0.05       0.30 r
  U457/ZN (NR2D1BWP20P90)                  0.01       0.31 f
  U134/ZN (NR2D1BWP20P90)                  0.02       0.33 r
  U87/ZN (ND2D2BWP20P90)                   0.01       0.34 f
  U82/ZN (OAI21D4BWP20P90)                 0.01       0.36 r
  U84/ZN (AOI21D1BWP20P90)                 0.02       0.38 f
  U668/ZN (OAI21D1BWP20P90)                0.02       0.39 r
  U679/ZN (XNR2D1BWP20P90)                 0.02       0.41 r
  prod_reg[29]/D (DFCNQD2BWP20P90)         0.00       0.41 r
  data arrival time                                   0.41

  clock clk (rise edge)                    0.43       0.43
  clock network delay (ideal)              0.00       0.43
  clock uncertainty                       -0.01       0.42
  prod_reg[29]/CP (DFCNQD2BWP20P90)        0.00       0.42 r
  library setup time                      -0.01       0.41
  data required time                                  0.41
  -----------------------------------------------------------
  data required time                                  0.41
  data arrival time                                  -0.41
  -----------------------------------------------------------
  slack (MET)                                         0.00


  Startpoint: inp_a[7] (input port clocked by clk)
  Endpoint: prod_reg[28]
            (rising edge-triggered flip-flop clocked by clk)
  Path Group: clk
  Path Type: max

  Des/Clust/Port     Wire Load Model       Library
  ------------------------------------------------
  mult               ZeroWireload          N16ADFP_StdCelltt0p8v25c

  Point                                    Incr       Path
  -----------------------------------------------------------
  clock clk (rise edge)                    0.00       0.00
  clock network delay (ideal)              0.00       0.00
  input external delay                     0.01       0.01 f
  inp_a[7] (in)                            0.00       0.01 f
  U133/Z (BUFFD2BWP20P90)                  0.03       0.05 f
  U79/Z (XOR2D1BWP20P90)                   0.03       0.07 r
  U99/ZN (ND2D1BWP20P90)                   0.03       0.10 f
  U47/ZN (OAI22D1BWP20P90)                 0.02       0.13 r
  U560/S (FA1D1BWP20P90)                   0.05       0.18 f
  U573/CO (FA1D1BWP20P90)                  0.03       0.21 f
  U590/S (FA1D1BWP20P90)                   0.05       0.26 r
  U599/S (FA1D1BWP20P90)                   0.04       0.30 f
  U55/ZN (NR2D1BWP20P90)                   0.01       0.32 r
  U575/ZN (NR2D1BWP20P90)                  0.01       0.33 f
  U583/ZN (AOI21D1BWP20P90)                0.02       0.35 r
  U710/ZN (OAI21D1BWP20P90)                0.01       0.36 f
  U83/ZN (AOI21D1BWP20P90)                 0.02       0.38 r
  U784/ZN (OAI21D1BWP20P90)                0.01       0.39 f
  U786/ZN (XNR2D1BWP20P90)                 0.02       0.41 r
  prod_reg[28]/D (DFCNQD2BWP20P90)         0.00       0.41 r
  data arrival time                                   0.41

  clock clk (rise edge)                    0.43       0.43
  clock network delay (ideal)              0.00       0.43
  clock uncertainty                       -0.01       0.42
  prod_reg[28]/CP (DFCNQD2BWP20P90)        0.00       0.42 r
  library setup time                      -0.01       0.41
  data required time                                  0.41
  -----------------------------------------------------------
  data required time                                  0.41
  data arrival time                                  -0.41
  -----------------------------------------------------------
  slack (MET)                                         0.00


  Startpoint: inp_a[11] (input port clocked by clk)
  Endpoint: prod_reg[25]
            (rising edge-triggered flip-flop clocked by clk)
  Path Group: clk
  Path Type: max

  Des/Clust/Port     Wire Load Model       Library
  ------------------------------------------------
  mult               ZeroWireload          N16ADFP_StdCelltt0p8v25c

  Point                                    Incr       Path
  -----------------------------------------------------------
  clock clk (rise edge)                    0.00       0.00
  clock network delay (ideal)              0.00       0.00
  input external delay                     0.01       0.01 f
  inp_a[11] (in)                           0.01       0.02 f
  U44/Z (CKBD1BWP20P90)                    0.05       0.07 f
  U403/ZN (XNR2D1BWP20P90)                 0.03       0.10 r
  U45/ZN (OAI22D1BWP20P90)                 0.02       0.12 f
  U450/CO (FA1D1BWP20P90)                  0.04       0.16 f
  U474/S (FA1D1BWP20P90)                   0.05       0.21 r
  U473/S (FA1D1BWP20P90)                   0.05       0.26 f
  U481/S (FA1D1BWP20P90)                   0.05       0.30 r
  U457/ZN (NR2D1BWP20P90)                  0.01       0.32 f
  U134/ZN (NR2D1BWP20P90)                  0.02       0.33 r
  U86/ZN (AOI21D2BWP20P90)                 0.02       0.35 f
  U82/ZN (OAI21D4BWP20P90)                 0.01       0.36 r
  U84/ZN (AOI21D1BWP20P90)                 0.02       0.38 f
  U791/ZN (OAI21D1BWP20P90)                0.02       0.39 r
  U793/ZN (XNR2D1BWP20P90)                 0.02       0.41 r
  prod_reg[25]/D (DFCNQD2BWP20P90)         0.00       0.41 r
  data arrival time                                   0.41

  clock clk (rise edge)                    0.43       0.43
  clock network delay (ideal)              0.00       0.43
  clock uncertainty                       -0.01       0.42
  prod_reg[25]/CP (DFCNQD2BWP20P90)        0.00       0.42 r
  library setup time                      -0.01       0.41
  data required time                                  0.41
  -----------------------------------------------------------
  data required time                                  0.41
  data arrival time                                  -0.41
  -----------------------------------------------------------
  slack (MET)                                         0.00


  Startpoint: inp_a[11] (input port clocked by clk)
  Endpoint: prod_reg[29]
            (rising edge-triggered flip-flop clocked by clk)
  Path Group: clk
  Path Type: max

  Des/Clust/Port     Wire Load Model       Library
  ------------------------------------------------
  mult               ZeroWireload          N16ADFP_StdCelltt0p8v25c

  Point                                    Incr       Path
  -----------------------------------------------------------
  clock clk (rise edge)                    0.00       0.00
  clock network delay (ideal)              0.00       0.00
  input external delay                     0.01       0.01 f
  inp_a[11] (in)                           0.01       0.02 f
  U44/Z (CKBD1BWP20P90)                    0.05       0.07 f
  U403/ZN (XNR2D1BWP20P90)                 0.03       0.10 r
  U45/ZN (OAI22D1BWP20P90)                 0.02       0.12 f
  U450/CO (FA1D1BWP20P90)                  0.04       0.16 f
  U474/S (FA1D1BWP20P90)                   0.05       0.21 r
  U473/S (FA1D1BWP20P90)                   0.05       0.26 f
  U481/S (FA1D1BWP20P90)                   0.05       0.30 r
  U457/ZN (NR2D1BWP20P90)                  0.01       0.32 f
  U134/ZN (NR2D1BWP20P90)                  0.02       0.33 r
  U86/ZN (AOI21D2BWP20P90)                 0.02       0.35 f
  U82/ZN (OAI21D4BWP20P90)                 0.01       0.36 r
  U84/ZN (AOI21D1BWP20P90)                 0.02       0.38 f
  U668/ZN (OAI21D1BWP20P90)                0.02       0.39 r
  U679/ZN (XNR2D1BWP20P90)                 0.02       0.41 r
  prod_reg[29]/D (DFCNQD2BWP20P90)         0.00       0.41 r
  data arrival time                                   0.41

  clock clk (rise edge)                    0.43       0.43
  clock network delay (ideal)              0.00       0.43
  clock uncertainty                       -0.01       0.42
  prod_reg[29]/CP (DFCNQD2BWP20P90)        0.00       0.42 r
  library setup time                      -0.01       0.41
  data required time                                  0.41
  -----------------------------------------------------------
  data required time                                  0.41
  data arrival time                                  -0.41
  -----------------------------------------------------------
  slack (MET)                                         0.00


  Startpoint: inp_a[7] (input port clocked by clk)
  Endpoint: prod_reg[28]
            (rising edge-triggered flip-flop clocked by clk)
  Path Group: clk
  Path Type: max

  Des/Clust/Port     Wire Load Model       Library
  ------------------------------------------------
  mult               ZeroWireload          N16ADFP_StdCelltt0p8v25c

  Point                                    Incr       Path
  -----------------------------------------------------------
  clock clk (rise edge)                    0.00       0.00
  clock network delay (ideal)              0.00       0.00
  input external delay                     0.01       0.01 f
  inp_a[7] (in)                            0.00       0.01 f
  U133/Z (BUFFD2BWP20P90)                  0.03       0.05 f
  U79/Z (XOR2D1BWP20P90)                   0.03       0.07 r
  U99/ZN (ND2D1BWP20P90)                   0.03       0.10 f
  U47/ZN (OAI22D1BWP20P90)                 0.02       0.13 r
  U560/S (FA1D1BWP20P90)                   0.05       0.18 f
  U573/CO (FA1D1BWP20P90)                  0.03       0.21 f
  U590/S (FA1D1BWP20P90)                   0.05       0.26 r
  U599/S (FA1D1BWP20P90)                   0.04       0.30 f
  U55/ZN (NR2D1BWP20P90)                   0.01       0.32 r
  U575/ZN (NR2D1BWP20P90)                  0.01       0.33 f
  U583/ZN (AOI21D1BWP20P90)                0.02       0.35 r
  U710/ZN (OAI21D1BWP20P90)                0.01       0.36 f
  U83/ZN (AOI21D1BWP20P90)                 0.02       0.38 r
  U784/ZN (OAI21D1BWP20P90)                0.01       0.39 f
  U786/ZN (XNR2D1BWP20P90)                 0.02       0.41 r
  prod_reg[28]/D (DFCNQD2BWP20P90)         0.00       0.41 r
  data arrival time                                   0.41

  clock clk (rise edge)                    0.43       0.43
  clock network delay (ideal)              0.00       0.43
  clock uncertainty                       -0.01       0.42
  prod_reg[28]/CP (DFCNQD2BWP20P90)        0.00       0.42 r
  library setup time                      -0.01       0.41
  data required time                                  0.41
  -----------------------------------------------------------
  data required time                                  0.41
  data arrival time                                  -0.41
  -----------------------------------------------------------
  slack (MET)                                         0.00


  Startpoint: inp_a[11] (input port clocked by clk)
  Endpoint: prod_reg[25]
            (rising edge-triggered flip-flop clocked by clk)
  Path Group: clk
  Path Type: max

  Des/Clust/Port     Wire Load Model       Library
  ------------------------------------------------
  mult               ZeroWireload          N16ADFP_StdCelltt0p8v25c

  Point                                    Incr       Path
  -----------------------------------------------------------
  clock clk (rise edge)                    0.00       0.00
  clock network delay (ideal)              0.00       0.00
  input external delay                     0.01       0.01 f
  inp_a[11] (in)                           0.01       0.02 f
  U44/Z (CKBD1BWP20P90)                    0.05       0.07 f
  U404/ZN (XNR2D1BWP20P90)                 0.03       0.10 r
  U405/ZN (OAI22D1BWP20P90)                0.02       0.12 f
  U476/CO (FA1D1BWP20P90)                  0.04       0.16 f
  U479/ZN (XNR3D1BWP20P90)                 0.05       0.21 f
  U510/S (FA1D1BWP20P90)                   0.05       0.26 r
  U518/S (FA1D1BWP20P90)                   0.04       0.30 f
  U54/ZN (NR2D1BWP20P90)                   0.01       0.32 r
  U134/ZN (NR2D1BWP20P90)                  0.01       0.33 f
  U86/ZN (AOI21D2BWP20P90)                 0.01       0.35 r
  U82/ZN (OAI21D4BWP20P90)                 0.01       0.36 f
  U84/ZN (AOI21D1BWP20P90)                 0.02       0.37 r
  U791/ZN (OAI21D1BWP20P90)                0.01       0.39 f
  U793/ZN (XNR2D1BWP20P90)                 0.02       0.41 r
  prod_reg[25]/D (DFCNQD2BWP20P90)         0.00       0.41 r
  data arrival time                                   0.41

  clock clk (rise edge)                    0.43       0.43
  clock network delay (ideal)              0.00       0.43
  clock uncertainty                       -0.01       0.42
  prod_reg[25]/CP (DFCNQD2BWP20P90)        0.00       0.42 r
  library setup time                      -0.01       0.41
  data required time                                  0.41
  -----------------------------------------------------------
  data required time                                  0.41
  data arrival time                                  -0.41
  -----------------------------------------------------------
  slack (MET)                                         0.00


  Startpoint: inp_a[7] (input port clocked by clk)
  Endpoint: prod_reg[31]
            (rising edge-triggered flip-flop clocked by clk)
  Path Group: clk
  Path Type: max

  Des/Clust/Port     Wire Load Model       Library
  ------------------------------------------------
  mult               ZeroWireload          N16ADFP_StdCelltt0p8v25c

  Point                                    Incr       Path
  -----------------------------------------------------------
  clock clk (rise edge)                    0.00       0.00
  clock network delay (ideal)              0.00       0.00
  input external delay                     0.01       0.01 f
  inp_a[7] (in)                            0.00       0.01 f
  U133/Z (BUFFD2BWP20P90)                  0.03       0.05 f
  U79/Z (XOR2D1BWP20P90)                   0.03       0.07 r
  U99/ZN (ND2D1BWP20P90)                   0.03       0.10 f
  U47/ZN (OAI22D1BWP20P90)                 0.02       0.13 r
  U560/S (FA1D1BWP20P90)                   0.05       0.18 f
  U573/CO (FA1D1BWP20P90)                  0.03       0.21 f
  U590/S (FA1D1BWP20P90)                   0.05       0.26 r
  U599/S (FA1D1BWP20P90)                   0.04       0.30 f
  U55/ZN (NR2D1BWP20P90)                   0.01       0.32 r
  U575/ZN (NR2D1BWP20P90)                  0.01       0.33 f
  U583/ZN (AOI21D1BWP20P90)                0.02       0.35 r
  U684/ZN (OAI21D1BWP20P90)                0.01       0.36 f
  U685/ZN (AOI21D1BWP20P90)                0.02       0.38 r
  U694/ZN (OAI21D1BWP20P90)                0.01       0.39 f
  U702/ZN (XNR2D1BWP20P90)                 0.02       0.41 r
  prod_reg[31]/D (DFCNQD2BWP20P90)         0.00       0.41 r
  data arrival time                                   0.41

  clock clk (rise edge)                    0.43       0.43
  clock network delay (ideal)              0.00       0.43
  clock uncertainty                       -0.01       0.42
  prod_reg[31]/CP (DFCNQD2BWP20P90)        0.00       0.42 r
  library setup time                      -0.01       0.41
  data required time                                  0.41
  -----------------------------------------------------------
  data required time                                  0.41
  data arrival time                                  -0.41
  -----------------------------------------------------------
  slack (MET)                                         0.00


  Startpoint: inp_a[7] (input port clocked by clk)
  Endpoint: prod_reg[27]
            (rising edge-triggered flip-flop clocked by clk)
  Path Group: clk
  Path Type: max

  Des/Clust/Port     Wire Load Model       Library
  ------------------------------------------------
  mult               ZeroWireload          N16ADFP_StdCelltt0p8v25c

  Point                                    Incr       Path
  -----------------------------------------------------------
  clock clk (rise edge)                    0.00       0.00
  clock network delay (ideal)              0.00       0.00
  input external delay                     0.01       0.01 f
  inp_a[7] (in)                            0.00       0.01 f
  U133/Z (BUFFD2BWP20P90)                  0.03       0.05 f
  U79/Z (XOR2D1BWP20P90)                   0.03       0.07 r
  U99/ZN (ND2D1BWP20P90)                   0.03       0.10 f
  U47/ZN (OAI22D1BWP20P90)                 0.02       0.13 r
  U560/S (FA1D1BWP20P90)                   0.05       0.18 f
  U573/CO (FA1D1BWP20P90)                  0.03       0.21 f
  U590/S (FA1D1BWP20P90)                   0.05       0.26 r
  U599/S (FA1D1BWP20P90)                   0.04       0.30 f
  U55/ZN (NR2D1BWP20P90)                   0.01       0.32 r
  U575/ZN (NR2D1BWP20P90)                  0.01       0.33 f
  U583/ZN (AOI21D1BWP20P90)                0.02       0.35 r
  U710/ZN (OAI21D1BWP20P90)                0.01       0.36 f
  U83/ZN (AOI21D1BWP20P90)                 0.02       0.38 r
  U787/ZN (OAI21D1BWP20P90)                0.01       0.39 f
  U790/ZN (XNR2D1BWP20P90)                 0.02       0.41 r
  prod_reg[27]/D (DFCNQD2BWP20P90)         0.00       0.41 r
  data arrival time                                   0.41

  clock clk (rise edge)                    0.43       0.43
  clock network delay (ideal)              0.00       0.43
  clock uncertainty                       -0.01       0.42
  prod_reg[27]/CP (DFCNQD2BWP20P90)        0.00       0.42 r
  library setup time                      -0.01       0.41
  data required time                                  0.41
  -----------------------------------------------------------
  data required time                                  0.41
  data arrival time                                  -0.41
  -----------------------------------------------------------
  slack (MET)                                         0.00


  Startpoint: inp_a[7] (input port clocked by clk)
  Endpoint: prod_reg[28]
            (rising edge-triggered flip-flop clocked by clk)
  Path Group: clk
  Path Type: max

  Des/Clust/Port     Wire Load Model       Library
  ------------------------------------------------
  mult               ZeroWireload          N16ADFP_StdCelltt0p8v25c

  Point                                    Incr       Path
  -----------------------------------------------------------
  clock clk (rise edge)                    0.00       0.00
  clock network delay (ideal)              0.00       0.00
  input external delay                     0.01       0.01 f
  inp_a[7] (in)                            0.00       0.01 f
  U133/Z (BUFFD2BWP20P90)                  0.03       0.05 f
  U79/Z (XOR2D1BWP20P90)                   0.03       0.07 r
  U99/ZN (ND2D1BWP20P90)                   0.03       0.10 f
  U47/ZN (OAI22D1BWP20P90)                 0.02       0.13 r
  U560/S (FA1D1BWP20P90)                   0.05       0.18 f
  U573/CO (FA1D1BWP20P90)                  0.03       0.21 f
  U590/S (FA1D1BWP20P90)                   0.05       0.26 r
  U599/S (FA1D1BWP20P90)                   0.04       0.30 f
  U55/ZN (NR2D1BWP20P90)                   0.01       0.32 r
  U582/ZN (OAI21D1BWP20P90)                0.01       0.33 f
  U583/ZN (AOI21D1BWP20P90)                0.02       0.35 r
  U710/ZN (OAI21D1BWP20P90)                0.01       0.36 f
  U83/ZN (AOI21D1BWP20P90)                 0.02       0.38 r
  U784/ZN (OAI21D1BWP20P90)                0.01       0.39 f
  U786/ZN (XNR2D1BWP20P90)                 0.02       0.41 r
  prod_reg[28]/D (DFCNQD2BWP20P90)         0.00       0.41 r
  data arrival time                                   0.41

  clock clk (rise edge)                    0.43       0.43
  clock network delay (ideal)              0.00       0.43
  clock uncertainty                       -0.01       0.42
  prod_reg[28]/CP (DFCNQD2BWP20P90)        0.00       0.42 r
  library setup time                      -0.01       0.41
  data required time                                  0.41
  -----------------------------------------------------------
  data required time                                  0.41
  data arrival time                                  -0.41
  -----------------------------------------------------------
  slack (MET)                                         0.00


  Startpoint: inp_a[7] (input port clocked by clk)
  Endpoint: prod_reg[31]
            (rising edge-triggered flip-flop clocked by clk)
  Path Group: clk
  Path Type: max

  Des/Clust/Port     Wire Load Model       Library
  ------------------------------------------------
  mult               ZeroWireload          N16ADFP_StdCelltt0p8v25c

  Point                                    Incr       Path
  -----------------------------------------------------------
  clock clk (rise edge)                    0.00       0.00
  clock network delay (ideal)              0.00       0.00
  input external delay                     0.01       0.01 f
  inp_a[7] (in)                            0.00       0.01 f
  U133/Z (BUFFD2BWP20P90)                  0.03       0.05 f
  U79/Z (XOR2D1BWP20P90)                   0.03       0.07 r
  U99/ZN (ND2D1BWP20P90)                   0.03       0.10 f
  U47/ZN (OAI22D1BWP20P90)                 0.02       0.13 r
  U560/S (FA1D1BWP20P90)                   0.05       0.18 f
  U573/CO (FA1D1BWP20P90)                  0.03       0.21 f
  U590/S (FA1D1BWP20P90)                   0.05       0.26 r
  U599/S (FA1D1BWP20P90)                   0.04       0.30 f
  U55/ZN (NR2D1BWP20P90)                   0.01       0.32 r
  U575/ZN (NR2D1BWP20P90)                  0.01       0.33 f
  U583/ZN (AOI21D1BWP20P90)                0.02       0.35 r
  U684/ZN (OAI21D1BWP20P90)                0.01       0.36 f
  U685/ZN (AOI21D1BWP20P90)                0.02       0.38 r
  U694/ZN (OAI21D1BWP20P90)                0.01       0.39 f
  U702/ZN (XNR2D1BWP20P90)                 0.02       0.41 r
  prod_reg[31]/D (DFCNQD2BWP20P90)         0.00       0.41 r
  data arrival time                                   0.41

  clock clk (rise edge)                    0.43       0.43
  clock network delay (ideal)              0.00       0.43
  clock uncertainty                       -0.01       0.42
  prod_reg[31]/CP (DFCNQD2BWP20P90)        0.00       0.42 r
  library setup time                      -0.01       0.41
  data required time                                  0.41
  -----------------------------------------------------------
  data required time                                  0.41
  data arrival time                                  -0.41
  -----------------------------------------------------------
  slack (MET)                                         0.00


  Startpoint: inp_a[7] (input port clocked by clk)
  Endpoint: prod_reg[27]
            (rising edge-triggered flip-flop clocked by clk)
  Path Group: clk
  Path Type: max

  Des/Clust/Port     Wire Load Model       Library
  ------------------------------------------------
  mult               ZeroWireload          N16ADFP_StdCelltt0p8v25c

  Point                                    Incr       Path
  -----------------------------------------------------------
  clock clk (rise edge)                    0.00       0.00
  clock network delay (ideal)              0.00       0.00
  input external delay                     0.01       0.01 f
  inp_a[7] (in)                            0.00       0.01 f
  U133/Z (BUFFD2BWP20P90)                  0.03       0.05 f
  U79/Z (XOR2D1BWP20P90)                   0.03       0.07 r
  U99/ZN (ND2D1BWP20P90)                   0.03       0.10 f
  U47/ZN (OAI22D1BWP20P90)                 0.02       0.13 r
  U560/S (FA1D1BWP20P90)                   0.05       0.18 f
  U573/CO (FA1D1BWP20P90)                  0.03       0.21 f
  U590/S (FA1D1BWP20P90)                   0.05       0.26 r
  U599/S (FA1D1BWP20P90)                   0.04       0.30 f
  U55/ZN (NR2D1BWP20P90)                   0.01       0.32 r
  U575/ZN (NR2D1BWP20P90)                  0.01       0.33 f
  U583/ZN (AOI21D1BWP20P90)                0.02       0.35 r
  U710/ZN (OAI21D1BWP20P90)                0.01       0.36 f
  U83/ZN (AOI21D1BWP20P90)                 0.02       0.38 r
  U787/ZN (OAI21D1BWP20P90)                0.01       0.39 f
  U790/ZN (XNR2D1BWP20P90)                 0.02       0.41 r
  prod_reg[27]/D (DFCNQD2BWP20P90)         0.00       0.41 r
  data arrival time                                   0.41

  clock clk (rise edge)                    0.43       0.43
  clock network delay (ideal)              0.00       0.43
  clock uncertainty                       -0.01       0.42
  prod_reg[27]/CP (DFCNQD2BWP20P90)        0.00       0.42 r
  library setup time                      -0.01       0.41
  data required time                                  0.41
  -----------------------------------------------------------
  data required time                                  0.41
  data arrival time                                  -0.41
  -----------------------------------------------------------
  slack (MET)                                         0.00


  Startpoint: inp_a[7] (input port clocked by clk)
  Endpoint: prod_reg[27]
            (rising edge-triggered flip-flop clocked by clk)
  Path Group: clk
  Path Type: max

  Des/Clust/Port     Wire Load Model       Library
  ------------------------------------------------
  mult               ZeroWireload          N16ADFP_StdCelltt0p8v25c

  Point                                    Incr       Path
  -----------------------------------------------------------
  clock clk (rise edge)                    0.00       0.00
  clock network delay (ideal)              0.00       0.00
  input external delay                     0.01       0.01 f
  inp_a[7] (in)                            0.00       0.01 f
  U133/Z (BUFFD2BWP20P90)                  0.03       0.05 f
  U79/Z (XOR2D1BWP20P90)                   0.03       0.07 r
  U99/ZN (ND2D1BWP20P90)                   0.03       0.10 f
  U47/ZN (OAI22D1BWP20P90)                 0.02       0.13 r
  U560/S (FA1D1BWP20P90)                   0.05       0.18 f
  U573/CO (FA1D1BWP20P90)                  0.03       0.21 f
  U590/S (FA1D1BWP20P90)                   0.05       0.26 r
  U599/S (FA1D1BWP20P90)                   0.04       0.30 f
  U55/ZN (NR2D1BWP20P90)                   0.01       0.32 r
  U575/ZN (NR2D1BWP20P90)                  0.01       0.33 f
  U583/ZN (AOI21D1BWP20P90)                0.02       0.35 r
  U710/ZN (OAI21D1BWP20P90)                0.01       0.36 f
  U83/ZN (AOI21D1BWP20P90)                 0.02       0.38 r
  U787/ZN (OAI21D1BWP20P90)                0.01       0.39 f
  U790/ZN (XNR2D1BWP20P90)                 0.02       0.41 r
  prod_reg[27]/D (DFCNQD2BWP20P90)         0.00       0.41 r
  data arrival time                                   0.41

  clock clk (rise edge)                    0.43       0.43
  clock network delay (ideal)              0.00       0.43
  clock uncertainty                       -0.01       0.42
  prod_reg[27]/CP (DFCNQD2BWP20P90)        0.00       0.42 r
  library setup time                      -0.01       0.41
  data required time                                  0.41
  -----------------------------------------------------------
  data required time                                  0.41
  data arrival time                                  -0.41
  -----------------------------------------------------------
  slack (MET)                                         0.00


  Startpoint: inp_a[7] (input port clocked by clk)
  Endpoint: prod_reg[27]
            (rising edge-triggered flip-flop clocked by clk)
  Path Group: clk
  Path Type: max

  Des/Clust/Port     Wire Load Model       Library
  ------------------------------------------------
  mult               ZeroWireload          N16ADFP_StdCelltt0p8v25c

  Point                                    Incr       Path
  -----------------------------------------------------------
  clock clk (rise edge)                    0.00       0.00
  clock network delay (ideal)              0.00       0.00
  input external delay                     0.01       0.01 f
  inp_a[7] (in)                            0.00       0.01 f
  U133/Z (BUFFD2BWP20P90)                  0.03       0.05 f
  U79/Z (XOR2D1BWP20P90)                   0.03       0.07 r
  U99/ZN (ND2D1BWP20P90)                   0.03       0.10 f
  U47/ZN (OAI22D1BWP20P90)                 0.02       0.13 r
  U560/S (FA1D1BWP20P90)                   0.05       0.18 f
  U573/CO (FA1D1BWP20P90)                  0.03       0.21 f
  U590/S (FA1D1BWP20P90)                   0.05       0.26 r
  U599/S (FA1D1BWP20P90)                   0.04       0.30 f
  U55/ZN (NR2D1BWP20P90)                   0.01       0.32 r
  U575/ZN (NR2D1BWP20P90)                  0.01       0.33 f
  U583/ZN (AOI21D1BWP20P90)                0.02       0.35 r
  U710/ZN (OAI21D1BWP20P90)                0.01       0.36 f
  U83/ZN (AOI21D1BWP20P90)                 0.02       0.38 r
  U787/ZN (OAI21D1BWP20P90)                0.01       0.39 f
  U790/ZN (XNR2D1BWP20P90)                 0.02       0.41 r
  prod_reg[27]/D (DFCNQD2BWP20P90)         0.00       0.41 r
  data arrival time                                   0.41

  clock clk (rise edge)                    0.43       0.43
  clock network delay (ideal)              0.00       0.43
  clock uncertainty                       -0.01       0.42
  prod_reg[27]/CP (DFCNQD2BWP20P90)        0.00       0.42 r
  library setup time                      -0.01       0.41
  data required time                                  0.41
  -----------------------------------------------------------
  data required time                                  0.41
  data arrival time                                  -0.41
  -----------------------------------------------------------
  slack (MET)                                         0.00


  Startpoint: inp_a[11] (input port clocked by clk)
  Endpoint: prod_reg[25]
            (rising edge-triggered flip-flop clocked by clk)
  Path Group: clk
  Path Type: max

  Des/Clust/Port     Wire Load Model       Library
  ------------------------------------------------
  mult               ZeroWireload          N16ADFP_StdCelltt0p8v25c

  Point                                    Incr       Path
  -----------------------------------------------------------
  clock clk (rise edge)                    0.00       0.00
  clock network delay (ideal)              0.00       0.00
  input external delay                     0.01       0.01 f
  inp_a[11] (in)                           0.01       0.02 f
  U44/Z (CKBD1BWP20P90)                    0.05       0.07 f
  U403/ZN (XNR2D1BWP20P90)                 0.03       0.10 r
  U45/ZN (OAI22D1BWP20P90)                 0.02       0.12 f
  U450/CO (FA1D1BWP20P90)                  0.04       0.16 f
  U474/S (FA1D1BWP20P90)                   0.05       0.21 r
  U473/S (FA1D1BWP20P90)                   0.05       0.26 f
  U481/S (FA1D1BWP20P90)                   0.05       0.30 r
  U457/ZN (NR2D1BWP20P90)                  0.01       0.32 f
  U134/ZN (NR2D1BWP20P90)                  0.02       0.33 r
  U86/ZN (AOI21D2BWP20P90)                 0.02       0.35 f
  U82/ZN (OAI21D4BWP20P90)                 0.01       0.36 r
  U84/ZN (AOI21D1BWP20P90)                 0.02       0.38 f
  U791/ZN (OAI21D1BWP20P90)                0.02       0.39 r
  U793/ZN (XNR2D1BWP20P90)                 0.02       0.41 r
  prod_reg[25]/D (DFCNQD2BWP20P90)         0.00       0.41 r
  data arrival time                                   0.41

  clock clk (rise edge)                    0.43       0.43
  clock network delay (ideal)              0.00       0.43
  clock uncertainty                       -0.01       0.42
  prod_reg[25]/CP (DFCNQD2BWP20P90)        0.00       0.42 r
  library setup time                      -0.01       0.41
  data required time                                  0.41
  -----------------------------------------------------------
  data required time                                  0.41
  data arrival time                                  -0.41
  -----------------------------------------------------------
  slack (MET)                                         0.00


  Startpoint: inp_a[11] (input port clocked by clk)
  Endpoint: prod_reg[29]
            (rising edge-triggered flip-flop clocked by clk)
  Path Group: clk
  Path Type: max

  Des/Clust/Port     Wire Load Model       Library
  ------------------------------------------------
  mult               ZeroWireload          N16ADFP_StdCelltt0p8v25c

  Point                                    Incr       Path
  -----------------------------------------------------------
  clock clk (rise edge)                    0.00       0.00
  clock network delay (ideal)              0.00       0.00
  input external delay                     0.01       0.01 f
  inp_a[11] (in)                           0.01       0.02 f
  U44/Z (CKBD1BWP20P90)                    0.05       0.07 f
  U403/ZN (XNR2D1BWP20P90)                 0.03       0.10 r
  U45/ZN (OAI22D1BWP20P90)                 0.02       0.12 f
  U450/CO (FA1D1BWP20P90)                  0.04       0.16 f
  U474/S (FA1D1BWP20P90)                   0.05       0.21 r
  U473/S (FA1D1BWP20P90)                   0.05       0.26 f
  U481/S (FA1D1BWP20P90)                   0.05       0.30 r
  U457/ZN (NR2D1BWP20P90)                  0.01       0.32 f
  U134/ZN (NR2D1BWP20P90)                  0.02       0.33 r
  U86/ZN (AOI21D2BWP20P90)                 0.02       0.35 f
  U82/ZN (OAI21D4BWP20P90)                 0.01       0.36 r
  U84/ZN (AOI21D1BWP20P90)                 0.02       0.38 f
  U668/ZN (OAI21D1BWP20P90)                0.02       0.39 r
  U679/ZN (XNR2D1BWP20P90)                 0.02       0.41 r
  prod_reg[29]/D (DFCNQD2BWP20P90)         0.00       0.41 r
  data arrival time                                   0.41

  clock clk (rise edge)                    0.43       0.43
  clock network delay (ideal)              0.00       0.43
  clock uncertainty                       -0.01       0.42
  prod_reg[29]/CP (DFCNQD2BWP20P90)        0.00       0.42 r
  library setup time                      -0.01       0.41
  data required time                                  0.41
  -----------------------------------------------------------
  data required time                                  0.41
  data arrival time                                  -0.41
  -----------------------------------------------------------
  slack (MET)                                         0.00


  Startpoint: inp_a[7] (input port clocked by clk)
  Endpoint: prod_reg[31]
            (rising edge-triggered flip-flop clocked by clk)
  Path Group: clk
  Path Type: max

  Des/Clust/Port     Wire Load Model       Library
  ------------------------------------------------
  mult               ZeroWireload          N16ADFP_StdCelltt0p8v25c

  Point                                    Incr       Path
  -----------------------------------------------------------
  clock clk (rise edge)                    0.00       0.00
  clock network delay (ideal)              0.00       0.00
  input external delay                     0.01       0.01 f
  inp_a[7] (in)                            0.00       0.01 f
  U133/Z (BUFFD2BWP20P90)                  0.03       0.05 f
  U79/Z (XOR2D1BWP20P90)                   0.03       0.07 r
  U99/ZN (ND2D1BWP20P90)                   0.03       0.10 f
  U47/ZN (OAI22D1BWP20P90)                 0.02       0.13 r
  U560/S (FA1D1BWP20P90)                   0.05       0.18 f
  U573/CO (FA1D1BWP20P90)                  0.03       0.21 f
  U590/S (FA1D1BWP20P90)                   0.05       0.26 r
  U599/S (FA1D1BWP20P90)                   0.04       0.30 f
  U55/ZN (NR2D1BWP20P90)                   0.01       0.32 r
  U575/ZN (NR2D1BWP20P90)                  0.01       0.33 f
  U583/ZN (AOI21D1BWP20P90)                0.02       0.35 r
  U684/ZN (OAI21D1BWP20P90)                0.01       0.36 f
  U685/ZN (AOI21D1BWP20P90)                0.02       0.38 r
  U694/ZN (OAI21D1BWP20P90)                0.01       0.39 f
  U702/ZN (XNR2D1BWP20P90)                 0.02       0.41 r
  prod_reg[31]/D (DFCNQD2BWP20P90)         0.00       0.41 r
  data arrival time                                   0.41

  clock clk (rise edge)                    0.43       0.43
  clock network delay (ideal)              0.00       0.43
  clock uncertainty                       -0.01       0.42
  prod_reg[31]/CP (DFCNQD2BWP20P90)        0.00       0.42 r
  library setup time                      -0.01       0.41
  data required time                                  0.41
  -----------------------------------------------------------
  data required time                                  0.41
  data arrival time                                  -0.41
  -----------------------------------------------------------
  slack (MET)                                         0.00


  Startpoint: inp_a[7] (input port clocked by clk)
  Endpoint: prod_reg[27]
            (rising edge-triggered flip-flop clocked by clk)
  Path Group: clk
  Path Type: max

  Des/Clust/Port     Wire Load Model       Library
  ------------------------------------------------
  mult               ZeroWireload          N16ADFP_StdCelltt0p8v25c

  Point                                    Incr       Path
  -----------------------------------------------------------
  clock clk (rise edge)                    0.00       0.00
  clock network delay (ideal)              0.00       0.00
  input external delay                     0.01       0.01 f
  inp_a[7] (in)                            0.00       0.01 f
  U133/Z (BUFFD2BWP20P90)                  0.03       0.05 f
  U79/Z (XOR2D1BWP20P90)                   0.03       0.07 r
  U99/ZN (ND2D1BWP20P90)                   0.03       0.10 f
  U47/ZN (OAI22D1BWP20P90)                 0.02       0.13 r
  U560/S (FA1D1BWP20P90)                   0.05       0.18 f
  U573/CO (FA1D1BWP20P90)                  0.03       0.21 f
  U590/S (FA1D1BWP20P90)                   0.05       0.26 r
  U599/S (FA1D1BWP20P90)                   0.04       0.30 f
  U55/ZN (NR2D1BWP20P90)                   0.01       0.32 r
  U582/ZN (OAI21D1BWP20P90)                0.01       0.33 f
  U583/ZN (AOI21D1BWP20P90)                0.02       0.35 r
  U710/ZN (OAI21D1BWP20P90)                0.01       0.36 f
  U83/ZN (AOI21D1BWP20P90)                 0.02       0.38 r
  U787/ZN (OAI21D1BWP20P90)                0.01       0.39 f
  U790/ZN (XNR2D1BWP20P90)                 0.02       0.41 r
  prod_reg[27]/D (DFCNQD2BWP20P90)         0.00       0.41 r
  data arrival time                                   0.41

  clock clk (rise edge)                    0.43       0.43
  clock network delay (ideal)              0.00       0.43
  clock uncertainty                       -0.01       0.42
  prod_reg[27]/CP (DFCNQD2BWP20P90)        0.00       0.42 r
  library setup time                      -0.01       0.41
  data required time                                  0.41
  -----------------------------------------------------------
  data required time                                  0.41
  data arrival time                                  -0.41
  -----------------------------------------------------------
  slack (MET)                                         0.00


  Startpoint: inp_a[7] (input port clocked by clk)
  Endpoint: prod_reg[27]
            (rising edge-triggered flip-flop clocked by clk)
  Path Group: clk
  Path Type: max

  Des/Clust/Port     Wire Load Model       Library
  ------------------------------------------------
  mult               ZeroWireload          N16ADFP_StdCelltt0p8v25c

  Point                                    Incr       Path
  -----------------------------------------------------------
  clock clk (rise edge)                    0.00       0.00
  clock network delay (ideal)              0.00       0.00
  input external delay                     0.01       0.01 f
  inp_a[7] (in)                            0.00       0.01 f
  U133/Z (BUFFD2BWP20P90)                  0.03       0.05 f
  U79/Z (XOR2D1BWP20P90)                   0.03       0.07 r
  U99/ZN (ND2D1BWP20P90)                   0.03       0.10 f
  U47/ZN (OAI22D1BWP20P90)                 0.02       0.13 r
  U560/S (FA1D1BWP20P90)                   0.05       0.18 f
  U573/CO (FA1D1BWP20P90)                  0.03       0.21 f
  U590/S (FA1D1BWP20P90)                   0.05       0.26 r
  U599/S (FA1D1BWP20P90)                   0.04       0.30 f
  U55/ZN (NR2D1BWP20P90)                   0.01       0.32 r
  U575/ZN (NR2D1BWP20P90)                  0.01       0.33 f
  U583/ZN (AOI21D1BWP20P90)                0.02       0.35 r
  U710/ZN (OAI21D1BWP20P90)                0.01       0.36 f
  U83/ZN (AOI21D1BWP20P90)                 0.02       0.38 r
  U787/ZN (OAI21D1BWP20P90)                0.01       0.39 f
  U790/ZN (XNR2D1BWP20P90)                 0.02       0.41 r
  prod_reg[27]/D (DFCNQD2BWP20P90)         0.00       0.41 r
  data arrival time                                   0.41

  clock clk (rise edge)                    0.43       0.43
  clock network delay (ideal)              0.00       0.43
  clock uncertainty                       -0.01       0.42
  prod_reg[27]/CP (DFCNQD2BWP20P90)        0.00       0.42 r
  library setup time                      -0.01       0.41
  data required time                                  0.41
  -----------------------------------------------------------
  data required time                                  0.41
  data arrival time                                  -0.41
  -----------------------------------------------------------
  slack (MET)                                         0.00


  Startpoint: inp_a[7] (input port clocked by clk)
  Endpoint: prod_reg[28]
            (rising edge-triggered flip-flop clocked by clk)
  Path Group: clk
  Path Type: max

  Des/Clust/Port     Wire Load Model       Library
  ------------------------------------------------
  mult               ZeroWireload          N16ADFP_StdCelltt0p8v25c

  Point                                    Incr       Path
  -----------------------------------------------------------
  clock clk (rise edge)                    0.00       0.00
  clock network delay (ideal)              0.00       0.00
  input external delay                     0.01       0.01 f
  inp_a[7] (in)                            0.00       0.01 f
  U133/Z (BUFFD2BWP20P90)                  0.03       0.05 f
  U79/Z (XOR2D1BWP20P90)                   0.03       0.07 r
  U99/ZN (ND2D1BWP20P90)                   0.03       0.10 f
  U47/ZN (OAI22D1BWP20P90)                 0.02       0.13 r
  U560/S (FA1D1BWP20P90)                   0.05       0.18 f
  U573/CO (FA1D1BWP20P90)                  0.03       0.21 f
  U590/S (FA1D1BWP20P90)                   0.05       0.26 r
  U599/S (FA1D1BWP20P90)                   0.04       0.30 f
  U55/ZN (NR2D1BWP20P90)                   0.01       0.32 r
  U575/ZN (NR2D1BWP20P90)                  0.01       0.33 f
  U583/ZN (AOI21D1BWP20P90)                0.02       0.35 r
  U710/ZN (OAI21D1BWP20P90)                0.01       0.36 f
  U83/ZN (AOI21D1BWP20P90)                 0.02       0.38 r
  U784/ZN (OAI21D1BWP20P90)                0.01       0.39 f
  U786/ZN (XNR2D1BWP20P90)                 0.02       0.41 r
  prod_reg[28]/D (DFCNQD2BWP20P90)         0.00       0.41 r
  data arrival time                                   0.41

  clock clk (rise edge)                    0.43       0.43
  clock network delay (ideal)              0.00       0.43
  clock uncertainty                       -0.01       0.42
  prod_reg[28]/CP (DFCNQD2BWP20P90)        0.00       0.42 r
  library setup time                      -0.01       0.41
  data required time                                  0.41
  -----------------------------------------------------------
  data required time                                  0.41
  data arrival time                                  -0.41
  -----------------------------------------------------------
  slack (MET)                                         0.00


  Startpoint: inp_a[11] (input port clocked by clk)
  Endpoint: prod_reg[29]
            (rising edge-triggered flip-flop clocked by clk)
  Path Group: clk
  Path Type: max

  Des/Clust/Port     Wire Load Model       Library
  ------------------------------------------------
  mult               ZeroWireload          N16ADFP_StdCelltt0p8v25c

  Point                                    Incr       Path
  -----------------------------------------------------------
  clock clk (rise edge)                    0.00       0.00
  clock network delay (ideal)              0.00       0.00
  input external delay                     0.01       0.01 f
  inp_a[11] (in)                           0.01       0.02 f
  U44/Z (CKBD1BWP20P90)                    0.05       0.07 f
  U404/ZN (XNR2D1BWP20P90)                 0.03       0.10 r
  U405/ZN (OAI22D1BWP20P90)                0.02       0.12 f
  U476/CO (FA1D1BWP20P90)                  0.04       0.16 f
  U479/ZN (XNR3D1BWP20P90)                 0.05       0.21 f
  U510/S (FA1D1BWP20P90)                   0.05       0.26 r
  U518/S (FA1D1BWP20P90)                   0.04       0.30 f
  U54/ZN (NR2D1BWP20P90)                   0.01       0.32 r
  U134/ZN (NR2D1BWP20P90)                  0.01       0.33 f
  U86/ZN (AOI21D2BWP20P90)                 0.01       0.35 r
  U82/ZN (OAI21D4BWP20P90)                 0.01       0.36 f
  U84/ZN (AOI21D1BWP20P90)                 0.02       0.37 r
  U668/ZN (OAI21D1BWP20P90)                0.01       0.39 f
  U679/ZN (XNR2D1BWP20P90)                 0.02       0.41 r
  prod_reg[29]/D (DFCNQD2BWP20P90)         0.00       0.41 r
  data arrival time                                   0.41

  clock clk (rise edge)                    0.43       0.43
  clock network delay (ideal)              0.00       0.43
  clock uncertainty                       -0.01       0.42
  prod_reg[29]/CP (DFCNQD2BWP20P90)        0.00       0.42 r
  library setup time                      -0.01       0.41
  data required time                                  0.41
  -----------------------------------------------------------
  data required time                                  0.41
  data arrival time                                  -0.41
  -----------------------------------------------------------
  slack (MET)                                         0.00


  Startpoint: inp_a[11] (input port clocked by clk)
  Endpoint: prod_reg[25]
            (rising edge-triggered flip-flop clocked by clk)
  Path Group: clk
  Path Type: max

  Des/Clust/Port     Wire Load Model       Library
  ------------------------------------------------
  mult               ZeroWireload          N16ADFP_StdCelltt0p8v25c

  Point                                    Incr       Path
  -----------------------------------------------------------
  clock clk (rise edge)                    0.00       0.00
  clock network delay (ideal)              0.00       0.00
  input external delay                     0.01       0.01 f
  inp_a[11] (in)                           0.01       0.02 f
  U44/Z (CKBD1BWP20P90)                    0.05       0.07 f
  U403/ZN (XNR2D1BWP20P90)                 0.03       0.10 r
  U45/ZN (OAI22D1BWP20P90)                 0.02       0.12 f
  U450/CO (FA1D1BWP20P90)                  0.04       0.16 f
  U474/S (FA1D1BWP20P90)                   0.05       0.21 r
  U473/S (FA1D1BWP20P90)                   0.05       0.26 f
  U481/S (FA1D1BWP20P90)                   0.05       0.30 r
  U457/ZN (NR2D1BWP20P90)                  0.01       0.32 f
  U134/ZN (NR2D1BWP20P90)                  0.02       0.33 r
  U86/ZN (AOI21D2BWP20P90)                 0.02       0.35 f
  U82/ZN (OAI21D4BWP20P90)                 0.01       0.36 r
  U84/ZN (AOI21D1BWP20P90)                 0.02       0.38 f
  U791/ZN (OAI21D1BWP20P90)                0.02       0.39 r
  U793/ZN (XNR2D1BWP20P90)                 0.02       0.41 r
  prod_reg[25]/D (DFCNQD2BWP20P90)         0.00       0.41 r
  data arrival time                                   0.41

  clock clk (rise edge)                    0.43       0.43
  clock network delay (ideal)              0.00       0.43
  clock uncertainty                       -0.01       0.42
  prod_reg[25]/CP (DFCNQD2BWP20P90)        0.00       0.42 r
  library setup time                      -0.01       0.41
  data required time                                  0.41
  -----------------------------------------------------------
  data required time                                  0.41
  data arrival time                                  -0.41
  -----------------------------------------------------------
  slack (MET)                                         0.00


  Startpoint: inp_a[11] (input port clocked by clk)
  Endpoint: prod_reg[29]
            (rising edge-triggered flip-flop clocked by clk)
  Path Group: clk
  Path Type: max

  Des/Clust/Port     Wire Load Model       Library
  ------------------------------------------------
  mult               ZeroWireload          N16ADFP_StdCelltt0p8v25c

  Point                                    Incr       Path
  -----------------------------------------------------------
  clock clk (rise edge)                    0.00       0.00
  clock network delay (ideal)              0.00       0.00
  input external delay                     0.01       0.01 f
  inp_a[11] (in)                           0.01       0.02 f
  U44/Z (CKBD1BWP20P90)                    0.05       0.07 f
  U403/ZN (XNR2D1BWP20P90)                 0.03       0.10 r
  U45/ZN (OAI22D1BWP20P90)                 0.02       0.12 f
  U450/CO (FA1D1BWP20P90)                  0.04       0.16 f
  U474/S (FA1D1BWP20P90)                   0.05       0.21 r
  U473/S (FA1D1BWP20P90)                   0.05       0.26 f
  U481/S (FA1D1BWP20P90)                   0.05       0.30 r
  U457/ZN (NR2D1BWP20P90)                  0.01       0.32 f
  U134/ZN (NR2D1BWP20P90)                  0.02       0.33 r
  U86/ZN (AOI21D2BWP20P90)                 0.02       0.35 f
  U82/ZN (OAI21D4BWP20P90)                 0.01       0.36 r
  U84/ZN (AOI21D1BWP20P90)                 0.02       0.38 f
  U668/ZN (OAI21D1BWP20P90)                0.02       0.39 r
  U679/ZN (XNR2D1BWP20P90)                 0.02       0.41 r
  prod_reg[29]/D (DFCNQD2BWP20P90)         0.00       0.41 r
  data arrival time                                   0.41

  clock clk (rise edge)                    0.43       0.43
  clock network delay (ideal)              0.00       0.43
  clock uncertainty                       -0.01       0.42
  prod_reg[29]/CP (DFCNQD2BWP20P90)        0.00       0.42 r
  library setup time                      -0.01       0.41
  data required time                                  0.41
  -----------------------------------------------------------
  data required time                                  0.41
  data arrival time                                  -0.41
  -----------------------------------------------------------
  slack (MET)                                         0.00


  Startpoint: inp_a[7] (input port clocked by clk)
  Endpoint: prod_reg[31]
            (rising edge-triggered flip-flop clocked by clk)
  Path Group: clk
  Path Type: max

  Des/Clust/Port     Wire Load Model       Library
  ------------------------------------------------
  mult               ZeroWireload          N16ADFP_StdCelltt0p8v25c

  Point                                    Incr       Path
  -----------------------------------------------------------
  clock clk (rise edge)                    0.00       0.00
  clock network delay (ideal)              0.00       0.00
  input external delay                     0.01       0.01 f
  inp_a[7] (in)                            0.00       0.01 f
  U133/Z (BUFFD2BWP20P90)                  0.03       0.05 f
  U79/Z (XOR2D1BWP20P90)                   0.03       0.07 r
  U99/ZN (ND2D1BWP20P90)                   0.03       0.10 f
  U47/ZN (OAI22D1BWP20P90)                 0.02       0.13 r
  U560/S (FA1D1BWP20P90)                   0.05       0.18 f
  U573/CO (FA1D1BWP20P90)                  0.03       0.21 f
  U590/S (FA1D1BWP20P90)                   0.05       0.26 r
  U599/S (FA1D1BWP20P90)                   0.04       0.30 f
  U55/ZN (NR2D1BWP20P90)                   0.01       0.32 r
  U575/ZN (NR2D1BWP20P90)                  0.01       0.33 f
  U583/ZN (AOI21D1BWP20P90)                0.02       0.35 r
  U684/ZN (OAI21D1BWP20P90)                0.01       0.36 f
  U685/ZN (AOI21D1BWP20P90)                0.02       0.38 r
  U694/ZN (OAI21D1BWP20P90)                0.01       0.39 f
  U702/ZN (XNR2D1BWP20P90)                 0.02       0.41 r
  prod_reg[31]/D (DFCNQD2BWP20P90)         0.00       0.41 r
  data arrival time                                   0.41

  clock clk (rise edge)                    0.43       0.43
  clock network delay (ideal)              0.00       0.43
  clock uncertainty                       -0.01       0.42
  prod_reg[31]/CP (DFCNQD2BWP20P90)        0.00       0.42 r
  library setup time                      -0.01       0.41
  data required time                                  0.41
  -----------------------------------------------------------
  data required time                                  0.41
  data arrival time                                  -0.41
  -----------------------------------------------------------
  slack (MET)                                         0.00


  Startpoint: inp_a[7] (input port clocked by clk)
  Endpoint: prod_reg[27]
            (rising edge-triggered flip-flop clocked by clk)
  Path Group: clk
  Path Type: max

  Des/Clust/Port     Wire Load Model       Library
  ------------------------------------------------
  mult               ZeroWireload          N16ADFP_StdCelltt0p8v25c

  Point                                    Incr       Path
  -----------------------------------------------------------
  clock clk (rise edge)                    0.00       0.00
  clock network delay (ideal)              0.00       0.00
  input external delay                     0.01       0.01 f
  inp_a[7] (in)                            0.00       0.01 f
  U133/Z (BUFFD2BWP20P90)                  0.03       0.05 f
  U79/Z (XOR2D1BWP20P90)                   0.03       0.07 r
  U99/ZN (ND2D1BWP20P90)                   0.03       0.10 f
  U47/ZN (OAI22D1BWP20P90)                 0.02       0.13 r
  U560/S (FA1D1BWP20P90)                   0.05       0.18 f
  U573/CO (FA1D1BWP20P90)                  0.03       0.21 f
  U590/S (FA1D1BWP20P90)                   0.05       0.26 r
  U599/S (FA1D1BWP20P90)                   0.04       0.30 f
  U55/ZN (NR2D1BWP20P90)                   0.01       0.32 r
  U575/ZN (NR2D1BWP20P90)                  0.01       0.33 f
  U583/ZN (AOI21D1BWP20P90)                0.02       0.35 r
  U710/ZN (OAI21D1BWP20P90)                0.01       0.36 f
  U83/ZN (AOI21D1BWP20P90)                 0.02       0.38 r
  U787/ZN (OAI21D1BWP20P90)                0.01       0.39 f
  U790/ZN (XNR2D1BWP20P90)                 0.02       0.41 r
  prod_reg[27]/D (DFCNQD2BWP20P90)         0.00       0.41 r
  data arrival time                                   0.41

  clock clk (rise edge)                    0.43       0.43
  clock network delay (ideal)              0.00       0.43
  clock uncertainty                       -0.01       0.42
  prod_reg[27]/CP (DFCNQD2BWP20P90)        0.00       0.42 r
  library setup time                      -0.01       0.41
  data required time                                  0.41
  -----------------------------------------------------------
  data required time                                  0.41
  data arrival time                                  -0.41
  -----------------------------------------------------------
  slack (MET)                                         0.00


  Startpoint: inp_a[7] (input port clocked by clk)
  Endpoint: prod_reg[27]
            (rising edge-triggered flip-flop clocked by clk)
  Path Group: clk
  Path Type: max

  Des/Clust/Port     Wire Load Model       Library
  ------------------------------------------------
  mult               ZeroWireload          N16ADFP_StdCelltt0p8v25c

  Point                                    Incr       Path
  -----------------------------------------------------------
  clock clk (rise edge)                    0.00       0.00
  clock network delay (ideal)              0.00       0.00
  input external delay                     0.01       0.01 f
  inp_a[7] (in)                            0.00       0.01 f
  U133/Z (BUFFD2BWP20P90)                  0.03       0.05 f
  U79/Z (XOR2D1BWP20P90)                   0.03       0.07 r
  U99/ZN (ND2D1BWP20P90)                   0.03       0.10 f
  U47/ZN (OAI22D1BWP20P90)                 0.02       0.13 r
  U560/S (FA1D1BWP20P90)                   0.05       0.18 f
  U573/CO (FA1D1BWP20P90)                  0.03       0.21 f
  U590/S (FA1D1BWP20P90)                   0.05       0.26 r
  U599/S (FA1D1BWP20P90)                   0.04       0.30 f
  U55/ZN (NR2D1BWP20P90)                   0.01       0.32 r
  U582/ZN (OAI21D1BWP20P90)                0.01       0.33 f
  U583/ZN (AOI21D1BWP20P90)                0.02       0.35 r
  U710/ZN (OAI21D1BWP20P90)                0.01       0.36 f
  U83/ZN (AOI21D1BWP20P90)                 0.02       0.38 r
  U787/ZN (OAI21D1BWP20P90)                0.01       0.39 f
  U790/ZN (XNR2D1BWP20P90)                 0.02       0.41 r
  prod_reg[27]/D (DFCNQD2BWP20P90)         0.00       0.41 r
  data arrival time                                   0.41

  clock clk (rise edge)                    0.43       0.43
  clock network delay (ideal)              0.00       0.43
  clock uncertainty                       -0.01       0.42
  prod_reg[27]/CP (DFCNQD2BWP20P90)        0.00       0.42 r
  library setup time                      -0.01       0.41
  data required time                                  0.41
  -----------------------------------------------------------
  data required time                                  0.41
  data arrival time                                  -0.41
  -----------------------------------------------------------
  slack (MET)                                         0.00


  Startpoint: inp_a[7] (input port clocked by clk)
  Endpoint: prod_reg[28]
            (rising edge-triggered flip-flop clocked by clk)
  Path Group: clk
  Path Type: max

  Des/Clust/Port     Wire Load Model       Library
  ------------------------------------------------
  mult               ZeroWireload          N16ADFP_StdCelltt0p8v25c

  Point                                    Incr       Path
  -----------------------------------------------------------
  clock clk (rise edge)                    0.00       0.00
  clock network delay (ideal)              0.00       0.00
  input external delay                     0.01       0.01 f
  inp_a[7] (in)                            0.00       0.01 f
  U133/Z (BUFFD2BWP20P90)                  0.03       0.05 f
  U79/Z (XOR2D1BWP20P90)                   0.03       0.07 r
  U99/ZN (ND2D1BWP20P90)                   0.03       0.10 f
  U47/ZN (OAI22D1BWP20P90)                 0.02       0.13 r
  U560/S (FA1D1BWP20P90)                   0.05       0.18 f
  U573/CO (FA1D1BWP20P90)                  0.03       0.21 f
  U590/S (FA1D1BWP20P90)                   0.05       0.26 r
  U599/S (FA1D1BWP20P90)                   0.04       0.30 f
  U55/ZN (NR2D1BWP20P90)                   0.01       0.32 r
  U575/ZN (NR2D1BWP20P90)                  0.01       0.33 f
  U583/ZN (AOI21D1BWP20P90)                0.02       0.35 r
  U710/ZN (OAI21D1BWP20P90)                0.01       0.36 f
  U83/ZN (AOI21D1BWP20P90)                 0.02       0.38 r
  U784/ZN (OAI21D1BWP20P90)                0.01       0.39 f
  U786/ZN (XNR2D1BWP20P90)                 0.02       0.41 r
  prod_reg[28]/D (DFCNQD2BWP20P90)         0.00       0.41 r
  data arrival time                                   0.41

  clock clk (rise edge)                    0.43       0.43
  clock network delay (ideal)              0.00       0.43
  clock uncertainty                       -0.01       0.42
  prod_reg[28]/CP (DFCNQD2BWP20P90)        0.00       0.42 r
  library setup time                      -0.01       0.41
  data required time                                  0.41
  -----------------------------------------------------------
  data required time                                  0.41
  data arrival time                                  -0.41
  -----------------------------------------------------------
  slack (MET)                                         0.00


  Startpoint: inp_a[7] (input port clocked by clk)
  Endpoint: prod_reg[28]
            (rising edge-triggered flip-flop clocked by clk)
  Path Group: clk
  Path Type: max

  Des/Clust/Port     Wire Load Model       Library
  ------------------------------------------------
  mult               ZeroWireload          N16ADFP_StdCelltt0p8v25c

  Point                                    Incr       Path
  -----------------------------------------------------------
  clock clk (rise edge)                    0.00       0.00
  clock network delay (ideal)              0.00       0.00
  input external delay                     0.01       0.01 f
  inp_a[7] (in)                            0.00       0.01 f
  U133/Z (BUFFD2BWP20P90)                  0.03       0.05 f
  U79/Z (XOR2D1BWP20P90)                   0.03       0.07 r
  U99/ZN (ND2D1BWP20P90)                   0.03       0.10 f
  U47/ZN (OAI22D1BWP20P90)                 0.02       0.13 r
  U560/S (FA1D1BWP20P90)                   0.05       0.18 f
  U573/CO (FA1D1BWP20P90)                  0.03       0.21 f
  U590/S (FA1D1BWP20P90)                   0.05       0.26 r
  U599/S (FA1D1BWP20P90)                   0.04       0.30 f
  U55/ZN (NR2D1BWP20P90)                   0.01       0.32 r
  U575/ZN (NR2D1BWP20P90)                  0.01       0.33 f
  U583/ZN (AOI21D1BWP20P90)                0.02       0.35 r
  U710/ZN (OAI21D1BWP20P90)                0.01       0.36 f
  U83/ZN (AOI21D1BWP20P90)                 0.02       0.38 r
  U784/ZN (OAI21D1BWP20P90)                0.01       0.39 f
  U786/ZN (XNR2D1BWP20P90)                 0.02       0.41 r
  prod_reg[28]/D (DFCNQD2BWP20P90)         0.00       0.41 r
  data arrival time                                   0.41

  clock clk (rise edge)                    0.43       0.43
  clock network delay (ideal)              0.00       0.43
  clock uncertainty                       -0.01       0.42
  prod_reg[28]/CP (DFCNQD2BWP20P90)        0.00       0.42 r
  library setup time                      -0.01       0.41
  data required time                                  0.41
  -----------------------------------------------------------
  data required time                                  0.41
  data arrival time                                  -0.41
  -----------------------------------------------------------
  slack (MET)                                         0.00


  Startpoint: inp_a[7] (input port clocked by clk)
  Endpoint: prod_reg[28]
            (rising edge-triggered flip-flop clocked by clk)
  Path Group: clk
  Path Type: max

  Des/Clust/Port     Wire Load Model       Library
  ------------------------------------------------
  mult               ZeroWireload          N16ADFP_StdCelltt0p8v25c

  Point                                    Incr       Path
  -----------------------------------------------------------
  clock clk (rise edge)                    0.00       0.00
  clock network delay (ideal)              0.00       0.00
  input external delay                     0.01       0.01 f
  inp_a[7] (in)                            0.00       0.01 f
  U133/Z (BUFFD2BWP20P90)                  0.03       0.05 f
  U79/Z (XOR2D1BWP20P90)                   0.03       0.07 r
  U99/ZN (ND2D1BWP20P90)                   0.03       0.10 f
  U47/ZN (OAI22D1BWP20P90)                 0.02       0.13 r
  U560/S (FA1D1BWP20P90)                   0.05       0.18 f
  U573/CO (FA1D1BWP20P90)                  0.03       0.21 f
  U590/S (FA1D1BWP20P90)                   0.05       0.26 r
  U599/S (FA1D1BWP20P90)                   0.04       0.30 f
  U55/ZN (NR2D1BWP20P90)                   0.01       0.32 r
  U575/ZN (NR2D1BWP20P90)                  0.01       0.33 f
  U583/ZN (AOI21D1BWP20P90)                0.02       0.35 r
  U710/ZN (OAI21D1BWP20P90)                0.01       0.36 f
  U83/ZN (AOI21D1BWP20P90)                 0.02       0.38 r
  U784/ZN (OAI21D1BWP20P90)                0.01       0.39 f
  U786/ZN (XNR2D1BWP20P90)                 0.02       0.41 r
  prod_reg[28]/D (DFCNQD2BWP20P90)         0.00       0.41 r
  data arrival time                                   0.41

  clock clk (rise edge)                    0.43       0.43
  clock network delay (ideal)              0.00       0.43
  clock uncertainty                       -0.01       0.42
  prod_reg[28]/CP (DFCNQD2BWP20P90)        0.00       0.42 r
  library setup time                      -0.01       0.41
  data required time                                  0.41
  -----------------------------------------------------------
  data required time                                  0.41
  data arrival time                                  -0.41
  -----------------------------------------------------------
  slack (MET)                                         0.00


  Startpoint: inp_a[7] (input port clocked by clk)
  Endpoint: prod_reg[27]
            (rising edge-triggered flip-flop clocked by clk)
  Path Group: clk
  Path Type: max

  Des/Clust/Port     Wire Load Model       Library
  ------------------------------------------------
  mult               ZeroWireload          N16ADFP_StdCelltt0p8v25c

  Point                                    Incr       Path
  -----------------------------------------------------------
  clock clk (rise edge)                    0.00       0.00
  clock network delay (ideal)              0.00       0.00
  input external delay                     0.01       0.01 f
  inp_a[7] (in)                            0.00       0.01 f
  U133/Z (BUFFD2BWP20P90)                  0.03       0.05 f
  U79/Z (XOR2D1BWP20P90)                   0.03       0.07 r
  U99/ZN (ND2D1BWP20P90)                   0.03       0.10 f
  U47/ZN (OAI22D1BWP20P90)                 0.02       0.13 r
  U560/S (FA1D1BWP20P90)                   0.05       0.18 f
  U573/CO (FA1D1BWP20P90)                  0.03       0.21 f
  U590/S (FA1D1BWP20P90)                   0.05       0.26 r
  U599/S (FA1D1BWP20P90)                   0.04       0.30 f
  U55/ZN (NR2D1BWP20P90)                   0.01       0.32 r
  U582/ZN (OAI21D1BWP20P90)                0.01       0.33 f
  U583/ZN (AOI21D1BWP20P90)                0.02       0.35 r
  U710/ZN (OAI21D1BWP20P90)                0.01       0.36 f
  U83/ZN (AOI21D1BWP20P90)                 0.02       0.38 r
  U787/ZN (OAI21D1BWP20P90)                0.01       0.39 f
  U790/ZN (XNR2D1BWP20P90)                 0.02       0.41 r
  prod_reg[27]/D (DFCNQD2BWP20P90)         0.00       0.41 r
  data arrival time                                   0.41

  clock clk (rise edge)                    0.43       0.43
  clock network delay (ideal)              0.00       0.43
  clock uncertainty                       -0.01       0.42
  prod_reg[27]/CP (DFCNQD2BWP20P90)        0.00       0.42 r
  library setup time                      -0.01       0.41
  data required time                                  0.41
  -----------------------------------------------------------
  data required time                                  0.41
  data arrival time                                  -0.41
  -----------------------------------------------------------
  slack (MET)                                         0.00


  Startpoint: inp_a[7] (input port clocked by clk)
  Endpoint: prod_reg[28]
            (rising edge-triggered flip-flop clocked by clk)
  Path Group: clk
  Path Type: max

  Des/Clust/Port     Wire Load Model       Library
  ------------------------------------------------
  mult               ZeroWireload          N16ADFP_StdCelltt0p8v25c

  Point                                    Incr       Path
  -----------------------------------------------------------
  clock clk (rise edge)                    0.00       0.00
  clock network delay (ideal)              0.00       0.00
  input external delay                     0.01       0.01 f
  inp_a[7] (in)                            0.00       0.01 f
  U133/Z (BUFFD2BWP20P90)                  0.03       0.05 f
  U79/Z (XOR2D1BWP20P90)                   0.03       0.07 r
  U99/ZN (ND2D1BWP20P90)                   0.03       0.10 f
  U47/ZN (OAI22D1BWP20P90)                 0.02       0.13 r
  U560/S (FA1D1BWP20P90)                   0.05       0.18 f
  U573/CO (FA1D1BWP20P90)                  0.03       0.21 f
  U590/S (FA1D1BWP20P90)                   0.05       0.26 r
  U599/S (FA1D1BWP20P90)                   0.04       0.30 f
  U55/ZN (NR2D1BWP20P90)                   0.01       0.32 r
  U582/ZN (OAI21D1BWP20P90)                0.01       0.33 f
  U583/ZN (AOI21D1BWP20P90)                0.02       0.35 r
  U710/ZN (OAI21D1BWP20P90)                0.01       0.36 f
  U83/ZN (AOI21D1BWP20P90)                 0.02       0.38 r
  U784/ZN (OAI21D1BWP20P90)                0.01       0.39 f
  U786/ZN (XNR2D1BWP20P90)                 0.02       0.41 r
  prod_reg[28]/D (DFCNQD2BWP20P90)         0.00       0.41 r
  data arrival time                                   0.41

  clock clk (rise edge)                    0.43       0.43
  clock network delay (ideal)              0.00       0.43
  clock uncertainty                       -0.01       0.42
  prod_reg[28]/CP (DFCNQD2BWP20P90)        0.00       0.42 r
  library setup time                      -0.01       0.41
  data required time                                  0.41
  -----------------------------------------------------------
  data required time                                  0.41
  data arrival time                                  -0.41
  -----------------------------------------------------------
  slack (MET)                                         0.00


  Startpoint: inp_a[7] (input port clocked by clk)
  Endpoint: prod_reg[28]
            (rising edge-triggered flip-flop clocked by clk)
  Path Group: clk
  Path Type: max

  Des/Clust/Port     Wire Load Model       Library
  ------------------------------------------------
  mult               ZeroWireload          N16ADFP_StdCelltt0p8v25c

  Point                                    Incr       Path
  -----------------------------------------------------------
  clock clk (rise edge)                    0.00       0.00
  clock network delay (ideal)              0.00       0.00
  input external delay                     0.01       0.01 f
  inp_a[7] (in)                            0.00       0.01 f
  U133/Z (BUFFD2BWP20P90)                  0.03       0.05 f
  U79/Z (XOR2D1BWP20P90)                   0.03       0.07 r
  U99/ZN (ND2D1BWP20P90)                   0.03       0.10 f
  U47/ZN (OAI22D1BWP20P90)                 0.02       0.13 r
  U560/S (FA1D1BWP20P90)                   0.05       0.18 f
  U573/CO (FA1D1BWP20P90)                  0.03       0.21 f
  U590/S (FA1D1BWP20P90)                   0.05       0.26 r
  U599/S (FA1D1BWP20P90)                   0.04       0.30 f
  U55/ZN (NR2D1BWP20P90)                   0.01       0.32 r
  U575/ZN (NR2D1BWP20P90)                  0.01       0.33 f
  U583/ZN (AOI21D1BWP20P90)                0.02       0.35 r
  U710/ZN (OAI21D1BWP20P90)                0.01       0.36 f
  U83/ZN (AOI21D1BWP20P90)                 0.02       0.38 r
  U784/ZN (OAI21D1BWP20P90)                0.01       0.39 f
  U786/ZN (XNR2D1BWP20P90)                 0.02       0.41 r
  prod_reg[28]/D (DFCNQD2BWP20P90)         0.00       0.41 r
  data arrival time                                   0.41

  clock clk (rise edge)                    0.43       0.43
  clock network delay (ideal)              0.00       0.43
  clock uncertainty                       -0.01       0.42
  prod_reg[28]/CP (DFCNQD2BWP20P90)        0.00       0.42 r
  library setup time                      -0.01       0.41
  data required time                                  0.41
  -----------------------------------------------------------
  data required time                                  0.41
  data arrival time                                  -0.41
  -----------------------------------------------------------
  slack (MET)                                         0.00


  Startpoint: inp_a[7] (input port clocked by clk)
  Endpoint: prod_reg[27]
            (rising edge-triggered flip-flop clocked by clk)
  Path Group: clk
  Path Type: max

  Des/Clust/Port     Wire Load Model       Library
  ------------------------------------------------
  mult               ZeroWireload          N16ADFP_StdCelltt0p8v25c

  Point                                    Incr       Path
  -----------------------------------------------------------
  clock clk (rise edge)                    0.00       0.00
  clock network delay (ideal)              0.00       0.00
  input external delay                     0.01       0.01 f
  inp_a[7] (in)                            0.00       0.01 f
  U133/Z (BUFFD2BWP20P90)                  0.03       0.05 f
  U79/Z (XOR2D1BWP20P90)                   0.03       0.07 r
  U99/ZN (ND2D1BWP20P90)                   0.03       0.10 f
  U47/ZN (OAI22D1BWP20P90)                 0.02       0.13 r
  U560/S (FA1D1BWP20P90)                   0.05       0.18 f
  U573/CO (FA1D1BWP20P90)                  0.03       0.21 f
  U590/S (FA1D1BWP20P90)                   0.05       0.26 r
  U599/S (FA1D1BWP20P90)                   0.04       0.30 f
  U55/ZN (NR2D1BWP20P90)                   0.01       0.32 r
  U582/ZN (OAI21D1BWP20P90)                0.01       0.33 f
  U583/ZN (AOI21D1BWP20P90)                0.02       0.35 r
  U710/ZN (OAI21D1BWP20P90)                0.01       0.36 f
  U83/ZN (AOI21D1BWP20P90)                 0.02       0.37 r
  U787/ZN (OAI21D1BWP20P90)                0.01       0.39 f
  U790/ZN (XNR2D1BWP20P90)                 0.02       0.41 r
  prod_reg[27]/D (DFCNQD2BWP20P90)         0.00       0.41 r
  data arrival time                                   0.41

  clock clk (rise edge)                    0.43       0.43
  clock network delay (ideal)              0.00       0.43
  clock uncertainty                       -0.01       0.42
  prod_reg[27]/CP (DFCNQD2BWP20P90)        0.00       0.42 r
  library setup time                      -0.01       0.41
  data required time                                  0.41
  -----------------------------------------------------------
  data required time                                  0.41
  data arrival time                                  -0.41
  -----------------------------------------------------------
  slack (MET)                                         0.00


  Startpoint: inp_a[7] (input port clocked by clk)
  Endpoint: prod_reg[28]
            (rising edge-triggered flip-flop clocked by clk)
  Path Group: clk
  Path Type: max

  Des/Clust/Port     Wire Load Model       Library
  ------------------------------------------------
  mult               ZeroWireload          N16ADFP_StdCelltt0p8v25c

  Point                                    Incr       Path
  -----------------------------------------------------------
  clock clk (rise edge)                    0.00       0.00
  clock network delay (ideal)              0.00       0.00
  input external delay                     0.01       0.01 f
  inp_a[7] (in)                            0.00       0.01 f
  U133/Z (BUFFD2BWP20P90)                  0.03       0.05 f
  U79/Z (XOR2D1BWP20P90)                   0.03       0.07 r
  U99/ZN (ND2D1BWP20P90)                   0.03       0.10 f
  U47/ZN (OAI22D1BWP20P90)                 0.02       0.13 r
  U560/S (FA1D1BWP20P90)                   0.05       0.18 f
  U573/CO (FA1D1BWP20P90)                  0.03       0.21 f
  U590/S (FA1D1BWP20P90)                   0.05       0.26 r
  U599/S (FA1D1BWP20P90)                   0.04       0.30 f
  U55/ZN (NR2D1BWP20P90)                   0.01       0.32 r
  U575/ZN (NR2D1BWP20P90)                  0.01       0.33 f
  U583/ZN (AOI21D1BWP20P90)                0.02       0.35 r
  U710/ZN (OAI21D1BWP20P90)                0.01       0.36 f
  U83/ZN (AOI21D1BWP20P90)                 0.02       0.38 r
  U784/ZN (OAI21D1BWP20P90)                0.01       0.39 f
  U786/ZN (XNR2D1BWP20P90)                 0.02       0.41 r
  prod_reg[28]/D (DFCNQD2BWP20P90)         0.00       0.41 r
  data arrival time                                   0.41

  clock clk (rise edge)                    0.43       0.43
  clock network delay (ideal)              0.00       0.43
  clock uncertainty                       -0.01       0.42
  prod_reg[28]/CP (DFCNQD2BWP20P90)        0.00       0.42 r
  library setup time                      -0.01       0.41
  data required time                                  0.41
  -----------------------------------------------------------
  data required time                                  0.41
  data arrival time                                  -0.41
  -----------------------------------------------------------
  slack (MET)                                         0.00


  Startpoint: inp_a[7] (input port clocked by clk)
  Endpoint: prod_reg[28]
            (rising edge-triggered flip-flop clocked by clk)
  Path Group: clk
  Path Type: max

  Des/Clust/Port     Wire Load Model       Library
  ------------------------------------------------
  mult               ZeroWireload          N16ADFP_StdCelltt0p8v25c

  Point                                    Incr       Path
  -----------------------------------------------------------
  clock clk (rise edge)                    0.00       0.00
  clock network delay (ideal)              0.00       0.00
  input external delay                     0.01       0.01 f
  inp_a[7] (in)                            0.00       0.01 f
  U133/Z (BUFFD2BWP20P90)                  0.03       0.05 f
  U79/Z (XOR2D1BWP20P90)                   0.03       0.07 r
  U99/ZN (ND2D1BWP20P90)                   0.03       0.10 f
  U47/ZN (OAI22D1BWP20P90)                 0.02       0.13 r
  U560/S (FA1D1BWP20P90)                   0.05       0.18 f
  U573/CO (FA1D1BWP20P90)                  0.03       0.21 f
  U590/S (FA1D1BWP20P90)                   0.05       0.26 r
  U599/S (FA1D1BWP20P90)                   0.04       0.30 f
  U55/ZN (NR2D1BWP20P90)                   0.01       0.32 r
  U582/ZN (OAI21D1BWP20P90)                0.01       0.33 f
  U583/ZN (AOI21D1BWP20P90)                0.02       0.35 r
  U710/ZN (OAI21D1BWP20P90)                0.01       0.36 f
  U83/ZN (AOI21D1BWP20P90)                 0.02       0.38 r
  U784/ZN (OAI21D1BWP20P90)                0.01       0.39 f
  U786/ZN (XNR2D1BWP20P90)                 0.02       0.41 r
  prod_reg[28]/D (DFCNQD2BWP20P90)         0.00       0.41 r
  data arrival time                                   0.41

  clock clk (rise edge)                    0.43       0.43
  clock network delay (ideal)              0.00       0.43
  clock uncertainty                       -0.01       0.42
  prod_reg[28]/CP (DFCNQD2BWP20P90)        0.00       0.42 r
  library setup time                      -0.01       0.41
  data required time                                  0.41
  -----------------------------------------------------------
  data required time                                  0.41
  data arrival time                                  -0.41
  -----------------------------------------------------------
  slack (MET)                                         0.00


  Startpoint: inp_a[11] (input port clocked by clk)
  Endpoint: prod_reg[25]
            (rising edge-triggered flip-flop clocked by clk)
  Path Group: clk
  Path Type: max

  Des/Clust/Port     Wire Load Model       Library
  ------------------------------------------------
  mult               ZeroWireload          N16ADFP_StdCelltt0p8v25c

  Point                                    Incr       Path
  -----------------------------------------------------------
  clock clk (rise edge)                    0.00       0.00
  clock network delay (ideal)              0.00       0.00
  input external delay                     0.01       0.01 f
  inp_a[11] (in)                           0.01       0.02 f
  U44/Z (CKBD1BWP20P90)                    0.05       0.07 f
  U404/ZN (XNR2D1BWP20P90)                 0.03       0.10 r
  U405/ZN (OAI22D1BWP20P90)                0.02       0.12 f
  U476/CO (FA1D1BWP20P90)                  0.04       0.16 f
  U479/ZN (XNR3D1BWP20P90)                 0.05       0.21 f
  U510/S (FA1D1BWP20P90)                   0.05       0.26 r
  U518/S (FA1D1BWP20P90)                   0.04       0.30 f
  U54/ZN (NR2D1BWP20P90)                   0.01       0.32 r
  U134/ZN (NR2D1BWP20P90)                  0.01       0.33 f
  U86/ZN (AOI21D2BWP20P90)                 0.01       0.35 r
  U82/ZN (OAI21D4BWP20P90)                 0.01       0.36 f
  U84/ZN (AOI21D1BWP20P90)                 0.02       0.37 r
  U791/ZN (OAI21D1BWP20P90)                0.01       0.39 f
  U793/ZN (XNR2D1BWP20P90)                 0.02       0.41 r
  prod_reg[25]/D (DFCNQD2BWP20P90)         0.00       0.41 r
  data arrival time                                   0.41

  clock clk (rise edge)                    0.43       0.43
  clock network delay (ideal)              0.00       0.43
  clock uncertainty                       -0.01       0.42
  prod_reg[25]/CP (DFCNQD2BWP20P90)        0.00       0.42 r
  library setup time                      -0.01       0.41
  data required time                                  0.41
  -----------------------------------------------------------
  data required time                                  0.41
  data arrival time                                  -0.41
  -----------------------------------------------------------
  slack (MET)                                         0.00


  Startpoint: inp_a[7] (input port clocked by clk)
  Endpoint: prod_reg[31]
            (rising edge-triggered flip-flop clocked by clk)
  Path Group: clk
  Path Type: max

  Des/Clust/Port     Wire Load Model       Library
  ------------------------------------------------
  mult               ZeroWireload          N16ADFP_StdCelltt0p8v25c

  Point                                    Incr       Path
  -----------------------------------------------------------
  clock clk (rise edge)                    0.00       0.00
  clock network delay (ideal)              0.00       0.00
  input external delay                     0.01       0.01 f
  inp_a[7] (in)                            0.00       0.01 f
  U133/Z (BUFFD2BWP20P90)                  0.03       0.05 f
  U79/Z (XOR2D1BWP20P90)                   0.03       0.07 r
  U99/ZN (ND2D1BWP20P90)                   0.03       0.10 f
  U47/ZN (OAI22D1BWP20P90)                 0.02       0.13 r
  U560/S (FA1D1BWP20P90)                   0.05       0.18 f
  U573/CO (FA1D1BWP20P90)                  0.03       0.21 f
  U590/S (FA1D1BWP20P90)                   0.05       0.26 r
  U599/S (FA1D1BWP20P90)                   0.04       0.30 f
  U55/ZN (NR2D1BWP20P90)                   0.01       0.32 r
  U575/ZN (NR2D1BWP20P90)                  0.01       0.33 f
  U583/ZN (AOI21D1BWP20P90)                0.02       0.35 r
  U684/ZN (OAI21D1BWP20P90)                0.01       0.36 f
  U685/ZN (AOI21D1BWP20P90)                0.02       0.38 r
  U694/ZN (OAI21D1BWP20P90)                0.01       0.39 f
  U702/ZN (XNR2D1BWP20P90)                 0.02       0.41 r
  prod_reg[31]/D (DFCNQD2BWP20P90)         0.00       0.41 r
  data arrival time                                   0.41

  clock clk (rise edge)                    0.43       0.43
  clock network delay (ideal)              0.00       0.43
  clock uncertainty                       -0.01       0.42
  prod_reg[31]/CP (DFCNQD2BWP20P90)        0.00       0.42 r
  library setup time                      -0.01       0.41
  data required time                                  0.41
  -----------------------------------------------------------
  data required time                                  0.41
  data arrival time                                  -0.41
  -----------------------------------------------------------
  slack (MET)                                         0.00


  Startpoint: inp_a[11] (input port clocked by clk)
  Endpoint: prod_reg[25]
            (rising edge-triggered flip-flop clocked by clk)
  Path Group: clk
  Path Type: max

  Des/Clust/Port     Wire Load Model       Library
  ------------------------------------------------
  mult               ZeroWireload          N16ADFP_StdCelltt0p8v25c

  Point                                    Incr       Path
  -----------------------------------------------------------
  clock clk (rise edge)                    0.00       0.00
  clock network delay (ideal)              0.00       0.00
  input external delay                     0.01       0.01 f
  inp_a[11] (in)                           0.01       0.02 f
  U44/Z (CKBD1BWP20P90)                    0.05       0.07 f
  U430/ZN (XNR2D1BWP20P90)                 0.03       0.10 r
  U45/ZN (OAI22D1BWP20P90)                 0.02       0.12 f
  U450/CO (FA1D1BWP20P90)                  0.04       0.16 f
  U474/S (FA1D1BWP20P90)                   0.05       0.21 r
  U473/S (FA1D1BWP20P90)                   0.05       0.26 f
  U481/S (FA1D1BWP20P90)                   0.05       0.30 r
  U457/ZN (NR2D1BWP20P90)                  0.01       0.31 f
  U134/ZN (NR2D1BWP20P90)                  0.02       0.33 r
  U87/ZN (ND2D2BWP20P90)                   0.01       0.34 f
  U82/ZN (OAI21D4BWP20P90)                 0.01       0.36 r
  U84/ZN (AOI21D1BWP20P90)                 0.02       0.37 f
  U791/ZN (OAI21D1BWP20P90)                0.02       0.39 r
  U793/ZN (XNR2D1BWP20P90)                 0.02       0.41 r
  prod_reg[25]/D (DFCNQD2BWP20P90)         0.00       0.41 r
  data arrival time                                   0.41

  clock clk (rise edge)                    0.43       0.43
  clock network delay (ideal)              0.00       0.43
  clock uncertainty                       -0.01       0.42
  prod_reg[25]/CP (DFCNQD2BWP20P90)        0.00       0.42 r
  library setup time                      -0.01       0.41
  data required time                                  0.41
  -----------------------------------------------------------
  data required time                                  0.41
  data arrival time                                  -0.41
  -----------------------------------------------------------
  slack (MET)                                         0.00


  Startpoint: inp_a[11] (input port clocked by clk)
  Endpoint: prod_reg[29]
            (rising edge-triggered flip-flop clocked by clk)
  Path Group: clk
  Path Type: max

  Des/Clust/Port     Wire Load Model       Library
  ------------------------------------------------
  mult               ZeroWireload          N16ADFP_StdCelltt0p8v25c

  Point                                    Incr       Path
  -----------------------------------------------------------
  clock clk (rise edge)                    0.00       0.00
  clock network delay (ideal)              0.00       0.00
  input external delay                     0.01       0.01 f
  inp_a[11] (in)                           0.01       0.02 f
  U44/Z (CKBD1BWP20P90)                    0.05       0.07 f
  U430/ZN (XNR2D1BWP20P90)                 0.03       0.10 r
  U45/ZN (OAI22D1BWP20P90)                 0.02       0.12 f
  U450/CO (FA1D1BWP20P90)                  0.04       0.16 f
  U474/S (FA1D1BWP20P90)                   0.05       0.21 r
  U473/S (FA1D1BWP20P90)                   0.05       0.26 f
  U481/S (FA1D1BWP20P90)                   0.05       0.30 r
  U457/ZN (NR2D1BWP20P90)                  0.01       0.31 f
  U134/ZN (NR2D1BWP20P90)                  0.02       0.33 r
  U87/ZN (ND2D2BWP20P90)                   0.01       0.34 f
  U82/ZN (OAI21D4BWP20P90)                 0.01       0.36 r
  U84/ZN (AOI21D1BWP20P90)                 0.02       0.37 f
  U668/ZN (OAI21D1BWP20P90)                0.02       0.39 r
  U679/ZN (XNR2D1BWP20P90)                 0.02       0.41 r
  prod_reg[29]/D (DFCNQD2BWP20P90)         0.00       0.41 r
  data arrival time                                   0.41

  clock clk (rise edge)                    0.43       0.43
  clock network delay (ideal)              0.00       0.43
  clock uncertainty                       -0.01       0.42
  prod_reg[29]/CP (DFCNQD2BWP20P90)        0.00       0.42 r
  library setup time                      -0.01       0.41
  data required time                                  0.41
  -----------------------------------------------------------
  data required time                                  0.41
  data arrival time                                  -0.41
  -----------------------------------------------------------
  slack (MET)                                         0.00


  Startpoint: inp_a[7] (input port clocked by clk)
  Endpoint: prod_reg[28]
            (rising edge-triggered flip-flop clocked by clk)
  Path Group: clk
  Path Type: max

  Des/Clust/Port     Wire Load Model       Library
  ------------------------------------------------
  mult               ZeroWireload          N16ADFP_StdCelltt0p8v25c

  Point                                    Incr       Path
  -----------------------------------------------------------
  clock clk (rise edge)                    0.00       0.00
  clock network delay (ideal)              0.00       0.00
  input external delay                     0.01       0.01 f
  inp_a[7] (in)                            0.00       0.01 f
  U133/Z (BUFFD2BWP20P90)                  0.03       0.05 f
  U79/Z (XOR2D1BWP20P90)                   0.03       0.07 r
  U99/ZN (ND2D1BWP20P90)                   0.03       0.10 f
  U47/ZN (OAI22D1BWP20P90)                 0.02       0.13 r
  U560/S (FA1D1BWP20P90)                   0.05       0.18 f
  U573/CO (FA1D1BWP20P90)                  0.03       0.21 f
  U590/S (FA1D1BWP20P90)                   0.05       0.26 r
  U599/S (FA1D1BWP20P90)                   0.04       0.30 f
  U55/ZN (NR2D1BWP20P90)                   0.01       0.32 r
  U582/ZN (OAI21D1BWP20P90)                0.01       0.33 f
  U583/ZN (AOI21D1BWP20P90)                0.02       0.35 r
  U710/ZN (OAI21D1BWP20P90)                0.01       0.36 f
  U83/ZN (AOI21D1BWP20P90)                 0.02       0.38 r
  U784/ZN (OAI21D1BWP20P90)                0.01       0.39 f
  U786/ZN (XNR2D1BWP20P90)                 0.02       0.41 r
  prod_reg[28]/D (DFCNQD2BWP20P90)         0.00       0.41 r
  data arrival time                                   0.41

  clock clk (rise edge)                    0.43       0.43
  clock network delay (ideal)              0.00       0.43
  clock uncertainty                       -0.01       0.42
  prod_reg[28]/CP (DFCNQD2BWP20P90)        0.00       0.42 r
  library setup time                      -0.01       0.41
  data required time                                  0.41
  -----------------------------------------------------------
  data required time                                  0.41
  data arrival time                                  -0.41
  -----------------------------------------------------------
  slack (MET)                                         0.00


  Startpoint: inp_a[11] (input port clocked by clk)
  Endpoint: prod_reg[25]
            (rising edge-triggered flip-flop clocked by clk)
  Path Group: clk
  Path Type: max

  Des/Clust/Port     Wire Load Model       Library
  ------------------------------------------------
  mult               ZeroWireload          N16ADFP_StdCelltt0p8v25c

  Point                                    Incr       Path
  -----------------------------------------------------------
  clock clk (rise edge)                    0.00       0.00
  clock network delay (ideal)              0.00       0.00
  input external delay                     0.01       0.01 f
  inp_a[11] (in)                           0.01       0.02 f
  U44/Z (CKBD1BWP20P90)                    0.05       0.07 f
  U403/ZN (XNR2D1BWP20P90)                 0.03       0.10 r
  U45/ZN (OAI22D1BWP20P90)                 0.02       0.12 f
  U450/CO (FA1D1BWP20P90)                  0.04       0.16 f
  U474/S (FA1D1BWP20P90)                   0.05       0.21 r
  U473/S (FA1D1BWP20P90)                   0.05       0.26 f
  U481/S (FA1D1BWP20P90)                   0.05       0.30 r
  U457/ZN (NR2D1BWP20P90)                  0.01       0.31 f
  U134/ZN (NR2D1BWP20P90)                  0.02       0.33 r
  U87/ZN (ND2D2BWP20P90)                   0.01       0.34 f
  U82/ZN (OAI21D4BWP20P90)                 0.01       0.36 r
  U84/ZN (AOI21D1BWP20P90)                 0.02       0.37 f
  U791/ZN (OAI21D1BWP20P90)                0.02       0.39 r
  U793/ZN (XNR2D1BWP20P90)                 0.02       0.41 r
  prod_reg[25]/D (DFCNQD2BWP20P90)         0.00       0.41 r
  data arrival time                                   0.41

  clock clk (rise edge)                    0.43       0.43
  clock network delay (ideal)              0.00       0.43
  clock uncertainty                       -0.01       0.42
  prod_reg[25]/CP (DFCNQD2BWP20P90)        0.00       0.42 r
  library setup time                      -0.01       0.41
  data required time                                  0.41
  -----------------------------------------------------------
  data required time                                  0.41
  data arrival time                                  -0.41
  -----------------------------------------------------------
  slack (MET)                                         0.00


  Startpoint: inp_a[11] (input port clocked by clk)
  Endpoint: prod_reg[29]
            (rising edge-triggered flip-flop clocked by clk)
  Path Group: clk
  Path Type: max

  Des/Clust/Port     Wire Load Model       Library
  ------------------------------------------------
  mult               ZeroWireload          N16ADFP_StdCelltt0p8v25c

  Point                                    Incr       Path
  -----------------------------------------------------------
  clock clk (rise edge)                    0.00       0.00
  clock network delay (ideal)              0.00       0.00
  input external delay                     0.01       0.01 f
  inp_a[11] (in)                           0.01       0.02 f
  U44/Z (CKBD1BWP20P90)                    0.05       0.07 f
  U403/ZN (XNR2D1BWP20P90)                 0.03       0.10 r
  U45/ZN (OAI22D1BWP20P90)                 0.02       0.12 f
  U450/CO (FA1D1BWP20P90)                  0.04       0.16 f
  U474/S (FA1D1BWP20P90)                   0.05       0.21 r
  U473/S (FA1D1BWP20P90)                   0.05       0.26 f
  U481/S (FA1D1BWP20P90)                   0.05       0.30 r
  U457/ZN (NR2D1BWP20P90)                  0.01       0.31 f
  U134/ZN (NR2D1BWP20P90)                  0.02       0.33 r
  U87/ZN (ND2D2BWP20P90)                   0.01       0.34 f
  U82/ZN (OAI21D4BWP20P90)                 0.01       0.36 r
  U84/ZN (AOI21D1BWP20P90)                 0.02       0.37 f
  U668/ZN (OAI21D1BWP20P90)                0.02       0.39 r
  U679/ZN (XNR2D1BWP20P90)                 0.02       0.41 r
  prod_reg[29]/D (DFCNQD2BWP20P90)         0.00       0.41 r
  data arrival time                                   0.41

  clock clk (rise edge)                    0.43       0.43
  clock network delay (ideal)              0.00       0.43
  clock uncertainty                       -0.01       0.42
  prod_reg[29]/CP (DFCNQD2BWP20P90)        0.00       0.42 r
  library setup time                      -0.01       0.41
  data required time                                  0.41
  -----------------------------------------------------------
  data required time                                  0.41
  data arrival time                                  -0.41
  -----------------------------------------------------------
  slack (MET)                                         0.00


  Startpoint: inp_a[7] (input port clocked by clk)
  Endpoint: prod_reg[27]
            (rising edge-triggered flip-flop clocked by clk)
  Path Group: clk
  Path Type: max

  Des/Clust/Port     Wire Load Model       Library
  ------------------------------------------------
  mult               ZeroWireload          N16ADFP_StdCelltt0p8v25c

  Point                                    Incr       Path
  -----------------------------------------------------------
  clock clk (rise edge)                    0.00       0.00
  clock network delay (ideal)              0.00       0.00
  input external delay                     0.01       0.01 f
  inp_a[7] (in)                            0.00       0.01 f
  U133/Z (BUFFD2BWP20P90)                  0.03       0.05 f
  U79/Z (XOR2D1BWP20P90)                   0.03       0.07 r
  U99/ZN (ND2D1BWP20P90)                   0.03       0.10 f
  U47/ZN (OAI22D1BWP20P90)                 0.02       0.13 r
  U560/S (FA1D1BWP20P90)                   0.05       0.18 f
  U573/CO (FA1D1BWP20P90)                  0.03       0.21 f
  U590/S (FA1D1BWP20P90)                   0.05       0.26 r
  U599/S (FA1D1BWP20P90)                   0.04       0.30 f
  U55/ZN (NR2D1BWP20P90)                   0.01       0.32 r
  U575/ZN (NR2D1BWP20P90)                  0.01       0.33 f
  U583/ZN (AOI21D1BWP20P90)                0.02       0.35 r
  U710/ZN (OAI21D1BWP20P90)                0.01       0.36 f
  U83/ZN (AOI21D1BWP20P90)                 0.01       0.37 r
  U787/ZN (OAI21D1BWP20P90)                0.01       0.39 f
  U790/ZN (XNR2D1BWP20P90)                 0.02       0.41 r
  prod_reg[27]/D (DFCNQD2BWP20P90)         0.00       0.41 r
  data arrival time                                   0.41

  clock clk (rise edge)                    0.43       0.43
  clock network delay (ideal)              0.00       0.43
  clock uncertainty                       -0.01       0.42
  prod_reg[27]/CP (DFCNQD2BWP20P90)        0.00       0.42 r
  library setup time                      -0.01       0.41
  data required time                                  0.41
  -----------------------------------------------------------
  data required time                                  0.41
  data arrival time                                  -0.41
  -----------------------------------------------------------
  slack (MET)                                         0.00


  Startpoint: inp_a[7] (input port clocked by clk)
  Endpoint: prod_reg[31]
            (rising edge-triggered flip-flop clocked by clk)
  Path Group: clk
  Path Type: max

  Des/Clust/Port     Wire Load Model       Library
  ------------------------------------------------
  mult               ZeroWireload          N16ADFP_StdCelltt0p8v25c

  Point                                    Incr       Path
  -----------------------------------------------------------
  clock clk (rise edge)                    0.00       0.00
  clock network delay (ideal)              0.00       0.00
  input external delay                     0.01       0.01 f
  inp_a[7] (in)                            0.00       0.01 f
  U133/Z (BUFFD2BWP20P90)                  0.03       0.05 f
  U79/Z (XOR2D1BWP20P90)                   0.03       0.07 r
  U99/ZN (ND2D1BWP20P90)                   0.03       0.10 f
  U47/ZN (OAI22D1BWP20P90)                 0.02       0.13 r
  U560/S (FA1D1BWP20P90)                   0.05       0.18 f
  U573/CO (FA1D1BWP20P90)                  0.03       0.21 f
  U590/S (FA1D1BWP20P90)                   0.05       0.26 r
  U599/S (FA1D1BWP20P90)                   0.04       0.30 f
  U55/ZN (NR2D1BWP20P90)                   0.01       0.32 r
  U575/ZN (NR2D1BWP20P90)                  0.01       0.33 f
  U583/ZN (AOI21D1BWP20P90)                0.02       0.35 r
  U684/ZN (OAI21D1BWP20P90)                0.01       0.36 f
  U685/ZN (AOI21D1BWP20P90)                0.02       0.38 r
  U694/ZN (OAI21D1BWP20P90)                0.01       0.39 f
  U702/ZN (XNR2D1BWP20P90)                 0.02       0.41 r
  prod_reg[31]/D (DFCNQD2BWP20P90)         0.00       0.41 r
  data arrival time                                   0.41

  clock clk (rise edge)                    0.43       0.43
  clock network delay (ideal)              0.00       0.43
  clock uncertainty                       -0.01       0.42
  prod_reg[31]/CP (DFCNQD2BWP20P90)        0.00       0.42 r
  library setup time                      -0.01       0.41
  data required time                                  0.41
  -----------------------------------------------------------
  data required time                                  0.41
  data arrival time                                  -0.41
  -----------------------------------------------------------
  slack (MET)                                         0.00


  Startpoint: inp_a[9] (input port clocked by clk)
  Endpoint: prod_reg[25]
            (rising edge-triggered flip-flop clocked by clk)
  Path Group: clk
  Path Type: max

  Des/Clust/Port     Wire Load Model       Library
  ------------------------------------------------
  mult               ZeroWireload          N16ADFP_StdCelltt0p8v25c

  Point                                    Incr       Path
  -----------------------------------------------------------
  clock clk (rise edge)                    0.00       0.00
  clock network delay (ideal)              0.00       0.00
  input external delay                     0.01       0.01 f
  inp_a[9] (in)                            0.01       0.02 f
  U42/Z (CKBD1BWP20P90)                    0.05       0.07 f
  U406/ZN (XNR2D1BWP20P90)                 0.03       0.10 r
  U444/ZN (OAI22D1BWP20P90)                0.02       0.12 f
  U449/CO (FA1D1BWP20P90)                  0.04       0.16 f
  U474/S (FA1D1BWP20P90)                   0.05       0.21 r
  U473/S (FA1D1BWP20P90)                   0.05       0.26 f
  U481/S (FA1D1BWP20P90)                   0.05       0.30 r
  U457/ZN (NR2D1BWP20P90)                  0.01       0.31 f
  U134/ZN (NR2D1BWP20P90)                  0.02       0.33 r
  U87/ZN (ND2D2BWP20P90)                   0.01       0.34 f
  U82/ZN (OAI21D4BWP20P90)                 0.01       0.36 r
  U84/ZN (AOI21D1BWP20P90)                 0.02       0.37 f
  U791/ZN (OAI21D1BWP20P90)                0.02       0.39 r
  U793/ZN (XNR2D1BWP20P90)                 0.02       0.41 r
  prod_reg[25]/D (DFCNQD2BWP20P90)         0.00       0.41 r
  data arrival time                                   0.41

  clock clk (rise edge)                    0.43       0.43
  clock network delay (ideal)              0.00       0.43
  clock uncertainty                       -0.01       0.42
  prod_reg[25]/CP (DFCNQD2BWP20P90)        0.00       0.42 r
  library setup time                      -0.01       0.41
  data required time                                  0.41
  -----------------------------------------------------------
  data required time                                  0.41
  data arrival time                                  -0.41
  -----------------------------------------------------------
  slack (MET)                                         0.00


  Startpoint: inp_a[9] (input port clocked by clk)
  Endpoint: prod_reg[29]
            (rising edge-triggered flip-flop clocked by clk)
  Path Group: clk
  Path Type: max

  Des/Clust/Port     Wire Load Model       Library
  ------------------------------------------------
  mult               ZeroWireload          N16ADFP_StdCelltt0p8v25c

  Point                                    Incr       Path
  -----------------------------------------------------------
  clock clk (rise edge)                    0.00       0.00
  clock network delay (ideal)              0.00       0.00
  input external delay                     0.01       0.01 f
  inp_a[9] (in)                            0.01       0.02 f
  U42/Z (CKBD1BWP20P90)                    0.05       0.07 f
  U406/ZN (XNR2D1BWP20P90)                 0.03       0.10 r
  U444/ZN (OAI22D1BWP20P90)                0.02       0.12 f
  U449/CO (FA1D1BWP20P90)                  0.04       0.16 f
  U474/S (FA1D1BWP20P90)                   0.05       0.21 r
  U473/S (FA1D1BWP20P90)                   0.05       0.26 f
  U481/S (FA1D1BWP20P90)                   0.05       0.30 r
  U457/ZN (NR2D1BWP20P90)                  0.01       0.31 f
  U134/ZN (NR2D1BWP20P90)                  0.02       0.33 r
  U87/ZN (ND2D2BWP20P90)                   0.01       0.34 f
  U82/ZN (OAI21D4BWP20P90)                 0.01       0.36 r
  U84/ZN (AOI21D1BWP20P90)                 0.02       0.37 f
  U668/ZN (OAI21D1BWP20P90)                0.02       0.39 r
  U679/ZN (XNR2D1BWP20P90)                 0.02       0.41 r
  prod_reg[29]/D (DFCNQD2BWP20P90)         0.00       0.41 r
  data arrival time                                   0.41

  clock clk (rise edge)                    0.43       0.43
  clock network delay (ideal)              0.00       0.43
  clock uncertainty                       -0.01       0.42
  prod_reg[29]/CP (DFCNQD2BWP20P90)        0.00       0.42 r
  library setup time                      -0.01       0.41
  data required time                                  0.41
  -----------------------------------------------------------
  data required time                                  0.41
  data arrival time                                  -0.41
  -----------------------------------------------------------
  slack (MET)                                         0.00


  Startpoint: inp_a[7] (input port clocked by clk)
  Endpoint: prod_reg[27]
            (rising edge-triggered flip-flop clocked by clk)
  Path Group: clk
  Path Type: max

  Des/Clust/Port     Wire Load Model       Library
  ------------------------------------------------
  mult               ZeroWireload          N16ADFP_StdCelltt0p8v25c

  Point                                    Incr       Path
  -----------------------------------------------------------
  clock clk (rise edge)                    0.00       0.00
  clock network delay (ideal)              0.00       0.00
  input external delay                     0.01       0.01 f
  inp_a[7] (in)                            0.00       0.01 f
  U133/Z (BUFFD2BWP20P90)                  0.03       0.05 f
  U79/Z (XOR2D1BWP20P90)                   0.03       0.07 r
  U99/ZN (ND2D1BWP20P90)                   0.03       0.10 f
  U47/ZN (OAI22D1BWP20P90)                 0.02       0.13 r
  U560/S (FA1D1BWP20P90)                   0.05       0.18 f
  U573/CO (FA1D1BWP20P90)                  0.03       0.21 f
  U590/S (FA1D1BWP20P90)                   0.05       0.26 r
  U599/S (FA1D1BWP20P90)                   0.04       0.30 f
  U55/ZN (NR2D1BWP20P90)                   0.01       0.32 r
  U575/ZN (NR2D1BWP20P90)                  0.01       0.33 f
  U583/ZN (AOI21D1BWP20P90)                0.02       0.35 r
  U710/ZN (OAI21D1BWP20P90)                0.01       0.36 f
  U83/ZN (AOI21D1BWP20P90)                 0.02       0.37 r
  U787/ZN (OAI21D1BWP20P90)                0.01       0.39 f
  U790/ZN (XNR2D1BWP20P90)                 0.02       0.41 r
  prod_reg[27]/D (DFCNQD2BWP20P90)         0.00       0.41 r
  data arrival time                                   0.41

  clock clk (rise edge)                    0.43       0.43
  clock network delay (ideal)              0.00       0.43
  clock uncertainty                       -0.01       0.42
  prod_reg[27]/CP (DFCNQD2BWP20P90)        0.00       0.42 r
  library setup time                      -0.01       0.41
  data required time                                  0.41
  -----------------------------------------------------------
  data required time                                  0.41
  data arrival time                                  -0.41
  -----------------------------------------------------------
  slack (MET)                                         0.00


  Startpoint: inp_a[7] (input port clocked by clk)
  Endpoint: prod_reg[27]
            (rising edge-triggered flip-flop clocked by clk)
  Path Group: clk
  Path Type: max

  Des/Clust/Port     Wire Load Model       Library
  ------------------------------------------------
  mult               ZeroWireload          N16ADFP_StdCelltt0p8v25c

  Point                                    Incr       Path
  -----------------------------------------------------------
  clock clk (rise edge)                    0.00       0.00
  clock network delay (ideal)              0.00       0.00
  input external delay                     0.01       0.01 f
  inp_a[7] (in)                            0.00       0.01 f
  U133/Z (BUFFD2BWP20P90)                  0.03       0.05 f
  U79/Z (XOR2D1BWP20P90)                   0.03       0.07 r
  U99/ZN (ND2D1BWP20P90)                   0.03       0.10 f
  U47/ZN (OAI22D1BWP20P90)                 0.02       0.13 r
  U560/S (FA1D1BWP20P90)                   0.05       0.18 f
  U573/CO (FA1D1BWP20P90)                  0.03       0.21 f
  U590/S (FA1D1BWP20P90)                   0.05       0.26 r
  U599/S (FA1D1BWP20P90)                   0.04       0.30 f
  U55/ZN (NR2D1BWP20P90)                   0.01       0.32 r
  U575/ZN (NR2D1BWP20P90)                  0.01       0.33 f
  U583/ZN (AOI21D1BWP20P90)                0.02       0.35 r
  U710/ZN (OAI21D1BWP20P90)                0.01       0.36 f
  U83/ZN (AOI21D1BWP20P90)                 0.02       0.37 r
  U787/ZN (OAI21D1BWP20P90)                0.01       0.39 f
  U790/ZN (XNR2D1BWP20P90)                 0.02       0.41 r
  prod_reg[27]/D (DFCNQD2BWP20P90)         0.00       0.41 r
  data arrival time                                   0.41

  clock clk (rise edge)                    0.43       0.43
  clock network delay (ideal)              0.00       0.43
  clock uncertainty                       -0.01       0.42
  prod_reg[27]/CP (DFCNQD2BWP20P90)        0.00       0.42 r
  library setup time                      -0.01       0.41
  data required time                                  0.41
  -----------------------------------------------------------
  data required time                                  0.41
  data arrival time                                  -0.41
  -----------------------------------------------------------
  slack (MET)                                         0.00


  Startpoint: inp_a[11] (input port clocked by clk)
  Endpoint: prod_reg[25]
            (rising edge-triggered flip-flop clocked by clk)
  Path Group: clk
  Path Type: max

  Des/Clust/Port     Wire Load Model       Library
  ------------------------------------------------
  mult               ZeroWireload          N16ADFP_StdCelltt0p8v25c

  Point                                    Incr       Path
  -----------------------------------------------------------
  clock clk (rise edge)                    0.00       0.00
  clock network delay (ideal)              0.00       0.00
  input external delay                     0.01       0.01 f
  inp_a[11] (in)                           0.01       0.02 f
  U44/Z (CKBD1BWP20P90)                    0.05       0.07 f
  U430/ZN (XNR2D1BWP20P90)                 0.03       0.10 r
  U45/ZN (OAI22D1BWP20P90)                 0.02       0.12 f
  U450/CO (FA1D1BWP20P90)                  0.04       0.16 f
  U474/S (FA1D1BWP20P90)                   0.05       0.21 r
  U473/S (FA1D1BWP20P90)                   0.05       0.26 f
  U481/S (FA1D1BWP20P90)                   0.05       0.30 r
  U457/ZN (NR2D1BWP20P90)                  0.01       0.31 f
  U134/ZN (NR2D1BWP20P90)                  0.02       0.33 r
  U87/ZN (ND2D2BWP20P90)                   0.01       0.34 f
  U82/ZN (OAI21D4BWP20P90)                 0.01       0.36 r
  U84/ZN (AOI21D1BWP20P90)                 0.02       0.37 f
  U791/ZN (OAI21D1BWP20P90)                0.02       0.39 r
  U793/ZN (XNR2D1BWP20P90)                 0.02       0.41 r
  prod_reg[25]/D (DFCNQD2BWP20P90)         0.00       0.41 r
  data arrival time                                   0.41

  clock clk (rise edge)                    0.43       0.43
  clock network delay (ideal)              0.00       0.43
  clock uncertainty                       -0.01       0.42
  prod_reg[25]/CP (DFCNQD2BWP20P90)        0.00       0.42 r
  library setup time                      -0.01       0.41
  data required time                                  0.41
  -----------------------------------------------------------
  data required time                                  0.41
  data arrival time                                  -0.41
  -----------------------------------------------------------
  slack (MET)                                         0.00


  Startpoint: inp_a[11] (input port clocked by clk)
  Endpoint: prod_reg[29]
            (rising edge-triggered flip-flop clocked by clk)
  Path Group: clk
  Path Type: max

  Des/Clust/Port     Wire Load Model       Library
  ------------------------------------------------
  mult               ZeroWireload          N16ADFP_StdCelltt0p8v25c

  Point                                    Incr       Path
  -----------------------------------------------------------
  clock clk (rise edge)                    0.00       0.00
  clock network delay (ideal)              0.00       0.00
  input external delay                     0.01       0.01 f
  inp_a[11] (in)                           0.01       0.02 f
  U44/Z (CKBD1BWP20P90)                    0.05       0.07 f
  U430/ZN (XNR2D1BWP20P90)                 0.03       0.10 r
  U45/ZN (OAI22D1BWP20P90)                 0.02       0.12 f
  U450/CO (FA1D1BWP20P90)                  0.04       0.16 f
  U474/S (FA1D1BWP20P90)                   0.05       0.21 r
  U473/S (FA1D1BWP20P90)                   0.05       0.26 f
  U481/S (FA1D1BWP20P90)                   0.05       0.30 r
  U457/ZN (NR2D1BWP20P90)                  0.01       0.31 f
  U134/ZN (NR2D1BWP20P90)                  0.02       0.33 r
  U87/ZN (ND2D2BWP20P90)                   0.01       0.34 f
  U82/ZN (OAI21D4BWP20P90)                 0.01       0.36 r
  U84/ZN (AOI21D1BWP20P90)                 0.02       0.37 f
  U668/ZN (OAI21D1BWP20P90)                0.02       0.39 r
  U679/ZN (XNR2D1BWP20P90)                 0.02       0.41 r
  prod_reg[29]/D (DFCNQD2BWP20P90)         0.00       0.41 r
  data arrival time                                   0.41

  clock clk (rise edge)                    0.43       0.43
  clock network delay (ideal)              0.00       0.43
  clock uncertainty                       -0.01       0.42
  prod_reg[29]/CP (DFCNQD2BWP20P90)        0.00       0.42 r
  library setup time                      -0.01       0.41
  data required time                                  0.41
  -----------------------------------------------------------
  data required time                                  0.41
  data arrival time                                  -0.41
  -----------------------------------------------------------
  slack (MET)                                         0.00


  Startpoint: inp_a[7] (input port clocked by clk)
  Endpoint: prod_reg[28]
            (rising edge-triggered flip-flop clocked by clk)
  Path Group: clk
  Path Type: max

  Des/Clust/Port     Wire Load Model       Library
  ------------------------------------------------
  mult               ZeroWireload          N16ADFP_StdCelltt0p8v25c

  Point                                    Incr       Path
  -----------------------------------------------------------
  clock clk (rise edge)                    0.00       0.00
  clock network delay (ideal)              0.00       0.00
  input external delay                     0.01       0.01 f
  inp_a[7] (in)                            0.00       0.01 f
  U133/Z (BUFFD2BWP20P90)                  0.03       0.05 f
  U79/Z (XOR2D1BWP20P90)                   0.03       0.07 r
  U99/ZN (ND2D1BWP20P90)                   0.03       0.10 f
  U47/ZN (OAI22D1BWP20P90)                 0.02       0.13 r
  U560/S (FA1D1BWP20P90)                   0.05       0.18 f
  U573/CO (FA1D1BWP20P90)                  0.03       0.21 f
  U590/S (FA1D1BWP20P90)                   0.05       0.26 r
  U599/S (FA1D1BWP20P90)                   0.04       0.30 f
  U55/ZN (NR2D1BWP20P90)                   0.01       0.32 r
  U582/ZN (OAI21D1BWP20P90)                0.01       0.33 f
  U583/ZN (AOI21D1BWP20P90)                0.02       0.35 r
  U710/ZN (OAI21D1BWP20P90)                0.01       0.36 f
  U83/ZN (AOI21D1BWP20P90)                 0.02       0.37 r
  U784/ZN (OAI21D1BWP20P90)                0.01       0.39 f
  U786/ZN (XNR2D1BWP20P90)                 0.02       0.41 r
  prod_reg[28]/D (DFCNQD2BWP20P90)         0.00       0.41 r
  data arrival time                                   0.41

  clock clk (rise edge)                    0.43       0.43
  clock network delay (ideal)              0.00       0.43
  clock uncertainty                       -0.01       0.42
  prod_reg[28]/CP (DFCNQD2BWP20P90)        0.00       0.42 r
  library setup time                      -0.01       0.41
  data required time                                  0.41
  -----------------------------------------------------------
  data required time                                  0.41
  data arrival time                                  -0.41
  -----------------------------------------------------------
  slack (MET)                                         0.00


  Startpoint: inp_a[7] (input port clocked by clk)
  Endpoint: prod_reg[31]
            (rising edge-triggered flip-flop clocked by clk)
  Path Group: clk
  Path Type: max

  Des/Clust/Port     Wire Load Model       Library
  ------------------------------------------------
  mult               ZeroWireload          N16ADFP_StdCelltt0p8v25c

  Point                                    Incr       Path
  -----------------------------------------------------------
  clock clk (rise edge)                    0.00       0.00
  clock network delay (ideal)              0.00       0.00
  input external delay                     0.01       0.01 f
  inp_a[7] (in)                            0.00       0.01 f
  U133/Z (BUFFD2BWP20P90)                  0.03       0.05 f
  U79/Z (XOR2D1BWP20P90)                   0.03       0.07 r
  U99/ZN (ND2D1BWP20P90)                   0.03       0.10 f
  U47/ZN (OAI22D1BWP20P90)                 0.02       0.13 r
  U560/S (FA1D1BWP20P90)                   0.05       0.18 f
  U573/CO (FA1D1BWP20P90)                  0.03       0.21 f
  U590/S (FA1D1BWP20P90)                   0.05       0.26 r
  U599/S (FA1D1BWP20P90)                   0.04       0.30 f
  U55/ZN (NR2D1BWP20P90)                   0.01       0.32 r
  U575/ZN (NR2D1BWP20P90)                  0.01       0.33 f
  U583/ZN (AOI21D1BWP20P90)                0.02       0.35 r
  U684/ZN (OAI21D1BWP20P90)                0.01       0.36 f
  U685/ZN (AOI21D1BWP20P90)                0.02       0.38 r
  U694/ZN (OAI21D1BWP20P90)                0.01       0.39 f
  U702/ZN (XNR2D1BWP20P90)                 0.02       0.41 r
  prod_reg[31]/D (DFCNQD2BWP20P90)         0.00       0.41 r
  data arrival time                                   0.41

  clock clk (rise edge)                    0.43       0.43
  clock network delay (ideal)              0.00       0.43
  clock uncertainty                       -0.01       0.42
  prod_reg[31]/CP (DFCNQD2BWP20P90)        0.00       0.42 r
  library setup time                      -0.01       0.41
  data required time                                  0.41
  -----------------------------------------------------------
  data required time                                  0.41
  data arrival time                                  -0.41
  -----------------------------------------------------------
  slack (MET)                                         0.00


  Startpoint: inp_a[11] (input port clocked by clk)
  Endpoint: prod_reg[25]
            (rising edge-triggered flip-flop clocked by clk)
  Path Group: clk
  Path Type: max

  Des/Clust/Port     Wire Load Model       Library
  ------------------------------------------------
  mult               ZeroWireload          N16ADFP_StdCelltt0p8v25c

  Point                                    Incr       Path
  -----------------------------------------------------------
  clock clk (rise edge)                    0.00       0.00
  clock network delay (ideal)              0.00       0.00
  input external delay                     0.01       0.01 f
  inp_a[11] (in)                           0.01       0.02 f
  U44/Z (CKBD1BWP20P90)                    0.05       0.07 f
  U403/ZN (XNR2D1BWP20P90)                 0.03       0.10 r
  U45/ZN (OAI22D1BWP20P90)                 0.02       0.12 f
  U450/CO (FA1D1BWP20P90)                  0.04       0.16 f
  U474/S (FA1D1BWP20P90)                   0.05       0.21 r
  U473/S (FA1D1BWP20P90)                   0.05       0.26 f
  U481/S (FA1D1BWP20P90)                   0.05       0.30 r
  U457/ZN (NR2D1BWP20P90)                  0.01       0.31 f
  U134/ZN (NR2D1BWP20P90)                  0.02       0.33 r
  U87/ZN (ND2D2BWP20P90)                   0.01       0.34 f
  U82/ZN (OAI21D4BWP20P90)                 0.01       0.36 r
  U84/ZN (AOI21D1BWP20P90)                 0.02       0.37 f
  U791/ZN (OAI21D1BWP20P90)                0.02       0.39 r
  U793/ZN (XNR2D1BWP20P90)                 0.02       0.41 r
  prod_reg[25]/D (DFCNQD2BWP20P90)         0.00       0.41 r
  data arrival time                                   0.41

  clock clk (rise edge)                    0.43       0.43
  clock network delay (ideal)              0.00       0.43
  clock uncertainty                       -0.01       0.42
  prod_reg[25]/CP (DFCNQD2BWP20P90)        0.00       0.42 r
  library setup time                      -0.01       0.41
  data required time                                  0.41
  -----------------------------------------------------------
  data required time                                  0.41
  data arrival time                                  -0.41
  -----------------------------------------------------------
  slack (MET)                                         0.00


  Startpoint: inp_a[11] (input port clocked by clk)
  Endpoint: prod_reg[29]
            (rising edge-triggered flip-flop clocked by clk)
  Path Group: clk
  Path Type: max

  Des/Clust/Port     Wire Load Model       Library
  ------------------------------------------------
  mult               ZeroWireload          N16ADFP_StdCelltt0p8v25c

  Point                                    Incr       Path
  -----------------------------------------------------------
  clock clk (rise edge)                    0.00       0.00
  clock network delay (ideal)              0.00       0.00
  input external delay                     0.01       0.01 f
  inp_a[11] (in)                           0.01       0.02 f
  U44/Z (CKBD1BWP20P90)                    0.05       0.07 f
  U403/ZN (XNR2D1BWP20P90)                 0.03       0.10 r
  U45/ZN (OAI22D1BWP20P90)                 0.02       0.12 f
  U450/CO (FA1D1BWP20P90)                  0.04       0.16 f
  U474/S (FA1D1BWP20P90)                   0.05       0.21 r
  U473/S (FA1D1BWP20P90)                   0.05       0.26 f
  U481/S (FA1D1BWP20P90)                   0.05       0.30 r
  U457/ZN (NR2D1BWP20P90)                  0.01       0.31 f
  U134/ZN (NR2D1BWP20P90)                  0.02       0.33 r
  U87/ZN (ND2D2BWP20P90)                   0.01       0.34 f
  U82/ZN (OAI21D4BWP20P90)                 0.01       0.36 r
  U84/ZN (AOI21D1BWP20P90)                 0.02       0.37 f
  U668/ZN (OAI21D1BWP20P90)                0.02       0.39 r
  U679/ZN (XNR2D1BWP20P90)                 0.02       0.41 r
  prod_reg[29]/D (DFCNQD2BWP20P90)         0.00       0.41 r
  data arrival time                                   0.41

  clock clk (rise edge)                    0.43       0.43
  clock network delay (ideal)              0.00       0.43
  clock uncertainty                       -0.01       0.42
  prod_reg[29]/CP (DFCNQD2BWP20P90)        0.00       0.42 r
  library setup time                      -0.01       0.41
  data required time                                  0.41
  -----------------------------------------------------------
  data required time                                  0.41
  data arrival time                                  -0.41
  -----------------------------------------------------------
  slack (MET)                                         0.00


  Startpoint: inp_a[7] (input port clocked by clk)
  Endpoint: prod_reg[27]
            (rising edge-triggered flip-flop clocked by clk)
  Path Group: clk
  Path Type: max

  Des/Clust/Port     Wire Load Model       Library
  ------------------------------------------------
  mult               ZeroWireload          N16ADFP_StdCelltt0p8v25c

  Point                                    Incr       Path
  -----------------------------------------------------------
  clock clk (rise edge)                    0.00       0.00
  clock network delay (ideal)              0.00       0.00
  input external delay                     0.01       0.01 f
  inp_a[7] (in)                            0.00       0.01 f
  U133/Z (BUFFD2BWP20P90)                  0.03       0.05 f
  U79/Z (XOR2D1BWP20P90)                   0.03       0.07 r
  U99/ZN (ND2D1BWP20P90)                   0.03       0.10 f
  U47/ZN (OAI22D1BWP20P90)                 0.02       0.13 r
  U560/S (FA1D1BWP20P90)                   0.05       0.18 f
  U573/CO (FA1D1BWP20P90)                  0.03       0.21 f
  U590/S (FA1D1BWP20P90)                   0.05       0.26 r
  U599/S (FA1D1BWP20P90)                   0.04       0.30 f
  U55/ZN (NR2D1BWP20P90)                   0.01       0.32 r
  U582/ZN (OAI21D1BWP20P90)                0.01       0.33 f
  U583/ZN (AOI21D1BWP20P90)                0.02       0.35 r
  U710/ZN (OAI21D1BWP20P90)                0.01       0.36 f
  U83/ZN (AOI21D1BWP20P90)                 0.02       0.37 r
  U787/ZN (OAI21D1BWP20P90)                0.01       0.39 f
  U790/ZN (XNR2D1BWP20P90)                 0.02       0.41 r
  prod_reg[27]/D (DFCNQD2BWP20P90)         0.00       0.41 r
  data arrival time                                   0.41

  clock clk (rise edge)                    0.43       0.43
  clock network delay (ideal)              0.00       0.43
  clock uncertainty                       -0.01       0.42
  prod_reg[27]/CP (DFCNQD2BWP20P90)        0.00       0.42 r
  library setup time                      -0.01       0.41
  data required time                                  0.41
  -----------------------------------------------------------
  data required time                                  0.41
  data arrival time                                  -0.41
  -----------------------------------------------------------
  slack (MET)                                         0.00


  Startpoint: inp_a[7] (input port clocked by clk)
  Endpoint: prod_reg[27]
            (rising edge-triggered flip-flop clocked by clk)
  Path Group: clk
  Path Type: max

  Des/Clust/Port     Wire Load Model       Library
  ------------------------------------------------
  mult               ZeroWireload          N16ADFP_StdCelltt0p8v25c

  Point                                    Incr       Path
  -----------------------------------------------------------
  clock clk (rise edge)                    0.00       0.00
  clock network delay (ideal)              0.00       0.00
  input external delay                     0.01       0.01 f
  inp_a[7] (in)                            0.00       0.01 f
  U133/Z (BUFFD2BWP20P90)                  0.03       0.05 f
  U79/Z (XOR2D1BWP20P90)                   0.03       0.07 r
  U99/ZN (ND2D1BWP20P90)                   0.03       0.10 f
  U47/ZN (OAI22D1BWP20P90)                 0.02       0.13 r
  U560/S (FA1D1BWP20P90)                   0.05       0.18 f
  U573/CO (FA1D1BWP20P90)                  0.03       0.21 f
  U590/S (FA1D1BWP20P90)                   0.05       0.26 r
  U599/S (FA1D1BWP20P90)                   0.04       0.30 f
  U55/ZN (NR2D1BWP20P90)                   0.01       0.32 r
  U575/ZN (NR2D1BWP20P90)                  0.01       0.33 f
  U583/ZN (AOI21D1BWP20P90)                0.02       0.35 r
  U710/ZN (OAI21D1BWP20P90)                0.01       0.36 f
  U83/ZN (AOI21D1BWP20P90)                 0.02       0.37 r
  U787/ZN (OAI21D1BWP20P90)                0.01       0.39 f
  U790/ZN (XNR2D1BWP20P90)                 0.02       0.41 r
  prod_reg[27]/D (DFCNQD2BWP20P90)         0.00       0.41 r
  data arrival time                                   0.41

  clock clk (rise edge)                    0.43       0.43
  clock network delay (ideal)              0.00       0.43
  clock uncertainty                       -0.01       0.42
  prod_reg[27]/CP (DFCNQD2BWP20P90)        0.00       0.42 r
  library setup time                      -0.01       0.41
  data required time                                  0.41
  -----------------------------------------------------------
  data required time                                  0.41
  data arrival time                                  -0.41
  -----------------------------------------------------------
  slack (MET)                                         0.00


  Startpoint: inp_a[11] (input port clocked by clk)
  Endpoint: prod_reg[29]
            (rising edge-triggered flip-flop clocked by clk)
  Path Group: clk
  Path Type: max

  Des/Clust/Port     Wire Load Model       Library
  ------------------------------------------------
  mult               ZeroWireload          N16ADFP_StdCelltt0p8v25c

  Point                                    Incr       Path
  -----------------------------------------------------------
  clock clk (rise edge)                    0.00       0.00
  clock network delay (ideal)              0.00       0.00
  input external delay                     0.01       0.01 f
  inp_a[11] (in)                           0.01       0.02 f
  U44/Z (CKBD1BWP20P90)                    0.05       0.07 f
  U404/ZN (XNR2D1BWP20P90)                 0.03       0.10 r
  U405/ZN (OAI22D1BWP20P90)                0.02       0.12 f
  U476/CO (FA1D1BWP20P90)                  0.04       0.16 f
  U479/ZN (XNR3D1BWP20P90)                 0.05       0.21 f
  U510/S (FA1D1BWP20P90)                   0.05       0.26 r
  U518/S (FA1D1BWP20P90)                   0.04       0.30 f
  U54/ZN (NR2D1BWP20P90)                   0.01       0.32 r
  U134/ZN (NR2D1BWP20P90)                  0.01       0.33 f
  U86/ZN (AOI21D2BWP20P90)                 0.01       0.35 r
  U82/ZN (OAI21D4BWP20P90)                 0.01       0.36 f
  U84/ZN (AOI21D1BWP20P90)                 0.02       0.37 r
  U668/ZN (OAI21D1BWP20P90)                0.01       0.39 f
  U679/ZN (XNR2D1BWP20P90)                 0.02       0.41 r
  prod_reg[29]/D (DFCNQD2BWP20P90)         0.00       0.41 r
  data arrival time                                   0.41

  clock clk (rise edge)                    0.43       0.43
  clock network delay (ideal)              0.00       0.43
  clock uncertainty                       -0.01       0.42
  prod_reg[29]/CP (DFCNQD2BWP20P90)        0.00       0.42 r
  library setup time                      -0.01       0.41
  data required time                                  0.41
  -----------------------------------------------------------
  data required time                                  0.41
  data arrival time                                  -0.41
  -----------------------------------------------------------
  slack (MET)                                         0.00


  Startpoint: inp_a[7] (input port clocked by clk)
  Endpoint: prod_reg[31]
            (rising edge-triggered flip-flop clocked by clk)
  Path Group: clk
  Path Type: max

  Des/Clust/Port     Wire Load Model       Library
  ------------------------------------------------
  mult               ZeroWireload          N16ADFP_StdCelltt0p8v25c

  Point                                    Incr       Path
  -----------------------------------------------------------
  clock clk (rise edge)                    0.00       0.00
  clock network delay (ideal)              0.00       0.00
  input external delay                     0.01       0.01 f
  inp_a[7] (in)                            0.00       0.01 f
  U133/Z (BUFFD2BWP20P90)                  0.03       0.05 f
  U79/Z (XOR2D1BWP20P90)                   0.03       0.07 r
  U99/ZN (ND2D1BWP20P90)                   0.03       0.10 f
  U47/ZN (OAI22D1BWP20P90)                 0.02       0.13 r
  U560/S (FA1D1BWP20P90)                   0.05       0.18 f
  U573/CO (FA1D1BWP20P90)                  0.03       0.21 f
  U590/S (FA1D1BWP20P90)                   0.05       0.26 r
  U599/S (FA1D1BWP20P90)                   0.04       0.30 f
  U55/ZN (NR2D1BWP20P90)                   0.01       0.32 r
  U575/ZN (NR2D1BWP20P90)                  0.01       0.33 f
  U583/ZN (AOI21D1BWP20P90)                0.02       0.35 r
  U684/ZN (OAI21D1BWP20P90)                0.01       0.36 f
  U685/ZN (AOI21D1BWP20P90)                0.02       0.38 r
  U694/ZN (OAI21D1BWP20P90)                0.01       0.39 f
  U702/ZN (XNR2D1BWP20P90)                 0.02       0.41 r
  prod_reg[31]/D (DFCNQD2BWP20P90)         0.00       0.41 r
  data arrival time                                   0.41

  clock clk (rise edge)                    0.43       0.43
  clock network delay (ideal)              0.00       0.43
  clock uncertainty                       -0.01       0.42
  prod_reg[31]/CP (DFCNQD2BWP20P90)        0.00       0.42 r
  library setup time                      -0.01       0.41
  data required time                                  0.41
  -----------------------------------------------------------
  data required time                                  0.41
  data arrival time                                  -0.41
  -----------------------------------------------------------
  slack (MET)                                         0.00


  Startpoint: inp_a[11] (input port clocked by clk)
  Endpoint: prod_reg[25]
            (rising edge-triggered flip-flop clocked by clk)
  Path Group: clk
  Path Type: max

  Des/Clust/Port     Wire Load Model       Library
  ------------------------------------------------
  mult               ZeroWireload          N16ADFP_StdCelltt0p8v25c

  Point                                    Incr       Path
  -----------------------------------------------------------
  clock clk (rise edge)                    0.00       0.00
  clock network delay (ideal)              0.00       0.00
  input external delay                     0.01       0.01 f
  inp_a[11] (in)                           0.01       0.02 f
  U44/Z (CKBD1BWP20P90)                    0.05       0.07 f
  U430/ZN (XNR2D1BWP20P90)                 0.03       0.10 r
  U45/ZN (OAI22D1BWP20P90)                 0.02       0.12 f
  U450/CO (FA1D1BWP20P90)                  0.04       0.16 f
  U474/S (FA1D1BWP20P90)                   0.05       0.21 r
  U473/S (FA1D1BWP20P90)                   0.05       0.26 f
  U481/S (FA1D1BWP20P90)                   0.05       0.30 r
  U457/ZN (NR2D1BWP20P90)                  0.01       0.31 f
  U134/ZN (NR2D1BWP20P90)                  0.02       0.33 r
  U87/ZN (ND2D2BWP20P90)                   0.01       0.34 f
  U82/ZN (OAI21D4BWP20P90)                 0.01       0.36 r
  U84/ZN (AOI21D1BWP20P90)                 0.02       0.37 f
  U791/ZN (OAI21D1BWP20P90)                0.02       0.39 r
  U793/ZN (XNR2D1BWP20P90)                 0.02       0.41 r
  prod_reg[25]/D (DFCNQD2BWP20P90)         0.00       0.41 r
  data arrival time                                   0.41

  clock clk (rise edge)                    0.43       0.43
  clock network delay (ideal)              0.00       0.43
  clock uncertainty                       -0.01       0.42
  prod_reg[25]/CP (DFCNQD2BWP20P90)        0.00       0.42 r
  library setup time                      -0.01       0.41
  data required time                                  0.41
  -----------------------------------------------------------
  data required time                                  0.41
  data arrival time                                  -0.41
  -----------------------------------------------------------
  slack (MET)                                         0.00


1
